

================================================================
== Vitis HLS Report for 'edge_detect_hw_Pipeline_6'
================================================================
* Date:           Tue Sep  8 14:06:58 2026

* Version:        2024.2.2 (Build 6049644 on Mar  5 2025)
* Project:        final
* Solution:       hls (Vitis Kernel Flow Target)
* Product family: zynquplus
* Target device:  xczu9eg-ffvb1156-2-e


================================================================
== Performance Estimates
================================================================
+ Timing: 
    * Summary: 
    +--------+---------+----------+------------+
    |  Clock |  Target | Estimated| Uncertainty|
    +--------+---------+----------+------------+
    |ap_clk  |  6.67 ns|  4.667 ns|     2.00 ns|
    +--------+---------+----------+------------+

+ Latency: 
    * Summary: 
    +---------+---------+-----------+-----------+---------+---------+------------------------------------------------+
    |  Latency (cycles) |   Latency (absolute)  |      Interval     |                    Pipeline                    |
    |   min   |   max   |    min    |    max    |   min   |   max   |                      Type                      |
    +---------+---------+-----------+-----------+---------+---------+------------------------------------------------+
    |  2341009|  2341009|  15.608 ms|  15.608 ms|  2340909|  2340909|  loop auto-rewind stp (delay=0 clock cycles(s))|
    +---------+---------+-----------+-----------+---------+---------+------------------------------------------------+

    + Detail: 
        * Instance: 
        N/A

        * Loop: 
        +----------+---------+---------+----------+-----------+-----------+--------+----------+
        |          |  Latency (cycles) | Iteration|  Initiation Interval  |  Trip  |          |
        | Loop Name|   min   |   max   |  Latency |  achieved |   target  |  Count | Pipelined|
        +----------+---------+---------+----------+-----------+-----------+--------+----------+
        |- Loop 1  |  2341007|  2341007|       117|          9|          1|  260100|       yes|
        +----------+---------+---------+----------+-----------+-----------+--------+----------+

============================================================
+ Verbose Summary: Synthesis Manager
============================================================
InlineROM: 1
ExposeGlobal: 0
============================================================
+ Verbose Summary: CDFG Model
============================================================
IsTopModel: 0
ResetActiveHigh: 1
IsCombinational: 0
IsDatapathOnly: 0
HasWiredReturn: 1
HasMFsm: 2
HasVarLatency: 1
IsPipeline: 0
IsRtlPipelined: 0
IsInstanceOverlapped: 0
IsDontTouch: 0
HasImplIP: 0
IsGatedGlobalClock: 0

+ Individual pipeline summary: 
  * Pipeline-0: initiation interval (II) = 9, depth = 118


============================================================
+ Verbose Summary: Schedule
============================================================
* Number of FSM states : 118
* Pipeline : 1
  Pipeline-0 : II = 9, D = 118, States = { 1 2 3 4 5 6 7 8 9 10 11 12 13 14 15 16 17 18 19 20 21 22 23 24 25 26 27 28 29 30 31 32 33 34 35 36 37 38 39 40 41 42 43 44 45 46 47 48 49 50 51 52 53 54 55 56 57 58 59 60 61 62 63 64 65 66 67 68 69 70 71 72 73 74 75 76 77 78 79 80 81 82 83 84 85 86 87 88 89 90 91 92 93 94 95 96 97 98 99 100 101 102 103 104 105 106 107 108 109 110 111 112 113 114 115 116 117 118 }
* Dataflow Pipeline: 0

* FSM state transitions: 
1 --> 2 
2 --> 3 
3 --> 4 
4 --> 5 
5 --> 6 
6 --> 7 
7 --> 8 
8 --> 9 
9 --> 10 
10 --> 11 
11 --> 12 
12 --> 13 
13 --> 14 
14 --> 15 
15 --> 16 
16 --> 17 
17 --> 18 
18 --> 19 
19 --> 20 
20 --> 21 
21 --> 22 
22 --> 23 
23 --> 24 
24 --> 25 
25 --> 26 
26 --> 27 
27 --> 28 
28 --> 29 
29 --> 30 
30 --> 31 
31 --> 32 
32 --> 33 
33 --> 34 
34 --> 35 
35 --> 36 
36 --> 37 
37 --> 38 
38 --> 39 
39 --> 40 
40 --> 41 
41 --> 42 
42 --> 43 
43 --> 44 
44 --> 45 
45 --> 46 
46 --> 47 
47 --> 48 
48 --> 49 
49 --> 50 
50 --> 51 
51 --> 52 
52 --> 53 
53 --> 54 
54 --> 55 
55 --> 56 
56 --> 57 
57 --> 58 
58 --> 59 
59 --> 60 
60 --> 61 
61 --> 62 
62 --> 63 
63 --> 64 
64 --> 65 
65 --> 66 
66 --> 67 
67 --> 68 
68 --> 69 
69 --> 70 
70 --> 71 
71 --> 72 
72 --> 73 
73 --> 74 
74 --> 75 
75 --> 76 
76 --> 77 
77 --> 78 
78 --> 79 
79 --> 80 
80 --> 81 
81 --> 82 
82 --> 83 
83 --> 84 
84 --> 85 
85 --> 86 
86 --> 87 
87 --> 88 
88 --> 89 
89 --> 90 
90 --> 91 
91 --> 92 
92 --> 93 
93 --> 94 
94 --> 95 
95 --> 96 
96 --> 97 
97 --> 98 
98 --> 99 
99 --> 100 
100 --> 101 
101 --> 102 
102 --> 103 
103 --> 104 
104 --> 105 
105 --> 106 
106 --> 107 
107 --> 108 
108 --> 109 
109 --> 110 
110 --> 111 
111 --> 112 
112 --> 113 
113 --> 114 
114 --> 115 
115 --> 116 
116 --> 117 
117 --> 118 
118 --> 

* FSM state operations: 

State 1 <SV = 0> <Delay = 0.42>
ST_1 : Operation 120 [1/1] (0.00ns)   --->   "%c = alloca i32 1" [cluster.cpp:48->cluster.cpp:23]   --->   Operation 120 'alloca' 'c' <Predicate = true> <Delay = 0.00>
ST_1 : Operation 121 [1/1] (0.00ns)   --->   "%r = alloca i32 1" [cluster.cpp:49->cluster.cpp:23]   --->   Operation 121 'alloca' 'r' <Predicate = true> <Delay = 0.00>
ST_1 : Operation 122 [1/1] (0.00ns)   --->   "%indvar_flatten40 = alloca i32 1"   --->   Operation 122 'alloca' 'indvar_flatten40' <Predicate = true> <Delay = 0.00>
ST_1 : Operation 123 [1/1] (0.00ns)   --->   "%normal_factor_3_reload_read = read i6 @_ssdm_op_Read.ap_auto.i6, i6 %normal_factor_3_reload"   --->   Operation 123 'read' 'normal_factor_3_reload_read' <Predicate = true> <Delay = 0.00>
ST_1 : Operation 124 [1/1] (0.00ns)   --->   "%output_r_read = read i64 @_ssdm_op_Read.ap_auto.i64, i64 %output_r"   --->   Operation 124 'read' 'output_r_read' <Predicate = true> <Delay = 0.00>
ST_1 : Operation 125 [1/1] (0.00ns)   --->   "%normal_factor_3_reload_cast = zext i6 %normal_factor_3_reload_read"   --->   Operation 125 'zext' 'normal_factor_3_reload_cast' <Predicate = true> <Delay = 0.00>
ST_1 : Operation 126 [1/1] (0.00ns)   --->   "%specinterface_ln0 = specinterface void @_ssdm_op_SpecInterface, i32 %gmem, void @empty, i32 0, i32 0, void @empty_0, i32 64, i32 0, void @empty_1, void @empty_2, void @empty_0, i32 16, i32 16, i32 16, i32 16, void @empty_0, void @empty_0, i32 4294967295, i32 0, i32 0"   --->   Operation 126 'specinterface' 'specinterface_ln0' <Predicate = true> <Delay = 0.00>
ST_1 : Operation 127 [1/1] (0.42ns)   --->   "%store_ln0 = store i18 0, i18 %indvar_flatten40"   --->   Operation 127 'store' 'store_ln0' <Predicate = true> <Delay = 0.42>
ST_1 : Operation 128 [1/1] (0.42ns)   --->   "%store_ln49 = store i9 0, i9 %r" [cluster.cpp:49->cluster.cpp:23]   --->   Operation 128 'store' 'store_ln49' <Predicate = true> <Delay = 0.42>
ST_1 : Operation 129 [1/1] (0.42ns)   --->   "%store_ln48 = store i9 0, i9 %c" [cluster.cpp:48->cluster.cpp:23]   --->   Operation 129 'store' 'store_ln48' <Predicate = true> <Delay = 0.42>
ST_1 : Operation 130 [1/1] (0.00ns)   --->   "%br_ln0 = br void %for.body13.i77"   --->   Operation 130 'br' 'br_ln0' <Predicate = true> <Delay = 0.00>

State 2 <SV = 1> <Delay = 2.37>
ST_2 : Operation 131 [1/1] (0.00ns)   --->   "%indvar_flatten40_load = load i18 %indvar_flatten40" [cluster.cpp:71->cluster.cpp:23]   --->   Operation 131 'load' 'indvar_flatten40_load' <Predicate = true> <Delay = 0.00>
ST_2 : Operation 132 [1/1] (0.00ns)   --->   "%specbitsmap_ln0 = specbitsmap void @_ssdm_op_SpecBitsMap, i32 %gmem"   --->   Operation 132 'specbitsmap' 'specbitsmap_ln0' <Predicate = true> <Delay = 0.00>
ST_2 : Operation 133 [1/1] (0.87ns)   --->   "%icmp_ln71 = icmp_eq  i18 %indvar_flatten40_load, i18 260100" [cluster.cpp:71->cluster.cpp:23]   --->   Operation 133 'icmp' 'icmp_ln71' <Predicate = true> <Delay = 0.87> <CoreInst = "Cmp">   --->   Core 9 'Cmp' <Latency = 0> <II = 1> <Delay = 0.87> <FuncUnit> <Opcode : 'seteq' 'setne' 'setle' 'setge' 'setlt' 'setgt'> <InPorts = 2> <OutPorts = 1>
ST_2 : Operation 134 [1/1] (0.87ns)   --->   "%add_ln71 = add i18 %indvar_flatten40_load, i18 1" [cluster.cpp:71->cluster.cpp:23]   --->   Operation 134 'add' 'add_ln71' <Predicate = true> <Delay = 0.87> <CoreInst = "Adder">   --->   Core 1 'Adder' <Latency = 0> <II = 1> <Delay = 0.87> <FuncUnit> <Opcode : 'add' 'sub'> <InPorts = 2> <OutPorts = 1>
ST_2 : Operation 135 [1/1] (0.00ns)   --->   "%br_ln71 = br i1 %icmp_ln71, void %for.inc47.i100, void %for.body3.i.preheader.exitStub" [cluster.cpp:71->cluster.cpp:23]   --->   Operation 135 'br' 'br_ln71' <Predicate = true> <Delay = 0.00>
ST_2 : Operation 136 [1/1] (0.00ns)   --->   "%c_load = load i9 %c" [cluster.cpp:72->cluster.cpp:23]   --->   Operation 136 'load' 'c_load' <Predicate = (!icmp_ln71)> <Delay = 0.00>
ST_2 : Operation 137 [1/1] (0.00ns)   --->   "%r_load = load i9 %r" [cluster.cpp:71->cluster.cpp:23]   --->   Operation 137 'load' 'r_load' <Predicate = (!icmp_ln71)> <Delay = 0.00>
ST_2 : Operation 138 [1/1] (0.77ns)   --->   "%icmp_ln72 = icmp_eq  i9 %c_load, i9 510" [cluster.cpp:72->cluster.cpp:23]   --->   Operation 138 'icmp' 'icmp_ln72' <Predicate = (!icmp_ln71)> <Delay = 0.77> <CoreInst = "Cmp">   --->   Core 9 'Cmp' <Latency = 0> <II = 1> <Delay = 0.77> <FuncUnit> <Opcode : 'seteq' 'setne' 'setle' 'setge' 'setlt' 'setgt'> <InPorts = 2> <OutPorts = 1>
ST_2 : Operation 139 [1/1] (0.39ns)   --->   "%select_ln49 = select i1 %icmp_ln72, i9 0, i9 %c_load" [cluster.cpp:49->cluster.cpp:23]   --->   Operation 139 'select' 'select_ln49' <Predicate = (!icmp_ln71)> <Delay = 0.39> <CoreInst = "Sel">   --->   Core 73 'Sel' <Latency = 0> <II = 1> <Delay = 0.39> <FuncUnit> <Opcode : 'select'> <InPorts = 3> <OutPorts = 1>
ST_2 : Operation 140 [1/1] (0.77ns)   --->   "%add_ln71_1 = add i9 %r_load, i9 1" [cluster.cpp:71->cluster.cpp:23]   --->   Operation 140 'add' 'add_ln71_1' <Predicate = (!icmp_ln71)> <Delay = 0.77> <CoreInst = "Adder">   --->   Core 1 'Adder' <Latency = 0> <II = 1> <Delay = 0.77> <FuncUnit> <Opcode : 'add' 'sub'> <InPorts = 2> <OutPorts = 1>
ST_2 : Operation 141 [1/1] (0.39ns)   --->   "%select_ln71 = select i1 %icmp_ln72, i9 %add_ln71_1, i9 %r_load" [cluster.cpp:71->cluster.cpp:23]   --->   Operation 141 'select' 'select_ln71' <Predicate = (!icmp_ln71)> <Delay = 0.39> <CoreInst = "Sel">   --->   Core 73 'Sel' <Latency = 0> <II = 1> <Delay = 0.39> <FuncUnit> <Opcode : 'select'> <InPorts = 3> <OutPorts = 1>
ST_2 : Operation 142 [1/1] (0.00ns)   --->   "%tmp_5 = bitconcatenate i20 @_ssdm_op_BitConcatenate.i20.i9.i9.i2, i9 %select_ln71, i9 %select_ln49, i2 0" [cluster.cpp:71->cluster.cpp:23]   --->   Operation 142 'bitconcatenate' 'tmp_5' <Predicate = (!icmp_ln71)> <Delay = 0.00>
ST_2 : Operation 143 [1/1] (0.00ns)   --->   "%p_cast23 = zext i20 %tmp_5" [cluster.cpp:71->cluster.cpp:23]   --->   Operation 143 'zext' 'p_cast23' <Predicate = (!icmp_ln71)> <Delay = 0.00>
ST_2 : Operation 144 [1/1] (1.08ns)   --->   "%empty = add i64 %p_cast23, i64 %output_r_read" [cluster.cpp:71->cluster.cpp:23]   --->   Operation 144 'add' 'empty' <Predicate = (!icmp_ln71)> <Delay = 1.08> <CoreInst = "Adder">   --->   Core 1 'Adder' <Latency = 0> <II = 1> <Delay = 1.08> <FuncUnit> <Opcode : 'add' 'sub'> <InPorts = 2> <OutPorts = 1>
ST_2 : Operation 145 [1/1] (0.00ns)   --->   "%trunc_ln5 = partselect i62 @_ssdm_op_PartSelect.i62.i64.i32.i32, i64 %empty, i32 2, i32 63" [cluster.cpp:75->cluster.cpp:23]   --->   Operation 145 'partselect' 'trunc_ln5' <Predicate = (!icmp_ln71)> <Delay = 0.00>
ST_2 : Operation 146 [1/1] (0.00ns)   --->   "%sext_ln75 = sext i62 %trunc_ln5" [cluster.cpp:75->cluster.cpp:23]   --->   Operation 146 'sext' 'sext_ln75' <Predicate = (!icmp_ln71)> <Delay = 0.00>
ST_2 : Operation 147 [1/1] (0.00ns)   --->   "%gmem_addr = getelementptr i32 %gmem, i64 %sext_ln75" [cluster.cpp:75->cluster.cpp:23]   --->   Operation 147 'getelementptr' 'gmem_addr' <Predicate = (!icmp_ln71)> <Delay = 0.00>
ST_2 : Operation 148 [1/1] (0.77ns)   --->   "%add_ln80 = add i9 %select_ln49, i9 1" [cluster.cpp:80->cluster.cpp:23]   --->   Operation 148 'add' 'add_ln80' <Predicate = (!icmp_ln71)> <Delay = 0.77> <CoreInst = "Adder">   --->   Core 1 'Adder' <Latency = 0> <II = 1> <Delay = 0.77> <FuncUnit> <Opcode : 'add' 'sub'> <InPorts = 2> <OutPorts = 1>
ST_2 : Operation 149 [1/1] (0.42ns)   --->   "%store_ln71 = store i18 %add_ln71, i18 %indvar_flatten40" [cluster.cpp:71->cluster.cpp:23]   --->   Operation 149 'store' 'store_ln71' <Predicate = (!icmp_ln71)> <Delay = 0.42>
ST_2 : Operation 150 [1/1] (0.42ns)   --->   "%store_ln49 = store i9 %select_ln71, i9 %r" [cluster.cpp:49->cluster.cpp:23]   --->   Operation 150 'store' 'store_ln49' <Predicate = (!icmp_ln71)> <Delay = 0.42>
ST_2 : Operation 151 [1/1] (0.42ns)   --->   "%store_ln48 = store i9 %add_ln80, i9 %c" [cluster.cpp:48->cluster.cpp:23]   --->   Operation 151 'store' 'store_ln48' <Predicate = (!icmp_ln71)> <Delay = 0.42>

State 3 <SV = 2> <Delay = 4.66>
ST_3 : Operation 152 [71/71] (4.66ns)   --->   "%empty_15 = readreq i1 @_ssdm_op_ReadReq.m_axi.p1i32, i32 %gmem_addr, i64 3" [cluster.cpp:75->cluster.cpp:23]   --->   Operation 152 'readreq' 'empty_15' <Predicate = (!icmp_ln71)> <Delay = 4.66> <CoreInst = "m_axi">   --->   Core 119 'm_axi' <Latency = 6> <II = 1> <Delay = 1.00> <Adapter> <Opcode : 'read' 'write' 'readreq' 'writereq' 'writeresp'>

State 4 <SV = 3> <Delay = 4.66>
ST_4 : Operation 153 [70/71] (4.66ns)   --->   "%empty_15 = readreq i1 @_ssdm_op_ReadReq.m_axi.p1i32, i32 %gmem_addr, i64 3" [cluster.cpp:75->cluster.cpp:23]   --->   Operation 153 'readreq' 'empty_15' <Predicate = (!icmp_ln71)> <Delay = 4.66> <CoreInst = "m_axi">   --->   Core 119 'm_axi' <Latency = 6> <II = 1> <Delay = 1.00> <Adapter> <Opcode : 'read' 'write' 'readreq' 'writereq' 'writeresp'>

State 5 <SV = 4> <Delay = 4.66>
ST_5 : Operation 154 [69/71] (4.66ns)   --->   "%empty_15 = readreq i1 @_ssdm_op_ReadReq.m_axi.p1i32, i32 %gmem_addr, i64 3" [cluster.cpp:75->cluster.cpp:23]   --->   Operation 154 'readreq' 'empty_15' <Predicate = (!icmp_ln71)> <Delay = 4.66> <CoreInst = "m_axi">   --->   Core 119 'm_axi' <Latency = 6> <II = 1> <Delay = 1.00> <Adapter> <Opcode : 'read' 'write' 'readreq' 'writereq' 'writeresp'>
ST_5 : Operation 155 [1/1] (0.89ns)   --->   "%tmp18 = add i20 %tmp_5, i20 2048" [cluster.cpp:71->cluster.cpp:23]   --->   Operation 155 'add' 'tmp18' <Predicate = (!icmp_ln71)> <Delay = 0.89> <CoreInst = "Adder">   --->   Core 1 'Adder' <Latency = 0> <II = 1> <Delay = 0.89> <FuncUnit> <Opcode : 'add' 'sub'> <InPorts = 2> <OutPorts = 1>
ST_5 : Operation 156 [1/1] (0.00ns)   --->   "%tmp18_cast = zext i20 %tmp18" [cluster.cpp:71->cluster.cpp:23]   --->   Operation 156 'zext' 'tmp18_cast' <Predicate = (!icmp_ln71)> <Delay = 0.00>
ST_5 : Operation 157 [1/1] (1.08ns)   --->   "%empty_16 = add i64 %tmp18_cast, i64 %output_r_read" [cluster.cpp:71->cluster.cpp:23]   --->   Operation 157 'add' 'empty_16' <Predicate = (!icmp_ln71)> <Delay = 1.08> <CoreInst = "Adder">   --->   Core 1 'Adder' <Latency = 0> <II = 1> <Delay = 1.08> <FuncUnit> <Opcode : 'add' 'sub'> <InPorts = 2> <OutPorts = 1>
ST_5 : Operation 158 [1/1] (0.00ns)   --->   "%trunc_ln75_1 = partselect i62 @_ssdm_op_PartSelect.i62.i64.i32.i32, i64 %empty_16, i32 2, i32 63" [cluster.cpp:75->cluster.cpp:23]   --->   Operation 158 'partselect' 'trunc_ln75_1' <Predicate = (!icmp_ln71)> <Delay = 0.00>
ST_5 : Operation 159 [1/1] (0.00ns)   --->   "%sext_ln75_1 = sext i62 %trunc_ln75_1" [cluster.cpp:75->cluster.cpp:23]   --->   Operation 159 'sext' 'sext_ln75_1' <Predicate = (!icmp_ln71)> <Delay = 0.00>
ST_5 : Operation 160 [1/1] (0.00ns)   --->   "%gmem_addr_2 = getelementptr i32 %gmem, i64 %sext_ln75_1" [cluster.cpp:75->cluster.cpp:23]   --->   Operation 160 'getelementptr' 'gmem_addr_2' <Predicate = (!icmp_ln71)> <Delay = 0.00>

State 6 <SV = 5> <Delay = 4.66>
ST_6 : Operation 161 [68/71] (4.66ns)   --->   "%empty_15 = readreq i1 @_ssdm_op_ReadReq.m_axi.p1i32, i32 %gmem_addr, i64 3" [cluster.cpp:75->cluster.cpp:23]   --->   Operation 161 'readreq' 'empty_15' <Predicate = (!icmp_ln71)> <Delay = 4.66> <CoreInst = "m_axi">   --->   Core 119 'm_axi' <Latency = 6> <II = 1> <Delay = 1.00> <Adapter> <Opcode : 'read' 'write' 'readreq' 'writereq' 'writeresp'>
ST_6 : Operation 162 [71/71] (4.66ns)   --->   "%empty_17 = readreq i1 @_ssdm_op_ReadReq.m_axi.p1i32, i32 %gmem_addr_2, i64 3" [cluster.cpp:75->cluster.cpp:23]   --->   Operation 162 'readreq' 'empty_17' <Predicate = (!icmp_ln71)> <Delay = 4.66> <CoreInst = "m_axi">   --->   Core 119 'm_axi' <Latency = 6> <II = 1> <Delay = 1.00> <Adapter> <Opcode : 'read' 'write' 'readreq' 'writereq' 'writeresp'>

State 7 <SV = 6> <Delay = 4.66>
ST_7 : Operation 163 [67/71] (4.66ns)   --->   "%empty_15 = readreq i1 @_ssdm_op_ReadReq.m_axi.p1i32, i32 %gmem_addr, i64 3" [cluster.cpp:75->cluster.cpp:23]   --->   Operation 163 'readreq' 'empty_15' <Predicate = (!icmp_ln71)> <Delay = 4.66> <CoreInst = "m_axi">   --->   Core 119 'm_axi' <Latency = 6> <II = 1> <Delay = 1.00> <Adapter> <Opcode : 'read' 'write' 'readreq' 'writereq' 'writeresp'>
ST_7 : Operation 164 [70/71] (4.66ns)   --->   "%empty_17 = readreq i1 @_ssdm_op_ReadReq.m_axi.p1i32, i32 %gmem_addr_2, i64 3" [cluster.cpp:75->cluster.cpp:23]   --->   Operation 164 'readreq' 'empty_17' <Predicate = (!icmp_ln71)> <Delay = 4.66> <CoreInst = "m_axi">   --->   Core 119 'm_axi' <Latency = 6> <II = 1> <Delay = 1.00> <Adapter> <Opcode : 'read' 'write' 'readreq' 'writereq' 'writeresp'>

State 8 <SV = 7> <Delay = 4.66>
ST_8 : Operation 165 [66/71] (4.66ns)   --->   "%empty_15 = readreq i1 @_ssdm_op_ReadReq.m_axi.p1i32, i32 %gmem_addr, i64 3" [cluster.cpp:75->cluster.cpp:23]   --->   Operation 165 'readreq' 'empty_15' <Predicate = (!icmp_ln71)> <Delay = 4.66> <CoreInst = "m_axi">   --->   Core 119 'm_axi' <Latency = 6> <II = 1> <Delay = 1.00> <Adapter> <Opcode : 'read' 'write' 'readreq' 'writereq' 'writeresp'>
ST_8 : Operation 166 [69/71] (4.66ns)   --->   "%empty_17 = readreq i1 @_ssdm_op_ReadReq.m_axi.p1i32, i32 %gmem_addr_2, i64 3" [cluster.cpp:75->cluster.cpp:23]   --->   Operation 166 'readreq' 'empty_17' <Predicate = (!icmp_ln71)> <Delay = 4.66> <CoreInst = "m_axi">   --->   Core 119 'm_axi' <Latency = 6> <II = 1> <Delay = 1.00> <Adapter> <Opcode : 'read' 'write' 'readreq' 'writereq' 'writeresp'>
ST_8 : Operation 167 [1/1] (0.89ns)   --->   "%tmp19 = add i20 %tmp_5, i20 4096" [cluster.cpp:71->cluster.cpp:23]   --->   Operation 167 'add' 'tmp19' <Predicate = (!icmp_ln71)> <Delay = 0.89> <CoreInst = "Adder">   --->   Core 1 'Adder' <Latency = 0> <II = 1> <Delay = 0.89> <FuncUnit> <Opcode : 'add' 'sub'> <InPorts = 2> <OutPorts = 1>
ST_8 : Operation 168 [1/1] (0.00ns)   --->   "%tmp19_cast = zext i20 %tmp19" [cluster.cpp:71->cluster.cpp:23]   --->   Operation 168 'zext' 'tmp19_cast' <Predicate = (!icmp_ln71)> <Delay = 0.00>
ST_8 : Operation 169 [1/1] (1.08ns)   --->   "%empty_21 = add i64 %tmp19_cast, i64 %output_r_read" [cluster.cpp:71->cluster.cpp:23]   --->   Operation 169 'add' 'empty_21' <Predicate = (!icmp_ln71)> <Delay = 1.08> <CoreInst = "Adder">   --->   Core 1 'Adder' <Latency = 0> <II = 1> <Delay = 1.08> <FuncUnit> <Opcode : 'add' 'sub'> <InPorts = 2> <OutPorts = 1>
ST_8 : Operation 170 [1/1] (0.00ns)   --->   "%trunc_ln75_2 = partselect i62 @_ssdm_op_PartSelect.i62.i64.i32.i32, i64 %empty_21, i32 2, i32 63" [cluster.cpp:75->cluster.cpp:23]   --->   Operation 170 'partselect' 'trunc_ln75_2' <Predicate = (!icmp_ln71)> <Delay = 0.00>
ST_8 : Operation 171 [1/1] (0.00ns)   --->   "%sext_ln75_2 = sext i62 %trunc_ln75_2" [cluster.cpp:75->cluster.cpp:23]   --->   Operation 171 'sext' 'sext_ln75_2' <Predicate = (!icmp_ln71)> <Delay = 0.00>
ST_8 : Operation 172 [1/1] (0.00ns)   --->   "%gmem_addr_3 = getelementptr i32 %gmem, i64 %sext_ln75_2" [cluster.cpp:75->cluster.cpp:23]   --->   Operation 172 'getelementptr' 'gmem_addr_3' <Predicate = (!icmp_ln71)> <Delay = 0.00>

State 9 <SV = 8> <Delay = 4.66>
ST_9 : Operation 173 [65/71] (4.66ns)   --->   "%empty_15 = readreq i1 @_ssdm_op_ReadReq.m_axi.p1i32, i32 %gmem_addr, i64 3" [cluster.cpp:75->cluster.cpp:23]   --->   Operation 173 'readreq' 'empty_15' <Predicate = (!icmp_ln71)> <Delay = 4.66> <CoreInst = "m_axi">   --->   Core 119 'm_axi' <Latency = 6> <II = 1> <Delay = 1.00> <Adapter> <Opcode : 'read' 'write' 'readreq' 'writereq' 'writeresp'>
ST_9 : Operation 174 [68/71] (4.66ns)   --->   "%empty_17 = readreq i1 @_ssdm_op_ReadReq.m_axi.p1i32, i32 %gmem_addr_2, i64 3" [cluster.cpp:75->cluster.cpp:23]   --->   Operation 174 'readreq' 'empty_17' <Predicate = (!icmp_ln71)> <Delay = 4.66> <CoreInst = "m_axi">   --->   Core 119 'm_axi' <Latency = 6> <II = 1> <Delay = 1.00> <Adapter> <Opcode : 'read' 'write' 'readreq' 'writereq' 'writeresp'>
ST_9 : Operation 175 [71/71] (4.66ns)   --->   "%empty_22 = readreq i1 @_ssdm_op_ReadReq.m_axi.p1i32, i32 %gmem_addr_3, i64 3" [cluster.cpp:75->cluster.cpp:23]   --->   Operation 175 'readreq' 'empty_22' <Predicate = (!icmp_ln71)> <Delay = 4.66> <CoreInst = "m_axi">   --->   Core 119 'm_axi' <Latency = 6> <II = 1> <Delay = 1.00> <Adapter> <Opcode : 'read' 'write' 'readreq' 'writereq' 'writeresp'>

State 10 <SV = 9> <Delay = 4.66>
ST_10 : Operation 176 [64/71] (4.66ns)   --->   "%empty_15 = readreq i1 @_ssdm_op_ReadReq.m_axi.p1i32, i32 %gmem_addr, i64 3" [cluster.cpp:75->cluster.cpp:23]   --->   Operation 176 'readreq' 'empty_15' <Predicate = (!icmp_ln71)> <Delay = 4.66> <CoreInst = "m_axi">   --->   Core 119 'm_axi' <Latency = 6> <II = 1> <Delay = 1.00> <Adapter> <Opcode : 'read' 'write' 'readreq' 'writereq' 'writeresp'>
ST_10 : Operation 177 [67/71] (4.66ns)   --->   "%empty_17 = readreq i1 @_ssdm_op_ReadReq.m_axi.p1i32, i32 %gmem_addr_2, i64 3" [cluster.cpp:75->cluster.cpp:23]   --->   Operation 177 'readreq' 'empty_17' <Predicate = (!icmp_ln71)> <Delay = 4.66> <CoreInst = "m_axi">   --->   Core 119 'm_axi' <Latency = 6> <II = 1> <Delay = 1.00> <Adapter> <Opcode : 'read' 'write' 'readreq' 'writereq' 'writeresp'>
ST_10 : Operation 178 [70/71] (4.66ns)   --->   "%empty_22 = readreq i1 @_ssdm_op_ReadReq.m_axi.p1i32, i32 %gmem_addr_3, i64 3" [cluster.cpp:75->cluster.cpp:23]   --->   Operation 178 'readreq' 'empty_22' <Predicate = (!icmp_ln71)> <Delay = 4.66> <CoreInst = "m_axi">   --->   Core 119 'm_axi' <Latency = 6> <II = 1> <Delay = 1.00> <Adapter> <Opcode : 'read' 'write' 'readreq' 'writereq' 'writeresp'>

State 11 <SV = 10> <Delay = 4.66>
ST_11 : Operation 179 [63/71] (4.66ns)   --->   "%empty_15 = readreq i1 @_ssdm_op_ReadReq.m_axi.p1i32, i32 %gmem_addr, i64 3" [cluster.cpp:75->cluster.cpp:23]   --->   Operation 179 'readreq' 'empty_15' <Predicate = true> <Delay = 4.66> <CoreInst = "m_axi">   --->   Core 119 'm_axi' <Latency = 6> <II = 1> <Delay = 1.00> <Adapter> <Opcode : 'read' 'write' 'readreq' 'writereq' 'writeresp'>
ST_11 : Operation 180 [66/71] (4.66ns)   --->   "%empty_17 = readreq i1 @_ssdm_op_ReadReq.m_axi.p1i32, i32 %gmem_addr_2, i64 3" [cluster.cpp:75->cluster.cpp:23]   --->   Operation 180 'readreq' 'empty_17' <Predicate = true> <Delay = 4.66> <CoreInst = "m_axi">   --->   Core 119 'm_axi' <Latency = 6> <II = 1> <Delay = 1.00> <Adapter> <Opcode : 'read' 'write' 'readreq' 'writereq' 'writeresp'>
ST_11 : Operation 181 [69/71] (4.66ns)   --->   "%empty_22 = readreq i1 @_ssdm_op_ReadReq.m_axi.p1i32, i32 %gmem_addr_3, i64 3" [cluster.cpp:75->cluster.cpp:23]   --->   Operation 181 'readreq' 'empty_22' <Predicate = true> <Delay = 4.66> <CoreInst = "m_axi">   --->   Core 119 'm_axi' <Latency = 6> <II = 1> <Delay = 1.00> <Adapter> <Opcode : 'read' 'write' 'readreq' 'writereq' 'writeresp'>

State 12 <SV = 11> <Delay = 4.66>
ST_12 : Operation 182 [62/71] (4.66ns)   --->   "%empty_15 = readreq i1 @_ssdm_op_ReadReq.m_axi.p1i32, i32 %gmem_addr, i64 3" [cluster.cpp:75->cluster.cpp:23]   --->   Operation 182 'readreq' 'empty_15' <Predicate = true> <Delay = 4.66> <CoreInst = "m_axi">   --->   Core 119 'm_axi' <Latency = 6> <II = 1> <Delay = 1.00> <Adapter> <Opcode : 'read' 'write' 'readreq' 'writereq' 'writeresp'>
ST_12 : Operation 183 [65/71] (4.66ns)   --->   "%empty_17 = readreq i1 @_ssdm_op_ReadReq.m_axi.p1i32, i32 %gmem_addr_2, i64 3" [cluster.cpp:75->cluster.cpp:23]   --->   Operation 183 'readreq' 'empty_17' <Predicate = true> <Delay = 4.66> <CoreInst = "m_axi">   --->   Core 119 'm_axi' <Latency = 6> <II = 1> <Delay = 1.00> <Adapter> <Opcode : 'read' 'write' 'readreq' 'writereq' 'writeresp'>
ST_12 : Operation 184 [68/71] (4.66ns)   --->   "%empty_22 = readreq i1 @_ssdm_op_ReadReq.m_axi.p1i32, i32 %gmem_addr_3, i64 3" [cluster.cpp:75->cluster.cpp:23]   --->   Operation 184 'readreq' 'empty_22' <Predicate = true> <Delay = 4.66> <CoreInst = "m_axi">   --->   Core 119 'm_axi' <Latency = 6> <II = 1> <Delay = 1.00> <Adapter> <Opcode : 'read' 'write' 'readreq' 'writereq' 'writeresp'>

State 13 <SV = 12> <Delay = 4.66>
ST_13 : Operation 185 [61/71] (4.66ns)   --->   "%empty_15 = readreq i1 @_ssdm_op_ReadReq.m_axi.p1i32, i32 %gmem_addr, i64 3" [cluster.cpp:75->cluster.cpp:23]   --->   Operation 185 'readreq' 'empty_15' <Predicate = true> <Delay = 4.66> <CoreInst = "m_axi">   --->   Core 119 'm_axi' <Latency = 6> <II = 1> <Delay = 1.00> <Adapter> <Opcode : 'read' 'write' 'readreq' 'writereq' 'writeresp'>
ST_13 : Operation 186 [64/71] (4.66ns)   --->   "%empty_17 = readreq i1 @_ssdm_op_ReadReq.m_axi.p1i32, i32 %gmem_addr_2, i64 3" [cluster.cpp:75->cluster.cpp:23]   --->   Operation 186 'readreq' 'empty_17' <Predicate = true> <Delay = 4.66> <CoreInst = "m_axi">   --->   Core 119 'm_axi' <Latency = 6> <II = 1> <Delay = 1.00> <Adapter> <Opcode : 'read' 'write' 'readreq' 'writereq' 'writeresp'>
ST_13 : Operation 187 [67/71] (4.66ns)   --->   "%empty_22 = readreq i1 @_ssdm_op_ReadReq.m_axi.p1i32, i32 %gmem_addr_3, i64 3" [cluster.cpp:75->cluster.cpp:23]   --->   Operation 187 'readreq' 'empty_22' <Predicate = true> <Delay = 4.66> <CoreInst = "m_axi">   --->   Core 119 'm_axi' <Latency = 6> <II = 1> <Delay = 1.00> <Adapter> <Opcode : 'read' 'write' 'readreq' 'writereq' 'writeresp'>

State 14 <SV = 13> <Delay = 4.66>
ST_14 : Operation 188 [60/71] (4.66ns)   --->   "%empty_15 = readreq i1 @_ssdm_op_ReadReq.m_axi.p1i32, i32 %gmem_addr, i64 3" [cluster.cpp:75->cluster.cpp:23]   --->   Operation 188 'readreq' 'empty_15' <Predicate = true> <Delay = 4.66> <CoreInst = "m_axi">   --->   Core 119 'm_axi' <Latency = 6> <II = 1> <Delay = 1.00> <Adapter> <Opcode : 'read' 'write' 'readreq' 'writereq' 'writeresp'>
ST_14 : Operation 189 [63/71] (4.66ns)   --->   "%empty_17 = readreq i1 @_ssdm_op_ReadReq.m_axi.p1i32, i32 %gmem_addr_2, i64 3" [cluster.cpp:75->cluster.cpp:23]   --->   Operation 189 'readreq' 'empty_17' <Predicate = true> <Delay = 4.66> <CoreInst = "m_axi">   --->   Core 119 'm_axi' <Latency = 6> <II = 1> <Delay = 1.00> <Adapter> <Opcode : 'read' 'write' 'readreq' 'writereq' 'writeresp'>
ST_14 : Operation 190 [66/71] (4.66ns)   --->   "%empty_22 = readreq i1 @_ssdm_op_ReadReq.m_axi.p1i32, i32 %gmem_addr_3, i64 3" [cluster.cpp:75->cluster.cpp:23]   --->   Operation 190 'readreq' 'empty_22' <Predicate = true> <Delay = 4.66> <CoreInst = "m_axi">   --->   Core 119 'm_axi' <Latency = 6> <II = 1> <Delay = 1.00> <Adapter> <Opcode : 'read' 'write' 'readreq' 'writereq' 'writeresp'>

State 15 <SV = 14> <Delay = 4.66>
ST_15 : Operation 191 [59/71] (4.66ns)   --->   "%empty_15 = readreq i1 @_ssdm_op_ReadReq.m_axi.p1i32, i32 %gmem_addr, i64 3" [cluster.cpp:75->cluster.cpp:23]   --->   Operation 191 'readreq' 'empty_15' <Predicate = true> <Delay = 4.66> <CoreInst = "m_axi">   --->   Core 119 'm_axi' <Latency = 6> <II = 1> <Delay = 1.00> <Adapter> <Opcode : 'read' 'write' 'readreq' 'writereq' 'writeresp'>
ST_15 : Operation 192 [62/71] (4.66ns)   --->   "%empty_17 = readreq i1 @_ssdm_op_ReadReq.m_axi.p1i32, i32 %gmem_addr_2, i64 3" [cluster.cpp:75->cluster.cpp:23]   --->   Operation 192 'readreq' 'empty_17' <Predicate = true> <Delay = 4.66> <CoreInst = "m_axi">   --->   Core 119 'm_axi' <Latency = 6> <II = 1> <Delay = 1.00> <Adapter> <Opcode : 'read' 'write' 'readreq' 'writereq' 'writeresp'>
ST_15 : Operation 193 [65/71] (4.66ns)   --->   "%empty_22 = readreq i1 @_ssdm_op_ReadReq.m_axi.p1i32, i32 %gmem_addr_3, i64 3" [cluster.cpp:75->cluster.cpp:23]   --->   Operation 193 'readreq' 'empty_22' <Predicate = true> <Delay = 4.66> <CoreInst = "m_axi">   --->   Core 119 'm_axi' <Latency = 6> <II = 1> <Delay = 1.00> <Adapter> <Opcode : 'read' 'write' 'readreq' 'writereq' 'writeresp'>

State 16 <SV = 15> <Delay = 4.66>
ST_16 : Operation 194 [58/71] (4.66ns)   --->   "%empty_15 = readreq i1 @_ssdm_op_ReadReq.m_axi.p1i32, i32 %gmem_addr, i64 3" [cluster.cpp:75->cluster.cpp:23]   --->   Operation 194 'readreq' 'empty_15' <Predicate = true> <Delay = 4.66> <CoreInst = "m_axi">   --->   Core 119 'm_axi' <Latency = 6> <II = 1> <Delay = 1.00> <Adapter> <Opcode : 'read' 'write' 'readreq' 'writereq' 'writeresp'>
ST_16 : Operation 195 [61/71] (4.66ns)   --->   "%empty_17 = readreq i1 @_ssdm_op_ReadReq.m_axi.p1i32, i32 %gmem_addr_2, i64 3" [cluster.cpp:75->cluster.cpp:23]   --->   Operation 195 'readreq' 'empty_17' <Predicate = true> <Delay = 4.66> <CoreInst = "m_axi">   --->   Core 119 'm_axi' <Latency = 6> <II = 1> <Delay = 1.00> <Adapter> <Opcode : 'read' 'write' 'readreq' 'writereq' 'writeresp'>
ST_16 : Operation 196 [64/71] (4.66ns)   --->   "%empty_22 = readreq i1 @_ssdm_op_ReadReq.m_axi.p1i32, i32 %gmem_addr_3, i64 3" [cluster.cpp:75->cluster.cpp:23]   --->   Operation 196 'readreq' 'empty_22' <Predicate = true> <Delay = 4.66> <CoreInst = "m_axi">   --->   Core 119 'm_axi' <Latency = 6> <II = 1> <Delay = 1.00> <Adapter> <Opcode : 'read' 'write' 'readreq' 'writereq' 'writeresp'>

State 17 <SV = 16> <Delay = 4.66>
ST_17 : Operation 197 [57/71] (4.66ns)   --->   "%empty_15 = readreq i1 @_ssdm_op_ReadReq.m_axi.p1i32, i32 %gmem_addr, i64 3" [cluster.cpp:75->cluster.cpp:23]   --->   Operation 197 'readreq' 'empty_15' <Predicate = true> <Delay = 4.66> <CoreInst = "m_axi">   --->   Core 119 'm_axi' <Latency = 6> <II = 1> <Delay = 1.00> <Adapter> <Opcode : 'read' 'write' 'readreq' 'writereq' 'writeresp'>
ST_17 : Operation 198 [60/71] (4.66ns)   --->   "%empty_17 = readreq i1 @_ssdm_op_ReadReq.m_axi.p1i32, i32 %gmem_addr_2, i64 3" [cluster.cpp:75->cluster.cpp:23]   --->   Operation 198 'readreq' 'empty_17' <Predicate = true> <Delay = 4.66> <CoreInst = "m_axi">   --->   Core 119 'm_axi' <Latency = 6> <II = 1> <Delay = 1.00> <Adapter> <Opcode : 'read' 'write' 'readreq' 'writereq' 'writeresp'>
ST_17 : Operation 199 [63/71] (4.66ns)   --->   "%empty_22 = readreq i1 @_ssdm_op_ReadReq.m_axi.p1i32, i32 %gmem_addr_3, i64 3" [cluster.cpp:75->cluster.cpp:23]   --->   Operation 199 'readreq' 'empty_22' <Predicate = true> <Delay = 4.66> <CoreInst = "m_axi">   --->   Core 119 'm_axi' <Latency = 6> <II = 1> <Delay = 1.00> <Adapter> <Opcode : 'read' 'write' 'readreq' 'writereq' 'writeresp'>

State 18 <SV = 17> <Delay = 4.66>
ST_18 : Operation 200 [56/71] (4.66ns)   --->   "%empty_15 = readreq i1 @_ssdm_op_ReadReq.m_axi.p1i32, i32 %gmem_addr, i64 3" [cluster.cpp:75->cluster.cpp:23]   --->   Operation 200 'readreq' 'empty_15' <Predicate = true> <Delay = 4.66> <CoreInst = "m_axi">   --->   Core 119 'm_axi' <Latency = 6> <II = 1> <Delay = 1.00> <Adapter> <Opcode : 'read' 'write' 'readreq' 'writereq' 'writeresp'>
ST_18 : Operation 201 [59/71] (4.66ns)   --->   "%empty_17 = readreq i1 @_ssdm_op_ReadReq.m_axi.p1i32, i32 %gmem_addr_2, i64 3" [cluster.cpp:75->cluster.cpp:23]   --->   Operation 201 'readreq' 'empty_17' <Predicate = true> <Delay = 4.66> <CoreInst = "m_axi">   --->   Core 119 'm_axi' <Latency = 6> <II = 1> <Delay = 1.00> <Adapter> <Opcode : 'read' 'write' 'readreq' 'writereq' 'writeresp'>
ST_18 : Operation 202 [62/71] (4.66ns)   --->   "%empty_22 = readreq i1 @_ssdm_op_ReadReq.m_axi.p1i32, i32 %gmem_addr_3, i64 3" [cluster.cpp:75->cluster.cpp:23]   --->   Operation 202 'readreq' 'empty_22' <Predicate = true> <Delay = 4.66> <CoreInst = "m_axi">   --->   Core 119 'm_axi' <Latency = 6> <II = 1> <Delay = 1.00> <Adapter> <Opcode : 'read' 'write' 'readreq' 'writereq' 'writeresp'>

State 19 <SV = 18> <Delay = 4.66>
ST_19 : Operation 203 [55/71] (4.66ns)   --->   "%empty_15 = readreq i1 @_ssdm_op_ReadReq.m_axi.p1i32, i32 %gmem_addr, i64 3" [cluster.cpp:75->cluster.cpp:23]   --->   Operation 203 'readreq' 'empty_15' <Predicate = true> <Delay = 4.66> <CoreInst = "m_axi">   --->   Core 119 'm_axi' <Latency = 6> <II = 1> <Delay = 1.00> <Adapter> <Opcode : 'read' 'write' 'readreq' 'writereq' 'writeresp'>
ST_19 : Operation 204 [58/71] (4.66ns)   --->   "%empty_17 = readreq i1 @_ssdm_op_ReadReq.m_axi.p1i32, i32 %gmem_addr_2, i64 3" [cluster.cpp:75->cluster.cpp:23]   --->   Operation 204 'readreq' 'empty_17' <Predicate = true> <Delay = 4.66> <CoreInst = "m_axi">   --->   Core 119 'm_axi' <Latency = 6> <II = 1> <Delay = 1.00> <Adapter> <Opcode : 'read' 'write' 'readreq' 'writereq' 'writeresp'>
ST_19 : Operation 205 [61/71] (4.66ns)   --->   "%empty_22 = readreq i1 @_ssdm_op_ReadReq.m_axi.p1i32, i32 %gmem_addr_3, i64 3" [cluster.cpp:75->cluster.cpp:23]   --->   Operation 205 'readreq' 'empty_22' <Predicate = true> <Delay = 4.66> <CoreInst = "m_axi">   --->   Core 119 'm_axi' <Latency = 6> <II = 1> <Delay = 1.00> <Adapter> <Opcode : 'read' 'write' 'readreq' 'writereq' 'writeresp'>

State 20 <SV = 19> <Delay = 4.66>
ST_20 : Operation 206 [54/71] (4.66ns)   --->   "%empty_15 = readreq i1 @_ssdm_op_ReadReq.m_axi.p1i32, i32 %gmem_addr, i64 3" [cluster.cpp:75->cluster.cpp:23]   --->   Operation 206 'readreq' 'empty_15' <Predicate = true> <Delay = 4.66> <CoreInst = "m_axi">   --->   Core 119 'm_axi' <Latency = 6> <II = 1> <Delay = 1.00> <Adapter> <Opcode : 'read' 'write' 'readreq' 'writereq' 'writeresp'>
ST_20 : Operation 207 [57/71] (4.66ns)   --->   "%empty_17 = readreq i1 @_ssdm_op_ReadReq.m_axi.p1i32, i32 %gmem_addr_2, i64 3" [cluster.cpp:75->cluster.cpp:23]   --->   Operation 207 'readreq' 'empty_17' <Predicate = true> <Delay = 4.66> <CoreInst = "m_axi">   --->   Core 119 'm_axi' <Latency = 6> <II = 1> <Delay = 1.00> <Adapter> <Opcode : 'read' 'write' 'readreq' 'writereq' 'writeresp'>
ST_20 : Operation 208 [60/71] (4.66ns)   --->   "%empty_22 = readreq i1 @_ssdm_op_ReadReq.m_axi.p1i32, i32 %gmem_addr_3, i64 3" [cluster.cpp:75->cluster.cpp:23]   --->   Operation 208 'readreq' 'empty_22' <Predicate = true> <Delay = 4.66> <CoreInst = "m_axi">   --->   Core 119 'm_axi' <Latency = 6> <II = 1> <Delay = 1.00> <Adapter> <Opcode : 'read' 'write' 'readreq' 'writereq' 'writeresp'>

State 21 <SV = 20> <Delay = 4.66>
ST_21 : Operation 209 [53/71] (4.66ns)   --->   "%empty_15 = readreq i1 @_ssdm_op_ReadReq.m_axi.p1i32, i32 %gmem_addr, i64 3" [cluster.cpp:75->cluster.cpp:23]   --->   Operation 209 'readreq' 'empty_15' <Predicate = true> <Delay = 4.66> <CoreInst = "m_axi">   --->   Core 119 'm_axi' <Latency = 6> <II = 1> <Delay = 1.00> <Adapter> <Opcode : 'read' 'write' 'readreq' 'writereq' 'writeresp'>
ST_21 : Operation 210 [56/71] (4.66ns)   --->   "%empty_17 = readreq i1 @_ssdm_op_ReadReq.m_axi.p1i32, i32 %gmem_addr_2, i64 3" [cluster.cpp:75->cluster.cpp:23]   --->   Operation 210 'readreq' 'empty_17' <Predicate = true> <Delay = 4.66> <CoreInst = "m_axi">   --->   Core 119 'm_axi' <Latency = 6> <II = 1> <Delay = 1.00> <Adapter> <Opcode : 'read' 'write' 'readreq' 'writereq' 'writeresp'>
ST_21 : Operation 211 [59/71] (4.66ns)   --->   "%empty_22 = readreq i1 @_ssdm_op_ReadReq.m_axi.p1i32, i32 %gmem_addr_3, i64 3" [cluster.cpp:75->cluster.cpp:23]   --->   Operation 211 'readreq' 'empty_22' <Predicate = true> <Delay = 4.66> <CoreInst = "m_axi">   --->   Core 119 'm_axi' <Latency = 6> <II = 1> <Delay = 1.00> <Adapter> <Opcode : 'read' 'write' 'readreq' 'writereq' 'writeresp'>

State 22 <SV = 21> <Delay = 4.66>
ST_22 : Operation 212 [52/71] (4.66ns)   --->   "%empty_15 = readreq i1 @_ssdm_op_ReadReq.m_axi.p1i32, i32 %gmem_addr, i64 3" [cluster.cpp:75->cluster.cpp:23]   --->   Operation 212 'readreq' 'empty_15' <Predicate = true> <Delay = 4.66> <CoreInst = "m_axi">   --->   Core 119 'm_axi' <Latency = 6> <II = 1> <Delay = 1.00> <Adapter> <Opcode : 'read' 'write' 'readreq' 'writereq' 'writeresp'>
ST_22 : Operation 213 [55/71] (4.66ns)   --->   "%empty_17 = readreq i1 @_ssdm_op_ReadReq.m_axi.p1i32, i32 %gmem_addr_2, i64 3" [cluster.cpp:75->cluster.cpp:23]   --->   Operation 213 'readreq' 'empty_17' <Predicate = true> <Delay = 4.66> <CoreInst = "m_axi">   --->   Core 119 'm_axi' <Latency = 6> <II = 1> <Delay = 1.00> <Adapter> <Opcode : 'read' 'write' 'readreq' 'writereq' 'writeresp'>
ST_22 : Operation 214 [58/71] (4.66ns)   --->   "%empty_22 = readreq i1 @_ssdm_op_ReadReq.m_axi.p1i32, i32 %gmem_addr_3, i64 3" [cluster.cpp:75->cluster.cpp:23]   --->   Operation 214 'readreq' 'empty_22' <Predicate = true> <Delay = 4.66> <CoreInst = "m_axi">   --->   Core 119 'm_axi' <Latency = 6> <II = 1> <Delay = 1.00> <Adapter> <Opcode : 'read' 'write' 'readreq' 'writereq' 'writeresp'>

State 23 <SV = 22> <Delay = 4.66>
ST_23 : Operation 215 [51/71] (4.66ns)   --->   "%empty_15 = readreq i1 @_ssdm_op_ReadReq.m_axi.p1i32, i32 %gmem_addr, i64 3" [cluster.cpp:75->cluster.cpp:23]   --->   Operation 215 'readreq' 'empty_15' <Predicate = true> <Delay = 4.66> <CoreInst = "m_axi">   --->   Core 119 'm_axi' <Latency = 6> <II = 1> <Delay = 1.00> <Adapter> <Opcode : 'read' 'write' 'readreq' 'writereq' 'writeresp'>
ST_23 : Operation 216 [54/71] (4.66ns)   --->   "%empty_17 = readreq i1 @_ssdm_op_ReadReq.m_axi.p1i32, i32 %gmem_addr_2, i64 3" [cluster.cpp:75->cluster.cpp:23]   --->   Operation 216 'readreq' 'empty_17' <Predicate = true> <Delay = 4.66> <CoreInst = "m_axi">   --->   Core 119 'm_axi' <Latency = 6> <II = 1> <Delay = 1.00> <Adapter> <Opcode : 'read' 'write' 'readreq' 'writereq' 'writeresp'>
ST_23 : Operation 217 [57/71] (4.66ns)   --->   "%empty_22 = readreq i1 @_ssdm_op_ReadReq.m_axi.p1i32, i32 %gmem_addr_3, i64 3" [cluster.cpp:75->cluster.cpp:23]   --->   Operation 217 'readreq' 'empty_22' <Predicate = true> <Delay = 4.66> <CoreInst = "m_axi">   --->   Core 119 'm_axi' <Latency = 6> <II = 1> <Delay = 1.00> <Adapter> <Opcode : 'read' 'write' 'readreq' 'writereq' 'writeresp'>

State 24 <SV = 23> <Delay = 4.66>
ST_24 : Operation 218 [50/71] (4.66ns)   --->   "%empty_15 = readreq i1 @_ssdm_op_ReadReq.m_axi.p1i32, i32 %gmem_addr, i64 3" [cluster.cpp:75->cluster.cpp:23]   --->   Operation 218 'readreq' 'empty_15' <Predicate = true> <Delay = 4.66> <CoreInst = "m_axi">   --->   Core 119 'm_axi' <Latency = 6> <II = 1> <Delay = 1.00> <Adapter> <Opcode : 'read' 'write' 'readreq' 'writereq' 'writeresp'>
ST_24 : Operation 219 [53/71] (4.66ns)   --->   "%empty_17 = readreq i1 @_ssdm_op_ReadReq.m_axi.p1i32, i32 %gmem_addr_2, i64 3" [cluster.cpp:75->cluster.cpp:23]   --->   Operation 219 'readreq' 'empty_17' <Predicate = true> <Delay = 4.66> <CoreInst = "m_axi">   --->   Core 119 'm_axi' <Latency = 6> <II = 1> <Delay = 1.00> <Adapter> <Opcode : 'read' 'write' 'readreq' 'writereq' 'writeresp'>
ST_24 : Operation 220 [56/71] (4.66ns)   --->   "%empty_22 = readreq i1 @_ssdm_op_ReadReq.m_axi.p1i32, i32 %gmem_addr_3, i64 3" [cluster.cpp:75->cluster.cpp:23]   --->   Operation 220 'readreq' 'empty_22' <Predicate = true> <Delay = 4.66> <CoreInst = "m_axi">   --->   Core 119 'm_axi' <Latency = 6> <II = 1> <Delay = 1.00> <Adapter> <Opcode : 'read' 'write' 'readreq' 'writereq' 'writeresp'>

State 25 <SV = 24> <Delay = 4.66>
ST_25 : Operation 221 [49/71] (4.66ns)   --->   "%empty_15 = readreq i1 @_ssdm_op_ReadReq.m_axi.p1i32, i32 %gmem_addr, i64 3" [cluster.cpp:75->cluster.cpp:23]   --->   Operation 221 'readreq' 'empty_15' <Predicate = true> <Delay = 4.66> <CoreInst = "m_axi">   --->   Core 119 'm_axi' <Latency = 6> <II = 1> <Delay = 1.00> <Adapter> <Opcode : 'read' 'write' 'readreq' 'writereq' 'writeresp'>
ST_25 : Operation 222 [52/71] (4.66ns)   --->   "%empty_17 = readreq i1 @_ssdm_op_ReadReq.m_axi.p1i32, i32 %gmem_addr_2, i64 3" [cluster.cpp:75->cluster.cpp:23]   --->   Operation 222 'readreq' 'empty_17' <Predicate = true> <Delay = 4.66> <CoreInst = "m_axi">   --->   Core 119 'm_axi' <Latency = 6> <II = 1> <Delay = 1.00> <Adapter> <Opcode : 'read' 'write' 'readreq' 'writereq' 'writeresp'>
ST_25 : Operation 223 [55/71] (4.66ns)   --->   "%empty_22 = readreq i1 @_ssdm_op_ReadReq.m_axi.p1i32, i32 %gmem_addr_3, i64 3" [cluster.cpp:75->cluster.cpp:23]   --->   Operation 223 'readreq' 'empty_22' <Predicate = true> <Delay = 4.66> <CoreInst = "m_axi">   --->   Core 119 'm_axi' <Latency = 6> <II = 1> <Delay = 1.00> <Adapter> <Opcode : 'read' 'write' 'readreq' 'writereq' 'writeresp'>

State 26 <SV = 25> <Delay = 4.66>
ST_26 : Operation 224 [48/71] (4.66ns)   --->   "%empty_15 = readreq i1 @_ssdm_op_ReadReq.m_axi.p1i32, i32 %gmem_addr, i64 3" [cluster.cpp:75->cluster.cpp:23]   --->   Operation 224 'readreq' 'empty_15' <Predicate = true> <Delay = 4.66> <CoreInst = "m_axi">   --->   Core 119 'm_axi' <Latency = 6> <II = 1> <Delay = 1.00> <Adapter> <Opcode : 'read' 'write' 'readreq' 'writereq' 'writeresp'>
ST_26 : Operation 225 [51/71] (4.66ns)   --->   "%empty_17 = readreq i1 @_ssdm_op_ReadReq.m_axi.p1i32, i32 %gmem_addr_2, i64 3" [cluster.cpp:75->cluster.cpp:23]   --->   Operation 225 'readreq' 'empty_17' <Predicate = true> <Delay = 4.66> <CoreInst = "m_axi">   --->   Core 119 'm_axi' <Latency = 6> <II = 1> <Delay = 1.00> <Adapter> <Opcode : 'read' 'write' 'readreq' 'writereq' 'writeresp'>
ST_26 : Operation 226 [54/71] (4.66ns)   --->   "%empty_22 = readreq i1 @_ssdm_op_ReadReq.m_axi.p1i32, i32 %gmem_addr_3, i64 3" [cluster.cpp:75->cluster.cpp:23]   --->   Operation 226 'readreq' 'empty_22' <Predicate = true> <Delay = 4.66> <CoreInst = "m_axi">   --->   Core 119 'm_axi' <Latency = 6> <II = 1> <Delay = 1.00> <Adapter> <Opcode : 'read' 'write' 'readreq' 'writereq' 'writeresp'>

State 27 <SV = 26> <Delay = 4.66>
ST_27 : Operation 227 [47/71] (4.66ns)   --->   "%empty_15 = readreq i1 @_ssdm_op_ReadReq.m_axi.p1i32, i32 %gmem_addr, i64 3" [cluster.cpp:75->cluster.cpp:23]   --->   Operation 227 'readreq' 'empty_15' <Predicate = true> <Delay = 4.66> <CoreInst = "m_axi">   --->   Core 119 'm_axi' <Latency = 6> <II = 1> <Delay = 1.00> <Adapter> <Opcode : 'read' 'write' 'readreq' 'writereq' 'writeresp'>
ST_27 : Operation 228 [50/71] (4.66ns)   --->   "%empty_17 = readreq i1 @_ssdm_op_ReadReq.m_axi.p1i32, i32 %gmem_addr_2, i64 3" [cluster.cpp:75->cluster.cpp:23]   --->   Operation 228 'readreq' 'empty_17' <Predicate = true> <Delay = 4.66> <CoreInst = "m_axi">   --->   Core 119 'm_axi' <Latency = 6> <II = 1> <Delay = 1.00> <Adapter> <Opcode : 'read' 'write' 'readreq' 'writereq' 'writeresp'>
ST_27 : Operation 229 [53/71] (4.66ns)   --->   "%empty_22 = readreq i1 @_ssdm_op_ReadReq.m_axi.p1i32, i32 %gmem_addr_3, i64 3" [cluster.cpp:75->cluster.cpp:23]   --->   Operation 229 'readreq' 'empty_22' <Predicate = true> <Delay = 4.66> <CoreInst = "m_axi">   --->   Core 119 'm_axi' <Latency = 6> <II = 1> <Delay = 1.00> <Adapter> <Opcode : 'read' 'write' 'readreq' 'writereq' 'writeresp'>

State 28 <SV = 27> <Delay = 4.66>
ST_28 : Operation 230 [46/71] (4.66ns)   --->   "%empty_15 = readreq i1 @_ssdm_op_ReadReq.m_axi.p1i32, i32 %gmem_addr, i64 3" [cluster.cpp:75->cluster.cpp:23]   --->   Operation 230 'readreq' 'empty_15' <Predicate = true> <Delay = 4.66> <CoreInst = "m_axi">   --->   Core 119 'm_axi' <Latency = 6> <II = 1> <Delay = 1.00> <Adapter> <Opcode : 'read' 'write' 'readreq' 'writereq' 'writeresp'>
ST_28 : Operation 231 [49/71] (4.66ns)   --->   "%empty_17 = readreq i1 @_ssdm_op_ReadReq.m_axi.p1i32, i32 %gmem_addr_2, i64 3" [cluster.cpp:75->cluster.cpp:23]   --->   Operation 231 'readreq' 'empty_17' <Predicate = true> <Delay = 4.66> <CoreInst = "m_axi">   --->   Core 119 'm_axi' <Latency = 6> <II = 1> <Delay = 1.00> <Adapter> <Opcode : 'read' 'write' 'readreq' 'writereq' 'writeresp'>
ST_28 : Operation 232 [52/71] (4.66ns)   --->   "%empty_22 = readreq i1 @_ssdm_op_ReadReq.m_axi.p1i32, i32 %gmem_addr_3, i64 3" [cluster.cpp:75->cluster.cpp:23]   --->   Operation 232 'readreq' 'empty_22' <Predicate = true> <Delay = 4.66> <CoreInst = "m_axi">   --->   Core 119 'm_axi' <Latency = 6> <II = 1> <Delay = 1.00> <Adapter> <Opcode : 'read' 'write' 'readreq' 'writereq' 'writeresp'>

State 29 <SV = 28> <Delay = 4.66>
ST_29 : Operation 233 [45/71] (4.66ns)   --->   "%empty_15 = readreq i1 @_ssdm_op_ReadReq.m_axi.p1i32, i32 %gmem_addr, i64 3" [cluster.cpp:75->cluster.cpp:23]   --->   Operation 233 'readreq' 'empty_15' <Predicate = true> <Delay = 4.66> <CoreInst = "m_axi">   --->   Core 119 'm_axi' <Latency = 6> <II = 1> <Delay = 1.00> <Adapter> <Opcode : 'read' 'write' 'readreq' 'writereq' 'writeresp'>
ST_29 : Operation 234 [48/71] (4.66ns)   --->   "%empty_17 = readreq i1 @_ssdm_op_ReadReq.m_axi.p1i32, i32 %gmem_addr_2, i64 3" [cluster.cpp:75->cluster.cpp:23]   --->   Operation 234 'readreq' 'empty_17' <Predicate = true> <Delay = 4.66> <CoreInst = "m_axi">   --->   Core 119 'm_axi' <Latency = 6> <II = 1> <Delay = 1.00> <Adapter> <Opcode : 'read' 'write' 'readreq' 'writereq' 'writeresp'>
ST_29 : Operation 235 [51/71] (4.66ns)   --->   "%empty_22 = readreq i1 @_ssdm_op_ReadReq.m_axi.p1i32, i32 %gmem_addr_3, i64 3" [cluster.cpp:75->cluster.cpp:23]   --->   Operation 235 'readreq' 'empty_22' <Predicate = true> <Delay = 4.66> <CoreInst = "m_axi">   --->   Core 119 'm_axi' <Latency = 6> <II = 1> <Delay = 1.00> <Adapter> <Opcode : 'read' 'write' 'readreq' 'writereq' 'writeresp'>

State 30 <SV = 29> <Delay = 4.66>
ST_30 : Operation 236 [44/71] (4.66ns)   --->   "%empty_15 = readreq i1 @_ssdm_op_ReadReq.m_axi.p1i32, i32 %gmem_addr, i64 3" [cluster.cpp:75->cluster.cpp:23]   --->   Operation 236 'readreq' 'empty_15' <Predicate = true> <Delay = 4.66> <CoreInst = "m_axi">   --->   Core 119 'm_axi' <Latency = 6> <II = 1> <Delay = 1.00> <Adapter> <Opcode : 'read' 'write' 'readreq' 'writereq' 'writeresp'>
ST_30 : Operation 237 [47/71] (4.66ns)   --->   "%empty_17 = readreq i1 @_ssdm_op_ReadReq.m_axi.p1i32, i32 %gmem_addr_2, i64 3" [cluster.cpp:75->cluster.cpp:23]   --->   Operation 237 'readreq' 'empty_17' <Predicate = true> <Delay = 4.66> <CoreInst = "m_axi">   --->   Core 119 'm_axi' <Latency = 6> <II = 1> <Delay = 1.00> <Adapter> <Opcode : 'read' 'write' 'readreq' 'writereq' 'writeresp'>
ST_30 : Operation 238 [50/71] (4.66ns)   --->   "%empty_22 = readreq i1 @_ssdm_op_ReadReq.m_axi.p1i32, i32 %gmem_addr_3, i64 3" [cluster.cpp:75->cluster.cpp:23]   --->   Operation 238 'readreq' 'empty_22' <Predicate = true> <Delay = 4.66> <CoreInst = "m_axi">   --->   Core 119 'm_axi' <Latency = 6> <II = 1> <Delay = 1.00> <Adapter> <Opcode : 'read' 'write' 'readreq' 'writereq' 'writeresp'>

State 31 <SV = 30> <Delay = 4.66>
ST_31 : Operation 239 [43/71] (4.66ns)   --->   "%empty_15 = readreq i1 @_ssdm_op_ReadReq.m_axi.p1i32, i32 %gmem_addr, i64 3" [cluster.cpp:75->cluster.cpp:23]   --->   Operation 239 'readreq' 'empty_15' <Predicate = true> <Delay = 4.66> <CoreInst = "m_axi">   --->   Core 119 'm_axi' <Latency = 6> <II = 1> <Delay = 1.00> <Adapter> <Opcode : 'read' 'write' 'readreq' 'writereq' 'writeresp'>
ST_31 : Operation 240 [46/71] (4.66ns)   --->   "%empty_17 = readreq i1 @_ssdm_op_ReadReq.m_axi.p1i32, i32 %gmem_addr_2, i64 3" [cluster.cpp:75->cluster.cpp:23]   --->   Operation 240 'readreq' 'empty_17' <Predicate = true> <Delay = 4.66> <CoreInst = "m_axi">   --->   Core 119 'm_axi' <Latency = 6> <II = 1> <Delay = 1.00> <Adapter> <Opcode : 'read' 'write' 'readreq' 'writereq' 'writeresp'>
ST_31 : Operation 241 [49/71] (4.66ns)   --->   "%empty_22 = readreq i1 @_ssdm_op_ReadReq.m_axi.p1i32, i32 %gmem_addr_3, i64 3" [cluster.cpp:75->cluster.cpp:23]   --->   Operation 241 'readreq' 'empty_22' <Predicate = true> <Delay = 4.66> <CoreInst = "m_axi">   --->   Core 119 'm_axi' <Latency = 6> <II = 1> <Delay = 1.00> <Adapter> <Opcode : 'read' 'write' 'readreq' 'writereq' 'writeresp'>

State 32 <SV = 31> <Delay = 4.66>
ST_32 : Operation 242 [42/71] (4.66ns)   --->   "%empty_15 = readreq i1 @_ssdm_op_ReadReq.m_axi.p1i32, i32 %gmem_addr, i64 3" [cluster.cpp:75->cluster.cpp:23]   --->   Operation 242 'readreq' 'empty_15' <Predicate = true> <Delay = 4.66> <CoreInst = "m_axi">   --->   Core 119 'm_axi' <Latency = 6> <II = 1> <Delay = 1.00> <Adapter> <Opcode : 'read' 'write' 'readreq' 'writereq' 'writeresp'>
ST_32 : Operation 243 [45/71] (4.66ns)   --->   "%empty_17 = readreq i1 @_ssdm_op_ReadReq.m_axi.p1i32, i32 %gmem_addr_2, i64 3" [cluster.cpp:75->cluster.cpp:23]   --->   Operation 243 'readreq' 'empty_17' <Predicate = true> <Delay = 4.66> <CoreInst = "m_axi">   --->   Core 119 'm_axi' <Latency = 6> <II = 1> <Delay = 1.00> <Adapter> <Opcode : 'read' 'write' 'readreq' 'writereq' 'writeresp'>
ST_32 : Operation 244 [48/71] (4.66ns)   --->   "%empty_22 = readreq i1 @_ssdm_op_ReadReq.m_axi.p1i32, i32 %gmem_addr_3, i64 3" [cluster.cpp:75->cluster.cpp:23]   --->   Operation 244 'readreq' 'empty_22' <Predicate = true> <Delay = 4.66> <CoreInst = "m_axi">   --->   Core 119 'm_axi' <Latency = 6> <II = 1> <Delay = 1.00> <Adapter> <Opcode : 'read' 'write' 'readreq' 'writereq' 'writeresp'>

State 33 <SV = 32> <Delay = 4.66>
ST_33 : Operation 245 [41/71] (4.66ns)   --->   "%empty_15 = readreq i1 @_ssdm_op_ReadReq.m_axi.p1i32, i32 %gmem_addr, i64 3" [cluster.cpp:75->cluster.cpp:23]   --->   Operation 245 'readreq' 'empty_15' <Predicate = true> <Delay = 4.66> <CoreInst = "m_axi">   --->   Core 119 'm_axi' <Latency = 6> <II = 1> <Delay = 1.00> <Adapter> <Opcode : 'read' 'write' 'readreq' 'writereq' 'writeresp'>
ST_33 : Operation 246 [44/71] (4.66ns)   --->   "%empty_17 = readreq i1 @_ssdm_op_ReadReq.m_axi.p1i32, i32 %gmem_addr_2, i64 3" [cluster.cpp:75->cluster.cpp:23]   --->   Operation 246 'readreq' 'empty_17' <Predicate = true> <Delay = 4.66> <CoreInst = "m_axi">   --->   Core 119 'm_axi' <Latency = 6> <II = 1> <Delay = 1.00> <Adapter> <Opcode : 'read' 'write' 'readreq' 'writereq' 'writeresp'>
ST_33 : Operation 247 [47/71] (4.66ns)   --->   "%empty_22 = readreq i1 @_ssdm_op_ReadReq.m_axi.p1i32, i32 %gmem_addr_3, i64 3" [cluster.cpp:75->cluster.cpp:23]   --->   Operation 247 'readreq' 'empty_22' <Predicate = true> <Delay = 4.66> <CoreInst = "m_axi">   --->   Core 119 'm_axi' <Latency = 6> <II = 1> <Delay = 1.00> <Adapter> <Opcode : 'read' 'write' 'readreq' 'writereq' 'writeresp'>

State 34 <SV = 33> <Delay = 4.66>
ST_34 : Operation 248 [40/71] (4.66ns)   --->   "%empty_15 = readreq i1 @_ssdm_op_ReadReq.m_axi.p1i32, i32 %gmem_addr, i64 3" [cluster.cpp:75->cluster.cpp:23]   --->   Operation 248 'readreq' 'empty_15' <Predicate = true> <Delay = 4.66> <CoreInst = "m_axi">   --->   Core 119 'm_axi' <Latency = 6> <II = 1> <Delay = 1.00> <Adapter> <Opcode : 'read' 'write' 'readreq' 'writereq' 'writeresp'>
ST_34 : Operation 249 [43/71] (4.66ns)   --->   "%empty_17 = readreq i1 @_ssdm_op_ReadReq.m_axi.p1i32, i32 %gmem_addr_2, i64 3" [cluster.cpp:75->cluster.cpp:23]   --->   Operation 249 'readreq' 'empty_17' <Predicate = true> <Delay = 4.66> <CoreInst = "m_axi">   --->   Core 119 'm_axi' <Latency = 6> <II = 1> <Delay = 1.00> <Adapter> <Opcode : 'read' 'write' 'readreq' 'writereq' 'writeresp'>
ST_34 : Operation 250 [46/71] (4.66ns)   --->   "%empty_22 = readreq i1 @_ssdm_op_ReadReq.m_axi.p1i32, i32 %gmem_addr_3, i64 3" [cluster.cpp:75->cluster.cpp:23]   --->   Operation 250 'readreq' 'empty_22' <Predicate = true> <Delay = 4.66> <CoreInst = "m_axi">   --->   Core 119 'm_axi' <Latency = 6> <II = 1> <Delay = 1.00> <Adapter> <Opcode : 'read' 'write' 'readreq' 'writereq' 'writeresp'>

State 35 <SV = 34> <Delay = 4.66>
ST_35 : Operation 251 [39/71] (4.66ns)   --->   "%empty_15 = readreq i1 @_ssdm_op_ReadReq.m_axi.p1i32, i32 %gmem_addr, i64 3" [cluster.cpp:75->cluster.cpp:23]   --->   Operation 251 'readreq' 'empty_15' <Predicate = true> <Delay = 4.66> <CoreInst = "m_axi">   --->   Core 119 'm_axi' <Latency = 6> <II = 1> <Delay = 1.00> <Adapter> <Opcode : 'read' 'write' 'readreq' 'writereq' 'writeresp'>
ST_35 : Operation 252 [42/71] (4.66ns)   --->   "%empty_17 = readreq i1 @_ssdm_op_ReadReq.m_axi.p1i32, i32 %gmem_addr_2, i64 3" [cluster.cpp:75->cluster.cpp:23]   --->   Operation 252 'readreq' 'empty_17' <Predicate = true> <Delay = 4.66> <CoreInst = "m_axi">   --->   Core 119 'm_axi' <Latency = 6> <II = 1> <Delay = 1.00> <Adapter> <Opcode : 'read' 'write' 'readreq' 'writereq' 'writeresp'>
ST_35 : Operation 253 [45/71] (4.66ns)   --->   "%empty_22 = readreq i1 @_ssdm_op_ReadReq.m_axi.p1i32, i32 %gmem_addr_3, i64 3" [cluster.cpp:75->cluster.cpp:23]   --->   Operation 253 'readreq' 'empty_22' <Predicate = true> <Delay = 4.66> <CoreInst = "m_axi">   --->   Core 119 'm_axi' <Latency = 6> <II = 1> <Delay = 1.00> <Adapter> <Opcode : 'read' 'write' 'readreq' 'writereq' 'writeresp'>

State 36 <SV = 35> <Delay = 4.66>
ST_36 : Operation 254 [38/71] (4.66ns)   --->   "%empty_15 = readreq i1 @_ssdm_op_ReadReq.m_axi.p1i32, i32 %gmem_addr, i64 3" [cluster.cpp:75->cluster.cpp:23]   --->   Operation 254 'readreq' 'empty_15' <Predicate = true> <Delay = 4.66> <CoreInst = "m_axi">   --->   Core 119 'm_axi' <Latency = 6> <II = 1> <Delay = 1.00> <Adapter> <Opcode : 'read' 'write' 'readreq' 'writereq' 'writeresp'>
ST_36 : Operation 255 [41/71] (4.66ns)   --->   "%empty_17 = readreq i1 @_ssdm_op_ReadReq.m_axi.p1i32, i32 %gmem_addr_2, i64 3" [cluster.cpp:75->cluster.cpp:23]   --->   Operation 255 'readreq' 'empty_17' <Predicate = true> <Delay = 4.66> <CoreInst = "m_axi">   --->   Core 119 'm_axi' <Latency = 6> <II = 1> <Delay = 1.00> <Adapter> <Opcode : 'read' 'write' 'readreq' 'writereq' 'writeresp'>
ST_36 : Operation 256 [44/71] (4.66ns)   --->   "%empty_22 = readreq i1 @_ssdm_op_ReadReq.m_axi.p1i32, i32 %gmem_addr_3, i64 3" [cluster.cpp:75->cluster.cpp:23]   --->   Operation 256 'readreq' 'empty_22' <Predicate = true> <Delay = 4.66> <CoreInst = "m_axi">   --->   Core 119 'm_axi' <Latency = 6> <II = 1> <Delay = 1.00> <Adapter> <Opcode : 'read' 'write' 'readreq' 'writereq' 'writeresp'>

State 37 <SV = 36> <Delay = 4.66>
ST_37 : Operation 257 [37/71] (4.66ns)   --->   "%empty_15 = readreq i1 @_ssdm_op_ReadReq.m_axi.p1i32, i32 %gmem_addr, i64 3" [cluster.cpp:75->cluster.cpp:23]   --->   Operation 257 'readreq' 'empty_15' <Predicate = true> <Delay = 4.66> <CoreInst = "m_axi">   --->   Core 119 'm_axi' <Latency = 6> <II = 1> <Delay = 1.00> <Adapter> <Opcode : 'read' 'write' 'readreq' 'writereq' 'writeresp'>
ST_37 : Operation 258 [40/71] (4.66ns)   --->   "%empty_17 = readreq i1 @_ssdm_op_ReadReq.m_axi.p1i32, i32 %gmem_addr_2, i64 3" [cluster.cpp:75->cluster.cpp:23]   --->   Operation 258 'readreq' 'empty_17' <Predicate = true> <Delay = 4.66> <CoreInst = "m_axi">   --->   Core 119 'm_axi' <Latency = 6> <II = 1> <Delay = 1.00> <Adapter> <Opcode : 'read' 'write' 'readreq' 'writereq' 'writeresp'>
ST_37 : Operation 259 [43/71] (4.66ns)   --->   "%empty_22 = readreq i1 @_ssdm_op_ReadReq.m_axi.p1i32, i32 %gmem_addr_3, i64 3" [cluster.cpp:75->cluster.cpp:23]   --->   Operation 259 'readreq' 'empty_22' <Predicate = true> <Delay = 4.66> <CoreInst = "m_axi">   --->   Core 119 'm_axi' <Latency = 6> <II = 1> <Delay = 1.00> <Adapter> <Opcode : 'read' 'write' 'readreq' 'writereq' 'writeresp'>

State 38 <SV = 37> <Delay = 4.66>
ST_38 : Operation 260 [36/71] (4.66ns)   --->   "%empty_15 = readreq i1 @_ssdm_op_ReadReq.m_axi.p1i32, i32 %gmem_addr, i64 3" [cluster.cpp:75->cluster.cpp:23]   --->   Operation 260 'readreq' 'empty_15' <Predicate = true> <Delay = 4.66> <CoreInst = "m_axi">   --->   Core 119 'm_axi' <Latency = 6> <II = 1> <Delay = 1.00> <Adapter> <Opcode : 'read' 'write' 'readreq' 'writereq' 'writeresp'>
ST_38 : Operation 261 [39/71] (4.66ns)   --->   "%empty_17 = readreq i1 @_ssdm_op_ReadReq.m_axi.p1i32, i32 %gmem_addr_2, i64 3" [cluster.cpp:75->cluster.cpp:23]   --->   Operation 261 'readreq' 'empty_17' <Predicate = true> <Delay = 4.66> <CoreInst = "m_axi">   --->   Core 119 'm_axi' <Latency = 6> <II = 1> <Delay = 1.00> <Adapter> <Opcode : 'read' 'write' 'readreq' 'writereq' 'writeresp'>
ST_38 : Operation 262 [42/71] (4.66ns)   --->   "%empty_22 = readreq i1 @_ssdm_op_ReadReq.m_axi.p1i32, i32 %gmem_addr_3, i64 3" [cluster.cpp:75->cluster.cpp:23]   --->   Operation 262 'readreq' 'empty_22' <Predicate = true> <Delay = 4.66> <CoreInst = "m_axi">   --->   Core 119 'm_axi' <Latency = 6> <II = 1> <Delay = 1.00> <Adapter> <Opcode : 'read' 'write' 'readreq' 'writereq' 'writeresp'>

State 39 <SV = 38> <Delay = 4.66>
ST_39 : Operation 263 [35/71] (4.66ns)   --->   "%empty_15 = readreq i1 @_ssdm_op_ReadReq.m_axi.p1i32, i32 %gmem_addr, i64 3" [cluster.cpp:75->cluster.cpp:23]   --->   Operation 263 'readreq' 'empty_15' <Predicate = true> <Delay = 4.66> <CoreInst = "m_axi">   --->   Core 119 'm_axi' <Latency = 6> <II = 1> <Delay = 1.00> <Adapter> <Opcode : 'read' 'write' 'readreq' 'writereq' 'writeresp'>
ST_39 : Operation 264 [38/71] (4.66ns)   --->   "%empty_17 = readreq i1 @_ssdm_op_ReadReq.m_axi.p1i32, i32 %gmem_addr_2, i64 3" [cluster.cpp:75->cluster.cpp:23]   --->   Operation 264 'readreq' 'empty_17' <Predicate = true> <Delay = 4.66> <CoreInst = "m_axi">   --->   Core 119 'm_axi' <Latency = 6> <II = 1> <Delay = 1.00> <Adapter> <Opcode : 'read' 'write' 'readreq' 'writereq' 'writeresp'>
ST_39 : Operation 265 [41/71] (4.66ns)   --->   "%empty_22 = readreq i1 @_ssdm_op_ReadReq.m_axi.p1i32, i32 %gmem_addr_3, i64 3" [cluster.cpp:75->cluster.cpp:23]   --->   Operation 265 'readreq' 'empty_22' <Predicate = true> <Delay = 4.66> <CoreInst = "m_axi">   --->   Core 119 'm_axi' <Latency = 6> <II = 1> <Delay = 1.00> <Adapter> <Opcode : 'read' 'write' 'readreq' 'writereq' 'writeresp'>

State 40 <SV = 39> <Delay = 4.66>
ST_40 : Operation 266 [34/71] (4.66ns)   --->   "%empty_15 = readreq i1 @_ssdm_op_ReadReq.m_axi.p1i32, i32 %gmem_addr, i64 3" [cluster.cpp:75->cluster.cpp:23]   --->   Operation 266 'readreq' 'empty_15' <Predicate = true> <Delay = 4.66> <CoreInst = "m_axi">   --->   Core 119 'm_axi' <Latency = 6> <II = 1> <Delay = 1.00> <Adapter> <Opcode : 'read' 'write' 'readreq' 'writereq' 'writeresp'>
ST_40 : Operation 267 [37/71] (4.66ns)   --->   "%empty_17 = readreq i1 @_ssdm_op_ReadReq.m_axi.p1i32, i32 %gmem_addr_2, i64 3" [cluster.cpp:75->cluster.cpp:23]   --->   Operation 267 'readreq' 'empty_17' <Predicate = true> <Delay = 4.66> <CoreInst = "m_axi">   --->   Core 119 'm_axi' <Latency = 6> <II = 1> <Delay = 1.00> <Adapter> <Opcode : 'read' 'write' 'readreq' 'writereq' 'writeresp'>
ST_40 : Operation 268 [40/71] (4.66ns)   --->   "%empty_22 = readreq i1 @_ssdm_op_ReadReq.m_axi.p1i32, i32 %gmem_addr_3, i64 3" [cluster.cpp:75->cluster.cpp:23]   --->   Operation 268 'readreq' 'empty_22' <Predicate = true> <Delay = 4.66> <CoreInst = "m_axi">   --->   Core 119 'm_axi' <Latency = 6> <II = 1> <Delay = 1.00> <Adapter> <Opcode : 'read' 'write' 'readreq' 'writereq' 'writeresp'>

State 41 <SV = 40> <Delay = 4.66>
ST_41 : Operation 269 [33/71] (4.66ns)   --->   "%empty_15 = readreq i1 @_ssdm_op_ReadReq.m_axi.p1i32, i32 %gmem_addr, i64 3" [cluster.cpp:75->cluster.cpp:23]   --->   Operation 269 'readreq' 'empty_15' <Predicate = true> <Delay = 4.66> <CoreInst = "m_axi">   --->   Core 119 'm_axi' <Latency = 6> <II = 1> <Delay = 1.00> <Adapter> <Opcode : 'read' 'write' 'readreq' 'writereq' 'writeresp'>
ST_41 : Operation 270 [36/71] (4.66ns)   --->   "%empty_17 = readreq i1 @_ssdm_op_ReadReq.m_axi.p1i32, i32 %gmem_addr_2, i64 3" [cluster.cpp:75->cluster.cpp:23]   --->   Operation 270 'readreq' 'empty_17' <Predicate = true> <Delay = 4.66> <CoreInst = "m_axi">   --->   Core 119 'm_axi' <Latency = 6> <II = 1> <Delay = 1.00> <Adapter> <Opcode : 'read' 'write' 'readreq' 'writereq' 'writeresp'>
ST_41 : Operation 271 [39/71] (4.66ns)   --->   "%empty_22 = readreq i1 @_ssdm_op_ReadReq.m_axi.p1i32, i32 %gmem_addr_3, i64 3" [cluster.cpp:75->cluster.cpp:23]   --->   Operation 271 'readreq' 'empty_22' <Predicate = true> <Delay = 4.66> <CoreInst = "m_axi">   --->   Core 119 'm_axi' <Latency = 6> <II = 1> <Delay = 1.00> <Adapter> <Opcode : 'read' 'write' 'readreq' 'writereq' 'writeresp'>

State 42 <SV = 41> <Delay = 4.66>
ST_42 : Operation 272 [32/71] (4.66ns)   --->   "%empty_15 = readreq i1 @_ssdm_op_ReadReq.m_axi.p1i32, i32 %gmem_addr, i64 3" [cluster.cpp:75->cluster.cpp:23]   --->   Operation 272 'readreq' 'empty_15' <Predicate = true> <Delay = 4.66> <CoreInst = "m_axi">   --->   Core 119 'm_axi' <Latency = 6> <II = 1> <Delay = 1.00> <Adapter> <Opcode : 'read' 'write' 'readreq' 'writereq' 'writeresp'>
ST_42 : Operation 273 [35/71] (4.66ns)   --->   "%empty_17 = readreq i1 @_ssdm_op_ReadReq.m_axi.p1i32, i32 %gmem_addr_2, i64 3" [cluster.cpp:75->cluster.cpp:23]   --->   Operation 273 'readreq' 'empty_17' <Predicate = true> <Delay = 4.66> <CoreInst = "m_axi">   --->   Core 119 'm_axi' <Latency = 6> <II = 1> <Delay = 1.00> <Adapter> <Opcode : 'read' 'write' 'readreq' 'writereq' 'writeresp'>
ST_42 : Operation 274 [38/71] (4.66ns)   --->   "%empty_22 = readreq i1 @_ssdm_op_ReadReq.m_axi.p1i32, i32 %gmem_addr_3, i64 3" [cluster.cpp:75->cluster.cpp:23]   --->   Operation 274 'readreq' 'empty_22' <Predicate = true> <Delay = 4.66> <CoreInst = "m_axi">   --->   Core 119 'm_axi' <Latency = 6> <II = 1> <Delay = 1.00> <Adapter> <Opcode : 'read' 'write' 'readreq' 'writereq' 'writeresp'>

State 43 <SV = 42> <Delay = 4.66>
ST_43 : Operation 275 [31/71] (4.66ns)   --->   "%empty_15 = readreq i1 @_ssdm_op_ReadReq.m_axi.p1i32, i32 %gmem_addr, i64 3" [cluster.cpp:75->cluster.cpp:23]   --->   Operation 275 'readreq' 'empty_15' <Predicate = true> <Delay = 4.66> <CoreInst = "m_axi">   --->   Core 119 'm_axi' <Latency = 6> <II = 1> <Delay = 1.00> <Adapter> <Opcode : 'read' 'write' 'readreq' 'writereq' 'writeresp'>
ST_43 : Operation 276 [34/71] (4.66ns)   --->   "%empty_17 = readreq i1 @_ssdm_op_ReadReq.m_axi.p1i32, i32 %gmem_addr_2, i64 3" [cluster.cpp:75->cluster.cpp:23]   --->   Operation 276 'readreq' 'empty_17' <Predicate = true> <Delay = 4.66> <CoreInst = "m_axi">   --->   Core 119 'm_axi' <Latency = 6> <II = 1> <Delay = 1.00> <Adapter> <Opcode : 'read' 'write' 'readreq' 'writereq' 'writeresp'>
ST_43 : Operation 277 [37/71] (4.66ns)   --->   "%empty_22 = readreq i1 @_ssdm_op_ReadReq.m_axi.p1i32, i32 %gmem_addr_3, i64 3" [cluster.cpp:75->cluster.cpp:23]   --->   Operation 277 'readreq' 'empty_22' <Predicate = true> <Delay = 4.66> <CoreInst = "m_axi">   --->   Core 119 'm_axi' <Latency = 6> <II = 1> <Delay = 1.00> <Adapter> <Opcode : 'read' 'write' 'readreq' 'writereq' 'writeresp'>

State 44 <SV = 43> <Delay = 4.66>
ST_44 : Operation 278 [30/71] (4.66ns)   --->   "%empty_15 = readreq i1 @_ssdm_op_ReadReq.m_axi.p1i32, i32 %gmem_addr, i64 3" [cluster.cpp:75->cluster.cpp:23]   --->   Operation 278 'readreq' 'empty_15' <Predicate = true> <Delay = 4.66> <CoreInst = "m_axi">   --->   Core 119 'm_axi' <Latency = 6> <II = 1> <Delay = 1.00> <Adapter> <Opcode : 'read' 'write' 'readreq' 'writereq' 'writeresp'>
ST_44 : Operation 279 [33/71] (4.66ns)   --->   "%empty_17 = readreq i1 @_ssdm_op_ReadReq.m_axi.p1i32, i32 %gmem_addr_2, i64 3" [cluster.cpp:75->cluster.cpp:23]   --->   Operation 279 'readreq' 'empty_17' <Predicate = true> <Delay = 4.66> <CoreInst = "m_axi">   --->   Core 119 'm_axi' <Latency = 6> <II = 1> <Delay = 1.00> <Adapter> <Opcode : 'read' 'write' 'readreq' 'writereq' 'writeresp'>
ST_44 : Operation 280 [36/71] (4.66ns)   --->   "%empty_22 = readreq i1 @_ssdm_op_ReadReq.m_axi.p1i32, i32 %gmem_addr_3, i64 3" [cluster.cpp:75->cluster.cpp:23]   --->   Operation 280 'readreq' 'empty_22' <Predicate = true> <Delay = 4.66> <CoreInst = "m_axi">   --->   Core 119 'm_axi' <Latency = 6> <II = 1> <Delay = 1.00> <Adapter> <Opcode : 'read' 'write' 'readreq' 'writereq' 'writeresp'>

State 45 <SV = 44> <Delay = 4.66>
ST_45 : Operation 281 [29/71] (4.66ns)   --->   "%empty_15 = readreq i1 @_ssdm_op_ReadReq.m_axi.p1i32, i32 %gmem_addr, i64 3" [cluster.cpp:75->cluster.cpp:23]   --->   Operation 281 'readreq' 'empty_15' <Predicate = true> <Delay = 4.66> <CoreInst = "m_axi">   --->   Core 119 'm_axi' <Latency = 6> <II = 1> <Delay = 1.00> <Adapter> <Opcode : 'read' 'write' 'readreq' 'writereq' 'writeresp'>
ST_45 : Operation 282 [32/71] (4.66ns)   --->   "%empty_17 = readreq i1 @_ssdm_op_ReadReq.m_axi.p1i32, i32 %gmem_addr_2, i64 3" [cluster.cpp:75->cluster.cpp:23]   --->   Operation 282 'readreq' 'empty_17' <Predicate = true> <Delay = 4.66> <CoreInst = "m_axi">   --->   Core 119 'm_axi' <Latency = 6> <II = 1> <Delay = 1.00> <Adapter> <Opcode : 'read' 'write' 'readreq' 'writereq' 'writeresp'>
ST_45 : Operation 283 [35/71] (4.66ns)   --->   "%empty_22 = readreq i1 @_ssdm_op_ReadReq.m_axi.p1i32, i32 %gmem_addr_3, i64 3" [cluster.cpp:75->cluster.cpp:23]   --->   Operation 283 'readreq' 'empty_22' <Predicate = true> <Delay = 4.66> <CoreInst = "m_axi">   --->   Core 119 'm_axi' <Latency = 6> <II = 1> <Delay = 1.00> <Adapter> <Opcode : 'read' 'write' 'readreq' 'writereq' 'writeresp'>

State 46 <SV = 45> <Delay = 4.66>
ST_46 : Operation 284 [28/71] (4.66ns)   --->   "%empty_15 = readreq i1 @_ssdm_op_ReadReq.m_axi.p1i32, i32 %gmem_addr, i64 3" [cluster.cpp:75->cluster.cpp:23]   --->   Operation 284 'readreq' 'empty_15' <Predicate = true> <Delay = 4.66> <CoreInst = "m_axi">   --->   Core 119 'm_axi' <Latency = 6> <II = 1> <Delay = 1.00> <Adapter> <Opcode : 'read' 'write' 'readreq' 'writereq' 'writeresp'>
ST_46 : Operation 285 [31/71] (4.66ns)   --->   "%empty_17 = readreq i1 @_ssdm_op_ReadReq.m_axi.p1i32, i32 %gmem_addr_2, i64 3" [cluster.cpp:75->cluster.cpp:23]   --->   Operation 285 'readreq' 'empty_17' <Predicate = true> <Delay = 4.66> <CoreInst = "m_axi">   --->   Core 119 'm_axi' <Latency = 6> <II = 1> <Delay = 1.00> <Adapter> <Opcode : 'read' 'write' 'readreq' 'writereq' 'writeresp'>
ST_46 : Operation 286 [34/71] (4.66ns)   --->   "%empty_22 = readreq i1 @_ssdm_op_ReadReq.m_axi.p1i32, i32 %gmem_addr_3, i64 3" [cluster.cpp:75->cluster.cpp:23]   --->   Operation 286 'readreq' 'empty_22' <Predicate = true> <Delay = 4.66> <CoreInst = "m_axi">   --->   Core 119 'm_axi' <Latency = 6> <II = 1> <Delay = 1.00> <Adapter> <Opcode : 'read' 'write' 'readreq' 'writereq' 'writeresp'>

State 47 <SV = 46> <Delay = 4.66>
ST_47 : Operation 287 [27/71] (4.66ns)   --->   "%empty_15 = readreq i1 @_ssdm_op_ReadReq.m_axi.p1i32, i32 %gmem_addr, i64 3" [cluster.cpp:75->cluster.cpp:23]   --->   Operation 287 'readreq' 'empty_15' <Predicate = true> <Delay = 4.66> <CoreInst = "m_axi">   --->   Core 119 'm_axi' <Latency = 6> <II = 1> <Delay = 1.00> <Adapter> <Opcode : 'read' 'write' 'readreq' 'writereq' 'writeresp'>
ST_47 : Operation 288 [30/71] (4.66ns)   --->   "%empty_17 = readreq i1 @_ssdm_op_ReadReq.m_axi.p1i32, i32 %gmem_addr_2, i64 3" [cluster.cpp:75->cluster.cpp:23]   --->   Operation 288 'readreq' 'empty_17' <Predicate = true> <Delay = 4.66> <CoreInst = "m_axi">   --->   Core 119 'm_axi' <Latency = 6> <II = 1> <Delay = 1.00> <Adapter> <Opcode : 'read' 'write' 'readreq' 'writereq' 'writeresp'>
ST_47 : Operation 289 [33/71] (4.66ns)   --->   "%empty_22 = readreq i1 @_ssdm_op_ReadReq.m_axi.p1i32, i32 %gmem_addr_3, i64 3" [cluster.cpp:75->cluster.cpp:23]   --->   Operation 289 'readreq' 'empty_22' <Predicate = true> <Delay = 4.66> <CoreInst = "m_axi">   --->   Core 119 'm_axi' <Latency = 6> <II = 1> <Delay = 1.00> <Adapter> <Opcode : 'read' 'write' 'readreq' 'writereq' 'writeresp'>

State 48 <SV = 47> <Delay = 4.66>
ST_48 : Operation 290 [26/71] (4.66ns)   --->   "%empty_15 = readreq i1 @_ssdm_op_ReadReq.m_axi.p1i32, i32 %gmem_addr, i64 3" [cluster.cpp:75->cluster.cpp:23]   --->   Operation 290 'readreq' 'empty_15' <Predicate = true> <Delay = 4.66> <CoreInst = "m_axi">   --->   Core 119 'm_axi' <Latency = 6> <II = 1> <Delay = 1.00> <Adapter> <Opcode : 'read' 'write' 'readreq' 'writereq' 'writeresp'>
ST_48 : Operation 291 [29/71] (4.66ns)   --->   "%empty_17 = readreq i1 @_ssdm_op_ReadReq.m_axi.p1i32, i32 %gmem_addr_2, i64 3" [cluster.cpp:75->cluster.cpp:23]   --->   Operation 291 'readreq' 'empty_17' <Predicate = true> <Delay = 4.66> <CoreInst = "m_axi">   --->   Core 119 'm_axi' <Latency = 6> <II = 1> <Delay = 1.00> <Adapter> <Opcode : 'read' 'write' 'readreq' 'writereq' 'writeresp'>
ST_48 : Operation 292 [32/71] (4.66ns)   --->   "%empty_22 = readreq i1 @_ssdm_op_ReadReq.m_axi.p1i32, i32 %gmem_addr_3, i64 3" [cluster.cpp:75->cluster.cpp:23]   --->   Operation 292 'readreq' 'empty_22' <Predicate = true> <Delay = 4.66> <CoreInst = "m_axi">   --->   Core 119 'm_axi' <Latency = 6> <II = 1> <Delay = 1.00> <Adapter> <Opcode : 'read' 'write' 'readreq' 'writereq' 'writeresp'>

State 49 <SV = 48> <Delay = 4.66>
ST_49 : Operation 293 [25/71] (4.66ns)   --->   "%empty_15 = readreq i1 @_ssdm_op_ReadReq.m_axi.p1i32, i32 %gmem_addr, i64 3" [cluster.cpp:75->cluster.cpp:23]   --->   Operation 293 'readreq' 'empty_15' <Predicate = true> <Delay = 4.66> <CoreInst = "m_axi">   --->   Core 119 'm_axi' <Latency = 6> <II = 1> <Delay = 1.00> <Adapter> <Opcode : 'read' 'write' 'readreq' 'writereq' 'writeresp'>
ST_49 : Operation 294 [28/71] (4.66ns)   --->   "%empty_17 = readreq i1 @_ssdm_op_ReadReq.m_axi.p1i32, i32 %gmem_addr_2, i64 3" [cluster.cpp:75->cluster.cpp:23]   --->   Operation 294 'readreq' 'empty_17' <Predicate = true> <Delay = 4.66> <CoreInst = "m_axi">   --->   Core 119 'm_axi' <Latency = 6> <II = 1> <Delay = 1.00> <Adapter> <Opcode : 'read' 'write' 'readreq' 'writereq' 'writeresp'>
ST_49 : Operation 295 [31/71] (4.66ns)   --->   "%empty_22 = readreq i1 @_ssdm_op_ReadReq.m_axi.p1i32, i32 %gmem_addr_3, i64 3" [cluster.cpp:75->cluster.cpp:23]   --->   Operation 295 'readreq' 'empty_22' <Predicate = true> <Delay = 4.66> <CoreInst = "m_axi">   --->   Core 119 'm_axi' <Latency = 6> <II = 1> <Delay = 1.00> <Adapter> <Opcode : 'read' 'write' 'readreq' 'writereq' 'writeresp'>

State 50 <SV = 49> <Delay = 4.66>
ST_50 : Operation 296 [24/71] (4.66ns)   --->   "%empty_15 = readreq i1 @_ssdm_op_ReadReq.m_axi.p1i32, i32 %gmem_addr, i64 3" [cluster.cpp:75->cluster.cpp:23]   --->   Operation 296 'readreq' 'empty_15' <Predicate = true> <Delay = 4.66> <CoreInst = "m_axi">   --->   Core 119 'm_axi' <Latency = 6> <II = 1> <Delay = 1.00> <Adapter> <Opcode : 'read' 'write' 'readreq' 'writereq' 'writeresp'>
ST_50 : Operation 297 [27/71] (4.66ns)   --->   "%empty_17 = readreq i1 @_ssdm_op_ReadReq.m_axi.p1i32, i32 %gmem_addr_2, i64 3" [cluster.cpp:75->cluster.cpp:23]   --->   Operation 297 'readreq' 'empty_17' <Predicate = true> <Delay = 4.66> <CoreInst = "m_axi">   --->   Core 119 'm_axi' <Latency = 6> <II = 1> <Delay = 1.00> <Adapter> <Opcode : 'read' 'write' 'readreq' 'writereq' 'writeresp'>
ST_50 : Operation 298 [30/71] (4.66ns)   --->   "%empty_22 = readreq i1 @_ssdm_op_ReadReq.m_axi.p1i32, i32 %gmem_addr_3, i64 3" [cluster.cpp:75->cluster.cpp:23]   --->   Operation 298 'readreq' 'empty_22' <Predicate = true> <Delay = 4.66> <CoreInst = "m_axi">   --->   Core 119 'm_axi' <Latency = 6> <II = 1> <Delay = 1.00> <Adapter> <Opcode : 'read' 'write' 'readreq' 'writereq' 'writeresp'>

State 51 <SV = 50> <Delay = 4.66>
ST_51 : Operation 299 [23/71] (4.66ns)   --->   "%empty_15 = readreq i1 @_ssdm_op_ReadReq.m_axi.p1i32, i32 %gmem_addr, i64 3" [cluster.cpp:75->cluster.cpp:23]   --->   Operation 299 'readreq' 'empty_15' <Predicate = true> <Delay = 4.66> <CoreInst = "m_axi">   --->   Core 119 'm_axi' <Latency = 6> <II = 1> <Delay = 1.00> <Adapter> <Opcode : 'read' 'write' 'readreq' 'writereq' 'writeresp'>
ST_51 : Operation 300 [26/71] (4.66ns)   --->   "%empty_17 = readreq i1 @_ssdm_op_ReadReq.m_axi.p1i32, i32 %gmem_addr_2, i64 3" [cluster.cpp:75->cluster.cpp:23]   --->   Operation 300 'readreq' 'empty_17' <Predicate = true> <Delay = 4.66> <CoreInst = "m_axi">   --->   Core 119 'm_axi' <Latency = 6> <II = 1> <Delay = 1.00> <Adapter> <Opcode : 'read' 'write' 'readreq' 'writereq' 'writeresp'>
ST_51 : Operation 301 [29/71] (4.66ns)   --->   "%empty_22 = readreq i1 @_ssdm_op_ReadReq.m_axi.p1i32, i32 %gmem_addr_3, i64 3" [cluster.cpp:75->cluster.cpp:23]   --->   Operation 301 'readreq' 'empty_22' <Predicate = true> <Delay = 4.66> <CoreInst = "m_axi">   --->   Core 119 'm_axi' <Latency = 6> <II = 1> <Delay = 1.00> <Adapter> <Opcode : 'read' 'write' 'readreq' 'writereq' 'writeresp'>

State 52 <SV = 51> <Delay = 4.66>
ST_52 : Operation 302 [22/71] (4.66ns)   --->   "%empty_15 = readreq i1 @_ssdm_op_ReadReq.m_axi.p1i32, i32 %gmem_addr, i64 3" [cluster.cpp:75->cluster.cpp:23]   --->   Operation 302 'readreq' 'empty_15' <Predicate = true> <Delay = 4.66> <CoreInst = "m_axi">   --->   Core 119 'm_axi' <Latency = 6> <II = 1> <Delay = 1.00> <Adapter> <Opcode : 'read' 'write' 'readreq' 'writereq' 'writeresp'>
ST_52 : Operation 303 [25/71] (4.66ns)   --->   "%empty_17 = readreq i1 @_ssdm_op_ReadReq.m_axi.p1i32, i32 %gmem_addr_2, i64 3" [cluster.cpp:75->cluster.cpp:23]   --->   Operation 303 'readreq' 'empty_17' <Predicate = true> <Delay = 4.66> <CoreInst = "m_axi">   --->   Core 119 'm_axi' <Latency = 6> <II = 1> <Delay = 1.00> <Adapter> <Opcode : 'read' 'write' 'readreq' 'writereq' 'writeresp'>
ST_52 : Operation 304 [28/71] (4.66ns)   --->   "%empty_22 = readreq i1 @_ssdm_op_ReadReq.m_axi.p1i32, i32 %gmem_addr_3, i64 3" [cluster.cpp:75->cluster.cpp:23]   --->   Operation 304 'readreq' 'empty_22' <Predicate = true> <Delay = 4.66> <CoreInst = "m_axi">   --->   Core 119 'm_axi' <Latency = 6> <II = 1> <Delay = 1.00> <Adapter> <Opcode : 'read' 'write' 'readreq' 'writereq' 'writeresp'>

State 53 <SV = 52> <Delay = 4.66>
ST_53 : Operation 305 [21/71] (4.66ns)   --->   "%empty_15 = readreq i1 @_ssdm_op_ReadReq.m_axi.p1i32, i32 %gmem_addr, i64 3" [cluster.cpp:75->cluster.cpp:23]   --->   Operation 305 'readreq' 'empty_15' <Predicate = true> <Delay = 4.66> <CoreInst = "m_axi">   --->   Core 119 'm_axi' <Latency = 6> <II = 1> <Delay = 1.00> <Adapter> <Opcode : 'read' 'write' 'readreq' 'writereq' 'writeresp'>
ST_53 : Operation 306 [24/71] (4.66ns)   --->   "%empty_17 = readreq i1 @_ssdm_op_ReadReq.m_axi.p1i32, i32 %gmem_addr_2, i64 3" [cluster.cpp:75->cluster.cpp:23]   --->   Operation 306 'readreq' 'empty_17' <Predicate = true> <Delay = 4.66> <CoreInst = "m_axi">   --->   Core 119 'm_axi' <Latency = 6> <II = 1> <Delay = 1.00> <Adapter> <Opcode : 'read' 'write' 'readreq' 'writereq' 'writeresp'>
ST_53 : Operation 307 [27/71] (4.66ns)   --->   "%empty_22 = readreq i1 @_ssdm_op_ReadReq.m_axi.p1i32, i32 %gmem_addr_3, i64 3" [cluster.cpp:75->cluster.cpp:23]   --->   Operation 307 'readreq' 'empty_22' <Predicate = true> <Delay = 4.66> <CoreInst = "m_axi">   --->   Core 119 'm_axi' <Latency = 6> <II = 1> <Delay = 1.00> <Adapter> <Opcode : 'read' 'write' 'readreq' 'writereq' 'writeresp'>

State 54 <SV = 53> <Delay = 4.66>
ST_54 : Operation 308 [20/71] (4.66ns)   --->   "%empty_15 = readreq i1 @_ssdm_op_ReadReq.m_axi.p1i32, i32 %gmem_addr, i64 3" [cluster.cpp:75->cluster.cpp:23]   --->   Operation 308 'readreq' 'empty_15' <Predicate = true> <Delay = 4.66> <CoreInst = "m_axi">   --->   Core 119 'm_axi' <Latency = 6> <II = 1> <Delay = 1.00> <Adapter> <Opcode : 'read' 'write' 'readreq' 'writereq' 'writeresp'>
ST_54 : Operation 309 [23/71] (4.66ns)   --->   "%empty_17 = readreq i1 @_ssdm_op_ReadReq.m_axi.p1i32, i32 %gmem_addr_2, i64 3" [cluster.cpp:75->cluster.cpp:23]   --->   Operation 309 'readreq' 'empty_17' <Predicate = true> <Delay = 4.66> <CoreInst = "m_axi">   --->   Core 119 'm_axi' <Latency = 6> <II = 1> <Delay = 1.00> <Adapter> <Opcode : 'read' 'write' 'readreq' 'writereq' 'writeresp'>
ST_54 : Operation 310 [26/71] (4.66ns)   --->   "%empty_22 = readreq i1 @_ssdm_op_ReadReq.m_axi.p1i32, i32 %gmem_addr_3, i64 3" [cluster.cpp:75->cluster.cpp:23]   --->   Operation 310 'readreq' 'empty_22' <Predicate = true> <Delay = 4.66> <CoreInst = "m_axi">   --->   Core 119 'm_axi' <Latency = 6> <II = 1> <Delay = 1.00> <Adapter> <Opcode : 'read' 'write' 'readreq' 'writereq' 'writeresp'>

State 55 <SV = 54> <Delay = 4.66>
ST_55 : Operation 311 [19/71] (4.66ns)   --->   "%empty_15 = readreq i1 @_ssdm_op_ReadReq.m_axi.p1i32, i32 %gmem_addr, i64 3" [cluster.cpp:75->cluster.cpp:23]   --->   Operation 311 'readreq' 'empty_15' <Predicate = true> <Delay = 4.66> <CoreInst = "m_axi">   --->   Core 119 'm_axi' <Latency = 6> <II = 1> <Delay = 1.00> <Adapter> <Opcode : 'read' 'write' 'readreq' 'writereq' 'writeresp'>
ST_55 : Operation 312 [22/71] (4.66ns)   --->   "%empty_17 = readreq i1 @_ssdm_op_ReadReq.m_axi.p1i32, i32 %gmem_addr_2, i64 3" [cluster.cpp:75->cluster.cpp:23]   --->   Operation 312 'readreq' 'empty_17' <Predicate = true> <Delay = 4.66> <CoreInst = "m_axi">   --->   Core 119 'm_axi' <Latency = 6> <II = 1> <Delay = 1.00> <Adapter> <Opcode : 'read' 'write' 'readreq' 'writereq' 'writeresp'>
ST_55 : Operation 313 [25/71] (4.66ns)   --->   "%empty_22 = readreq i1 @_ssdm_op_ReadReq.m_axi.p1i32, i32 %gmem_addr_3, i64 3" [cluster.cpp:75->cluster.cpp:23]   --->   Operation 313 'readreq' 'empty_22' <Predicate = true> <Delay = 4.66> <CoreInst = "m_axi">   --->   Core 119 'm_axi' <Latency = 6> <II = 1> <Delay = 1.00> <Adapter> <Opcode : 'read' 'write' 'readreq' 'writereq' 'writeresp'>

State 56 <SV = 55> <Delay = 4.66>
ST_56 : Operation 314 [18/71] (4.66ns)   --->   "%empty_15 = readreq i1 @_ssdm_op_ReadReq.m_axi.p1i32, i32 %gmem_addr, i64 3" [cluster.cpp:75->cluster.cpp:23]   --->   Operation 314 'readreq' 'empty_15' <Predicate = true> <Delay = 4.66> <CoreInst = "m_axi">   --->   Core 119 'm_axi' <Latency = 6> <II = 1> <Delay = 1.00> <Adapter> <Opcode : 'read' 'write' 'readreq' 'writereq' 'writeresp'>
ST_56 : Operation 315 [21/71] (4.66ns)   --->   "%empty_17 = readreq i1 @_ssdm_op_ReadReq.m_axi.p1i32, i32 %gmem_addr_2, i64 3" [cluster.cpp:75->cluster.cpp:23]   --->   Operation 315 'readreq' 'empty_17' <Predicate = true> <Delay = 4.66> <CoreInst = "m_axi">   --->   Core 119 'm_axi' <Latency = 6> <II = 1> <Delay = 1.00> <Adapter> <Opcode : 'read' 'write' 'readreq' 'writereq' 'writeresp'>
ST_56 : Operation 316 [24/71] (4.66ns)   --->   "%empty_22 = readreq i1 @_ssdm_op_ReadReq.m_axi.p1i32, i32 %gmem_addr_3, i64 3" [cluster.cpp:75->cluster.cpp:23]   --->   Operation 316 'readreq' 'empty_22' <Predicate = true> <Delay = 4.66> <CoreInst = "m_axi">   --->   Core 119 'm_axi' <Latency = 6> <II = 1> <Delay = 1.00> <Adapter> <Opcode : 'read' 'write' 'readreq' 'writereq' 'writeresp'>

State 57 <SV = 56> <Delay = 4.66>
ST_57 : Operation 317 [17/71] (4.66ns)   --->   "%empty_15 = readreq i1 @_ssdm_op_ReadReq.m_axi.p1i32, i32 %gmem_addr, i64 3" [cluster.cpp:75->cluster.cpp:23]   --->   Operation 317 'readreq' 'empty_15' <Predicate = true> <Delay = 4.66> <CoreInst = "m_axi">   --->   Core 119 'm_axi' <Latency = 6> <II = 1> <Delay = 1.00> <Adapter> <Opcode : 'read' 'write' 'readreq' 'writereq' 'writeresp'>
ST_57 : Operation 318 [20/71] (4.66ns)   --->   "%empty_17 = readreq i1 @_ssdm_op_ReadReq.m_axi.p1i32, i32 %gmem_addr_2, i64 3" [cluster.cpp:75->cluster.cpp:23]   --->   Operation 318 'readreq' 'empty_17' <Predicate = true> <Delay = 4.66> <CoreInst = "m_axi">   --->   Core 119 'm_axi' <Latency = 6> <II = 1> <Delay = 1.00> <Adapter> <Opcode : 'read' 'write' 'readreq' 'writereq' 'writeresp'>
ST_57 : Operation 319 [23/71] (4.66ns)   --->   "%empty_22 = readreq i1 @_ssdm_op_ReadReq.m_axi.p1i32, i32 %gmem_addr_3, i64 3" [cluster.cpp:75->cluster.cpp:23]   --->   Operation 319 'readreq' 'empty_22' <Predicate = true> <Delay = 4.66> <CoreInst = "m_axi">   --->   Core 119 'm_axi' <Latency = 6> <II = 1> <Delay = 1.00> <Adapter> <Opcode : 'read' 'write' 'readreq' 'writereq' 'writeresp'>

State 58 <SV = 57> <Delay = 4.66>
ST_58 : Operation 320 [16/71] (4.66ns)   --->   "%empty_15 = readreq i1 @_ssdm_op_ReadReq.m_axi.p1i32, i32 %gmem_addr, i64 3" [cluster.cpp:75->cluster.cpp:23]   --->   Operation 320 'readreq' 'empty_15' <Predicate = true> <Delay = 4.66> <CoreInst = "m_axi">   --->   Core 119 'm_axi' <Latency = 6> <II = 1> <Delay = 1.00> <Adapter> <Opcode : 'read' 'write' 'readreq' 'writereq' 'writeresp'>
ST_58 : Operation 321 [19/71] (4.66ns)   --->   "%empty_17 = readreq i1 @_ssdm_op_ReadReq.m_axi.p1i32, i32 %gmem_addr_2, i64 3" [cluster.cpp:75->cluster.cpp:23]   --->   Operation 321 'readreq' 'empty_17' <Predicate = true> <Delay = 4.66> <CoreInst = "m_axi">   --->   Core 119 'm_axi' <Latency = 6> <II = 1> <Delay = 1.00> <Adapter> <Opcode : 'read' 'write' 'readreq' 'writereq' 'writeresp'>
ST_58 : Operation 322 [22/71] (4.66ns)   --->   "%empty_22 = readreq i1 @_ssdm_op_ReadReq.m_axi.p1i32, i32 %gmem_addr_3, i64 3" [cluster.cpp:75->cluster.cpp:23]   --->   Operation 322 'readreq' 'empty_22' <Predicate = true> <Delay = 4.66> <CoreInst = "m_axi">   --->   Core 119 'm_axi' <Latency = 6> <II = 1> <Delay = 1.00> <Adapter> <Opcode : 'read' 'write' 'readreq' 'writereq' 'writeresp'>

State 59 <SV = 58> <Delay = 4.66>
ST_59 : Operation 323 [15/71] (4.66ns)   --->   "%empty_15 = readreq i1 @_ssdm_op_ReadReq.m_axi.p1i32, i32 %gmem_addr, i64 3" [cluster.cpp:75->cluster.cpp:23]   --->   Operation 323 'readreq' 'empty_15' <Predicate = true> <Delay = 4.66> <CoreInst = "m_axi">   --->   Core 119 'm_axi' <Latency = 6> <II = 1> <Delay = 1.00> <Adapter> <Opcode : 'read' 'write' 'readreq' 'writereq' 'writeresp'>
ST_59 : Operation 324 [18/71] (4.66ns)   --->   "%empty_17 = readreq i1 @_ssdm_op_ReadReq.m_axi.p1i32, i32 %gmem_addr_2, i64 3" [cluster.cpp:75->cluster.cpp:23]   --->   Operation 324 'readreq' 'empty_17' <Predicate = true> <Delay = 4.66> <CoreInst = "m_axi">   --->   Core 119 'm_axi' <Latency = 6> <II = 1> <Delay = 1.00> <Adapter> <Opcode : 'read' 'write' 'readreq' 'writereq' 'writeresp'>
ST_59 : Operation 325 [21/71] (4.66ns)   --->   "%empty_22 = readreq i1 @_ssdm_op_ReadReq.m_axi.p1i32, i32 %gmem_addr_3, i64 3" [cluster.cpp:75->cluster.cpp:23]   --->   Operation 325 'readreq' 'empty_22' <Predicate = true> <Delay = 4.66> <CoreInst = "m_axi">   --->   Core 119 'm_axi' <Latency = 6> <II = 1> <Delay = 1.00> <Adapter> <Opcode : 'read' 'write' 'readreq' 'writereq' 'writeresp'>

State 60 <SV = 59> <Delay = 4.66>
ST_60 : Operation 326 [14/71] (4.66ns)   --->   "%empty_15 = readreq i1 @_ssdm_op_ReadReq.m_axi.p1i32, i32 %gmem_addr, i64 3" [cluster.cpp:75->cluster.cpp:23]   --->   Operation 326 'readreq' 'empty_15' <Predicate = true> <Delay = 4.66> <CoreInst = "m_axi">   --->   Core 119 'm_axi' <Latency = 6> <II = 1> <Delay = 1.00> <Adapter> <Opcode : 'read' 'write' 'readreq' 'writereq' 'writeresp'>
ST_60 : Operation 327 [17/71] (4.66ns)   --->   "%empty_17 = readreq i1 @_ssdm_op_ReadReq.m_axi.p1i32, i32 %gmem_addr_2, i64 3" [cluster.cpp:75->cluster.cpp:23]   --->   Operation 327 'readreq' 'empty_17' <Predicate = true> <Delay = 4.66> <CoreInst = "m_axi">   --->   Core 119 'm_axi' <Latency = 6> <II = 1> <Delay = 1.00> <Adapter> <Opcode : 'read' 'write' 'readreq' 'writereq' 'writeresp'>
ST_60 : Operation 328 [20/71] (4.66ns)   --->   "%empty_22 = readreq i1 @_ssdm_op_ReadReq.m_axi.p1i32, i32 %gmem_addr_3, i64 3" [cluster.cpp:75->cluster.cpp:23]   --->   Operation 328 'readreq' 'empty_22' <Predicate = true> <Delay = 4.66> <CoreInst = "m_axi">   --->   Core 119 'm_axi' <Latency = 6> <II = 1> <Delay = 1.00> <Adapter> <Opcode : 'read' 'write' 'readreq' 'writereq' 'writeresp'>

State 61 <SV = 60> <Delay = 4.66>
ST_61 : Operation 329 [13/71] (4.66ns)   --->   "%empty_15 = readreq i1 @_ssdm_op_ReadReq.m_axi.p1i32, i32 %gmem_addr, i64 3" [cluster.cpp:75->cluster.cpp:23]   --->   Operation 329 'readreq' 'empty_15' <Predicate = true> <Delay = 4.66> <CoreInst = "m_axi">   --->   Core 119 'm_axi' <Latency = 6> <II = 1> <Delay = 1.00> <Adapter> <Opcode : 'read' 'write' 'readreq' 'writereq' 'writeresp'>
ST_61 : Operation 330 [16/71] (4.66ns)   --->   "%empty_17 = readreq i1 @_ssdm_op_ReadReq.m_axi.p1i32, i32 %gmem_addr_2, i64 3" [cluster.cpp:75->cluster.cpp:23]   --->   Operation 330 'readreq' 'empty_17' <Predicate = true> <Delay = 4.66> <CoreInst = "m_axi">   --->   Core 119 'm_axi' <Latency = 6> <II = 1> <Delay = 1.00> <Adapter> <Opcode : 'read' 'write' 'readreq' 'writereq' 'writeresp'>
ST_61 : Operation 331 [19/71] (4.66ns)   --->   "%empty_22 = readreq i1 @_ssdm_op_ReadReq.m_axi.p1i32, i32 %gmem_addr_3, i64 3" [cluster.cpp:75->cluster.cpp:23]   --->   Operation 331 'readreq' 'empty_22' <Predicate = true> <Delay = 4.66> <CoreInst = "m_axi">   --->   Core 119 'm_axi' <Latency = 6> <II = 1> <Delay = 1.00> <Adapter> <Opcode : 'read' 'write' 'readreq' 'writereq' 'writeresp'>

State 62 <SV = 61> <Delay = 4.66>
ST_62 : Operation 332 [12/71] (4.66ns)   --->   "%empty_15 = readreq i1 @_ssdm_op_ReadReq.m_axi.p1i32, i32 %gmem_addr, i64 3" [cluster.cpp:75->cluster.cpp:23]   --->   Operation 332 'readreq' 'empty_15' <Predicate = true> <Delay = 4.66> <CoreInst = "m_axi">   --->   Core 119 'm_axi' <Latency = 6> <II = 1> <Delay = 1.00> <Adapter> <Opcode : 'read' 'write' 'readreq' 'writereq' 'writeresp'>
ST_62 : Operation 333 [15/71] (4.66ns)   --->   "%empty_17 = readreq i1 @_ssdm_op_ReadReq.m_axi.p1i32, i32 %gmem_addr_2, i64 3" [cluster.cpp:75->cluster.cpp:23]   --->   Operation 333 'readreq' 'empty_17' <Predicate = true> <Delay = 4.66> <CoreInst = "m_axi">   --->   Core 119 'm_axi' <Latency = 6> <II = 1> <Delay = 1.00> <Adapter> <Opcode : 'read' 'write' 'readreq' 'writereq' 'writeresp'>
ST_62 : Operation 334 [18/71] (4.66ns)   --->   "%empty_22 = readreq i1 @_ssdm_op_ReadReq.m_axi.p1i32, i32 %gmem_addr_3, i64 3" [cluster.cpp:75->cluster.cpp:23]   --->   Operation 334 'readreq' 'empty_22' <Predicate = true> <Delay = 4.66> <CoreInst = "m_axi">   --->   Core 119 'm_axi' <Latency = 6> <II = 1> <Delay = 1.00> <Adapter> <Opcode : 'read' 'write' 'readreq' 'writereq' 'writeresp'>

State 63 <SV = 62> <Delay = 4.66>
ST_63 : Operation 335 [11/71] (4.66ns)   --->   "%empty_15 = readreq i1 @_ssdm_op_ReadReq.m_axi.p1i32, i32 %gmem_addr, i64 3" [cluster.cpp:75->cluster.cpp:23]   --->   Operation 335 'readreq' 'empty_15' <Predicate = true> <Delay = 4.66> <CoreInst = "m_axi">   --->   Core 119 'm_axi' <Latency = 6> <II = 1> <Delay = 1.00> <Adapter> <Opcode : 'read' 'write' 'readreq' 'writereq' 'writeresp'>
ST_63 : Operation 336 [14/71] (4.66ns)   --->   "%empty_17 = readreq i1 @_ssdm_op_ReadReq.m_axi.p1i32, i32 %gmem_addr_2, i64 3" [cluster.cpp:75->cluster.cpp:23]   --->   Operation 336 'readreq' 'empty_17' <Predicate = true> <Delay = 4.66> <CoreInst = "m_axi">   --->   Core 119 'm_axi' <Latency = 6> <II = 1> <Delay = 1.00> <Adapter> <Opcode : 'read' 'write' 'readreq' 'writereq' 'writeresp'>
ST_63 : Operation 337 [17/71] (4.66ns)   --->   "%empty_22 = readreq i1 @_ssdm_op_ReadReq.m_axi.p1i32, i32 %gmem_addr_3, i64 3" [cluster.cpp:75->cluster.cpp:23]   --->   Operation 337 'readreq' 'empty_22' <Predicate = true> <Delay = 4.66> <CoreInst = "m_axi">   --->   Core 119 'm_axi' <Latency = 6> <II = 1> <Delay = 1.00> <Adapter> <Opcode : 'read' 'write' 'readreq' 'writereq' 'writeresp'>

State 64 <SV = 63> <Delay = 4.66>
ST_64 : Operation 338 [10/71] (4.66ns)   --->   "%empty_15 = readreq i1 @_ssdm_op_ReadReq.m_axi.p1i32, i32 %gmem_addr, i64 3" [cluster.cpp:75->cluster.cpp:23]   --->   Operation 338 'readreq' 'empty_15' <Predicate = true> <Delay = 4.66> <CoreInst = "m_axi">   --->   Core 119 'm_axi' <Latency = 6> <II = 1> <Delay = 1.00> <Adapter> <Opcode : 'read' 'write' 'readreq' 'writereq' 'writeresp'>
ST_64 : Operation 339 [13/71] (4.66ns)   --->   "%empty_17 = readreq i1 @_ssdm_op_ReadReq.m_axi.p1i32, i32 %gmem_addr_2, i64 3" [cluster.cpp:75->cluster.cpp:23]   --->   Operation 339 'readreq' 'empty_17' <Predicate = true> <Delay = 4.66> <CoreInst = "m_axi">   --->   Core 119 'm_axi' <Latency = 6> <II = 1> <Delay = 1.00> <Adapter> <Opcode : 'read' 'write' 'readreq' 'writereq' 'writeresp'>
ST_64 : Operation 340 [16/71] (4.66ns)   --->   "%empty_22 = readreq i1 @_ssdm_op_ReadReq.m_axi.p1i32, i32 %gmem_addr_3, i64 3" [cluster.cpp:75->cluster.cpp:23]   --->   Operation 340 'readreq' 'empty_22' <Predicate = true> <Delay = 4.66> <CoreInst = "m_axi">   --->   Core 119 'm_axi' <Latency = 6> <II = 1> <Delay = 1.00> <Adapter> <Opcode : 'read' 'write' 'readreq' 'writereq' 'writeresp'>

State 65 <SV = 64> <Delay = 4.66>
ST_65 : Operation 341 [9/71] (4.66ns)   --->   "%empty_15 = readreq i1 @_ssdm_op_ReadReq.m_axi.p1i32, i32 %gmem_addr, i64 3" [cluster.cpp:75->cluster.cpp:23]   --->   Operation 341 'readreq' 'empty_15' <Predicate = true> <Delay = 4.66> <CoreInst = "m_axi">   --->   Core 119 'm_axi' <Latency = 6> <II = 1> <Delay = 1.00> <Adapter> <Opcode : 'read' 'write' 'readreq' 'writereq' 'writeresp'>
ST_65 : Operation 342 [12/71] (4.66ns)   --->   "%empty_17 = readreq i1 @_ssdm_op_ReadReq.m_axi.p1i32, i32 %gmem_addr_2, i64 3" [cluster.cpp:75->cluster.cpp:23]   --->   Operation 342 'readreq' 'empty_17' <Predicate = true> <Delay = 4.66> <CoreInst = "m_axi">   --->   Core 119 'm_axi' <Latency = 6> <II = 1> <Delay = 1.00> <Adapter> <Opcode : 'read' 'write' 'readreq' 'writereq' 'writeresp'>
ST_65 : Operation 343 [15/71] (4.66ns)   --->   "%empty_22 = readreq i1 @_ssdm_op_ReadReq.m_axi.p1i32, i32 %gmem_addr_3, i64 3" [cluster.cpp:75->cluster.cpp:23]   --->   Operation 343 'readreq' 'empty_22' <Predicate = true> <Delay = 4.66> <CoreInst = "m_axi">   --->   Core 119 'm_axi' <Latency = 6> <II = 1> <Delay = 1.00> <Adapter> <Opcode : 'read' 'write' 'readreq' 'writereq' 'writeresp'>

State 66 <SV = 65> <Delay = 4.66>
ST_66 : Operation 344 [8/71] (4.66ns)   --->   "%empty_15 = readreq i1 @_ssdm_op_ReadReq.m_axi.p1i32, i32 %gmem_addr, i64 3" [cluster.cpp:75->cluster.cpp:23]   --->   Operation 344 'readreq' 'empty_15' <Predicate = true> <Delay = 4.66> <CoreInst = "m_axi">   --->   Core 119 'm_axi' <Latency = 6> <II = 1> <Delay = 1.00> <Adapter> <Opcode : 'read' 'write' 'readreq' 'writereq' 'writeresp'>
ST_66 : Operation 345 [11/71] (4.66ns)   --->   "%empty_17 = readreq i1 @_ssdm_op_ReadReq.m_axi.p1i32, i32 %gmem_addr_2, i64 3" [cluster.cpp:75->cluster.cpp:23]   --->   Operation 345 'readreq' 'empty_17' <Predicate = true> <Delay = 4.66> <CoreInst = "m_axi">   --->   Core 119 'm_axi' <Latency = 6> <II = 1> <Delay = 1.00> <Adapter> <Opcode : 'read' 'write' 'readreq' 'writereq' 'writeresp'>
ST_66 : Operation 346 [14/71] (4.66ns)   --->   "%empty_22 = readreq i1 @_ssdm_op_ReadReq.m_axi.p1i32, i32 %gmem_addr_3, i64 3" [cluster.cpp:75->cluster.cpp:23]   --->   Operation 346 'readreq' 'empty_22' <Predicate = true> <Delay = 4.66> <CoreInst = "m_axi">   --->   Core 119 'm_axi' <Latency = 6> <II = 1> <Delay = 1.00> <Adapter> <Opcode : 'read' 'write' 'readreq' 'writereq' 'writeresp'>

State 67 <SV = 66> <Delay = 4.66>
ST_67 : Operation 347 [7/71] (4.66ns)   --->   "%empty_15 = readreq i1 @_ssdm_op_ReadReq.m_axi.p1i32, i32 %gmem_addr, i64 3" [cluster.cpp:75->cluster.cpp:23]   --->   Operation 347 'readreq' 'empty_15' <Predicate = true> <Delay = 4.66> <CoreInst = "m_axi">   --->   Core 119 'm_axi' <Latency = 6> <II = 1> <Delay = 1.00> <Adapter> <Opcode : 'read' 'write' 'readreq' 'writereq' 'writeresp'>
ST_67 : Operation 348 [10/71] (4.66ns)   --->   "%empty_17 = readreq i1 @_ssdm_op_ReadReq.m_axi.p1i32, i32 %gmem_addr_2, i64 3" [cluster.cpp:75->cluster.cpp:23]   --->   Operation 348 'readreq' 'empty_17' <Predicate = true> <Delay = 4.66> <CoreInst = "m_axi">   --->   Core 119 'm_axi' <Latency = 6> <II = 1> <Delay = 1.00> <Adapter> <Opcode : 'read' 'write' 'readreq' 'writereq' 'writeresp'>
ST_67 : Operation 349 [13/71] (4.66ns)   --->   "%empty_22 = readreq i1 @_ssdm_op_ReadReq.m_axi.p1i32, i32 %gmem_addr_3, i64 3" [cluster.cpp:75->cluster.cpp:23]   --->   Operation 349 'readreq' 'empty_22' <Predicate = true> <Delay = 4.66> <CoreInst = "m_axi">   --->   Core 119 'm_axi' <Latency = 6> <II = 1> <Delay = 1.00> <Adapter> <Opcode : 'read' 'write' 'readreq' 'writereq' 'writeresp'>

State 68 <SV = 67> <Delay = 4.66>
ST_68 : Operation 350 [6/71] (4.66ns)   --->   "%empty_15 = readreq i1 @_ssdm_op_ReadReq.m_axi.p1i32, i32 %gmem_addr, i64 3" [cluster.cpp:75->cluster.cpp:23]   --->   Operation 350 'readreq' 'empty_15' <Predicate = true> <Delay = 4.66> <CoreInst = "m_axi">   --->   Core 119 'm_axi' <Latency = 6> <II = 1> <Delay = 1.00> <Adapter> <Opcode : 'read' 'write' 'readreq' 'writereq' 'writeresp'>
ST_68 : Operation 351 [9/71] (4.66ns)   --->   "%empty_17 = readreq i1 @_ssdm_op_ReadReq.m_axi.p1i32, i32 %gmem_addr_2, i64 3" [cluster.cpp:75->cluster.cpp:23]   --->   Operation 351 'readreq' 'empty_17' <Predicate = true> <Delay = 4.66> <CoreInst = "m_axi">   --->   Core 119 'm_axi' <Latency = 6> <II = 1> <Delay = 1.00> <Adapter> <Opcode : 'read' 'write' 'readreq' 'writereq' 'writeresp'>
ST_68 : Operation 352 [12/71] (4.66ns)   --->   "%empty_22 = readreq i1 @_ssdm_op_ReadReq.m_axi.p1i32, i32 %gmem_addr_3, i64 3" [cluster.cpp:75->cluster.cpp:23]   --->   Operation 352 'readreq' 'empty_22' <Predicate = true> <Delay = 4.66> <CoreInst = "m_axi">   --->   Core 119 'm_axi' <Latency = 6> <II = 1> <Delay = 1.00> <Adapter> <Opcode : 'read' 'write' 'readreq' 'writereq' 'writeresp'>

State 69 <SV = 68> <Delay = 4.66>
ST_69 : Operation 353 [5/71] (4.66ns)   --->   "%empty_15 = readreq i1 @_ssdm_op_ReadReq.m_axi.p1i32, i32 %gmem_addr, i64 3" [cluster.cpp:75->cluster.cpp:23]   --->   Operation 353 'readreq' 'empty_15' <Predicate = true> <Delay = 4.66> <CoreInst = "m_axi">   --->   Core 119 'm_axi' <Latency = 6> <II = 1> <Delay = 1.00> <Adapter> <Opcode : 'read' 'write' 'readreq' 'writereq' 'writeresp'>
ST_69 : Operation 354 [8/71] (4.66ns)   --->   "%empty_17 = readreq i1 @_ssdm_op_ReadReq.m_axi.p1i32, i32 %gmem_addr_2, i64 3" [cluster.cpp:75->cluster.cpp:23]   --->   Operation 354 'readreq' 'empty_17' <Predicate = true> <Delay = 4.66> <CoreInst = "m_axi">   --->   Core 119 'm_axi' <Latency = 6> <II = 1> <Delay = 1.00> <Adapter> <Opcode : 'read' 'write' 'readreq' 'writereq' 'writeresp'>
ST_69 : Operation 355 [11/71] (4.66ns)   --->   "%empty_22 = readreq i1 @_ssdm_op_ReadReq.m_axi.p1i32, i32 %gmem_addr_3, i64 3" [cluster.cpp:75->cluster.cpp:23]   --->   Operation 355 'readreq' 'empty_22' <Predicate = true> <Delay = 4.66> <CoreInst = "m_axi">   --->   Core 119 'm_axi' <Latency = 6> <II = 1> <Delay = 1.00> <Adapter> <Opcode : 'read' 'write' 'readreq' 'writereq' 'writeresp'>

State 70 <SV = 69> <Delay = 4.66>
ST_70 : Operation 356 [4/71] (4.66ns)   --->   "%empty_15 = readreq i1 @_ssdm_op_ReadReq.m_axi.p1i32, i32 %gmem_addr, i64 3" [cluster.cpp:75->cluster.cpp:23]   --->   Operation 356 'readreq' 'empty_15' <Predicate = true> <Delay = 4.66> <CoreInst = "m_axi">   --->   Core 119 'm_axi' <Latency = 6> <II = 1> <Delay = 1.00> <Adapter> <Opcode : 'read' 'write' 'readreq' 'writereq' 'writeresp'>
ST_70 : Operation 357 [7/71] (4.66ns)   --->   "%empty_17 = readreq i1 @_ssdm_op_ReadReq.m_axi.p1i32, i32 %gmem_addr_2, i64 3" [cluster.cpp:75->cluster.cpp:23]   --->   Operation 357 'readreq' 'empty_17' <Predicate = true> <Delay = 4.66> <CoreInst = "m_axi">   --->   Core 119 'm_axi' <Latency = 6> <II = 1> <Delay = 1.00> <Adapter> <Opcode : 'read' 'write' 'readreq' 'writereq' 'writeresp'>
ST_70 : Operation 358 [10/71] (4.66ns)   --->   "%empty_22 = readreq i1 @_ssdm_op_ReadReq.m_axi.p1i32, i32 %gmem_addr_3, i64 3" [cluster.cpp:75->cluster.cpp:23]   --->   Operation 358 'readreq' 'empty_22' <Predicate = true> <Delay = 4.66> <CoreInst = "m_axi">   --->   Core 119 'm_axi' <Latency = 6> <II = 1> <Delay = 1.00> <Adapter> <Opcode : 'read' 'write' 'readreq' 'writereq' 'writeresp'>

State 71 <SV = 70> <Delay = 4.66>
ST_71 : Operation 359 [3/71] (4.66ns)   --->   "%empty_15 = readreq i1 @_ssdm_op_ReadReq.m_axi.p1i32, i32 %gmem_addr, i64 3" [cluster.cpp:75->cluster.cpp:23]   --->   Operation 359 'readreq' 'empty_15' <Predicate = true> <Delay = 4.66> <CoreInst = "m_axi">   --->   Core 119 'm_axi' <Latency = 6> <II = 1> <Delay = 1.00> <Adapter> <Opcode : 'read' 'write' 'readreq' 'writereq' 'writeresp'>
ST_71 : Operation 360 [6/71] (4.66ns)   --->   "%empty_17 = readreq i1 @_ssdm_op_ReadReq.m_axi.p1i32, i32 %gmem_addr_2, i64 3" [cluster.cpp:75->cluster.cpp:23]   --->   Operation 360 'readreq' 'empty_17' <Predicate = true> <Delay = 4.66> <CoreInst = "m_axi">   --->   Core 119 'm_axi' <Latency = 6> <II = 1> <Delay = 1.00> <Adapter> <Opcode : 'read' 'write' 'readreq' 'writereq' 'writeresp'>
ST_71 : Operation 361 [9/71] (4.66ns)   --->   "%empty_22 = readreq i1 @_ssdm_op_ReadReq.m_axi.p1i32, i32 %gmem_addr_3, i64 3" [cluster.cpp:75->cluster.cpp:23]   --->   Operation 361 'readreq' 'empty_22' <Predicate = true> <Delay = 4.66> <CoreInst = "m_axi">   --->   Core 119 'm_axi' <Latency = 6> <II = 1> <Delay = 1.00> <Adapter> <Opcode : 'read' 'write' 'readreq' 'writereq' 'writeresp'>

State 72 <SV = 71> <Delay = 4.66>
ST_72 : Operation 362 [2/71] (4.66ns)   --->   "%empty_15 = readreq i1 @_ssdm_op_ReadReq.m_axi.p1i32, i32 %gmem_addr, i64 3" [cluster.cpp:75->cluster.cpp:23]   --->   Operation 362 'readreq' 'empty_15' <Predicate = true> <Delay = 4.66> <CoreInst = "m_axi">   --->   Core 119 'm_axi' <Latency = 6> <II = 1> <Delay = 1.00> <Adapter> <Opcode : 'read' 'write' 'readreq' 'writereq' 'writeresp'>
ST_72 : Operation 363 [5/71] (4.66ns)   --->   "%empty_17 = readreq i1 @_ssdm_op_ReadReq.m_axi.p1i32, i32 %gmem_addr_2, i64 3" [cluster.cpp:75->cluster.cpp:23]   --->   Operation 363 'readreq' 'empty_17' <Predicate = true> <Delay = 4.66> <CoreInst = "m_axi">   --->   Core 119 'm_axi' <Latency = 6> <II = 1> <Delay = 1.00> <Adapter> <Opcode : 'read' 'write' 'readreq' 'writereq' 'writeresp'>
ST_72 : Operation 364 [8/71] (4.66ns)   --->   "%empty_22 = readreq i1 @_ssdm_op_ReadReq.m_axi.p1i32, i32 %gmem_addr_3, i64 3" [cluster.cpp:75->cluster.cpp:23]   --->   Operation 364 'readreq' 'empty_22' <Predicate = true> <Delay = 4.66> <CoreInst = "m_axi">   --->   Core 119 'm_axi' <Latency = 6> <II = 1> <Delay = 1.00> <Adapter> <Opcode : 'read' 'write' 'readreq' 'writereq' 'writeresp'>

State 73 <SV = 72> <Delay = 4.66>
ST_73 : Operation 365 [1/71] (4.66ns)   --->   "%empty_15 = readreq i1 @_ssdm_op_ReadReq.m_axi.p1i32, i32 %gmem_addr, i64 3" [cluster.cpp:75->cluster.cpp:23]   --->   Operation 365 'readreq' 'empty_15' <Predicate = true> <Delay = 4.66> <CoreInst = "m_axi">   --->   Core 119 'm_axi' <Latency = 6> <II = 1> <Delay = 1.00> <Adapter> <Opcode : 'read' 'write' 'readreq' 'writereq' 'writeresp'>
ST_73 : Operation 366 [4/71] (4.66ns)   --->   "%empty_17 = readreq i1 @_ssdm_op_ReadReq.m_axi.p1i32, i32 %gmem_addr_2, i64 3" [cluster.cpp:75->cluster.cpp:23]   --->   Operation 366 'readreq' 'empty_17' <Predicate = true> <Delay = 4.66> <CoreInst = "m_axi">   --->   Core 119 'm_axi' <Latency = 6> <II = 1> <Delay = 1.00> <Adapter> <Opcode : 'read' 'write' 'readreq' 'writereq' 'writeresp'>
ST_73 : Operation 367 [7/71] (4.66ns)   --->   "%empty_22 = readreq i1 @_ssdm_op_ReadReq.m_axi.p1i32, i32 %gmem_addr_3, i64 3" [cluster.cpp:75->cluster.cpp:23]   --->   Operation 367 'readreq' 'empty_22' <Predicate = true> <Delay = 4.66> <CoreInst = "m_axi">   --->   Core 119 'm_axi' <Latency = 6> <II = 1> <Delay = 1.00> <Adapter> <Opcode : 'read' 'write' 'readreq' 'writereq' 'writeresp'>

State 74 <SV = 73> <Delay = 4.66>
ST_74 : Operation 368 [1/1] (4.66ns)   --->   "%gmem_addr_read = read i32 @_ssdm_op_Read.m_axi.p1i32, i32 %gmem_addr" [cluster.cpp:77->cluster.cpp:23]   --->   Operation 368 'read' 'gmem_addr_read' <Predicate = true> <Delay = 4.66> <CoreInst = "m_axi">   --->   Core 119 'm_axi' <Latency = 3> <II = 1> <Delay = 1.00> <Adapter> <Opcode : 'read' 'write' 'readreq' 'writereq' 'writeresp'>
ST_74 : Operation 369 [3/71] (4.66ns)   --->   "%empty_17 = readreq i1 @_ssdm_op_ReadReq.m_axi.p1i32, i32 %gmem_addr_2, i64 3" [cluster.cpp:75->cluster.cpp:23]   --->   Operation 369 'readreq' 'empty_17' <Predicate = true> <Delay = 4.66> <CoreInst = "m_axi">   --->   Core 119 'm_axi' <Latency = 6> <II = 1> <Delay = 1.00> <Adapter> <Opcode : 'read' 'write' 'readreq' 'writereq' 'writeresp'>
ST_74 : Operation 370 [6/71] (4.66ns)   --->   "%empty_22 = readreq i1 @_ssdm_op_ReadReq.m_axi.p1i32, i32 %gmem_addr_3, i64 3" [cluster.cpp:75->cluster.cpp:23]   --->   Operation 370 'readreq' 'empty_22' <Predicate = true> <Delay = 4.66> <CoreInst = "m_axi">   --->   Core 119 'm_axi' <Latency = 6> <II = 1> <Delay = 1.00> <Adapter> <Opcode : 'read' 'write' 'readreq' 'writereq' 'writeresp'>

State 75 <SV = 74> <Delay = 4.66>
ST_75 : Operation 371 [1/1] (4.66ns)   --->   "%gmem_addr_read_1 = read i32 @_ssdm_op_Read.m_axi.p1i32, i32 %gmem_addr" [cluster.cpp:77->cluster.cpp:23]   --->   Operation 371 'read' 'gmem_addr_read_1' <Predicate = true> <Delay = 4.66> <CoreInst = "m_axi">   --->   Core 119 'm_axi' <Latency = 3> <II = 1> <Delay = 1.00> <Adapter> <Opcode : 'read' 'write' 'readreq' 'writereq' 'writeresp'>
ST_75 : Operation 372 [1/1] (0.00ns)   --->   "%trunc_ln77 = trunc i32 %gmem_addr_read_1" [cluster.cpp:77->cluster.cpp:23]   --->   Operation 372 'trunc' 'trunc_ln77' <Predicate = true> <Delay = 0.00>
ST_75 : Operation 373 [2/71] (4.66ns)   --->   "%empty_17 = readreq i1 @_ssdm_op_ReadReq.m_axi.p1i32, i32 %gmem_addr_2, i64 3" [cluster.cpp:75->cluster.cpp:23]   --->   Operation 373 'readreq' 'empty_17' <Predicate = true> <Delay = 4.66> <CoreInst = "m_axi">   --->   Core 119 'm_axi' <Latency = 6> <II = 1> <Delay = 1.00> <Adapter> <Opcode : 'read' 'write' 'readreq' 'writereq' 'writeresp'>
ST_75 : Operation 374 [5/71] (4.66ns)   --->   "%empty_22 = readreq i1 @_ssdm_op_ReadReq.m_axi.p1i32, i32 %gmem_addr_3, i64 3" [cluster.cpp:75->cluster.cpp:23]   --->   Operation 374 'readreq' 'empty_22' <Predicate = true> <Delay = 4.66> <CoreInst = "m_axi">   --->   Core 119 'm_axi' <Latency = 6> <II = 1> <Delay = 1.00> <Adapter> <Opcode : 'read' 'write' 'readreq' 'writereq' 'writeresp'>

State 76 <SV = 75> <Delay = 4.66>
ST_76 : Operation 375 [1/1] (4.66ns)   --->   "%gmem_addr_read_2 = read i32 @_ssdm_op_Read.m_axi.p1i32, i32 %gmem_addr" [cluster.cpp:77->cluster.cpp:23]   --->   Operation 375 'read' 'gmem_addr_read_2' <Predicate = true> <Delay = 4.66> <CoreInst = "m_axi">   --->   Core 119 'm_axi' <Latency = 3> <II = 1> <Delay = 1.00> <Adapter> <Opcode : 'read' 'write' 'readreq' 'writereq' 'writeresp'>
ST_76 : Operation 376 [1/71] (4.66ns)   --->   "%empty_17 = readreq i1 @_ssdm_op_ReadReq.m_axi.p1i32, i32 %gmem_addr_2, i64 3" [cluster.cpp:75->cluster.cpp:23]   --->   Operation 376 'readreq' 'empty_17' <Predicate = true> <Delay = 4.66> <CoreInst = "m_axi">   --->   Core 119 'm_axi' <Latency = 6> <II = 1> <Delay = 1.00> <Adapter> <Opcode : 'read' 'write' 'readreq' 'writereq' 'writeresp'>
ST_76 : Operation 377 [4/71] (4.66ns)   --->   "%empty_22 = readreq i1 @_ssdm_op_ReadReq.m_axi.p1i32, i32 %gmem_addr_3, i64 3" [cluster.cpp:75->cluster.cpp:23]   --->   Operation 377 'readreq' 'empty_22' <Predicate = true> <Delay = 4.66> <CoreInst = "m_axi">   --->   Core 119 'm_axi' <Latency = 6> <II = 1> <Delay = 1.00> <Adapter> <Opcode : 'read' 'write' 'readreq' 'writereq' 'writeresp'>

State 77 <SV = 76> <Delay = 4.66>
ST_77 : Operation 378 [1/1] (4.66ns)   --->   "%empty_18 = read i32 @_ssdm_op_Read.m_axi.p1i32, i32 %gmem_addr_2" [cluster.cpp:77->cluster.cpp:23]   --->   Operation 378 'read' 'empty_18' <Predicate = true> <Delay = 4.66> <CoreInst = "m_axi">   --->   Core 119 'm_axi' <Latency = 3> <II = 1> <Delay = 1.00> <Adapter> <Opcode : 'read' 'write' 'readreq' 'writereq' 'writeresp'>
ST_77 : Operation 379 [3/71] (4.66ns)   --->   "%empty_22 = readreq i1 @_ssdm_op_ReadReq.m_axi.p1i32, i32 %gmem_addr_3, i64 3" [cluster.cpp:75->cluster.cpp:23]   --->   Operation 379 'readreq' 'empty_22' <Predicate = true> <Delay = 4.66> <CoreInst = "m_axi">   --->   Core 119 'm_axi' <Latency = 6> <II = 1> <Delay = 1.00> <Adapter> <Opcode : 'read' 'write' 'readreq' 'writereq' 'writeresp'>

State 78 <SV = 77> <Delay = 4.66>
ST_78 : Operation 380 [1/1] (4.66ns)   --->   "%empty_19 = read i32 @_ssdm_op_Read.m_axi.p1i32, i32 %gmem_addr_2" [cluster.cpp:77->cluster.cpp:23]   --->   Operation 380 'read' 'empty_19' <Predicate = true> <Delay = 4.66> <CoreInst = "m_axi">   --->   Core 119 'm_axi' <Latency = 3> <II = 1> <Delay = 1.00> <Adapter> <Opcode : 'read' 'write' 'readreq' 'writereq' 'writeresp'>
ST_78 : Operation 381 [2/71] (4.66ns)   --->   "%empty_22 = readreq i1 @_ssdm_op_ReadReq.m_axi.p1i32, i32 %gmem_addr_3, i64 3" [cluster.cpp:75->cluster.cpp:23]   --->   Operation 381 'readreq' 'empty_22' <Predicate = true> <Delay = 4.66> <CoreInst = "m_axi">   --->   Core 119 'm_axi' <Latency = 6> <II = 1> <Delay = 1.00> <Adapter> <Opcode : 'read' 'write' 'readreq' 'writereq' 'writeresp'>

State 79 <SV = 78> <Delay = 4.66>
ST_79 : Operation 382 [1/1] (4.66ns)   --->   "%empty_20 = read i32 @_ssdm_op_Read.m_axi.p1i32, i32 %gmem_addr_2" [cluster.cpp:77->cluster.cpp:23]   --->   Operation 382 'read' 'empty_20' <Predicate = true> <Delay = 4.66> <CoreInst = "m_axi">   --->   Core 119 'm_axi' <Latency = 3> <II = 1> <Delay = 1.00> <Adapter> <Opcode : 'read' 'write' 'readreq' 'writereq' 'writeresp'>
ST_79 : Operation 383 [1/71] (4.66ns)   --->   "%empty_22 = readreq i1 @_ssdm_op_ReadReq.m_axi.p1i32, i32 %gmem_addr_3, i64 3" [cluster.cpp:75->cluster.cpp:23]   --->   Operation 383 'readreq' 'empty_22' <Predicate = true> <Delay = 4.66> <CoreInst = "m_axi">   --->   Core 119 'm_axi' <Latency = 6> <II = 1> <Delay = 1.00> <Adapter> <Opcode : 'read' 'write' 'readreq' 'writereq' 'writeresp'>

State 80 <SV = 79> <Delay = 4.66>
ST_80 : Operation 384 [1/1] (4.66ns)   --->   "%gmem_addr_3_read = read i32 @_ssdm_op_Read.m_axi.p1i32, i32 %gmem_addr_3" [cluster.cpp:77->cluster.cpp:23]   --->   Operation 384 'read' 'gmem_addr_3_read' <Predicate = true> <Delay = 4.66> <CoreInst = "m_axi">   --->   Core 119 'm_axi' <Latency = 3> <II = 1> <Delay = 1.00> <Adapter> <Opcode : 'read' 'write' 'readreq' 'writereq' 'writeresp'>

State 81 <SV = 80> <Delay = 4.66>
ST_81 : Operation 385 [1/1] (4.66ns)   --->   "%gmem_addr_3_read_1 = read i32 @_ssdm_op_Read.m_axi.p1i32, i32 %gmem_addr_3" [cluster.cpp:77->cluster.cpp:23]   --->   Operation 385 'read' 'gmem_addr_3_read_1' <Predicate = true> <Delay = 4.66> <CoreInst = "m_axi">   --->   Core 119 'm_axi' <Latency = 3> <II = 1> <Delay = 1.00> <Adapter> <Opcode : 'read' 'write' 'readreq' 'writereq' 'writeresp'>
ST_81 : Operation 386 [1/1] (0.00ns)   --->   "%trunc_ln77_1 = trunc i32 %gmem_addr_3_read_1" [cluster.cpp:77->cluster.cpp:23]   --->   Operation 386 'trunc' 'trunc_ln77_1' <Predicate = true> <Delay = 0.00>
ST_81 : Operation 387 [1/1] (0.00ns) (grouped into TernaryAdder)   --->   "%add_ln76 = add i32 %gmem_addr_read_2, i32 %gmem_addr_read" [cluster.cpp:76->cluster.cpp:23]   --->   Operation 387 'add' 'add_ln76' <Predicate = true> <Delay = 0.00> <CoreInst = "TAddSub">   --->   Core 10 'TAddSub' <Latency = 0> <II = 1> <Delay = 0.36> <IPBlock> <Opcode : '' 'add' 'sub'> <InPorts = 3> <OutPorts = 1> <Sync> <CReg>
ST_81 : Operation 388 [1/1] (0.73ns) (root node of TernaryAdder)   --->   "%sub_ln76 = sub i32 %add_ln76, i32 %gmem_addr_3_read" [cluster.cpp:76->cluster.cpp:23]   --->   Operation 388 'sub' 'sub_ln76' <Predicate = true> <Delay = 0.73> <CoreInst = "TAddSub">   --->   Core 10 'TAddSub' <Latency = 0> <II = 1> <Delay = 0.36> <IPBlock> <Opcode : '' 'add' 'sub'> <InPorts = 3> <OutPorts = 1> <Sync> <CReg>

State 82 <SV = 81> <Delay = 4.66>
ST_82 : Operation 389 [1/1] (4.66ns)   --->   "%gmem_addr_3_read_2 = read i32 @_ssdm_op_Read.m_axi.p1i32, i32 %gmem_addr_3" [cluster.cpp:77->cluster.cpp:23]   --->   Operation 389 'read' 'gmem_addr_3_read_2' <Predicate = true> <Delay = 4.66> <CoreInst = "m_axi">   --->   Core 119 'm_axi' <Latency = 3> <II = 1> <Delay = 1.00> <Adapter> <Opcode : 'read' 'write' 'readreq' 'writereq' 'writeresp'>
ST_82 : Operation 390 [1/1] (1.00ns)   --->   "%tmp1013 = sub i31 %trunc_ln77, i31 %trunc_ln77_1" [cluster.cpp:77->cluster.cpp:23]   --->   Operation 390 'sub' 'tmp1013' <Predicate = true> <Delay = 1.00> <CoreInst = "Adder">   --->   Core 1 'Adder' <Latency = 0> <II = 1> <Delay = 1.00> <FuncUnit> <Opcode : 'add' 'sub'> <InPorts = 2> <OutPorts = 1>

State 83 <SV = 82> <Delay = 2.18>
ST_83 : Operation 391 [1/1] (0.00ns)   --->   "%tmp7 = bitconcatenate i32 @_ssdm_op_BitConcatenate.i32.i31.i1, i31 %tmp1013, i1 0" [cluster.cpp:77->cluster.cpp:23]   --->   Operation 391 'bitconcatenate' 'tmp7' <Predicate = true> <Delay = 0.00>
ST_83 : Operation 392 [1/1] (0.00ns) (grouped into TernaryAdder)   --->   "%sub_ln76_1 = sub i32 %sub_ln76, i32 %gmem_addr_3_read_2" [cluster.cpp:76->cluster.cpp:23]   --->   Operation 392 'sub' 'sub_ln76_1' <Predicate = true> <Delay = 0.00> <CoreInst = "TAddSub">   --->   Core 10 'TAddSub' <Latency = 0> <II = 1> <Delay = 0.36> <IPBlock> <Opcode : '' 'add' 'sub'> <InPorts = 3> <OutPorts = 1> <Sync> <CReg>
ST_83 : Operation 393 [1/1] (0.73ns) (root node of TernaryAdder)   --->   "%sum = add i32 %sub_ln76_1, i32 %tmp7" [cluster.cpp:76->cluster.cpp:23]   --->   Operation 393 'add' 'sum' <Predicate = true> <Delay = 0.73> <CoreInst = "TAddSub">   --->   Core 10 'TAddSub' <Latency = 0> <II = 1> <Delay = 0.36> <IPBlock> <Opcode : '' 'add' 'sub'> <InPorts = 3> <OutPorts = 1> <Sync> <CReg>
ST_83 : Operation 394 [36/36] (1.45ns)   --->   "%sdiv_ln81 = sdiv i32 %sum, i32 %normal_factor_3_reload_cast" [cluster.cpp:81->cluster.cpp:23]   --->   Operation 394 'sdiv' 'sdiv_ln81' <Predicate = true> <Delay = 1.45> <CoreInst = "Divider">   --->   Core 6 'Divider' <Latency = 35> <II = 1> <Delay = 1.45> <FuncUnit> <Opcode : 'udiv' 'sdiv' 'urem' 'srem'> <InPorts = 2> <OutPorts = 1>

State 84 <SV = 83> <Delay = 1.45>
ST_84 : Operation 395 [35/36] (1.45ns)   --->   "%sdiv_ln81 = sdiv i32 %sum, i32 %normal_factor_3_reload_cast" [cluster.cpp:81->cluster.cpp:23]   --->   Operation 395 'sdiv' 'sdiv_ln81' <Predicate = true> <Delay = 1.45> <CoreInst = "Divider">   --->   Core 6 'Divider' <Latency = 35> <II = 1> <Delay = 1.45> <FuncUnit> <Opcode : 'udiv' 'sdiv' 'urem' 'srem'> <InPorts = 2> <OutPorts = 1>

State 85 <SV = 84> <Delay = 1.45>
ST_85 : Operation 396 [34/36] (1.45ns)   --->   "%sdiv_ln81 = sdiv i32 %sum, i32 %normal_factor_3_reload_cast" [cluster.cpp:81->cluster.cpp:23]   --->   Operation 396 'sdiv' 'sdiv_ln81' <Predicate = true> <Delay = 1.45> <CoreInst = "Divider">   --->   Core 6 'Divider' <Latency = 35> <II = 1> <Delay = 1.45> <FuncUnit> <Opcode : 'udiv' 'sdiv' 'urem' 'srem'> <InPorts = 2> <OutPorts = 1>

State 86 <SV = 85> <Delay = 1.45>
ST_86 : Operation 397 [33/36] (1.45ns)   --->   "%sdiv_ln81 = sdiv i32 %sum, i32 %normal_factor_3_reload_cast" [cluster.cpp:81->cluster.cpp:23]   --->   Operation 397 'sdiv' 'sdiv_ln81' <Predicate = true> <Delay = 1.45> <CoreInst = "Divider">   --->   Core 6 'Divider' <Latency = 35> <II = 1> <Delay = 1.45> <FuncUnit> <Opcode : 'udiv' 'sdiv' 'urem' 'srem'> <InPorts = 2> <OutPorts = 1>

State 87 <SV = 86> <Delay = 1.45>
ST_87 : Operation 398 [32/36] (1.45ns)   --->   "%sdiv_ln81 = sdiv i32 %sum, i32 %normal_factor_3_reload_cast" [cluster.cpp:81->cluster.cpp:23]   --->   Operation 398 'sdiv' 'sdiv_ln81' <Predicate = true> <Delay = 1.45> <CoreInst = "Divider">   --->   Core 6 'Divider' <Latency = 35> <II = 1> <Delay = 1.45> <FuncUnit> <Opcode : 'udiv' 'sdiv' 'urem' 'srem'> <InPorts = 2> <OutPorts = 1>

State 88 <SV = 87> <Delay = 1.45>
ST_88 : Operation 399 [31/36] (1.45ns)   --->   "%sdiv_ln81 = sdiv i32 %sum, i32 %normal_factor_3_reload_cast" [cluster.cpp:81->cluster.cpp:23]   --->   Operation 399 'sdiv' 'sdiv_ln81' <Predicate = true> <Delay = 1.45> <CoreInst = "Divider">   --->   Core 6 'Divider' <Latency = 35> <II = 1> <Delay = 1.45> <FuncUnit> <Opcode : 'udiv' 'sdiv' 'urem' 'srem'> <InPorts = 2> <OutPorts = 1>

State 89 <SV = 88> <Delay = 1.45>
ST_89 : Operation 400 [30/36] (1.45ns)   --->   "%sdiv_ln81 = sdiv i32 %sum, i32 %normal_factor_3_reload_cast" [cluster.cpp:81->cluster.cpp:23]   --->   Operation 400 'sdiv' 'sdiv_ln81' <Predicate = true> <Delay = 1.45> <CoreInst = "Divider">   --->   Core 6 'Divider' <Latency = 35> <II = 1> <Delay = 1.45> <FuncUnit> <Opcode : 'udiv' 'sdiv' 'urem' 'srem'> <InPorts = 2> <OutPorts = 1>

State 90 <SV = 89> <Delay = 1.45>
ST_90 : Operation 401 [29/36] (1.45ns)   --->   "%sdiv_ln81 = sdiv i32 %sum, i32 %normal_factor_3_reload_cast" [cluster.cpp:81->cluster.cpp:23]   --->   Operation 401 'sdiv' 'sdiv_ln81' <Predicate = true> <Delay = 1.45> <CoreInst = "Divider">   --->   Core 6 'Divider' <Latency = 35> <II = 1> <Delay = 1.45> <FuncUnit> <Opcode : 'udiv' 'sdiv' 'urem' 'srem'> <InPorts = 2> <OutPorts = 1>

State 91 <SV = 90> <Delay = 1.45>
ST_91 : Operation 402 [28/36] (1.45ns)   --->   "%sdiv_ln81 = sdiv i32 %sum, i32 %normal_factor_3_reload_cast" [cluster.cpp:81->cluster.cpp:23]   --->   Operation 402 'sdiv' 'sdiv_ln81' <Predicate = true> <Delay = 1.45> <CoreInst = "Divider">   --->   Core 6 'Divider' <Latency = 35> <II = 1> <Delay = 1.45> <FuncUnit> <Opcode : 'udiv' 'sdiv' 'urem' 'srem'> <InPorts = 2> <OutPorts = 1>

State 92 <SV = 91> <Delay = 1.45>
ST_92 : Operation 403 [27/36] (1.45ns)   --->   "%sdiv_ln81 = sdiv i32 %sum, i32 %normal_factor_3_reload_cast" [cluster.cpp:81->cluster.cpp:23]   --->   Operation 403 'sdiv' 'sdiv_ln81' <Predicate = true> <Delay = 1.45> <CoreInst = "Divider">   --->   Core 6 'Divider' <Latency = 35> <II = 1> <Delay = 1.45> <FuncUnit> <Opcode : 'udiv' 'sdiv' 'urem' 'srem'> <InPorts = 2> <OutPorts = 1>

State 93 <SV = 92> <Delay = 1.45>
ST_93 : Operation 404 [26/36] (1.45ns)   --->   "%sdiv_ln81 = sdiv i32 %sum, i32 %normal_factor_3_reload_cast" [cluster.cpp:81->cluster.cpp:23]   --->   Operation 404 'sdiv' 'sdiv_ln81' <Predicate = true> <Delay = 1.45> <CoreInst = "Divider">   --->   Core 6 'Divider' <Latency = 35> <II = 1> <Delay = 1.45> <FuncUnit> <Opcode : 'udiv' 'sdiv' 'urem' 'srem'> <InPorts = 2> <OutPorts = 1>

State 94 <SV = 93> <Delay = 1.45>
ST_94 : Operation 405 [25/36] (1.45ns)   --->   "%sdiv_ln81 = sdiv i32 %sum, i32 %normal_factor_3_reload_cast" [cluster.cpp:81->cluster.cpp:23]   --->   Operation 405 'sdiv' 'sdiv_ln81' <Predicate = true> <Delay = 1.45> <CoreInst = "Divider">   --->   Core 6 'Divider' <Latency = 35> <II = 1> <Delay = 1.45> <FuncUnit> <Opcode : 'udiv' 'sdiv' 'urem' 'srem'> <InPorts = 2> <OutPorts = 1>

State 95 <SV = 94> <Delay = 1.45>
ST_95 : Operation 406 [24/36] (1.45ns)   --->   "%sdiv_ln81 = sdiv i32 %sum, i32 %normal_factor_3_reload_cast" [cluster.cpp:81->cluster.cpp:23]   --->   Operation 406 'sdiv' 'sdiv_ln81' <Predicate = true> <Delay = 1.45> <CoreInst = "Divider">   --->   Core 6 'Divider' <Latency = 35> <II = 1> <Delay = 1.45> <FuncUnit> <Opcode : 'udiv' 'sdiv' 'urem' 'srem'> <InPorts = 2> <OutPorts = 1>

State 96 <SV = 95> <Delay = 1.45>
ST_96 : Operation 407 [23/36] (1.45ns)   --->   "%sdiv_ln81 = sdiv i32 %sum, i32 %normal_factor_3_reload_cast" [cluster.cpp:81->cluster.cpp:23]   --->   Operation 407 'sdiv' 'sdiv_ln81' <Predicate = true> <Delay = 1.45> <CoreInst = "Divider">   --->   Core 6 'Divider' <Latency = 35> <II = 1> <Delay = 1.45> <FuncUnit> <Opcode : 'udiv' 'sdiv' 'urem' 'srem'> <InPorts = 2> <OutPorts = 1>

State 97 <SV = 96> <Delay = 1.45>
ST_97 : Operation 408 [22/36] (1.45ns)   --->   "%sdiv_ln81 = sdiv i32 %sum, i32 %normal_factor_3_reload_cast" [cluster.cpp:81->cluster.cpp:23]   --->   Operation 408 'sdiv' 'sdiv_ln81' <Predicate = true> <Delay = 1.45> <CoreInst = "Divider">   --->   Core 6 'Divider' <Latency = 35> <II = 1> <Delay = 1.45> <FuncUnit> <Opcode : 'udiv' 'sdiv' 'urem' 'srem'> <InPorts = 2> <OutPorts = 1>

State 98 <SV = 97> <Delay = 1.45>
ST_98 : Operation 409 [21/36] (1.45ns)   --->   "%sdiv_ln81 = sdiv i32 %sum, i32 %normal_factor_3_reload_cast" [cluster.cpp:81->cluster.cpp:23]   --->   Operation 409 'sdiv' 'sdiv_ln81' <Predicate = true> <Delay = 1.45> <CoreInst = "Divider">   --->   Core 6 'Divider' <Latency = 35> <II = 1> <Delay = 1.45> <FuncUnit> <Opcode : 'udiv' 'sdiv' 'urem' 'srem'> <InPorts = 2> <OutPorts = 1>

State 99 <SV = 98> <Delay = 1.45>
ST_99 : Operation 410 [20/36] (1.45ns)   --->   "%sdiv_ln81 = sdiv i32 %sum, i32 %normal_factor_3_reload_cast" [cluster.cpp:81->cluster.cpp:23]   --->   Operation 410 'sdiv' 'sdiv_ln81' <Predicate = true> <Delay = 1.45> <CoreInst = "Divider">   --->   Core 6 'Divider' <Latency = 35> <II = 1> <Delay = 1.45> <FuncUnit> <Opcode : 'udiv' 'sdiv' 'urem' 'srem'> <InPorts = 2> <OutPorts = 1>

State 100 <SV = 99> <Delay = 1.45>
ST_100 : Operation 411 [19/36] (1.45ns)   --->   "%sdiv_ln81 = sdiv i32 %sum, i32 %normal_factor_3_reload_cast" [cluster.cpp:81->cluster.cpp:23]   --->   Operation 411 'sdiv' 'sdiv_ln81' <Predicate = true> <Delay = 1.45> <CoreInst = "Divider">   --->   Core 6 'Divider' <Latency = 35> <II = 1> <Delay = 1.45> <FuncUnit> <Opcode : 'udiv' 'sdiv' 'urem' 'srem'> <InPorts = 2> <OutPorts = 1>

State 101 <SV = 100> <Delay = 1.45>
ST_101 : Operation 412 [18/36] (1.45ns)   --->   "%sdiv_ln81 = sdiv i32 %sum, i32 %normal_factor_3_reload_cast" [cluster.cpp:81->cluster.cpp:23]   --->   Operation 412 'sdiv' 'sdiv_ln81' <Predicate = true> <Delay = 1.45> <CoreInst = "Divider">   --->   Core 6 'Divider' <Latency = 35> <II = 1> <Delay = 1.45> <FuncUnit> <Opcode : 'udiv' 'sdiv' 'urem' 'srem'> <InPorts = 2> <OutPorts = 1>

State 102 <SV = 101> <Delay = 1.45>
ST_102 : Operation 413 [17/36] (1.45ns)   --->   "%sdiv_ln81 = sdiv i32 %sum, i32 %normal_factor_3_reload_cast" [cluster.cpp:81->cluster.cpp:23]   --->   Operation 413 'sdiv' 'sdiv_ln81' <Predicate = true> <Delay = 1.45> <CoreInst = "Divider">   --->   Core 6 'Divider' <Latency = 35> <II = 1> <Delay = 1.45> <FuncUnit> <Opcode : 'udiv' 'sdiv' 'urem' 'srem'> <InPorts = 2> <OutPorts = 1>

State 103 <SV = 102> <Delay = 1.45>
ST_103 : Operation 414 [16/36] (1.45ns)   --->   "%sdiv_ln81 = sdiv i32 %sum, i32 %normal_factor_3_reload_cast" [cluster.cpp:81->cluster.cpp:23]   --->   Operation 414 'sdiv' 'sdiv_ln81' <Predicate = true> <Delay = 1.45> <CoreInst = "Divider">   --->   Core 6 'Divider' <Latency = 35> <II = 1> <Delay = 1.45> <FuncUnit> <Opcode : 'udiv' 'sdiv' 'urem' 'srem'> <InPorts = 2> <OutPorts = 1>

State 104 <SV = 103> <Delay = 1.45>
ST_104 : Operation 415 [15/36] (1.45ns)   --->   "%sdiv_ln81 = sdiv i32 %sum, i32 %normal_factor_3_reload_cast" [cluster.cpp:81->cluster.cpp:23]   --->   Operation 415 'sdiv' 'sdiv_ln81' <Predicate = true> <Delay = 1.45> <CoreInst = "Divider">   --->   Core 6 'Divider' <Latency = 35> <II = 1> <Delay = 1.45> <FuncUnit> <Opcode : 'udiv' 'sdiv' 'urem' 'srem'> <InPorts = 2> <OutPorts = 1>

State 105 <SV = 104> <Delay = 1.45>
ST_105 : Operation 416 [14/36] (1.45ns)   --->   "%sdiv_ln81 = sdiv i32 %sum, i32 %normal_factor_3_reload_cast" [cluster.cpp:81->cluster.cpp:23]   --->   Operation 416 'sdiv' 'sdiv_ln81' <Predicate = true> <Delay = 1.45> <CoreInst = "Divider">   --->   Core 6 'Divider' <Latency = 35> <II = 1> <Delay = 1.45> <FuncUnit> <Opcode : 'udiv' 'sdiv' 'urem' 'srem'> <InPorts = 2> <OutPorts = 1>

State 106 <SV = 105> <Delay = 1.45>
ST_106 : Operation 417 [13/36] (1.45ns)   --->   "%sdiv_ln81 = sdiv i32 %sum, i32 %normal_factor_3_reload_cast" [cluster.cpp:81->cluster.cpp:23]   --->   Operation 417 'sdiv' 'sdiv_ln81' <Predicate = true> <Delay = 1.45> <CoreInst = "Divider">   --->   Core 6 'Divider' <Latency = 35> <II = 1> <Delay = 1.45> <FuncUnit> <Opcode : 'udiv' 'sdiv' 'urem' 'srem'> <InPorts = 2> <OutPorts = 1>

State 107 <SV = 106> <Delay = 1.45>
ST_107 : Operation 418 [12/36] (1.45ns)   --->   "%sdiv_ln81 = sdiv i32 %sum, i32 %normal_factor_3_reload_cast" [cluster.cpp:81->cluster.cpp:23]   --->   Operation 418 'sdiv' 'sdiv_ln81' <Predicate = true> <Delay = 1.45> <CoreInst = "Divider">   --->   Core 6 'Divider' <Latency = 35> <II = 1> <Delay = 1.45> <FuncUnit> <Opcode : 'udiv' 'sdiv' 'urem' 'srem'> <InPorts = 2> <OutPorts = 1>

State 108 <SV = 107> <Delay = 1.45>
ST_108 : Operation 419 [11/36] (1.45ns)   --->   "%sdiv_ln81 = sdiv i32 %sum, i32 %normal_factor_3_reload_cast" [cluster.cpp:81->cluster.cpp:23]   --->   Operation 419 'sdiv' 'sdiv_ln81' <Predicate = true> <Delay = 1.45> <CoreInst = "Divider">   --->   Core 6 'Divider' <Latency = 35> <II = 1> <Delay = 1.45> <FuncUnit> <Opcode : 'udiv' 'sdiv' 'urem' 'srem'> <InPorts = 2> <OutPorts = 1>

State 109 <SV = 108> <Delay = 1.45>
ST_109 : Operation 420 [10/36] (1.45ns)   --->   "%sdiv_ln81 = sdiv i32 %sum, i32 %normal_factor_3_reload_cast" [cluster.cpp:81->cluster.cpp:23]   --->   Operation 420 'sdiv' 'sdiv_ln81' <Predicate = true> <Delay = 1.45> <CoreInst = "Divider">   --->   Core 6 'Divider' <Latency = 35> <II = 1> <Delay = 1.45> <FuncUnit> <Opcode : 'udiv' 'sdiv' 'urem' 'srem'> <InPorts = 2> <OutPorts = 1>
ST_109 : Operation 441 [1/1] (0.42ns)   --->   "%ret_ln0 = ret"   --->   Operation 441 'ret' 'ret_ln0' <Predicate = (icmp_ln71)> <Delay = 0.42>

State 110 <SV = 109> <Delay = 1.45>
ST_110 : Operation 421 [9/36] (1.45ns)   --->   "%sdiv_ln81 = sdiv i32 %sum, i32 %normal_factor_3_reload_cast" [cluster.cpp:81->cluster.cpp:23]   --->   Operation 421 'sdiv' 'sdiv_ln81' <Predicate = true> <Delay = 1.45> <CoreInst = "Divider">   --->   Core 6 'Divider' <Latency = 35> <II = 1> <Delay = 1.45> <FuncUnit> <Opcode : 'udiv' 'sdiv' 'urem' 'srem'> <InPorts = 2> <OutPorts = 1>

State 111 <SV = 110> <Delay = 1.45>
ST_111 : Operation 422 [8/36] (1.45ns)   --->   "%sdiv_ln81 = sdiv i32 %sum, i32 %normal_factor_3_reload_cast" [cluster.cpp:81->cluster.cpp:23]   --->   Operation 422 'sdiv' 'sdiv_ln81' <Predicate = true> <Delay = 1.45> <CoreInst = "Divider">   --->   Core 6 'Divider' <Latency = 35> <II = 1> <Delay = 1.45> <FuncUnit> <Opcode : 'udiv' 'sdiv' 'urem' 'srem'> <InPorts = 2> <OutPorts = 1>

State 112 <SV = 111> <Delay = 1.45>
ST_112 : Operation 423 [7/36] (1.45ns)   --->   "%sdiv_ln81 = sdiv i32 %sum, i32 %normal_factor_3_reload_cast" [cluster.cpp:81->cluster.cpp:23]   --->   Operation 423 'sdiv' 'sdiv_ln81' <Predicate = true> <Delay = 1.45> <CoreInst = "Divider">   --->   Core 6 'Divider' <Latency = 35> <II = 1> <Delay = 1.45> <FuncUnit> <Opcode : 'udiv' 'sdiv' 'urem' 'srem'> <InPorts = 2> <OutPorts = 1>

State 113 <SV = 112> <Delay = 1.45>
ST_113 : Operation 424 [6/36] (1.45ns)   --->   "%sdiv_ln81 = sdiv i32 %sum, i32 %normal_factor_3_reload_cast" [cluster.cpp:81->cluster.cpp:23]   --->   Operation 424 'sdiv' 'sdiv_ln81' <Predicate = true> <Delay = 1.45> <CoreInst = "Divider">   --->   Core 6 'Divider' <Latency = 35> <II = 1> <Delay = 1.45> <FuncUnit> <Opcode : 'udiv' 'sdiv' 'urem' 'srem'> <InPorts = 2> <OutPorts = 1>

State 114 <SV = 113> <Delay = 1.45>
ST_114 : Operation 425 [5/36] (1.45ns)   --->   "%sdiv_ln81 = sdiv i32 %sum, i32 %normal_factor_3_reload_cast" [cluster.cpp:81->cluster.cpp:23]   --->   Operation 425 'sdiv' 'sdiv_ln81' <Predicate = true> <Delay = 1.45> <CoreInst = "Divider">   --->   Core 6 'Divider' <Latency = 35> <II = 1> <Delay = 1.45> <FuncUnit> <Opcode : 'udiv' 'sdiv' 'urem' 'srem'> <InPorts = 2> <OutPorts = 1>

State 115 <SV = 114> <Delay = 1.45>
ST_115 : Operation 426 [4/36] (1.45ns)   --->   "%sdiv_ln81 = sdiv i32 %sum, i32 %normal_factor_3_reload_cast" [cluster.cpp:81->cluster.cpp:23]   --->   Operation 426 'sdiv' 'sdiv_ln81' <Predicate = true> <Delay = 1.45> <CoreInst = "Divider">   --->   Core 6 'Divider' <Latency = 35> <II = 1> <Delay = 1.45> <FuncUnit> <Opcode : 'udiv' 'sdiv' 'urem' 'srem'> <InPorts = 2> <OutPorts = 1>

State 116 <SV = 115> <Delay = 1.45>
ST_116 : Operation 427 [3/36] (1.45ns)   --->   "%sdiv_ln81 = sdiv i32 %sum, i32 %normal_factor_3_reload_cast" [cluster.cpp:81->cluster.cpp:23]   --->   Operation 427 'sdiv' 'sdiv_ln81' <Predicate = true> <Delay = 1.45> <CoreInst = "Divider">   --->   Core 6 'Divider' <Latency = 35> <II = 1> <Delay = 1.45> <FuncUnit> <Opcode : 'udiv' 'sdiv' 'urem' 'srem'> <InPorts = 2> <OutPorts = 1>

State 117 <SV = 116> <Delay = 1.45>
ST_117 : Operation 428 [2/36] (1.45ns)   --->   "%sdiv_ln81 = sdiv i32 %sum, i32 %normal_factor_3_reload_cast" [cluster.cpp:81->cluster.cpp:23]   --->   Operation 428 'sdiv' 'sdiv_ln81' <Predicate = true> <Delay = 1.45> <CoreInst = "Divider">   --->   Core 6 'Divider' <Latency = 35> <II = 1> <Delay = 1.45> <FuncUnit> <Opcode : 'udiv' 'sdiv' 'urem' 'srem'> <InPorts = 2> <OutPorts = 1>

State 118 <SV = 117> <Delay = 2.89>
ST_118 : Operation 429 [1/1] (0.00ns)   --->   "%speclooptripcount_ln0 = speclooptripcount void @_ssdm_op_SpecLoopTripCount, i64 260100, i64 260100, i64 260100"   --->   Operation 429 'speclooptripcount' 'speclooptripcount_ln0' <Predicate = true> <Delay = 0.00>
ST_118 : Operation 430 [1/1] (0.00ns)   --->   "%tmp_4 = bitconcatenate i18 @_ssdm_op_BitConcatenate.i18.i9.i9, i9 %select_ln71, i9 0" [cluster.cpp:71->cluster.cpp:23]   --->   Operation 430 'bitconcatenate' 'tmp_4' <Predicate = true> <Delay = 0.00>
ST_118 : Operation 431 [1/1] (0.00ns)   --->   "%zext_ln72 = zext i9 %select_ln49" [cluster.cpp:72->cluster.cpp:23]   --->   Operation 431 'zext' 'zext_ln72' <Predicate = true> <Delay = 0.00>
ST_118 : Operation 432 [1/1] (0.00ns)   --->   "%specpipeline_ln48 = specpipeline void @_ssdm_op_SpecPipeline, i32 4294967295, i32 0, i32 0, i32 0, void @empty_0" [cluster.cpp:48->cluster.cpp:23]   --->   Operation 432 'specpipeline' 'specpipeline_ln48' <Predicate = true> <Delay = 0.00>
ST_118 : Operation 433 [1/36] (1.45ns)   --->   "%sdiv_ln81 = sdiv i32 %sum, i32 %normal_factor_3_reload_cast" [cluster.cpp:81->cluster.cpp:23]   --->   Operation 433 'sdiv' 'sdiv_ln81' <Predicate = true> <Delay = 1.45> <CoreInst = "Divider">   --->   Core 6 'Divider' <Latency = 35> <II = 1> <Delay = 1.45> <FuncUnit> <Opcode : 'udiv' 'sdiv' 'urem' 'srem'> <InPorts = 2> <OutPorts = 1>
ST_118 : Operation 434 [1/1] (0.78ns)   --->   "%add_ln80_2 = add i10 %zext_ln72, i10 513" [cluster.cpp:80->cluster.cpp:23]   --->   Operation 434 'add' 'add_ln80_2' <Predicate = true> <Delay = 0.78> <CoreInst = "Adder">   --->   Core 1 'Adder' <Latency = 0> <II = 1> <Delay = 0.78> <FuncUnit> <Opcode : 'add' 'sub'> <InPorts = 2> <OutPorts = 1>
ST_118 : Operation 435 [1/1] (0.00ns)   --->   "%zext_ln80 = zext i10 %add_ln80_2" [cluster.cpp:80->cluster.cpp:23]   --->   Operation 435 'zext' 'zext_ln80' <Predicate = true> <Delay = 0.00>
ST_118 : Operation 436 [1/1] (0.87ns)   --->   "%add_ln80_1 = add i18 %zext_ln80, i18 %tmp_4" [cluster.cpp:80->cluster.cpp:23]   --->   Operation 436 'add' 'add_ln80_1' <Predicate = true> <Delay = 0.87> <CoreInst = "Adder">   --->   Core 1 'Adder' <Latency = 0> <II = 1> <Delay = 0.87> <FuncUnit> <Opcode : 'add' 'sub'> <InPorts = 2> <OutPorts = 1>
ST_118 : Operation 437 [1/1] (0.00ns)   --->   "%zext_ln80_1 = zext i18 %add_ln80_1" [cluster.cpp:80->cluster.cpp:23]   --->   Operation 437 'zext' 'zext_ln80_1' <Predicate = true> <Delay = 0.00>
ST_118 : Operation 438 [1/1] (0.00ns)   --->   "%temp_buf_addr = getelementptr i32 %temp_buf, i64 0, i64 %zext_ln80_1" [cluster.cpp:80->cluster.cpp:23]   --->   Operation 438 'getelementptr' 'temp_buf_addr' <Predicate = true> <Delay = 0.00>
ST_118 : Operation 439 [1/1] ( I:1.23ns O:1.23ns )   --->   "%store_ln80 = store i32 %sdiv_ln81, i18 %temp_buf_addr" [cluster.cpp:80->cluster.cpp:23]   --->   Operation 439 'store' 'store_ln80' <Predicate = true> <Delay = 1.23> <CoreInst = "RAM">   --->   Core 82 'RAM' <Latency = 1> <II = 1> <Delay = 1.23> <Storage> <Opcode : 'load' 'store'> <Ports = 2> <Width = 32> <Depth = 262144> <RAM>
ST_118 : Operation 440 [1/1] (0.00ns)   --->   "%br_ln72 = br void %for.body13.i77" [cluster.cpp:72->cluster.cpp:23]   --->   Operation 440 'br' 'br_ln72' <Predicate = true> <Delay = 0.00>


============================================================
+ Verbose Summary: Timing violations
============================================================
Target clock period: 6.667ns, clock uncertainty: 2.000ns.

 <State 1>: 0.427ns
The critical path consists of the following:
	'alloca' operation 18 bit ('indvar_flatten40') [7]  (0.000 ns)
	'store' operation 0 bit ('store_ln0') of constant 0 on local variable 'indvar_flatten40' [12]  (0.427 ns)

 <State 2>: 2.377ns
The critical path consists of the following:
	'load' operation 9 bit ('c_load', cluster.cpp:72->cluster.cpp:23) on local variable 'c', cluster.cpp:48->cluster.cpp:23 [23]  (0.000 ns)
	'icmp' operation 1 bit ('icmp_ln72', cluster.cpp:72->cluster.cpp:23) [26]  (0.776 ns)
	'select' operation 9 bit ('select_ln49', cluster.cpp:49->cluster.cpp:23) [27]  (0.398 ns)
	'add' operation 9 bit ('add_ln80', cluster.cpp:80->cluster.cpp:23) [72]  (0.776 ns)
	'store' operation 0 bit ('store_ln48', cluster.cpp:48->cluster.cpp:23) of variable 'add_ln80', cluster.cpp:80->cluster.cpp:23 on local variable 'c', cluster.cpp:48->cluster.cpp:23 [81]  (0.427 ns)

 <State 3>: 4.667ns
The critical path consists of the following:
	bus request operation ('empty_15', cluster.cpp:75->cluster.cpp:23) on port 'gmem' (cluster.cpp:75->cluster.cpp:23) [39]  (4.667 ns)

 <State 4>: 4.667ns
The critical path consists of the following:
	bus request operation ('empty_15', cluster.cpp:75->cluster.cpp:23) on port 'gmem' (cluster.cpp:75->cluster.cpp:23) [39]  (4.667 ns)

 <State 5>: 4.667ns
The critical path consists of the following:
	bus request operation ('empty_15', cluster.cpp:75->cluster.cpp:23) on port 'gmem' (cluster.cpp:75->cluster.cpp:23) [39]  (4.667 ns)

 <State 6>: 4.667ns
The critical path consists of the following:
	bus request operation ('empty_15', cluster.cpp:75->cluster.cpp:23) on port 'gmem' (cluster.cpp:75->cluster.cpp:23) [39]  (4.667 ns)

 <State 7>: 4.667ns
The critical path consists of the following:
	bus request operation ('empty_15', cluster.cpp:75->cluster.cpp:23) on port 'gmem' (cluster.cpp:75->cluster.cpp:23) [39]  (4.667 ns)

 <State 8>: 4.667ns
The critical path consists of the following:
	bus request operation ('empty_15', cluster.cpp:75->cluster.cpp:23) on port 'gmem' (cluster.cpp:75->cluster.cpp:23) [39]  (4.667 ns)

 <State 9>: 4.667ns
The critical path consists of the following:
	bus request operation ('empty_15', cluster.cpp:75->cluster.cpp:23) on port 'gmem' (cluster.cpp:75->cluster.cpp:23) [39]  (4.667 ns)

 <State 10>: 4.667ns
The critical path consists of the following:
	bus request operation ('empty_15', cluster.cpp:75->cluster.cpp:23) on port 'gmem' (cluster.cpp:75->cluster.cpp:23) [39]  (4.667 ns)

 <State 11>: 4.667ns
The critical path consists of the following:
	bus request operation ('empty_15', cluster.cpp:75->cluster.cpp:23) on port 'gmem' (cluster.cpp:75->cluster.cpp:23) [39]  (4.667 ns)

 <State 12>: 4.667ns
The critical path consists of the following:
	bus request operation ('empty_15', cluster.cpp:75->cluster.cpp:23) on port 'gmem' (cluster.cpp:75->cluster.cpp:23) [39]  (4.667 ns)

 <State 13>: 4.667ns
The critical path consists of the following:
	bus request operation ('empty_15', cluster.cpp:75->cluster.cpp:23) on port 'gmem' (cluster.cpp:75->cluster.cpp:23) [39]  (4.667 ns)

 <State 14>: 4.667ns
The critical path consists of the following:
	bus request operation ('empty_15', cluster.cpp:75->cluster.cpp:23) on port 'gmem' (cluster.cpp:75->cluster.cpp:23) [39]  (4.667 ns)

 <State 15>: 4.667ns
The critical path consists of the following:
	bus request operation ('empty_15', cluster.cpp:75->cluster.cpp:23) on port 'gmem' (cluster.cpp:75->cluster.cpp:23) [39]  (4.667 ns)

 <State 16>: 4.667ns
The critical path consists of the following:
	bus request operation ('empty_15', cluster.cpp:75->cluster.cpp:23) on port 'gmem' (cluster.cpp:75->cluster.cpp:23) [39]  (4.667 ns)

 <State 17>: 4.667ns
The critical path consists of the following:
	bus request operation ('empty_15', cluster.cpp:75->cluster.cpp:23) on port 'gmem' (cluster.cpp:75->cluster.cpp:23) [39]  (4.667 ns)

 <State 18>: 4.667ns
The critical path consists of the following:
	bus request operation ('empty_15', cluster.cpp:75->cluster.cpp:23) on port 'gmem' (cluster.cpp:75->cluster.cpp:23) [39]  (4.667 ns)

 <State 19>: 4.667ns
The critical path consists of the following:
	bus request operation ('empty_15', cluster.cpp:75->cluster.cpp:23) on port 'gmem' (cluster.cpp:75->cluster.cpp:23) [39]  (4.667 ns)

 <State 20>: 4.667ns
The critical path consists of the following:
	bus request operation ('empty_15', cluster.cpp:75->cluster.cpp:23) on port 'gmem' (cluster.cpp:75->cluster.cpp:23) [39]  (4.667 ns)

 <State 21>: 4.667ns
The critical path consists of the following:
	bus request operation ('empty_15', cluster.cpp:75->cluster.cpp:23) on port 'gmem' (cluster.cpp:75->cluster.cpp:23) [39]  (4.667 ns)

 <State 22>: 4.667ns
The critical path consists of the following:
	bus request operation ('empty_15', cluster.cpp:75->cluster.cpp:23) on port 'gmem' (cluster.cpp:75->cluster.cpp:23) [39]  (4.667 ns)

 <State 23>: 4.667ns
The critical path consists of the following:
	bus request operation ('empty_15', cluster.cpp:75->cluster.cpp:23) on port 'gmem' (cluster.cpp:75->cluster.cpp:23) [39]  (4.667 ns)

 <State 24>: 4.667ns
The critical path consists of the following:
	bus request operation ('empty_15', cluster.cpp:75->cluster.cpp:23) on port 'gmem' (cluster.cpp:75->cluster.cpp:23) [39]  (4.667 ns)

 <State 25>: 4.667ns
The critical path consists of the following:
	bus request operation ('empty_15', cluster.cpp:75->cluster.cpp:23) on port 'gmem' (cluster.cpp:75->cluster.cpp:23) [39]  (4.667 ns)

 <State 26>: 4.667ns
The critical path consists of the following:
	bus request operation ('empty_15', cluster.cpp:75->cluster.cpp:23) on port 'gmem' (cluster.cpp:75->cluster.cpp:23) [39]  (4.667 ns)

 <State 27>: 4.667ns
The critical path consists of the following:
	bus request operation ('empty_15', cluster.cpp:75->cluster.cpp:23) on port 'gmem' (cluster.cpp:75->cluster.cpp:23) [39]  (4.667 ns)

 <State 28>: 4.667ns
The critical path consists of the following:
	bus request operation ('empty_15', cluster.cpp:75->cluster.cpp:23) on port 'gmem' (cluster.cpp:75->cluster.cpp:23) [39]  (4.667 ns)

 <State 29>: 4.667ns
The critical path consists of the following:
	bus request operation ('empty_15', cluster.cpp:75->cluster.cpp:23) on port 'gmem' (cluster.cpp:75->cluster.cpp:23) [39]  (4.667 ns)

 <State 30>: 4.667ns
The critical path consists of the following:
	bus request operation ('empty_15', cluster.cpp:75->cluster.cpp:23) on port 'gmem' (cluster.cpp:75->cluster.cpp:23) [39]  (4.667 ns)

 <State 31>: 4.667ns
The critical path consists of the following:
	bus request operation ('empty_15', cluster.cpp:75->cluster.cpp:23) on port 'gmem' (cluster.cpp:75->cluster.cpp:23) [39]  (4.667 ns)

 <State 32>: 4.667ns
The critical path consists of the following:
	bus request operation ('empty_15', cluster.cpp:75->cluster.cpp:23) on port 'gmem' (cluster.cpp:75->cluster.cpp:23) [39]  (4.667 ns)

 <State 33>: 4.667ns
The critical path consists of the following:
	bus request operation ('empty_15', cluster.cpp:75->cluster.cpp:23) on port 'gmem' (cluster.cpp:75->cluster.cpp:23) [39]  (4.667 ns)

 <State 34>: 4.667ns
The critical path consists of the following:
	bus request operation ('empty_15', cluster.cpp:75->cluster.cpp:23) on port 'gmem' (cluster.cpp:75->cluster.cpp:23) [39]  (4.667 ns)

 <State 35>: 4.667ns
The critical path consists of the following:
	bus request operation ('empty_15', cluster.cpp:75->cluster.cpp:23) on port 'gmem' (cluster.cpp:75->cluster.cpp:23) [39]  (4.667 ns)

 <State 36>: 4.667ns
The critical path consists of the following:
	bus request operation ('empty_15', cluster.cpp:75->cluster.cpp:23) on port 'gmem' (cluster.cpp:75->cluster.cpp:23) [39]  (4.667 ns)

 <State 37>: 4.667ns
The critical path consists of the following:
	bus request operation ('empty_15', cluster.cpp:75->cluster.cpp:23) on port 'gmem' (cluster.cpp:75->cluster.cpp:23) [39]  (4.667 ns)

 <State 38>: 4.667ns
The critical path consists of the following:
	bus request operation ('empty_15', cluster.cpp:75->cluster.cpp:23) on port 'gmem' (cluster.cpp:75->cluster.cpp:23) [39]  (4.667 ns)

 <State 39>: 4.667ns
The critical path consists of the following:
	bus request operation ('empty_15', cluster.cpp:75->cluster.cpp:23) on port 'gmem' (cluster.cpp:75->cluster.cpp:23) [39]  (4.667 ns)

 <State 40>: 4.667ns
The critical path consists of the following:
	bus request operation ('empty_15', cluster.cpp:75->cluster.cpp:23) on port 'gmem' (cluster.cpp:75->cluster.cpp:23) [39]  (4.667 ns)

 <State 41>: 4.667ns
The critical path consists of the following:
	bus request operation ('empty_15', cluster.cpp:75->cluster.cpp:23) on port 'gmem' (cluster.cpp:75->cluster.cpp:23) [39]  (4.667 ns)

 <State 42>: 4.667ns
The critical path consists of the following:
	bus request operation ('empty_15', cluster.cpp:75->cluster.cpp:23) on port 'gmem' (cluster.cpp:75->cluster.cpp:23) [39]  (4.667 ns)

 <State 43>: 4.667ns
The critical path consists of the following:
	bus request operation ('empty_15', cluster.cpp:75->cluster.cpp:23) on port 'gmem' (cluster.cpp:75->cluster.cpp:23) [39]  (4.667 ns)

 <State 44>: 4.667ns
The critical path consists of the following:
	bus request operation ('empty_15', cluster.cpp:75->cluster.cpp:23) on port 'gmem' (cluster.cpp:75->cluster.cpp:23) [39]  (4.667 ns)

 <State 45>: 4.667ns
The critical path consists of the following:
	bus request operation ('empty_15', cluster.cpp:75->cluster.cpp:23) on port 'gmem' (cluster.cpp:75->cluster.cpp:23) [39]  (4.667 ns)

 <State 46>: 4.667ns
The critical path consists of the following:
	bus request operation ('empty_15', cluster.cpp:75->cluster.cpp:23) on port 'gmem' (cluster.cpp:75->cluster.cpp:23) [39]  (4.667 ns)

 <State 47>: 4.667ns
The critical path consists of the following:
	bus request operation ('empty_15', cluster.cpp:75->cluster.cpp:23) on port 'gmem' (cluster.cpp:75->cluster.cpp:23) [39]  (4.667 ns)

 <State 48>: 4.667ns
The critical path consists of the following:
	bus request operation ('empty_15', cluster.cpp:75->cluster.cpp:23) on port 'gmem' (cluster.cpp:75->cluster.cpp:23) [39]  (4.667 ns)

 <State 49>: 4.667ns
The critical path consists of the following:
	bus request operation ('empty_15', cluster.cpp:75->cluster.cpp:23) on port 'gmem' (cluster.cpp:75->cluster.cpp:23) [39]  (4.667 ns)

 <State 50>: 4.667ns
The critical path consists of the following:
	bus request operation ('empty_15', cluster.cpp:75->cluster.cpp:23) on port 'gmem' (cluster.cpp:75->cluster.cpp:23) [39]  (4.667 ns)

 <State 51>: 4.667ns
The critical path consists of the following:
	bus request operation ('empty_15', cluster.cpp:75->cluster.cpp:23) on port 'gmem' (cluster.cpp:75->cluster.cpp:23) [39]  (4.667 ns)

 <State 52>: 4.667ns
The critical path consists of the following:
	bus request operation ('empty_15', cluster.cpp:75->cluster.cpp:23) on port 'gmem' (cluster.cpp:75->cluster.cpp:23) [39]  (4.667 ns)

 <State 53>: 4.667ns
The critical path consists of the following:
	bus request operation ('empty_15', cluster.cpp:75->cluster.cpp:23) on port 'gmem' (cluster.cpp:75->cluster.cpp:23) [39]  (4.667 ns)

 <State 54>: 4.667ns
The critical path consists of the following:
	bus request operation ('empty_15', cluster.cpp:75->cluster.cpp:23) on port 'gmem' (cluster.cpp:75->cluster.cpp:23) [39]  (4.667 ns)

 <State 55>: 4.667ns
The critical path consists of the following:
	bus request operation ('empty_15', cluster.cpp:75->cluster.cpp:23) on port 'gmem' (cluster.cpp:75->cluster.cpp:23) [39]  (4.667 ns)

 <State 56>: 4.667ns
The critical path consists of the following:
	bus request operation ('empty_15', cluster.cpp:75->cluster.cpp:23) on port 'gmem' (cluster.cpp:75->cluster.cpp:23) [39]  (4.667 ns)

 <State 57>: 4.667ns
The critical path consists of the following:
	bus request operation ('empty_15', cluster.cpp:75->cluster.cpp:23) on port 'gmem' (cluster.cpp:75->cluster.cpp:23) [39]  (4.667 ns)

 <State 58>: 4.667ns
The critical path consists of the following:
	bus request operation ('empty_15', cluster.cpp:75->cluster.cpp:23) on port 'gmem' (cluster.cpp:75->cluster.cpp:23) [39]  (4.667 ns)

 <State 59>: 4.667ns
The critical path consists of the following:
	bus request operation ('empty_15', cluster.cpp:75->cluster.cpp:23) on port 'gmem' (cluster.cpp:75->cluster.cpp:23) [39]  (4.667 ns)

 <State 60>: 4.667ns
The critical path consists of the following:
	bus request operation ('empty_15', cluster.cpp:75->cluster.cpp:23) on port 'gmem' (cluster.cpp:75->cluster.cpp:23) [39]  (4.667 ns)

 <State 61>: 4.667ns
The critical path consists of the following:
	bus request operation ('empty_15', cluster.cpp:75->cluster.cpp:23) on port 'gmem' (cluster.cpp:75->cluster.cpp:23) [39]  (4.667 ns)

 <State 62>: 4.667ns
The critical path consists of the following:
	bus request operation ('empty_15', cluster.cpp:75->cluster.cpp:23) on port 'gmem' (cluster.cpp:75->cluster.cpp:23) [39]  (4.667 ns)

 <State 63>: 4.667ns
The critical path consists of the following:
	bus request operation ('empty_15', cluster.cpp:75->cluster.cpp:23) on port 'gmem' (cluster.cpp:75->cluster.cpp:23) [39]  (4.667 ns)

 <State 64>: 4.667ns
The critical path consists of the following:
	bus request operation ('empty_15', cluster.cpp:75->cluster.cpp:23) on port 'gmem' (cluster.cpp:75->cluster.cpp:23) [39]  (4.667 ns)

 <State 65>: 4.667ns
The critical path consists of the following:
	bus request operation ('empty_15', cluster.cpp:75->cluster.cpp:23) on port 'gmem' (cluster.cpp:75->cluster.cpp:23) [39]  (4.667 ns)

 <State 66>: 4.667ns
The critical path consists of the following:
	bus request operation ('empty_15', cluster.cpp:75->cluster.cpp:23) on port 'gmem' (cluster.cpp:75->cluster.cpp:23) [39]  (4.667 ns)

 <State 67>: 4.667ns
The critical path consists of the following:
	bus request operation ('empty_15', cluster.cpp:75->cluster.cpp:23) on port 'gmem' (cluster.cpp:75->cluster.cpp:23) [39]  (4.667 ns)

 <State 68>: 4.667ns
The critical path consists of the following:
	bus request operation ('empty_15', cluster.cpp:75->cluster.cpp:23) on port 'gmem' (cluster.cpp:75->cluster.cpp:23) [39]  (4.667 ns)

 <State 69>: 4.667ns
The critical path consists of the following:
	bus request operation ('empty_15', cluster.cpp:75->cluster.cpp:23) on port 'gmem' (cluster.cpp:75->cluster.cpp:23) [39]  (4.667 ns)

 <State 70>: 4.667ns
The critical path consists of the following:
	bus request operation ('empty_15', cluster.cpp:75->cluster.cpp:23) on port 'gmem' (cluster.cpp:75->cluster.cpp:23) [39]  (4.667 ns)

 <State 71>: 4.667ns
The critical path consists of the following:
	bus request operation ('empty_15', cluster.cpp:75->cluster.cpp:23) on port 'gmem' (cluster.cpp:75->cluster.cpp:23) [39]  (4.667 ns)

 <State 72>: 4.667ns
The critical path consists of the following:
	bus request operation ('empty_15', cluster.cpp:75->cluster.cpp:23) on port 'gmem' (cluster.cpp:75->cluster.cpp:23) [39]  (4.667 ns)

 <State 73>: 4.667ns
The critical path consists of the following:
	bus request operation ('empty_15', cluster.cpp:75->cluster.cpp:23) on port 'gmem' (cluster.cpp:75->cluster.cpp:23) [39]  (4.667 ns)

 <State 74>: 4.667ns
The critical path consists of the following:
	bus read operation ('gmem_addr_read', cluster.cpp:77->cluster.cpp:23) on port 'gmem' (cluster.cpp:77->cluster.cpp:23) [40]  (4.667 ns)

 <State 75>: 4.667ns
The critical path consists of the following:
	bus read operation ('gmem_addr_read_1', cluster.cpp:77->cluster.cpp:23) on port 'gmem' (cluster.cpp:77->cluster.cpp:23) [41]  (4.667 ns)

 <State 76>: 4.667ns
The critical path consists of the following:
	bus read operation ('gmem_addr_read_2', cluster.cpp:77->cluster.cpp:23) on port 'gmem' (cluster.cpp:77->cluster.cpp:23) [43]  (4.667 ns)

 <State 77>: 4.667ns
The critical path consists of the following:
	bus read operation ('empty_18', cluster.cpp:77->cluster.cpp:23) on port 'gmem' (cluster.cpp:77->cluster.cpp:23) [51]  (4.667 ns)

 <State 78>: 4.667ns
The critical path consists of the following:
	bus read operation ('empty_19', cluster.cpp:77->cluster.cpp:23) on port 'gmem' (cluster.cpp:77->cluster.cpp:23) [52]  (4.667 ns)

 <State 79>: 4.667ns
The critical path consists of the following:
	bus read operation ('empty_20', cluster.cpp:77->cluster.cpp:23) on port 'gmem' (cluster.cpp:77->cluster.cpp:23) [53]  (4.667 ns)

 <State 80>: 4.667ns
The critical path consists of the following:
	bus read operation ('gmem_addr_3_read', cluster.cpp:77->cluster.cpp:23) on port 'gmem' (cluster.cpp:77->cluster.cpp:23) [61]  (4.667 ns)

 <State 81>: 4.667ns
The critical path consists of the following:
	bus read operation ('gmem_addr_3_read_1', cluster.cpp:77->cluster.cpp:23) on port 'gmem' (cluster.cpp:77->cluster.cpp:23) [62]  (4.667 ns)

 <State 82>: 4.667ns
The critical path consists of the following:
	bus read operation ('gmem_addr_3_read_2', cluster.cpp:77->cluster.cpp:23) on port 'gmem' (cluster.cpp:77->cluster.cpp:23) [64]  (4.667 ns)

 <State 83>: 2.184ns
The critical path consists of the following:
	'add' operation 32 bit ('sum', cluster.cpp:76->cluster.cpp:23) [70]  (0.731 ns)
	'sdiv' operation 32 bit ('sdiv_ln81', cluster.cpp:81->cluster.cpp:23) [71]  (1.453 ns)

 <State 84>: 1.453ns
The critical path consists of the following:
	'sdiv' operation 32 bit ('sdiv_ln81', cluster.cpp:81->cluster.cpp:23) [71]  (1.453 ns)

 <State 85>: 1.453ns
The critical path consists of the following:
	'sdiv' operation 32 bit ('sdiv_ln81', cluster.cpp:81->cluster.cpp:23) [71]  (1.453 ns)

 <State 86>: 1.453ns
The critical path consists of the following:
	'sdiv' operation 32 bit ('sdiv_ln81', cluster.cpp:81->cluster.cpp:23) [71]  (1.453 ns)

 <State 87>: 1.453ns
The critical path consists of the following:
	'sdiv' operation 32 bit ('sdiv_ln81', cluster.cpp:81->cluster.cpp:23) [71]  (1.453 ns)

 <State 88>: 1.453ns
The critical path consists of the following:
	'sdiv' operation 32 bit ('sdiv_ln81', cluster.cpp:81->cluster.cpp:23) [71]  (1.453 ns)

 <State 89>: 1.453ns
The critical path consists of the following:
	'sdiv' operation 32 bit ('sdiv_ln81', cluster.cpp:81->cluster.cpp:23) [71]  (1.453 ns)

 <State 90>: 1.453ns
The critical path consists of the following:
	'sdiv' operation 32 bit ('sdiv_ln81', cluster.cpp:81->cluster.cpp:23) [71]  (1.453 ns)

 <State 91>: 1.453ns
The critical path consists of the following:
	'sdiv' operation 32 bit ('sdiv_ln81', cluster.cpp:81->cluster.cpp:23) [71]  (1.453 ns)

 <State 92>: 1.453ns
The critical path consists of the following:
	'sdiv' operation 32 bit ('sdiv_ln81', cluster.cpp:81->cluster.cpp:23) [71]  (1.453 ns)

 <State 93>: 1.453ns
The critical path consists of the following:
	'sdiv' operation 32 bit ('sdiv_ln81', cluster.cpp:81->cluster.cpp:23) [71]  (1.453 ns)

 <State 94>: 1.453ns
The critical path consists of the following:
	'sdiv' operation 32 bit ('sdiv_ln81', cluster.cpp:81->cluster.cpp:23) [71]  (1.453 ns)

 <State 95>: 1.453ns
The critical path consists of the following:
	'sdiv' operation 32 bit ('sdiv_ln81', cluster.cpp:81->cluster.cpp:23) [71]  (1.453 ns)

 <State 96>: 1.453ns
The critical path consists of the following:
	'sdiv' operation 32 bit ('sdiv_ln81', cluster.cpp:81->cluster.cpp:23) [71]  (1.453 ns)

 <State 97>: 1.453ns
The critical path consists of the following:
	'sdiv' operation 32 bit ('sdiv_ln81', cluster.cpp:81->cluster.cpp:23) [71]  (1.453 ns)

 <State 98>: 1.453ns
The critical path consists of the following:
	'sdiv' operation 32 bit ('sdiv_ln81', cluster.cpp:81->cluster.cpp:23) [71]  (1.453 ns)

 <State 99>: 1.453ns
The critical path consists of the following:
	'sdiv' operation 32 bit ('sdiv_ln81', cluster.cpp:81->cluster.cpp:23) [71]  (1.453 ns)

 <State 100>: 1.453ns
The critical path consists of the following:
	'sdiv' operation 32 bit ('sdiv_ln81', cluster.cpp:81->cluster.cpp:23) [71]  (1.453 ns)

 <State 101>: 1.453ns
The critical path consists of the following:
	'sdiv' operation 32 bit ('sdiv_ln81', cluster.cpp:81->cluster.cpp:23) [71]  (1.453 ns)

 <State 102>: 1.453ns
The critical path consists of the following:
	'sdiv' operation 32 bit ('sdiv_ln81', cluster.cpp:81->cluster.cpp:23) [71]  (1.453 ns)

 <State 103>: 1.453ns
The critical path consists of the following:
	'sdiv' operation 32 bit ('sdiv_ln81', cluster.cpp:81->cluster.cpp:23) [71]  (1.453 ns)

 <State 104>: 1.453ns
The critical path consists of the following:
	'sdiv' operation 32 bit ('sdiv_ln81', cluster.cpp:81->cluster.cpp:23) [71]  (1.453 ns)

 <State 105>: 1.453ns
The critical path consists of the following:
	'sdiv' operation 32 bit ('sdiv_ln81', cluster.cpp:81->cluster.cpp:23) [71]  (1.453 ns)

 <State 106>: 1.453ns
The critical path consists of the following:
	'sdiv' operation 32 bit ('sdiv_ln81', cluster.cpp:81->cluster.cpp:23) [71]  (1.453 ns)

 <State 107>: 1.453ns
The critical path consists of the following:
	'sdiv' operation 32 bit ('sdiv_ln81', cluster.cpp:81->cluster.cpp:23) [71]  (1.453 ns)

 <State 108>: 1.453ns
The critical path consists of the following:
	'sdiv' operation 32 bit ('sdiv_ln81', cluster.cpp:81->cluster.cpp:23) [71]  (1.453 ns)

 <State 109>: 1.453ns
The critical path consists of the following:
	'sdiv' operation 32 bit ('sdiv_ln81', cluster.cpp:81->cluster.cpp:23) [71]  (1.453 ns)

 <State 110>: 1.453ns
The critical path consists of the following:
	'sdiv' operation 32 bit ('sdiv_ln81', cluster.cpp:81->cluster.cpp:23) [71]  (1.453 ns)

 <State 111>: 1.453ns
The critical path consists of the following:
	'sdiv' operation 32 bit ('sdiv_ln81', cluster.cpp:81->cluster.cpp:23) [71]  (1.453 ns)

 <State 112>: 1.453ns
The critical path consists of the following:
	'sdiv' operation 32 bit ('sdiv_ln81', cluster.cpp:81->cluster.cpp:23) [71]  (1.453 ns)

 <State 113>: 1.453ns
The critical path consists of the following:
	'sdiv' operation 32 bit ('sdiv_ln81', cluster.cpp:81->cluster.cpp:23) [71]  (1.453 ns)

 <State 114>: 1.453ns
The critical path consists of the following:
	'sdiv' operation 32 bit ('sdiv_ln81', cluster.cpp:81->cluster.cpp:23) [71]  (1.453 ns)

 <State 115>: 1.453ns
The critical path consists of the following:
	'sdiv' operation 32 bit ('sdiv_ln81', cluster.cpp:81->cluster.cpp:23) [71]  (1.453 ns)

 <State 116>: 1.453ns
The critical path consists of the following:
	'sdiv' operation 32 bit ('sdiv_ln81', cluster.cpp:81->cluster.cpp:23) [71]  (1.453 ns)

 <State 117>: 1.453ns
The critical path consists of the following:
	'sdiv' operation 32 bit ('sdiv_ln81', cluster.cpp:81->cluster.cpp:23) [71]  (1.453 ns)

 <State 118>: 2.897ns
The critical path consists of the following:
	'add' operation 10 bit ('add_ln80_2', cluster.cpp:80->cluster.cpp:23) [73]  (0.787 ns)
	'add' operation 18 bit ('add_ln80_1', cluster.cpp:80->cluster.cpp:23) [75]  (0.873 ns)
	'getelementptr' operation 18 bit ('temp_buf_addr', cluster.cpp:80->cluster.cpp:23) [77]  (0.000 ns)
	'store' operation 0 bit ('store_ln80', cluster.cpp:80->cluster.cpp:23) of variable 'sdiv_ln81', cluster.cpp:81->cluster.cpp:23 on array 'temp_buf' [78]  (1.237 ns)


============================================================
+ Verbose Summary: Binding
============================================================
N/A
* FSMD analyzer results:
  - Output states:
 - Input state : 
  - Chain level:
	State 1
	State 2
	State 3
	State 4
	State 5
	State 6
	State 7
	State 8
	State 9
	State 10
	State 11
	State 12
	State 13
	State 14
	State 15
	State 16
	State 17
	State 18
	State 19
	State 20
	State 21
	State 22
	State 23
	State 24
	State 25
	State 26
	State 27
	State 28
	State 29
	State 30
	State 31
	State 32
	State 33
	State 34
	State 35
	State 36
	State 37
	State 38
	State 39
	State 40
	State 41
	State 42
	State 43
	State 44
	State 45
	State 46
	State 47
	State 48
	State 49
	State 50
	State 51
	State 52
	State 53
	State 54
	State 55
	State 56
	State 57
	State 58
	State 59
	State 60
	State 61
	State 62
	State 63
	State 64
	State 65
	State 66
	State 67
	State 68
	State 69
	State 70
	State 71
	State 72
	State 73
	State 74
	State 75
	State 76
	State 77
	State 78
	State 79
	State 80
	State 81
	State 82
	State 83
	State 84
	State 85
	State 86
	State 87
	State 88
	State 89
	State 90
	State 91
	State 92
	State 93
	State 94
	State 95
	State 96
	State 97
	State 98
	State 99
	State 100
	State 101
	State 102
	State 103
	State 104
	State 105
	State 106
	State 107
	State 108
	State 109
	State 110
	State 111
	State 112
	State 113
	State 114
	State 115
	State 116
	State 117
	State 118


============================================================
+ Verbose Summary: Datapath Resource usage 
============================================================
N/A
