

================================================================
== Vitis HLS Report for 'edge_detect_hw_Pipeline_7'
================================================================
* Date:           Tue Sep  8 14:06:58 2026

* Version:        2024.2.2 (Build 6049644 on Mar  5 2025)
* Project:        final
* Solution:       hls (Vitis Kernel Flow Target)
* Product family: zynquplus
* Target device:  xczu9eg-ffvb1156-2-e


================================================================
== Performance Estimates
================================================================
+ Timing: 
    * Summary: 
    +--------+---------+----------+------------+
    |  Clock |  Target | Estimated| Uncertainty|
    +--------+---------+----------+------------+
    |ap_clk  |  6.67 ns|  4.667 ns|     2.00 ns|
    +--------+---------+----------+------------+

+ Latency: 
    * Summary: 
    +---------+---------+----------+----------+--------+--------+------------------------------------------------+
    |  Latency (cycles) |  Latency (absolute) |     Interval    |                    Pipeline                    |
    |   min   |   max   |    min   |    max   |   min  |   max  |                      Type                      |
    +---------+---------+----------+----------+--------+--------+------------------------------------------------+
    |   262287|   262287|  1.749 ms|  1.749 ms|  262145|  262145|  loop auto-rewind stp (delay=0 clock cycles(s))|
    +---------+---------+----------+----------+--------+--------+------------------------------------------------+

    + Detail: 
        * Instance: 
        N/A

        * Loop: 
        +----------+---------+---------+----------+-----------+-----------+--------+----------+
        |          |  Latency (cycles) | Iteration|  Initiation Interval  |  Trip  |          |
        | Loop Name|   min   |   max   |  Latency |  achieved |   target  |  Count | Pipelined|
        +----------+---------+---------+----------+-----------+-----------+--------+----------+
        |- Loop 1  |   262285|   262285|       143|          1|          1|  262144|       yes|
        +----------+---------+---------+----------+-----------+-----------+--------+----------+

============================================================
+ Verbose Summary: Synthesis Manager
============================================================
InlineROM: 1
ExposeGlobal: 0
============================================================
+ Verbose Summary: CDFG Model
============================================================
IsTopModel: 0
ResetActiveHigh: 1
IsCombinational: 0
IsDatapathOnly: 0
HasWiredReturn: 1
HasMFsm: 2
HasVarLatency: 1
IsPipeline: 0
IsRtlPipelined: 0
IsInstanceOverlapped: 0
IsDontTouch: 0
HasImplIP: 0
IsGatedGlobalClock: 0

+ Individual pipeline summary: 
  * Pipeline-0: initiation interval (II) = 1, depth = 144


============================================================
+ Verbose Summary: Schedule
============================================================
* Number of FSM states : 144
* Pipeline : 1
  Pipeline-0 : II = 1, D = 144, States = { 1 2 3 4 5 6 7 8 9 10 11 12 13 14 15 16 17 18 19 20 21 22 23 24 25 26 27 28 29 30 31 32 33 34 35 36 37 38 39 40 41 42 43 44 45 46 47 48 49 50 51 52 53 54 55 56 57 58 59 60 61 62 63 64 65 66 67 68 69 70 71 72 73 74 75 76 77 78 79 80 81 82 83 84 85 86 87 88 89 90 91 92 93 94 95 96 97 98 99 100 101 102 103 104 105 106 107 108 109 110 111 112 113 114 115 116 117 118 119 120 121 122 123 124 125 126 127 128 129 130 131 132 133 134 135 136 137 138 139 140 141 142 143 144 }
* Dataflow Pipeline: 0

* FSM state transitions: 
1 --> 2 
2 --> 3 
3 --> 4 
4 --> 5 
5 --> 6 
6 --> 7 
7 --> 8 
8 --> 9 
9 --> 10 
10 --> 11 
11 --> 12 
12 --> 13 
13 --> 14 
14 --> 15 
15 --> 16 
16 --> 17 
17 --> 18 
18 --> 19 
19 --> 20 
20 --> 21 
21 --> 22 
22 --> 23 
23 --> 24 
24 --> 25 
25 --> 26 
26 --> 27 
27 --> 28 
28 --> 29 
29 --> 30 
30 --> 31 
31 --> 32 
32 --> 33 
33 --> 34 
34 --> 35 
35 --> 36 
36 --> 37 
37 --> 38 
38 --> 39 
39 --> 40 
40 --> 41 
41 --> 42 
42 --> 43 
43 --> 44 
44 --> 45 
45 --> 46 
46 --> 47 
47 --> 48 
48 --> 49 
49 --> 50 
50 --> 51 
51 --> 52 
52 --> 53 
53 --> 54 
54 --> 55 
55 --> 56 
56 --> 57 
57 --> 58 
58 --> 59 
59 --> 60 
60 --> 61 
61 --> 62 
62 --> 63 
63 --> 64 
64 --> 65 
65 --> 66 
66 --> 67 
67 --> 68 
68 --> 69 
69 --> 70 
70 --> 71 
71 --> 72 
72 --> 73 
73 --> 74 
74 --> 75 
75 --> 76 
76 --> 77 
77 --> 78 
78 --> 79 
79 --> 80 
80 --> 81 
81 --> 82 
82 --> 83 
83 --> 84 
84 --> 85 
85 --> 86 
86 --> 87 
87 --> 88 
88 --> 89 
89 --> 90 
90 --> 91 
91 --> 92 
92 --> 93 
93 --> 94 
94 --> 95 
95 --> 96 
96 --> 97 
97 --> 98 
98 --> 99 
99 --> 100 
100 --> 101 
101 --> 102 
102 --> 103 
103 --> 104 
104 --> 105 
105 --> 106 
106 --> 107 
107 --> 108 
108 --> 109 
109 --> 110 
110 --> 111 
111 --> 112 
112 --> 113 
113 --> 114 
114 --> 115 
115 --> 116 
116 --> 117 
117 --> 118 
118 --> 119 
119 --> 120 
120 --> 121 
121 --> 122 
122 --> 123 
123 --> 124 
124 --> 125 
125 --> 126 
126 --> 127 
127 --> 128 
128 --> 129 
129 --> 130 
130 --> 131 
131 --> 132 
132 --> 133 
133 --> 134 
134 --> 135 
135 --> 136 
136 --> 137 
137 --> 138 
138 --> 139 
139 --> 140 
140 --> 141 
141 --> 142 
142 --> 143 
143 --> 144 
144 --> 

* FSM state operations: 

State 1 <SV = 0> <Delay = 0.42>
ST_1 : Operation 146 [1/1] (0.00ns)   --->   "%j = alloca i32 1" [cluster.cpp:30->cluster.cpp:24]   --->   Operation 146 'alloca' 'j' <Predicate = true> <Delay = 0.00>
ST_1 : Operation 147 [1/1] (0.00ns)   --->   "%i = alloca i32 1" [cluster.cpp:29->cluster.cpp:24]   --->   Operation 147 'alloca' 'i' <Predicate = true> <Delay = 0.00>
ST_1 : Operation 148 [1/1] (0.00ns)   --->   "%indvar_flatten47 = alloca i32 1"   --->   Operation 148 'alloca' 'indvar_flatten47' <Predicate = true> <Delay = 0.00>
ST_1 : Operation 149 [1/1] (0.00ns)   --->   "%specinterface_ln0 = specinterface void @_ssdm_op_SpecInterface, i32 %gmem, void @empty, i32 0, i32 0, void @empty_0, i32 64, i32 0, void @empty_1, void @empty_2, void @empty_0, i32 16, i32 16, i32 16, i32 16, void @empty_0, void @empty_0, i32 4294967295, i32 0, i32 0"   --->   Operation 149 'specinterface' 'specinterface_ln0' <Predicate = true> <Delay = 0.00>
ST_1 : Operation 150 [1/1] (0.00ns)   --->   "%output_r_read = read i64 @_ssdm_op_Read.ap_auto.i64, i64 %output_r"   --->   Operation 150 'read' 'output_r_read' <Predicate = true> <Delay = 0.00>
ST_1 : Operation 151 [1/1] (0.00ns)   --->   "%image_gray_read = read i64 @_ssdm_op_Read.ap_auto.i64, i64 %image_gray"   --->   Operation 151 'read' 'image_gray_read' <Predicate = true> <Delay = 0.00>
ST_1 : Operation 152 [1/1] (0.42ns)   --->   "%store_ln0 = store i19 0, i19 %indvar_flatten47"   --->   Operation 152 'store' 'store_ln0' <Predicate = true> <Delay = 0.42>
ST_1 : Operation 153 [1/1] (0.42ns)   --->   "%store_ln29 = store i10 0, i10 %i" [cluster.cpp:29->cluster.cpp:24]   --->   Operation 153 'store' 'store_ln29' <Predicate = true> <Delay = 0.42>
ST_1 : Operation 154 [1/1] (0.42ns)   --->   "%store_ln30 = store i10 0, i10 %j" [cluster.cpp:30->cluster.cpp:24]   --->   Operation 154 'store' 'store_ln30' <Predicate = true> <Delay = 0.42>
ST_1 : Operation 155 [1/1] (0.00ns)   --->   "%br_ln0 = br void %for.body3.i"   --->   Operation 155 'br' 'br_ln0' <Predicate = true> <Delay = 0.00>

State 2 <SV = 1> <Delay = 3.14>
ST_2 : Operation 156 [1/1] (0.00ns)   --->   "%indvar_flatten47_load = load i19 %indvar_flatten47" [cluster.cpp:34->cluster.cpp:24]   --->   Operation 156 'load' 'indvar_flatten47_load' <Predicate = true> <Delay = 0.00>
ST_2 : Operation 157 [1/1] (0.00ns)   --->   "%specbitsmap_ln0 = specbitsmap void @_ssdm_op_SpecBitsMap, i32 %gmem"   --->   Operation 157 'specbitsmap' 'specbitsmap_ln0' <Predicate = true> <Delay = 0.00>
ST_2 : Operation 158 [1/1] (0.88ns)   --->   "%icmp_ln34 = icmp_eq  i19 %indvar_flatten47_load, i19 262144" [cluster.cpp:34->cluster.cpp:24]   --->   Operation 158 'icmp' 'icmp_ln34' <Predicate = true> <Delay = 0.88> <CoreInst = "Cmp">   --->   Core 9 'Cmp' <Latency = 0> <II = 1> <Delay = 0.88> <FuncUnit> <Opcode : 'seteq' 'setne' 'setle' 'setge' 'setlt' 'setgt'> <InPorts = 2> <OutPorts = 1>
ST_2 : Operation 159 [1/1] (0.88ns)   --->   "%add_ln34 = add i19 %indvar_flatten47_load, i19 1" [cluster.cpp:34->cluster.cpp:24]   --->   Operation 159 'add' 'add_ln34' <Predicate = true> <Delay = 0.88> <CoreInst = "Adder">   --->   Core 1 'Adder' <Latency = 0> <II = 1> <Delay = 0.88> <FuncUnit> <Opcode : 'add' 'sub'> <InPorts = 2> <OutPorts = 1>
ST_2 : Operation 160 [1/1] (0.00ns)   --->   "%br_ln34 = br i1 %icmp_ln34, void %for.inc16.i, void %_Z21cluster_combthresholdPiS_S_.exit.exitStub" [cluster.cpp:34->cluster.cpp:24]   --->   Operation 160 'br' 'br_ln34' <Predicate = true> <Delay = 0.00>
ST_2 : Operation 161 [1/1] (0.00ns)   --->   "%j_load = load i10 %j" [cluster.cpp:35->cluster.cpp:24]   --->   Operation 161 'load' 'j_load' <Predicate = (!icmp_ln34)> <Delay = 0.00>
ST_2 : Operation 162 [1/1] (0.00ns)   --->   "%i_load = load i10 %i" [cluster.cpp:34->cluster.cpp:24]   --->   Operation 162 'load' 'i_load' <Predicate = (!icmp_ln34)> <Delay = 0.00>
ST_2 : Operation 163 [1/1] (0.78ns)   --->   "%icmp_ln35 = icmp_eq  i10 %j_load, i10 512" [cluster.cpp:35->cluster.cpp:24]   --->   Operation 163 'icmp' 'icmp_ln35' <Predicate = (!icmp_ln34)> <Delay = 0.78> <CoreInst = "Cmp">   --->   Core 9 'Cmp' <Latency = 0> <II = 1> <Delay = 0.78> <FuncUnit> <Opcode : 'seteq' 'setne' 'setle' 'setge' 'setlt' 'setgt'> <InPorts = 2> <OutPorts = 1>
ST_2 : Operation 164 [1/1] (0.40ns)   --->   "%select_ln29 = select i1 %icmp_ln35, i10 0, i10 %j_load" [cluster.cpp:29->cluster.cpp:24]   --->   Operation 164 'select' 'select_ln29' <Predicate = (!icmp_ln34)> <Delay = 0.40> <CoreInst = "Sel">   --->   Core 73 'Sel' <Latency = 0> <II = 1> <Delay = 0.40> <FuncUnit> <Opcode : 'select'> <InPorts = 3> <OutPorts = 1>
ST_2 : Operation 165 [1/1] (0.78ns)   --->   "%add_ln34_1 = add i10 %i_load, i10 1" [cluster.cpp:34->cluster.cpp:24]   --->   Operation 165 'add' 'add_ln34_1' <Predicate = (!icmp_ln34)> <Delay = 0.78> <CoreInst = "Adder">   --->   Core 1 'Adder' <Latency = 0> <II = 1> <Delay = 0.78> <FuncUnit> <Opcode : 'add' 'sub'> <InPorts = 2> <OutPorts = 1>
ST_2 : Operation 166 [1/1] (0.40ns)   --->   "%select_ln34 = select i1 %icmp_ln35, i10 %add_ln34_1, i10 %i_load" [cluster.cpp:34->cluster.cpp:24]   --->   Operation 166 'select' 'select_ln34' <Predicate = (!icmp_ln34)> <Delay = 0.40> <CoreInst = "Sel">   --->   Core 73 'Sel' <Latency = 0> <II = 1> <Delay = 0.40> <FuncUnit> <Opcode : 'select'> <InPorts = 3> <OutPorts = 1>
ST_2 : Operation 167 [1/1] (0.00ns)   --->   "%empty = trunc i10 %select_ln34" [cluster.cpp:34->cluster.cpp:24]   --->   Operation 167 'trunc' 'empty' <Predicate = (!icmp_ln34)> <Delay = 0.00>
ST_2 : Operation 168 [1/1] (0.00ns)   --->   "%tmp_9 = bitconcatenate i18 @_ssdm_op_BitConcatenate.i18.i9.i9, i9 %empty, i9 0" [cluster.cpp:34->cluster.cpp:24]   --->   Operation 168 'bitconcatenate' 'tmp_9' <Predicate = (!icmp_ln34)> <Delay = 0.00>
ST_2 : Operation 169 [1/1] (0.00ns)   --->   "%zext_ln35 = zext i10 %select_ln29" [cluster.cpp:35->cluster.cpp:24]   --->   Operation 169 'zext' 'zext_ln35' <Predicate = (!icmp_ln34)> <Delay = 0.00>
ST_2 : Operation 170 [1/1] (0.87ns)   --->   "%add_ln36 = add i18 %zext_ln35, i18 %tmp_9" [cluster.cpp:36->cluster.cpp:24]   --->   Operation 170 'add' 'add_ln36' <Predicate = (!icmp_ln34)> <Delay = 0.87> <CoreInst = "Adder">   --->   Core 1 'Adder' <Latency = 0> <II = 1> <Delay = 0.87> <FuncUnit> <Opcode : 'add' 'sub'> <InPorts = 2> <OutPorts = 1>
ST_2 : Operation 171 [1/1] (0.00ns)   --->   "%shl_ln5 = bitconcatenate i20 @_ssdm_op_BitConcatenate.i20.i18.i2, i18 %add_ln36, i2 0" [cluster.cpp:36->cluster.cpp:24]   --->   Operation 171 'bitconcatenate' 'shl_ln5' <Predicate = (!icmp_ln34)> <Delay = 0.00>
ST_2 : Operation 172 [1/1] (0.00ns)   --->   "%zext_ln36_1 = zext i20 %shl_ln5" [cluster.cpp:36->cluster.cpp:24]   --->   Operation 172 'zext' 'zext_ln36_1' <Predicate = (!icmp_ln34)> <Delay = 0.00>
ST_2 : Operation 173 [1/1] (1.08ns)   --->   "%add_ln36_1 = add i64 %zext_ln36_1, i64 %image_gray_read" [cluster.cpp:36->cluster.cpp:24]   --->   Operation 173 'add' 'add_ln36_1' <Predicate = (!icmp_ln34)> <Delay = 1.08> <CoreInst = "Adder">   --->   Core 1 'Adder' <Latency = 0> <II = 1> <Delay = 1.08> <FuncUnit> <Opcode : 'add' 'sub'> <InPorts = 2> <OutPorts = 1>
ST_2 : Operation 174 [1/1] (0.00ns)   --->   "%trunc_ln7 = partselect i62 @_ssdm_op_PartSelect.i62.i64.i32.i32, i64 %add_ln36_1, i32 2, i32 63" [cluster.cpp:36->cluster.cpp:24]   --->   Operation 174 'partselect' 'trunc_ln7' <Predicate = (!icmp_ln34)> <Delay = 0.00>
ST_2 : Operation 175 [1/1] (0.00ns)   --->   "%sext_ln36 = sext i62 %trunc_ln7" [cluster.cpp:36->cluster.cpp:24]   --->   Operation 175 'sext' 'sext_ln36' <Predicate = (!icmp_ln34)> <Delay = 0.00>
ST_2 : Operation 176 [1/1] (0.00ns)   --->   "%gmem_addr = getelementptr i32 %gmem, i64 %sext_ln36" [cluster.cpp:36->cluster.cpp:24]   --->   Operation 176 'getelementptr' 'gmem_addr' <Predicate = (!icmp_ln34)> <Delay = 0.00>
ST_2 : Operation 177 [1/1] (1.08ns)   --->   "%add_ln39 = add i64 %zext_ln36_1, i64 %output_r_read" [cluster.cpp:39->cluster.cpp:24]   --->   Operation 177 'add' 'add_ln39' <Predicate = (!icmp_ln34)> <Delay = 1.08> <CoreInst = "Adder">   --->   Core 1 'Adder' <Latency = 0> <II = 1> <Delay = 1.08> <FuncUnit> <Opcode : 'add' 'sub'> <InPorts = 2> <OutPorts = 1>
ST_2 : Operation 178 [1/1] (0.00ns)   --->   "%trunc_ln8 = partselect i62 @_ssdm_op_PartSelect.i62.i64.i32.i32, i64 %add_ln39, i32 2, i32 63" [cluster.cpp:39->cluster.cpp:24]   --->   Operation 178 'partselect' 'trunc_ln8' <Predicate = (!icmp_ln34)> <Delay = 0.00>
ST_2 : Operation 179 [1/1] (0.00ns)   --->   "%sext_ln39 = sext i62 %trunc_ln8" [cluster.cpp:39->cluster.cpp:24]   --->   Operation 179 'sext' 'sext_ln39' <Predicate = (!icmp_ln34)> <Delay = 0.00>
ST_2 : Operation 180 [1/1] (0.00ns)   --->   "%gmem_addr_1 = getelementptr i32 %gmem, i64 %sext_ln39" [cluster.cpp:39->cluster.cpp:24]   --->   Operation 180 'getelementptr' 'gmem_addr_1' <Predicate = (!icmp_ln34)> <Delay = 0.00>
ST_2 : Operation 181 [1/1] (0.78ns)   --->   "%add_ln35 = add i10 %select_ln29, i10 1" [cluster.cpp:35->cluster.cpp:24]   --->   Operation 181 'add' 'add_ln35' <Predicate = (!icmp_ln34)> <Delay = 0.78> <CoreInst = "Adder">   --->   Core 1 'Adder' <Latency = 0> <II = 1> <Delay = 0.78> <FuncUnit> <Opcode : 'add' 'sub'> <InPorts = 2> <OutPorts = 1>
ST_2 : Operation 182 [1/1] (0.42ns)   --->   "%store_ln34 = store i19 %add_ln34, i19 %indvar_flatten47" [cluster.cpp:34->cluster.cpp:24]   --->   Operation 182 'store' 'store_ln34' <Predicate = (!icmp_ln34)> <Delay = 0.42>
ST_2 : Operation 183 [1/1] (0.42ns)   --->   "%store_ln29 = store i10 %select_ln34, i10 %i" [cluster.cpp:29->cluster.cpp:24]   --->   Operation 183 'store' 'store_ln29' <Predicate = (!icmp_ln34)> <Delay = 0.42>
ST_2 : Operation 184 [1/1] (0.42ns)   --->   "%store_ln30 = store i10 %add_ln35, i10 %j" [cluster.cpp:30->cluster.cpp:24]   --->   Operation 184 'store' 'store_ln30' <Predicate = (!icmp_ln34)> <Delay = 0.42>

State 3 <SV = 2> <Delay = 4.66>
ST_3 : Operation 185 [71/71] (4.66ns)   --->   "%gmem_load_req = readreq i1 @_ssdm_op_ReadReq.m_axi.i32P1A, i32 %gmem_addr, i64 1" [cluster.cpp:36->cluster.cpp:24]   --->   Operation 185 'readreq' 'gmem_load_req' <Predicate = true> <Delay = 4.66> <CoreInst = "m_axi">   --->   Core 119 'm_axi' <Latency = 6> <II = 1> <Delay = 1.00> <Adapter> <Opcode : 'read' 'write' 'readreq' 'writereq' 'writeresp'>

State 4 <SV = 3> <Delay = 4.66>
ST_4 : Operation 186 [70/71] (4.66ns)   --->   "%gmem_load_req = readreq i1 @_ssdm_op_ReadReq.m_axi.i32P1A, i32 %gmem_addr, i64 1" [cluster.cpp:36->cluster.cpp:24]   --->   Operation 186 'readreq' 'gmem_load_req' <Predicate = true> <Delay = 4.66> <CoreInst = "m_axi">   --->   Core 119 'm_axi' <Latency = 6> <II = 1> <Delay = 1.00> <Adapter> <Opcode : 'read' 'write' 'readreq' 'writereq' 'writeresp'>

State 5 <SV = 4> <Delay = 4.66>
ST_5 : Operation 187 [69/71] (4.66ns)   --->   "%gmem_load_req = readreq i1 @_ssdm_op_ReadReq.m_axi.i32P1A, i32 %gmem_addr, i64 1" [cluster.cpp:36->cluster.cpp:24]   --->   Operation 187 'readreq' 'gmem_load_req' <Predicate = true> <Delay = 4.66> <CoreInst = "m_axi">   --->   Core 119 'm_axi' <Latency = 6> <II = 1> <Delay = 1.00> <Adapter> <Opcode : 'read' 'write' 'readreq' 'writereq' 'writeresp'>

State 6 <SV = 5> <Delay = 4.66>
ST_6 : Operation 188 [68/71] (4.66ns)   --->   "%gmem_load_req = readreq i1 @_ssdm_op_ReadReq.m_axi.i32P1A, i32 %gmem_addr, i64 1" [cluster.cpp:36->cluster.cpp:24]   --->   Operation 188 'readreq' 'gmem_load_req' <Predicate = true> <Delay = 4.66> <CoreInst = "m_axi">   --->   Core 119 'm_axi' <Latency = 6> <II = 1> <Delay = 1.00> <Adapter> <Opcode : 'read' 'write' 'readreq' 'writereq' 'writeresp'>

State 7 <SV = 6> <Delay = 4.66>
ST_7 : Operation 189 [67/71] (4.66ns)   --->   "%gmem_load_req = readreq i1 @_ssdm_op_ReadReq.m_axi.i32P1A, i32 %gmem_addr, i64 1" [cluster.cpp:36->cluster.cpp:24]   --->   Operation 189 'readreq' 'gmem_load_req' <Predicate = true> <Delay = 4.66> <CoreInst = "m_axi">   --->   Core 119 'm_axi' <Latency = 6> <II = 1> <Delay = 1.00> <Adapter> <Opcode : 'read' 'write' 'readreq' 'writereq' 'writeresp'>

State 8 <SV = 7> <Delay = 4.66>
ST_8 : Operation 190 [66/71] (4.66ns)   --->   "%gmem_load_req = readreq i1 @_ssdm_op_ReadReq.m_axi.i32P1A, i32 %gmem_addr, i64 1" [cluster.cpp:36->cluster.cpp:24]   --->   Operation 190 'readreq' 'gmem_load_req' <Predicate = true> <Delay = 4.66> <CoreInst = "m_axi">   --->   Core 119 'm_axi' <Latency = 6> <II = 1> <Delay = 1.00> <Adapter> <Opcode : 'read' 'write' 'readreq' 'writereq' 'writeresp'>

State 9 <SV = 8> <Delay = 4.66>
ST_9 : Operation 191 [65/71] (4.66ns)   --->   "%gmem_load_req = readreq i1 @_ssdm_op_ReadReq.m_axi.i32P1A, i32 %gmem_addr, i64 1" [cluster.cpp:36->cluster.cpp:24]   --->   Operation 191 'readreq' 'gmem_load_req' <Predicate = true> <Delay = 4.66> <CoreInst = "m_axi">   --->   Core 119 'm_axi' <Latency = 6> <II = 1> <Delay = 1.00> <Adapter> <Opcode : 'read' 'write' 'readreq' 'writereq' 'writeresp'>

State 10 <SV = 9> <Delay = 4.66>
ST_10 : Operation 192 [64/71] (4.66ns)   --->   "%gmem_load_req = readreq i1 @_ssdm_op_ReadReq.m_axi.i32P1A, i32 %gmem_addr, i64 1" [cluster.cpp:36->cluster.cpp:24]   --->   Operation 192 'readreq' 'gmem_load_req' <Predicate = true> <Delay = 4.66> <CoreInst = "m_axi">   --->   Core 119 'm_axi' <Latency = 6> <II = 1> <Delay = 1.00> <Adapter> <Opcode : 'read' 'write' 'readreq' 'writereq' 'writeresp'>

State 11 <SV = 10> <Delay = 4.66>
ST_11 : Operation 193 [63/71] (4.66ns)   --->   "%gmem_load_req = readreq i1 @_ssdm_op_ReadReq.m_axi.i32P1A, i32 %gmem_addr, i64 1" [cluster.cpp:36->cluster.cpp:24]   --->   Operation 193 'readreq' 'gmem_load_req' <Predicate = true> <Delay = 4.66> <CoreInst = "m_axi">   --->   Core 119 'm_axi' <Latency = 6> <II = 1> <Delay = 1.00> <Adapter> <Opcode : 'read' 'write' 'readreq' 'writereq' 'writeresp'>

State 12 <SV = 11> <Delay = 4.66>
ST_12 : Operation 194 [62/71] (4.66ns)   --->   "%gmem_load_req = readreq i1 @_ssdm_op_ReadReq.m_axi.i32P1A, i32 %gmem_addr, i64 1" [cluster.cpp:36->cluster.cpp:24]   --->   Operation 194 'readreq' 'gmem_load_req' <Predicate = true> <Delay = 4.66> <CoreInst = "m_axi">   --->   Core 119 'm_axi' <Latency = 6> <II = 1> <Delay = 1.00> <Adapter> <Opcode : 'read' 'write' 'readreq' 'writereq' 'writeresp'>

State 13 <SV = 12> <Delay = 4.66>
ST_13 : Operation 195 [61/71] (4.66ns)   --->   "%gmem_load_req = readreq i1 @_ssdm_op_ReadReq.m_axi.i32P1A, i32 %gmem_addr, i64 1" [cluster.cpp:36->cluster.cpp:24]   --->   Operation 195 'readreq' 'gmem_load_req' <Predicate = true> <Delay = 4.66> <CoreInst = "m_axi">   --->   Core 119 'm_axi' <Latency = 6> <II = 1> <Delay = 1.00> <Adapter> <Opcode : 'read' 'write' 'readreq' 'writereq' 'writeresp'>

State 14 <SV = 13> <Delay = 4.66>
ST_14 : Operation 196 [60/71] (4.66ns)   --->   "%gmem_load_req = readreq i1 @_ssdm_op_ReadReq.m_axi.i32P1A, i32 %gmem_addr, i64 1" [cluster.cpp:36->cluster.cpp:24]   --->   Operation 196 'readreq' 'gmem_load_req' <Predicate = true> <Delay = 4.66> <CoreInst = "m_axi">   --->   Core 119 'm_axi' <Latency = 6> <II = 1> <Delay = 1.00> <Adapter> <Opcode : 'read' 'write' 'readreq' 'writereq' 'writeresp'>

State 15 <SV = 14> <Delay = 4.66>
ST_15 : Operation 197 [59/71] (4.66ns)   --->   "%gmem_load_req = readreq i1 @_ssdm_op_ReadReq.m_axi.i32P1A, i32 %gmem_addr, i64 1" [cluster.cpp:36->cluster.cpp:24]   --->   Operation 197 'readreq' 'gmem_load_req' <Predicate = true> <Delay = 4.66> <CoreInst = "m_axi">   --->   Core 119 'm_axi' <Latency = 6> <II = 1> <Delay = 1.00> <Adapter> <Opcode : 'read' 'write' 'readreq' 'writereq' 'writeresp'>

State 16 <SV = 15> <Delay = 4.66>
ST_16 : Operation 198 [58/71] (4.66ns)   --->   "%gmem_load_req = readreq i1 @_ssdm_op_ReadReq.m_axi.i32P1A, i32 %gmem_addr, i64 1" [cluster.cpp:36->cluster.cpp:24]   --->   Operation 198 'readreq' 'gmem_load_req' <Predicate = true> <Delay = 4.66> <CoreInst = "m_axi">   --->   Core 119 'm_axi' <Latency = 6> <II = 1> <Delay = 1.00> <Adapter> <Opcode : 'read' 'write' 'readreq' 'writereq' 'writeresp'>

State 17 <SV = 16> <Delay = 4.66>
ST_17 : Operation 199 [57/71] (4.66ns)   --->   "%gmem_load_req = readreq i1 @_ssdm_op_ReadReq.m_axi.i32P1A, i32 %gmem_addr, i64 1" [cluster.cpp:36->cluster.cpp:24]   --->   Operation 199 'readreq' 'gmem_load_req' <Predicate = true> <Delay = 4.66> <CoreInst = "m_axi">   --->   Core 119 'm_axi' <Latency = 6> <II = 1> <Delay = 1.00> <Adapter> <Opcode : 'read' 'write' 'readreq' 'writereq' 'writeresp'>

State 18 <SV = 17> <Delay = 4.66>
ST_18 : Operation 200 [56/71] (4.66ns)   --->   "%gmem_load_req = readreq i1 @_ssdm_op_ReadReq.m_axi.i32P1A, i32 %gmem_addr, i64 1" [cluster.cpp:36->cluster.cpp:24]   --->   Operation 200 'readreq' 'gmem_load_req' <Predicate = true> <Delay = 4.66> <CoreInst = "m_axi">   --->   Core 119 'm_axi' <Latency = 6> <II = 1> <Delay = 1.00> <Adapter> <Opcode : 'read' 'write' 'readreq' 'writereq' 'writeresp'>

State 19 <SV = 18> <Delay = 4.66>
ST_19 : Operation 201 [55/71] (4.66ns)   --->   "%gmem_load_req = readreq i1 @_ssdm_op_ReadReq.m_axi.i32P1A, i32 %gmem_addr, i64 1" [cluster.cpp:36->cluster.cpp:24]   --->   Operation 201 'readreq' 'gmem_load_req' <Predicate = true> <Delay = 4.66> <CoreInst = "m_axi">   --->   Core 119 'm_axi' <Latency = 6> <II = 1> <Delay = 1.00> <Adapter> <Opcode : 'read' 'write' 'readreq' 'writereq' 'writeresp'>

State 20 <SV = 19> <Delay = 4.66>
ST_20 : Operation 202 [54/71] (4.66ns)   --->   "%gmem_load_req = readreq i1 @_ssdm_op_ReadReq.m_axi.i32P1A, i32 %gmem_addr, i64 1" [cluster.cpp:36->cluster.cpp:24]   --->   Operation 202 'readreq' 'gmem_load_req' <Predicate = true> <Delay = 4.66> <CoreInst = "m_axi">   --->   Core 119 'm_axi' <Latency = 6> <II = 1> <Delay = 1.00> <Adapter> <Opcode : 'read' 'write' 'readreq' 'writereq' 'writeresp'>

State 21 <SV = 20> <Delay = 4.66>
ST_21 : Operation 203 [53/71] (4.66ns)   --->   "%gmem_load_req = readreq i1 @_ssdm_op_ReadReq.m_axi.i32P1A, i32 %gmem_addr, i64 1" [cluster.cpp:36->cluster.cpp:24]   --->   Operation 203 'readreq' 'gmem_load_req' <Predicate = true> <Delay = 4.66> <CoreInst = "m_axi">   --->   Core 119 'm_axi' <Latency = 6> <II = 1> <Delay = 1.00> <Adapter> <Opcode : 'read' 'write' 'readreq' 'writereq' 'writeresp'>

State 22 <SV = 21> <Delay = 4.66>
ST_22 : Operation 204 [52/71] (4.66ns)   --->   "%gmem_load_req = readreq i1 @_ssdm_op_ReadReq.m_axi.i32P1A, i32 %gmem_addr, i64 1" [cluster.cpp:36->cluster.cpp:24]   --->   Operation 204 'readreq' 'gmem_load_req' <Predicate = true> <Delay = 4.66> <CoreInst = "m_axi">   --->   Core 119 'm_axi' <Latency = 6> <II = 1> <Delay = 1.00> <Adapter> <Opcode : 'read' 'write' 'readreq' 'writereq' 'writeresp'>

State 23 <SV = 22> <Delay = 4.66>
ST_23 : Operation 205 [51/71] (4.66ns)   --->   "%gmem_load_req = readreq i1 @_ssdm_op_ReadReq.m_axi.i32P1A, i32 %gmem_addr, i64 1" [cluster.cpp:36->cluster.cpp:24]   --->   Operation 205 'readreq' 'gmem_load_req' <Predicate = true> <Delay = 4.66> <CoreInst = "m_axi">   --->   Core 119 'm_axi' <Latency = 6> <II = 1> <Delay = 1.00> <Adapter> <Opcode : 'read' 'write' 'readreq' 'writereq' 'writeresp'>

State 24 <SV = 23> <Delay = 4.66>
ST_24 : Operation 206 [50/71] (4.66ns)   --->   "%gmem_load_req = readreq i1 @_ssdm_op_ReadReq.m_axi.i32P1A, i32 %gmem_addr, i64 1" [cluster.cpp:36->cluster.cpp:24]   --->   Operation 206 'readreq' 'gmem_load_req' <Predicate = true> <Delay = 4.66> <CoreInst = "m_axi">   --->   Core 119 'm_axi' <Latency = 6> <II = 1> <Delay = 1.00> <Adapter> <Opcode : 'read' 'write' 'readreq' 'writereq' 'writeresp'>

State 25 <SV = 24> <Delay = 4.66>
ST_25 : Operation 207 [49/71] (4.66ns)   --->   "%gmem_load_req = readreq i1 @_ssdm_op_ReadReq.m_axi.i32P1A, i32 %gmem_addr, i64 1" [cluster.cpp:36->cluster.cpp:24]   --->   Operation 207 'readreq' 'gmem_load_req' <Predicate = true> <Delay = 4.66> <CoreInst = "m_axi">   --->   Core 119 'm_axi' <Latency = 6> <II = 1> <Delay = 1.00> <Adapter> <Opcode : 'read' 'write' 'readreq' 'writereq' 'writeresp'>

State 26 <SV = 25> <Delay = 4.66>
ST_26 : Operation 208 [48/71] (4.66ns)   --->   "%gmem_load_req = readreq i1 @_ssdm_op_ReadReq.m_axi.i32P1A, i32 %gmem_addr, i64 1" [cluster.cpp:36->cluster.cpp:24]   --->   Operation 208 'readreq' 'gmem_load_req' <Predicate = true> <Delay = 4.66> <CoreInst = "m_axi">   --->   Core 119 'm_axi' <Latency = 6> <II = 1> <Delay = 1.00> <Adapter> <Opcode : 'read' 'write' 'readreq' 'writereq' 'writeresp'>

State 27 <SV = 26> <Delay = 4.66>
ST_27 : Operation 209 [47/71] (4.66ns)   --->   "%gmem_load_req = readreq i1 @_ssdm_op_ReadReq.m_axi.i32P1A, i32 %gmem_addr, i64 1" [cluster.cpp:36->cluster.cpp:24]   --->   Operation 209 'readreq' 'gmem_load_req' <Predicate = true> <Delay = 4.66> <CoreInst = "m_axi">   --->   Core 119 'm_axi' <Latency = 6> <II = 1> <Delay = 1.00> <Adapter> <Opcode : 'read' 'write' 'readreq' 'writereq' 'writeresp'>

State 28 <SV = 27> <Delay = 4.66>
ST_28 : Operation 210 [46/71] (4.66ns)   --->   "%gmem_load_req = readreq i1 @_ssdm_op_ReadReq.m_axi.i32P1A, i32 %gmem_addr, i64 1" [cluster.cpp:36->cluster.cpp:24]   --->   Operation 210 'readreq' 'gmem_load_req' <Predicate = true> <Delay = 4.66> <CoreInst = "m_axi">   --->   Core 119 'm_axi' <Latency = 6> <II = 1> <Delay = 1.00> <Adapter> <Opcode : 'read' 'write' 'readreq' 'writereq' 'writeresp'>

State 29 <SV = 28> <Delay = 4.66>
ST_29 : Operation 211 [45/71] (4.66ns)   --->   "%gmem_load_req = readreq i1 @_ssdm_op_ReadReq.m_axi.i32P1A, i32 %gmem_addr, i64 1" [cluster.cpp:36->cluster.cpp:24]   --->   Operation 211 'readreq' 'gmem_load_req' <Predicate = true> <Delay = 4.66> <CoreInst = "m_axi">   --->   Core 119 'm_axi' <Latency = 6> <II = 1> <Delay = 1.00> <Adapter> <Opcode : 'read' 'write' 'readreq' 'writereq' 'writeresp'>

State 30 <SV = 29> <Delay = 4.66>
ST_30 : Operation 212 [44/71] (4.66ns)   --->   "%gmem_load_req = readreq i1 @_ssdm_op_ReadReq.m_axi.i32P1A, i32 %gmem_addr, i64 1" [cluster.cpp:36->cluster.cpp:24]   --->   Operation 212 'readreq' 'gmem_load_req' <Predicate = true> <Delay = 4.66> <CoreInst = "m_axi">   --->   Core 119 'm_axi' <Latency = 6> <II = 1> <Delay = 1.00> <Adapter> <Opcode : 'read' 'write' 'readreq' 'writereq' 'writeresp'>

State 31 <SV = 30> <Delay = 4.66>
ST_31 : Operation 213 [43/71] (4.66ns)   --->   "%gmem_load_req = readreq i1 @_ssdm_op_ReadReq.m_axi.i32P1A, i32 %gmem_addr, i64 1" [cluster.cpp:36->cluster.cpp:24]   --->   Operation 213 'readreq' 'gmem_load_req' <Predicate = true> <Delay = 4.66> <CoreInst = "m_axi">   --->   Core 119 'm_axi' <Latency = 6> <II = 1> <Delay = 1.00> <Adapter> <Opcode : 'read' 'write' 'readreq' 'writereq' 'writeresp'>

State 32 <SV = 31> <Delay = 4.66>
ST_32 : Operation 214 [42/71] (4.66ns)   --->   "%gmem_load_req = readreq i1 @_ssdm_op_ReadReq.m_axi.i32P1A, i32 %gmem_addr, i64 1" [cluster.cpp:36->cluster.cpp:24]   --->   Operation 214 'readreq' 'gmem_load_req' <Predicate = true> <Delay = 4.66> <CoreInst = "m_axi">   --->   Core 119 'm_axi' <Latency = 6> <II = 1> <Delay = 1.00> <Adapter> <Opcode : 'read' 'write' 'readreq' 'writereq' 'writeresp'>

State 33 <SV = 32> <Delay = 4.66>
ST_33 : Operation 215 [41/71] (4.66ns)   --->   "%gmem_load_req = readreq i1 @_ssdm_op_ReadReq.m_axi.i32P1A, i32 %gmem_addr, i64 1" [cluster.cpp:36->cluster.cpp:24]   --->   Operation 215 'readreq' 'gmem_load_req' <Predicate = true> <Delay = 4.66> <CoreInst = "m_axi">   --->   Core 119 'm_axi' <Latency = 6> <II = 1> <Delay = 1.00> <Adapter> <Opcode : 'read' 'write' 'readreq' 'writereq' 'writeresp'>

State 34 <SV = 33> <Delay = 4.66>
ST_34 : Operation 216 [40/71] (4.66ns)   --->   "%gmem_load_req = readreq i1 @_ssdm_op_ReadReq.m_axi.i32P1A, i32 %gmem_addr, i64 1" [cluster.cpp:36->cluster.cpp:24]   --->   Operation 216 'readreq' 'gmem_load_req' <Predicate = true> <Delay = 4.66> <CoreInst = "m_axi">   --->   Core 119 'm_axi' <Latency = 6> <II = 1> <Delay = 1.00> <Adapter> <Opcode : 'read' 'write' 'readreq' 'writereq' 'writeresp'>

State 35 <SV = 34> <Delay = 4.66>
ST_35 : Operation 217 [39/71] (4.66ns)   --->   "%gmem_load_req = readreq i1 @_ssdm_op_ReadReq.m_axi.i32P1A, i32 %gmem_addr, i64 1" [cluster.cpp:36->cluster.cpp:24]   --->   Operation 217 'readreq' 'gmem_load_req' <Predicate = true> <Delay = 4.66> <CoreInst = "m_axi">   --->   Core 119 'm_axi' <Latency = 6> <II = 1> <Delay = 1.00> <Adapter> <Opcode : 'read' 'write' 'readreq' 'writereq' 'writeresp'>

State 36 <SV = 35> <Delay = 4.66>
ST_36 : Operation 218 [38/71] (4.66ns)   --->   "%gmem_load_req = readreq i1 @_ssdm_op_ReadReq.m_axi.i32P1A, i32 %gmem_addr, i64 1" [cluster.cpp:36->cluster.cpp:24]   --->   Operation 218 'readreq' 'gmem_load_req' <Predicate = true> <Delay = 4.66> <CoreInst = "m_axi">   --->   Core 119 'm_axi' <Latency = 6> <II = 1> <Delay = 1.00> <Adapter> <Opcode : 'read' 'write' 'readreq' 'writereq' 'writeresp'>

State 37 <SV = 36> <Delay = 4.66>
ST_37 : Operation 219 [37/71] (4.66ns)   --->   "%gmem_load_req = readreq i1 @_ssdm_op_ReadReq.m_axi.i32P1A, i32 %gmem_addr, i64 1" [cluster.cpp:36->cluster.cpp:24]   --->   Operation 219 'readreq' 'gmem_load_req' <Predicate = true> <Delay = 4.66> <CoreInst = "m_axi">   --->   Core 119 'm_axi' <Latency = 6> <II = 1> <Delay = 1.00> <Adapter> <Opcode : 'read' 'write' 'readreq' 'writereq' 'writeresp'>

State 38 <SV = 37> <Delay = 4.66>
ST_38 : Operation 220 [36/71] (4.66ns)   --->   "%gmem_load_req = readreq i1 @_ssdm_op_ReadReq.m_axi.i32P1A, i32 %gmem_addr, i64 1" [cluster.cpp:36->cluster.cpp:24]   --->   Operation 220 'readreq' 'gmem_load_req' <Predicate = true> <Delay = 4.66> <CoreInst = "m_axi">   --->   Core 119 'm_axi' <Latency = 6> <II = 1> <Delay = 1.00> <Adapter> <Opcode : 'read' 'write' 'readreq' 'writereq' 'writeresp'>

State 39 <SV = 38> <Delay = 4.66>
ST_39 : Operation 221 [35/71] (4.66ns)   --->   "%gmem_load_req = readreq i1 @_ssdm_op_ReadReq.m_axi.i32P1A, i32 %gmem_addr, i64 1" [cluster.cpp:36->cluster.cpp:24]   --->   Operation 221 'readreq' 'gmem_load_req' <Predicate = true> <Delay = 4.66> <CoreInst = "m_axi">   --->   Core 119 'm_axi' <Latency = 6> <II = 1> <Delay = 1.00> <Adapter> <Opcode : 'read' 'write' 'readreq' 'writereq' 'writeresp'>

State 40 <SV = 39> <Delay = 4.66>
ST_40 : Operation 222 [34/71] (4.66ns)   --->   "%gmem_load_req = readreq i1 @_ssdm_op_ReadReq.m_axi.i32P1A, i32 %gmem_addr, i64 1" [cluster.cpp:36->cluster.cpp:24]   --->   Operation 222 'readreq' 'gmem_load_req' <Predicate = true> <Delay = 4.66> <CoreInst = "m_axi">   --->   Core 119 'm_axi' <Latency = 6> <II = 1> <Delay = 1.00> <Adapter> <Opcode : 'read' 'write' 'readreq' 'writereq' 'writeresp'>

State 41 <SV = 40> <Delay = 4.66>
ST_41 : Operation 223 [33/71] (4.66ns)   --->   "%gmem_load_req = readreq i1 @_ssdm_op_ReadReq.m_axi.i32P1A, i32 %gmem_addr, i64 1" [cluster.cpp:36->cluster.cpp:24]   --->   Operation 223 'readreq' 'gmem_load_req' <Predicate = true> <Delay = 4.66> <CoreInst = "m_axi">   --->   Core 119 'm_axi' <Latency = 6> <II = 1> <Delay = 1.00> <Adapter> <Opcode : 'read' 'write' 'readreq' 'writereq' 'writeresp'>

State 42 <SV = 41> <Delay = 4.66>
ST_42 : Operation 224 [32/71] (4.66ns)   --->   "%gmem_load_req = readreq i1 @_ssdm_op_ReadReq.m_axi.i32P1A, i32 %gmem_addr, i64 1" [cluster.cpp:36->cluster.cpp:24]   --->   Operation 224 'readreq' 'gmem_load_req' <Predicate = true> <Delay = 4.66> <CoreInst = "m_axi">   --->   Core 119 'm_axi' <Latency = 6> <II = 1> <Delay = 1.00> <Adapter> <Opcode : 'read' 'write' 'readreq' 'writereq' 'writeresp'>

State 43 <SV = 42> <Delay = 4.66>
ST_43 : Operation 225 [31/71] (4.66ns)   --->   "%gmem_load_req = readreq i1 @_ssdm_op_ReadReq.m_axi.i32P1A, i32 %gmem_addr, i64 1" [cluster.cpp:36->cluster.cpp:24]   --->   Operation 225 'readreq' 'gmem_load_req' <Predicate = true> <Delay = 4.66> <CoreInst = "m_axi">   --->   Core 119 'm_axi' <Latency = 6> <II = 1> <Delay = 1.00> <Adapter> <Opcode : 'read' 'write' 'readreq' 'writereq' 'writeresp'>

State 44 <SV = 43> <Delay = 4.66>
ST_44 : Operation 226 [30/71] (4.66ns)   --->   "%gmem_load_req = readreq i1 @_ssdm_op_ReadReq.m_axi.i32P1A, i32 %gmem_addr, i64 1" [cluster.cpp:36->cluster.cpp:24]   --->   Operation 226 'readreq' 'gmem_load_req' <Predicate = true> <Delay = 4.66> <CoreInst = "m_axi">   --->   Core 119 'm_axi' <Latency = 6> <II = 1> <Delay = 1.00> <Adapter> <Opcode : 'read' 'write' 'readreq' 'writereq' 'writeresp'>

State 45 <SV = 44> <Delay = 4.66>
ST_45 : Operation 227 [29/71] (4.66ns)   --->   "%gmem_load_req = readreq i1 @_ssdm_op_ReadReq.m_axi.i32P1A, i32 %gmem_addr, i64 1" [cluster.cpp:36->cluster.cpp:24]   --->   Operation 227 'readreq' 'gmem_load_req' <Predicate = true> <Delay = 4.66> <CoreInst = "m_axi">   --->   Core 119 'm_axi' <Latency = 6> <II = 1> <Delay = 1.00> <Adapter> <Opcode : 'read' 'write' 'readreq' 'writereq' 'writeresp'>

State 46 <SV = 45> <Delay = 4.66>
ST_46 : Operation 228 [28/71] (4.66ns)   --->   "%gmem_load_req = readreq i1 @_ssdm_op_ReadReq.m_axi.i32P1A, i32 %gmem_addr, i64 1" [cluster.cpp:36->cluster.cpp:24]   --->   Operation 228 'readreq' 'gmem_load_req' <Predicate = true> <Delay = 4.66> <CoreInst = "m_axi">   --->   Core 119 'm_axi' <Latency = 6> <II = 1> <Delay = 1.00> <Adapter> <Opcode : 'read' 'write' 'readreq' 'writereq' 'writeresp'>

State 47 <SV = 46> <Delay = 4.66>
ST_47 : Operation 229 [27/71] (4.66ns)   --->   "%gmem_load_req = readreq i1 @_ssdm_op_ReadReq.m_axi.i32P1A, i32 %gmem_addr, i64 1" [cluster.cpp:36->cluster.cpp:24]   --->   Operation 229 'readreq' 'gmem_load_req' <Predicate = true> <Delay = 4.66> <CoreInst = "m_axi">   --->   Core 119 'm_axi' <Latency = 6> <II = 1> <Delay = 1.00> <Adapter> <Opcode : 'read' 'write' 'readreq' 'writereq' 'writeresp'>

State 48 <SV = 47> <Delay = 4.66>
ST_48 : Operation 230 [26/71] (4.66ns)   --->   "%gmem_load_req = readreq i1 @_ssdm_op_ReadReq.m_axi.i32P1A, i32 %gmem_addr, i64 1" [cluster.cpp:36->cluster.cpp:24]   --->   Operation 230 'readreq' 'gmem_load_req' <Predicate = true> <Delay = 4.66> <CoreInst = "m_axi">   --->   Core 119 'm_axi' <Latency = 6> <II = 1> <Delay = 1.00> <Adapter> <Opcode : 'read' 'write' 'readreq' 'writereq' 'writeresp'>

State 49 <SV = 48> <Delay = 4.66>
ST_49 : Operation 231 [25/71] (4.66ns)   --->   "%gmem_load_req = readreq i1 @_ssdm_op_ReadReq.m_axi.i32P1A, i32 %gmem_addr, i64 1" [cluster.cpp:36->cluster.cpp:24]   --->   Operation 231 'readreq' 'gmem_load_req' <Predicate = true> <Delay = 4.66> <CoreInst = "m_axi">   --->   Core 119 'm_axi' <Latency = 6> <II = 1> <Delay = 1.00> <Adapter> <Opcode : 'read' 'write' 'readreq' 'writereq' 'writeresp'>

State 50 <SV = 49> <Delay = 4.66>
ST_50 : Operation 232 [24/71] (4.66ns)   --->   "%gmem_load_req = readreq i1 @_ssdm_op_ReadReq.m_axi.i32P1A, i32 %gmem_addr, i64 1" [cluster.cpp:36->cluster.cpp:24]   --->   Operation 232 'readreq' 'gmem_load_req' <Predicate = true> <Delay = 4.66> <CoreInst = "m_axi">   --->   Core 119 'm_axi' <Latency = 6> <II = 1> <Delay = 1.00> <Adapter> <Opcode : 'read' 'write' 'readreq' 'writereq' 'writeresp'>

State 51 <SV = 50> <Delay = 4.66>
ST_51 : Operation 233 [23/71] (4.66ns)   --->   "%gmem_load_req = readreq i1 @_ssdm_op_ReadReq.m_axi.i32P1A, i32 %gmem_addr, i64 1" [cluster.cpp:36->cluster.cpp:24]   --->   Operation 233 'readreq' 'gmem_load_req' <Predicate = true> <Delay = 4.66> <CoreInst = "m_axi">   --->   Core 119 'm_axi' <Latency = 6> <II = 1> <Delay = 1.00> <Adapter> <Opcode : 'read' 'write' 'readreq' 'writereq' 'writeresp'>

State 52 <SV = 51> <Delay = 4.66>
ST_52 : Operation 234 [22/71] (4.66ns)   --->   "%gmem_load_req = readreq i1 @_ssdm_op_ReadReq.m_axi.i32P1A, i32 %gmem_addr, i64 1" [cluster.cpp:36->cluster.cpp:24]   --->   Operation 234 'readreq' 'gmem_load_req' <Predicate = true> <Delay = 4.66> <CoreInst = "m_axi">   --->   Core 119 'm_axi' <Latency = 6> <II = 1> <Delay = 1.00> <Adapter> <Opcode : 'read' 'write' 'readreq' 'writereq' 'writeresp'>

State 53 <SV = 52> <Delay = 4.66>
ST_53 : Operation 235 [21/71] (4.66ns)   --->   "%gmem_load_req = readreq i1 @_ssdm_op_ReadReq.m_axi.i32P1A, i32 %gmem_addr, i64 1" [cluster.cpp:36->cluster.cpp:24]   --->   Operation 235 'readreq' 'gmem_load_req' <Predicate = true> <Delay = 4.66> <CoreInst = "m_axi">   --->   Core 119 'm_axi' <Latency = 6> <II = 1> <Delay = 1.00> <Adapter> <Opcode : 'read' 'write' 'readreq' 'writereq' 'writeresp'>

State 54 <SV = 53> <Delay = 4.66>
ST_54 : Operation 236 [20/71] (4.66ns)   --->   "%gmem_load_req = readreq i1 @_ssdm_op_ReadReq.m_axi.i32P1A, i32 %gmem_addr, i64 1" [cluster.cpp:36->cluster.cpp:24]   --->   Operation 236 'readreq' 'gmem_load_req' <Predicate = true> <Delay = 4.66> <CoreInst = "m_axi">   --->   Core 119 'm_axi' <Latency = 6> <II = 1> <Delay = 1.00> <Adapter> <Opcode : 'read' 'write' 'readreq' 'writereq' 'writeresp'>

State 55 <SV = 54> <Delay = 4.66>
ST_55 : Operation 237 [19/71] (4.66ns)   --->   "%gmem_load_req = readreq i1 @_ssdm_op_ReadReq.m_axi.i32P1A, i32 %gmem_addr, i64 1" [cluster.cpp:36->cluster.cpp:24]   --->   Operation 237 'readreq' 'gmem_load_req' <Predicate = true> <Delay = 4.66> <CoreInst = "m_axi">   --->   Core 119 'm_axi' <Latency = 6> <II = 1> <Delay = 1.00> <Adapter> <Opcode : 'read' 'write' 'readreq' 'writereq' 'writeresp'>

State 56 <SV = 55> <Delay = 4.66>
ST_56 : Operation 238 [18/71] (4.66ns)   --->   "%gmem_load_req = readreq i1 @_ssdm_op_ReadReq.m_axi.i32P1A, i32 %gmem_addr, i64 1" [cluster.cpp:36->cluster.cpp:24]   --->   Operation 238 'readreq' 'gmem_load_req' <Predicate = true> <Delay = 4.66> <CoreInst = "m_axi">   --->   Core 119 'm_axi' <Latency = 6> <II = 1> <Delay = 1.00> <Adapter> <Opcode : 'read' 'write' 'readreq' 'writereq' 'writeresp'>

State 57 <SV = 56> <Delay = 4.66>
ST_57 : Operation 239 [17/71] (4.66ns)   --->   "%gmem_load_req = readreq i1 @_ssdm_op_ReadReq.m_axi.i32P1A, i32 %gmem_addr, i64 1" [cluster.cpp:36->cluster.cpp:24]   --->   Operation 239 'readreq' 'gmem_load_req' <Predicate = true> <Delay = 4.66> <CoreInst = "m_axi">   --->   Core 119 'm_axi' <Latency = 6> <II = 1> <Delay = 1.00> <Adapter> <Opcode : 'read' 'write' 'readreq' 'writereq' 'writeresp'>

State 58 <SV = 57> <Delay = 4.66>
ST_58 : Operation 240 [16/71] (4.66ns)   --->   "%gmem_load_req = readreq i1 @_ssdm_op_ReadReq.m_axi.i32P1A, i32 %gmem_addr, i64 1" [cluster.cpp:36->cluster.cpp:24]   --->   Operation 240 'readreq' 'gmem_load_req' <Predicate = true> <Delay = 4.66> <CoreInst = "m_axi">   --->   Core 119 'm_axi' <Latency = 6> <II = 1> <Delay = 1.00> <Adapter> <Opcode : 'read' 'write' 'readreq' 'writereq' 'writeresp'>

State 59 <SV = 58> <Delay = 4.66>
ST_59 : Operation 241 [15/71] (4.66ns)   --->   "%gmem_load_req = readreq i1 @_ssdm_op_ReadReq.m_axi.i32P1A, i32 %gmem_addr, i64 1" [cluster.cpp:36->cluster.cpp:24]   --->   Operation 241 'readreq' 'gmem_load_req' <Predicate = true> <Delay = 4.66> <CoreInst = "m_axi">   --->   Core 119 'm_axi' <Latency = 6> <II = 1> <Delay = 1.00> <Adapter> <Opcode : 'read' 'write' 'readreq' 'writereq' 'writeresp'>

State 60 <SV = 59> <Delay = 4.66>
ST_60 : Operation 242 [14/71] (4.66ns)   --->   "%gmem_load_req = readreq i1 @_ssdm_op_ReadReq.m_axi.i32P1A, i32 %gmem_addr, i64 1" [cluster.cpp:36->cluster.cpp:24]   --->   Operation 242 'readreq' 'gmem_load_req' <Predicate = true> <Delay = 4.66> <CoreInst = "m_axi">   --->   Core 119 'm_axi' <Latency = 6> <II = 1> <Delay = 1.00> <Adapter> <Opcode : 'read' 'write' 'readreq' 'writereq' 'writeresp'>

State 61 <SV = 60> <Delay = 4.66>
ST_61 : Operation 243 [13/71] (4.66ns)   --->   "%gmem_load_req = readreq i1 @_ssdm_op_ReadReq.m_axi.i32P1A, i32 %gmem_addr, i64 1" [cluster.cpp:36->cluster.cpp:24]   --->   Operation 243 'readreq' 'gmem_load_req' <Predicate = true> <Delay = 4.66> <CoreInst = "m_axi">   --->   Core 119 'm_axi' <Latency = 6> <II = 1> <Delay = 1.00> <Adapter> <Opcode : 'read' 'write' 'readreq' 'writereq' 'writeresp'>

State 62 <SV = 61> <Delay = 4.66>
ST_62 : Operation 244 [12/71] (4.66ns)   --->   "%gmem_load_req = readreq i1 @_ssdm_op_ReadReq.m_axi.i32P1A, i32 %gmem_addr, i64 1" [cluster.cpp:36->cluster.cpp:24]   --->   Operation 244 'readreq' 'gmem_load_req' <Predicate = true> <Delay = 4.66> <CoreInst = "m_axi">   --->   Core 119 'm_axi' <Latency = 6> <II = 1> <Delay = 1.00> <Adapter> <Opcode : 'read' 'write' 'readreq' 'writereq' 'writeresp'>

State 63 <SV = 62> <Delay = 4.66>
ST_63 : Operation 245 [11/71] (4.66ns)   --->   "%gmem_load_req = readreq i1 @_ssdm_op_ReadReq.m_axi.i32P1A, i32 %gmem_addr, i64 1" [cluster.cpp:36->cluster.cpp:24]   --->   Operation 245 'readreq' 'gmem_load_req' <Predicate = true> <Delay = 4.66> <CoreInst = "m_axi">   --->   Core 119 'm_axi' <Latency = 6> <II = 1> <Delay = 1.00> <Adapter> <Opcode : 'read' 'write' 'readreq' 'writereq' 'writeresp'>

State 64 <SV = 63> <Delay = 4.66>
ST_64 : Operation 246 [10/71] (4.66ns)   --->   "%gmem_load_req = readreq i1 @_ssdm_op_ReadReq.m_axi.i32P1A, i32 %gmem_addr, i64 1" [cluster.cpp:36->cluster.cpp:24]   --->   Operation 246 'readreq' 'gmem_load_req' <Predicate = true> <Delay = 4.66> <CoreInst = "m_axi">   --->   Core 119 'm_axi' <Latency = 6> <II = 1> <Delay = 1.00> <Adapter> <Opcode : 'read' 'write' 'readreq' 'writereq' 'writeresp'>

State 65 <SV = 64> <Delay = 4.66>
ST_65 : Operation 247 [9/71] (4.66ns)   --->   "%gmem_load_req = readreq i1 @_ssdm_op_ReadReq.m_axi.i32P1A, i32 %gmem_addr, i64 1" [cluster.cpp:36->cluster.cpp:24]   --->   Operation 247 'readreq' 'gmem_load_req' <Predicate = true> <Delay = 4.66> <CoreInst = "m_axi">   --->   Core 119 'm_axi' <Latency = 6> <II = 1> <Delay = 1.00> <Adapter> <Opcode : 'read' 'write' 'readreq' 'writereq' 'writeresp'>

State 66 <SV = 65> <Delay = 4.66>
ST_66 : Operation 248 [8/71] (4.66ns)   --->   "%gmem_load_req = readreq i1 @_ssdm_op_ReadReq.m_axi.i32P1A, i32 %gmem_addr, i64 1" [cluster.cpp:36->cluster.cpp:24]   --->   Operation 248 'readreq' 'gmem_load_req' <Predicate = true> <Delay = 4.66> <CoreInst = "m_axi">   --->   Core 119 'm_axi' <Latency = 6> <II = 1> <Delay = 1.00> <Adapter> <Opcode : 'read' 'write' 'readreq' 'writereq' 'writeresp'>

State 67 <SV = 66> <Delay = 4.66>
ST_67 : Operation 249 [7/71] (4.66ns)   --->   "%gmem_load_req = readreq i1 @_ssdm_op_ReadReq.m_axi.i32P1A, i32 %gmem_addr, i64 1" [cluster.cpp:36->cluster.cpp:24]   --->   Operation 249 'readreq' 'gmem_load_req' <Predicate = true> <Delay = 4.66> <CoreInst = "m_axi">   --->   Core 119 'm_axi' <Latency = 6> <II = 1> <Delay = 1.00> <Adapter> <Opcode : 'read' 'write' 'readreq' 'writereq' 'writeresp'>

State 68 <SV = 67> <Delay = 4.66>
ST_68 : Operation 250 [6/71] (4.66ns)   --->   "%gmem_load_req = readreq i1 @_ssdm_op_ReadReq.m_axi.i32P1A, i32 %gmem_addr, i64 1" [cluster.cpp:36->cluster.cpp:24]   --->   Operation 250 'readreq' 'gmem_load_req' <Predicate = true> <Delay = 4.66> <CoreInst = "m_axi">   --->   Core 119 'm_axi' <Latency = 6> <II = 1> <Delay = 1.00> <Adapter> <Opcode : 'read' 'write' 'readreq' 'writereq' 'writeresp'>

State 69 <SV = 68> <Delay = 4.66>
ST_69 : Operation 251 [5/71] (4.66ns)   --->   "%gmem_load_req = readreq i1 @_ssdm_op_ReadReq.m_axi.i32P1A, i32 %gmem_addr, i64 1" [cluster.cpp:36->cluster.cpp:24]   --->   Operation 251 'readreq' 'gmem_load_req' <Predicate = true> <Delay = 4.66> <CoreInst = "m_axi">   --->   Core 119 'm_axi' <Latency = 6> <II = 1> <Delay = 1.00> <Adapter> <Opcode : 'read' 'write' 'readreq' 'writereq' 'writeresp'>

State 70 <SV = 69> <Delay = 4.66>
ST_70 : Operation 252 [4/71] (4.66ns)   --->   "%gmem_load_req = readreq i1 @_ssdm_op_ReadReq.m_axi.i32P1A, i32 %gmem_addr, i64 1" [cluster.cpp:36->cluster.cpp:24]   --->   Operation 252 'readreq' 'gmem_load_req' <Predicate = true> <Delay = 4.66> <CoreInst = "m_axi">   --->   Core 119 'm_axi' <Latency = 6> <II = 1> <Delay = 1.00> <Adapter> <Opcode : 'read' 'write' 'readreq' 'writereq' 'writeresp'>

State 71 <SV = 70> <Delay = 4.66>
ST_71 : Operation 253 [3/71] (4.66ns)   --->   "%gmem_load_req = readreq i1 @_ssdm_op_ReadReq.m_axi.i32P1A, i32 %gmem_addr, i64 1" [cluster.cpp:36->cluster.cpp:24]   --->   Operation 253 'readreq' 'gmem_load_req' <Predicate = true> <Delay = 4.66> <CoreInst = "m_axi">   --->   Core 119 'm_axi' <Latency = 6> <II = 1> <Delay = 1.00> <Adapter> <Opcode : 'read' 'write' 'readreq' 'writereq' 'writeresp'>

State 72 <SV = 71> <Delay = 4.66>
ST_72 : Operation 254 [2/71] (4.66ns)   --->   "%gmem_load_req = readreq i1 @_ssdm_op_ReadReq.m_axi.i32P1A, i32 %gmem_addr, i64 1" [cluster.cpp:36->cluster.cpp:24]   --->   Operation 254 'readreq' 'gmem_load_req' <Predicate = true> <Delay = 4.66> <CoreInst = "m_axi">   --->   Core 119 'm_axi' <Latency = 6> <II = 1> <Delay = 1.00> <Adapter> <Opcode : 'read' 'write' 'readreq' 'writereq' 'writeresp'>

State 73 <SV = 72> <Delay = 4.66>
ST_73 : Operation 255 [1/1] (0.00ns)   --->   "%zext_ln36 = zext i18 %add_ln36" [cluster.cpp:36->cluster.cpp:24]   --->   Operation 255 'zext' 'zext_ln36' <Predicate = true> <Delay = 0.00>
ST_73 : Operation 256 [1/71] (4.66ns)   --->   "%gmem_load_req = readreq i1 @_ssdm_op_ReadReq.m_axi.i32P1A, i32 %gmem_addr, i64 1" [cluster.cpp:36->cluster.cpp:24]   --->   Operation 256 'readreq' 'gmem_load_req' <Predicate = true> <Delay = 4.66> <CoreInst = "m_axi">   --->   Core 119 'm_axi' <Latency = 6> <II = 1> <Delay = 1.00> <Adapter> <Opcode : 'read' 'write' 'readreq' 'writereq' 'writeresp'>
ST_73 : Operation 257 [1/1] (0.00ns)   --->   "%temp_buf_addr = getelementptr i32 %temp_buf, i64 0, i64 %zext_ln36" [cluster.cpp:37->cluster.cpp:24]   --->   Operation 257 'getelementptr' 'temp_buf_addr' <Predicate = true> <Delay = 0.00>
ST_73 : Operation 258 [2/2] (1.23ns)   --->   "%temp_buf_load = load i18 %temp_buf_addr" [cluster.cpp:37->cluster.cpp:24]   --->   Operation 258 'load' 'temp_buf_load' <Predicate = true> <Delay = 1.23> <CoreInst = "RAM">   --->   Core 82 'RAM' <Latency = 1> <II = 1> <Delay = 1.23> <Storage> <Opcode : 'load' 'store'> <Ports = 2> <Width = 32> <Depth = 262144> <RAM>

State 74 <SV = 73> <Delay = 4.66>
ST_74 : Operation 259 [1/1] (4.66ns)   --->   "%gmem_addr_read = read i32 @_ssdm_op_Read.m_axi.i32P1A, i32 %gmem_addr" [cluster.cpp:36->cluster.cpp:24]   --->   Operation 259 'read' 'gmem_addr_read' <Predicate = true> <Delay = 4.66> <CoreInst = "m_axi">   --->   Core 119 'm_axi' <Latency = 3> <II = 1> <Delay = 1.00> <Adapter> <Opcode : 'read' 'write' 'readreq' 'writereq' 'writeresp'>
ST_74 : Operation 260 [1/2] ( I:1.23ns O:1.23ns )   --->   "%temp_buf_load = load i18 %temp_buf_addr" [cluster.cpp:37->cluster.cpp:24]   --->   Operation 260 'load' 'temp_buf_load' <Predicate = true> <Delay = 1.23> <CoreInst = "RAM">   --->   Core 82 'RAM' <Latency = 1> <II = 1> <Delay = 1.23> <Storage> <Opcode : 'load' 'store'> <Ports = 2> <Width = 32> <Depth = 262144> <RAM>

State 75 <SV = 74> <Delay = 4.66>
ST_75 : Operation 261 [1/1] (1.01ns)   --->   "%neg18 = sub i32 0, i32 %gmem_addr_read" [cluster.cpp:36->cluster.cpp:24]   --->   Operation 261 'sub' 'neg18' <Predicate = true> <Delay = 1.01> <CoreInst = "Adder">   --->   Core 1 'Adder' <Latency = 0> <II = 1> <Delay = 1.01> <FuncUnit> <Opcode : 'add' 'sub'> <InPorts = 2> <OutPorts = 1>
ST_75 : Operation 262 [1/1] (1.01ns)   --->   "%abscond19 = icmp_sgt  i32 %gmem_addr_read, i32 0" [cluster.cpp:36->cluster.cpp:24]   --->   Operation 262 'icmp' 'abscond19' <Predicate = true> <Delay = 1.01> <CoreInst = "Cmp">   --->   Core 9 'Cmp' <Latency = 0> <II = 1> <Delay = 1.01> <FuncUnit> <Opcode : 'seteq' 'setne' 'setle' 'setge' 'setlt' 'setgt'> <InPorts = 2> <OutPorts = 1>
ST_75 : Operation 263 [1/1] (0.44ns)   --->   "%temp1 = select i1 %abscond19, i32 %gmem_addr_read, i32 %neg18" [cluster.cpp:36->cluster.cpp:24]   --->   Operation 263 'select' 'temp1' <Predicate = true> <Delay = 0.44> <CoreInst = "Sel">   --->   Core 73 'Sel' <Latency = 0> <II = 1> <Delay = 0.44> <FuncUnit> <Opcode : 'select'> <InPorts = 3> <OutPorts = 1>
ST_75 : Operation 264 [1/1] (1.01ns)   --->   "%neg21 = sub i32 0, i32 %temp_buf_load" [cluster.cpp:37->cluster.cpp:24]   --->   Operation 264 'sub' 'neg21' <Predicate = true> <Delay = 1.01> <CoreInst = "Adder">   --->   Core 1 'Adder' <Latency = 0> <II = 1> <Delay = 1.01> <FuncUnit> <Opcode : 'add' 'sub'> <InPorts = 2> <OutPorts = 1>
ST_75 : Operation 265 [1/1] (1.01ns)   --->   "%abscond22 = icmp_sgt  i32 %temp_buf_load, i32 0" [cluster.cpp:37->cluster.cpp:24]   --->   Operation 265 'icmp' 'abscond22' <Predicate = true> <Delay = 1.01> <CoreInst = "Cmp">   --->   Core 9 'Cmp' <Latency = 0> <II = 1> <Delay = 1.01> <FuncUnit> <Opcode : 'seteq' 'setne' 'setle' 'setge' 'setlt' 'setgt'> <InPorts = 2> <OutPorts = 1>
ST_75 : Operation 266 [1/1] (0.44ns)   --->   "%temp2 = select i1 %abscond22, i32 %temp_buf_load, i32 %neg21" [cluster.cpp:37->cluster.cpp:24]   --->   Operation 266 'select' 'temp2' <Predicate = true> <Delay = 0.44> <CoreInst = "Sel">   --->   Core 73 'Sel' <Latency = 0> <II = 1> <Delay = 0.44> <FuncUnit> <Opcode : 'select'> <InPorts = 3> <OutPorts = 1>
ST_75 : Operation 267 [1/1] (1.01ns)   --->   "%icmp_ln38 = icmp_sgt  i32 %temp1, i32 %temp2" [cluster.cpp:38->cluster.cpp:24]   --->   Operation 267 'icmp' 'icmp_ln38' <Predicate = true> <Delay = 1.01> <CoreInst = "Cmp">   --->   Core 9 'Cmp' <Latency = 0> <II = 1> <Delay = 1.01> <FuncUnit> <Opcode : 'seteq' 'setne' 'setle' 'setge' 'setlt' 'setgt'> <InPorts = 2> <OutPorts = 1>
ST_75 : Operation 268 [1/1] (0.00ns) (grouped into LUT with out node icmp_ln39)   --->   "%temp3 = select i1 %icmp_ln38, i32 %temp1, i32 %temp2" [cluster.cpp:38->cluster.cpp:24]   --->   Operation 268 'select' 'temp3' <Predicate = true> <Delay = 0.00> <CoreInst = "Sel">   --->   Core 73 'Sel' <Latency = 0> <II = 1> <Delay = 0.44> <FuncUnit> <Opcode : 'select'> <InPorts = 3> <OutPorts = 1>
ST_75 : Operation 269 [1/1] (1.01ns) (out node of the LUT)   --->   "%icmp_ln39 = icmp_sgt  i32 %temp3, i32 50" [cluster.cpp:39->cluster.cpp:24]   --->   Operation 269 'icmp' 'icmp_ln39' <Predicate = true> <Delay = 1.01> <CoreInst = "Cmp">   --->   Core 9 'Cmp' <Latency = 0> <II = 1> <Delay = 1.01> <FuncUnit> <Opcode : 'seteq' 'setne' 'setle' 'setge' 'setlt' 'setgt'> <InPorts = 2> <OutPorts = 1>
ST_75 : Operation 270 [1/1] (0.39ns)   --->   "%select_ln39 = select i1 %icmp_ln39, i32 255, i32 0" [cluster.cpp:39->cluster.cpp:24]   --->   Operation 270 'select' 'select_ln39' <Predicate = true> <Delay = 0.39> <CoreInst = "Sel">   --->   Core 73 'Sel' <Latency = 0> <II = 1> <Delay = 0.39> <FuncUnit> <Opcode : 'select'> <InPorts = 3> <OutPorts = 1>
ST_75 : Operation 271 [1/1] (4.66ns)   --->   "%gmem_addr_12_req = writereq i1 @_ssdm_op_WriteReq.m_axi.i32P1A, i32 %gmem_addr_1, i64 1" [cluster.cpp:39->cluster.cpp:24]   --->   Operation 271 'writereq' 'gmem_addr_12_req' <Predicate = true> <Delay = 4.66> <CoreInst = "m_axi">   --->   Core 119 'm_axi' <Latency = 9> <II = 1> <Delay = 1.00> <Adapter> <Opcode : 'read' 'write' 'readreq' 'writereq' 'writeresp'>

State 76 <SV = 75> <Delay = 4.66>
ST_76 : Operation 272 [1/1] (4.66ns)   --->   "%write_ln39 = write void @_ssdm_op_Write.m_axi.i32P1A, i32 %gmem_addr_1, i32 %select_ln39, i4 15" [cluster.cpp:39->cluster.cpp:24]   --->   Operation 272 'write' 'write_ln39' <Predicate = true> <Delay = 4.66> <CoreInst = "m_axi">   --->   Core 119 'm_axi' <Latency = 5> <II = 1> <Delay = 1.00> <Adapter> <Opcode : 'read' 'write' 'readreq' 'writereq' 'writeresp'>

State 77 <SV = 76> <Delay = 4.66>
ST_77 : Operation 273 [68/68] (4.66ns)   --->   "%gmem_addr_12_resp = writeresp i1 @_ssdm_op_WriteResp.m_axi.i32P1A, i32 %gmem_addr_1" [cluster.cpp:39->cluster.cpp:24]   --->   Operation 273 'writeresp' 'gmem_addr_12_resp' <Predicate = true> <Delay = 4.66> <CoreInst = "m_axi">   --->   Core 119 'm_axi' <Latency = 3> <II = 1> <Delay = 1.00> <Adapter> <Opcode : 'read' 'write' 'readreq' 'writereq' 'writeresp'>

State 78 <SV = 77> <Delay = 4.66>
ST_78 : Operation 274 [67/68] (4.66ns)   --->   "%gmem_addr_12_resp = writeresp i1 @_ssdm_op_WriteResp.m_axi.i32P1A, i32 %gmem_addr_1" [cluster.cpp:39->cluster.cpp:24]   --->   Operation 274 'writeresp' 'gmem_addr_12_resp' <Predicate = true> <Delay = 4.66> <CoreInst = "m_axi">   --->   Core 119 'm_axi' <Latency = 3> <II = 1> <Delay = 1.00> <Adapter> <Opcode : 'read' 'write' 'readreq' 'writereq' 'writeresp'>

State 79 <SV = 78> <Delay = 4.66>
ST_79 : Operation 275 [66/68] (4.66ns)   --->   "%gmem_addr_12_resp = writeresp i1 @_ssdm_op_WriteResp.m_axi.i32P1A, i32 %gmem_addr_1" [cluster.cpp:39->cluster.cpp:24]   --->   Operation 275 'writeresp' 'gmem_addr_12_resp' <Predicate = true> <Delay = 4.66> <CoreInst = "m_axi">   --->   Core 119 'm_axi' <Latency = 3> <II = 1> <Delay = 1.00> <Adapter> <Opcode : 'read' 'write' 'readreq' 'writereq' 'writeresp'>

State 80 <SV = 79> <Delay = 4.66>
ST_80 : Operation 276 [65/68] (4.66ns)   --->   "%gmem_addr_12_resp = writeresp i1 @_ssdm_op_WriteResp.m_axi.i32P1A, i32 %gmem_addr_1" [cluster.cpp:39->cluster.cpp:24]   --->   Operation 276 'writeresp' 'gmem_addr_12_resp' <Predicate = true> <Delay = 4.66> <CoreInst = "m_axi">   --->   Core 119 'm_axi' <Latency = 3> <II = 1> <Delay = 1.00> <Adapter> <Opcode : 'read' 'write' 'readreq' 'writereq' 'writeresp'>

State 81 <SV = 80> <Delay = 4.66>
ST_81 : Operation 277 [64/68] (4.66ns)   --->   "%gmem_addr_12_resp = writeresp i1 @_ssdm_op_WriteResp.m_axi.i32P1A, i32 %gmem_addr_1" [cluster.cpp:39->cluster.cpp:24]   --->   Operation 277 'writeresp' 'gmem_addr_12_resp' <Predicate = true> <Delay = 4.66> <CoreInst = "m_axi">   --->   Core 119 'm_axi' <Latency = 3> <II = 1> <Delay = 1.00> <Adapter> <Opcode : 'read' 'write' 'readreq' 'writereq' 'writeresp'>

State 82 <SV = 81> <Delay = 4.66>
ST_82 : Operation 278 [63/68] (4.66ns)   --->   "%gmem_addr_12_resp = writeresp i1 @_ssdm_op_WriteResp.m_axi.i32P1A, i32 %gmem_addr_1" [cluster.cpp:39->cluster.cpp:24]   --->   Operation 278 'writeresp' 'gmem_addr_12_resp' <Predicate = true> <Delay = 4.66> <CoreInst = "m_axi">   --->   Core 119 'm_axi' <Latency = 3> <II = 1> <Delay = 1.00> <Adapter> <Opcode : 'read' 'write' 'readreq' 'writereq' 'writeresp'>

State 83 <SV = 82> <Delay = 4.66>
ST_83 : Operation 279 [62/68] (4.66ns)   --->   "%gmem_addr_12_resp = writeresp i1 @_ssdm_op_WriteResp.m_axi.i32P1A, i32 %gmem_addr_1" [cluster.cpp:39->cluster.cpp:24]   --->   Operation 279 'writeresp' 'gmem_addr_12_resp' <Predicate = true> <Delay = 4.66> <CoreInst = "m_axi">   --->   Core 119 'm_axi' <Latency = 3> <II = 1> <Delay = 1.00> <Adapter> <Opcode : 'read' 'write' 'readreq' 'writereq' 'writeresp'>

State 84 <SV = 83> <Delay = 4.66>
ST_84 : Operation 280 [61/68] (4.66ns)   --->   "%gmem_addr_12_resp = writeresp i1 @_ssdm_op_WriteResp.m_axi.i32P1A, i32 %gmem_addr_1" [cluster.cpp:39->cluster.cpp:24]   --->   Operation 280 'writeresp' 'gmem_addr_12_resp' <Predicate = true> <Delay = 4.66> <CoreInst = "m_axi">   --->   Core 119 'm_axi' <Latency = 3> <II = 1> <Delay = 1.00> <Adapter> <Opcode : 'read' 'write' 'readreq' 'writereq' 'writeresp'>

State 85 <SV = 84> <Delay = 4.66>
ST_85 : Operation 281 [60/68] (4.66ns)   --->   "%gmem_addr_12_resp = writeresp i1 @_ssdm_op_WriteResp.m_axi.i32P1A, i32 %gmem_addr_1" [cluster.cpp:39->cluster.cpp:24]   --->   Operation 281 'writeresp' 'gmem_addr_12_resp' <Predicate = true> <Delay = 4.66> <CoreInst = "m_axi">   --->   Core 119 'm_axi' <Latency = 3> <II = 1> <Delay = 1.00> <Adapter> <Opcode : 'read' 'write' 'readreq' 'writereq' 'writeresp'>

State 86 <SV = 85> <Delay = 4.66>
ST_86 : Operation 282 [59/68] (4.66ns)   --->   "%gmem_addr_12_resp = writeresp i1 @_ssdm_op_WriteResp.m_axi.i32P1A, i32 %gmem_addr_1" [cluster.cpp:39->cluster.cpp:24]   --->   Operation 282 'writeresp' 'gmem_addr_12_resp' <Predicate = true> <Delay = 4.66> <CoreInst = "m_axi">   --->   Core 119 'm_axi' <Latency = 3> <II = 1> <Delay = 1.00> <Adapter> <Opcode : 'read' 'write' 'readreq' 'writereq' 'writeresp'>

State 87 <SV = 86> <Delay = 4.66>
ST_87 : Operation 283 [58/68] (4.66ns)   --->   "%gmem_addr_12_resp = writeresp i1 @_ssdm_op_WriteResp.m_axi.i32P1A, i32 %gmem_addr_1" [cluster.cpp:39->cluster.cpp:24]   --->   Operation 283 'writeresp' 'gmem_addr_12_resp' <Predicate = true> <Delay = 4.66> <CoreInst = "m_axi">   --->   Core 119 'm_axi' <Latency = 3> <II = 1> <Delay = 1.00> <Adapter> <Opcode : 'read' 'write' 'readreq' 'writereq' 'writeresp'>

State 88 <SV = 87> <Delay = 4.66>
ST_88 : Operation 284 [57/68] (4.66ns)   --->   "%gmem_addr_12_resp = writeresp i1 @_ssdm_op_WriteResp.m_axi.i32P1A, i32 %gmem_addr_1" [cluster.cpp:39->cluster.cpp:24]   --->   Operation 284 'writeresp' 'gmem_addr_12_resp' <Predicate = true> <Delay = 4.66> <CoreInst = "m_axi">   --->   Core 119 'm_axi' <Latency = 3> <II = 1> <Delay = 1.00> <Adapter> <Opcode : 'read' 'write' 'readreq' 'writereq' 'writeresp'>

State 89 <SV = 88> <Delay = 4.66>
ST_89 : Operation 285 [56/68] (4.66ns)   --->   "%gmem_addr_12_resp = writeresp i1 @_ssdm_op_WriteResp.m_axi.i32P1A, i32 %gmem_addr_1" [cluster.cpp:39->cluster.cpp:24]   --->   Operation 285 'writeresp' 'gmem_addr_12_resp' <Predicate = true> <Delay = 4.66> <CoreInst = "m_axi">   --->   Core 119 'm_axi' <Latency = 3> <II = 1> <Delay = 1.00> <Adapter> <Opcode : 'read' 'write' 'readreq' 'writereq' 'writeresp'>

State 90 <SV = 89> <Delay = 4.66>
ST_90 : Operation 286 [55/68] (4.66ns)   --->   "%gmem_addr_12_resp = writeresp i1 @_ssdm_op_WriteResp.m_axi.i32P1A, i32 %gmem_addr_1" [cluster.cpp:39->cluster.cpp:24]   --->   Operation 286 'writeresp' 'gmem_addr_12_resp' <Predicate = true> <Delay = 4.66> <CoreInst = "m_axi">   --->   Core 119 'm_axi' <Latency = 3> <II = 1> <Delay = 1.00> <Adapter> <Opcode : 'read' 'write' 'readreq' 'writereq' 'writeresp'>

State 91 <SV = 90> <Delay = 4.66>
ST_91 : Operation 287 [54/68] (4.66ns)   --->   "%gmem_addr_12_resp = writeresp i1 @_ssdm_op_WriteResp.m_axi.i32P1A, i32 %gmem_addr_1" [cluster.cpp:39->cluster.cpp:24]   --->   Operation 287 'writeresp' 'gmem_addr_12_resp' <Predicate = true> <Delay = 4.66> <CoreInst = "m_axi">   --->   Core 119 'm_axi' <Latency = 3> <II = 1> <Delay = 1.00> <Adapter> <Opcode : 'read' 'write' 'readreq' 'writereq' 'writeresp'>

State 92 <SV = 91> <Delay = 4.66>
ST_92 : Operation 288 [53/68] (4.66ns)   --->   "%gmem_addr_12_resp = writeresp i1 @_ssdm_op_WriteResp.m_axi.i32P1A, i32 %gmem_addr_1" [cluster.cpp:39->cluster.cpp:24]   --->   Operation 288 'writeresp' 'gmem_addr_12_resp' <Predicate = true> <Delay = 4.66> <CoreInst = "m_axi">   --->   Core 119 'm_axi' <Latency = 3> <II = 1> <Delay = 1.00> <Adapter> <Opcode : 'read' 'write' 'readreq' 'writereq' 'writeresp'>

State 93 <SV = 92> <Delay = 4.66>
ST_93 : Operation 289 [52/68] (4.66ns)   --->   "%gmem_addr_12_resp = writeresp i1 @_ssdm_op_WriteResp.m_axi.i32P1A, i32 %gmem_addr_1" [cluster.cpp:39->cluster.cpp:24]   --->   Operation 289 'writeresp' 'gmem_addr_12_resp' <Predicate = true> <Delay = 4.66> <CoreInst = "m_axi">   --->   Core 119 'm_axi' <Latency = 3> <II = 1> <Delay = 1.00> <Adapter> <Opcode : 'read' 'write' 'readreq' 'writereq' 'writeresp'>

State 94 <SV = 93> <Delay = 4.66>
ST_94 : Operation 290 [51/68] (4.66ns)   --->   "%gmem_addr_12_resp = writeresp i1 @_ssdm_op_WriteResp.m_axi.i32P1A, i32 %gmem_addr_1" [cluster.cpp:39->cluster.cpp:24]   --->   Operation 290 'writeresp' 'gmem_addr_12_resp' <Predicate = true> <Delay = 4.66> <CoreInst = "m_axi">   --->   Core 119 'm_axi' <Latency = 3> <II = 1> <Delay = 1.00> <Adapter> <Opcode : 'read' 'write' 'readreq' 'writereq' 'writeresp'>

State 95 <SV = 94> <Delay = 4.66>
ST_95 : Operation 291 [50/68] (4.66ns)   --->   "%gmem_addr_12_resp = writeresp i1 @_ssdm_op_WriteResp.m_axi.i32P1A, i32 %gmem_addr_1" [cluster.cpp:39->cluster.cpp:24]   --->   Operation 291 'writeresp' 'gmem_addr_12_resp' <Predicate = true> <Delay = 4.66> <CoreInst = "m_axi">   --->   Core 119 'm_axi' <Latency = 3> <II = 1> <Delay = 1.00> <Adapter> <Opcode : 'read' 'write' 'readreq' 'writereq' 'writeresp'>

State 96 <SV = 95> <Delay = 4.66>
ST_96 : Operation 292 [49/68] (4.66ns)   --->   "%gmem_addr_12_resp = writeresp i1 @_ssdm_op_WriteResp.m_axi.i32P1A, i32 %gmem_addr_1" [cluster.cpp:39->cluster.cpp:24]   --->   Operation 292 'writeresp' 'gmem_addr_12_resp' <Predicate = true> <Delay = 4.66> <CoreInst = "m_axi">   --->   Core 119 'm_axi' <Latency = 3> <II = 1> <Delay = 1.00> <Adapter> <Opcode : 'read' 'write' 'readreq' 'writereq' 'writeresp'>

State 97 <SV = 96> <Delay = 4.66>
ST_97 : Operation 293 [48/68] (4.66ns)   --->   "%gmem_addr_12_resp = writeresp i1 @_ssdm_op_WriteResp.m_axi.i32P1A, i32 %gmem_addr_1" [cluster.cpp:39->cluster.cpp:24]   --->   Operation 293 'writeresp' 'gmem_addr_12_resp' <Predicate = true> <Delay = 4.66> <CoreInst = "m_axi">   --->   Core 119 'm_axi' <Latency = 3> <II = 1> <Delay = 1.00> <Adapter> <Opcode : 'read' 'write' 'readreq' 'writereq' 'writeresp'>

State 98 <SV = 97> <Delay = 4.66>
ST_98 : Operation 294 [47/68] (4.66ns)   --->   "%gmem_addr_12_resp = writeresp i1 @_ssdm_op_WriteResp.m_axi.i32P1A, i32 %gmem_addr_1" [cluster.cpp:39->cluster.cpp:24]   --->   Operation 294 'writeresp' 'gmem_addr_12_resp' <Predicate = true> <Delay = 4.66> <CoreInst = "m_axi">   --->   Core 119 'm_axi' <Latency = 3> <II = 1> <Delay = 1.00> <Adapter> <Opcode : 'read' 'write' 'readreq' 'writereq' 'writeresp'>

State 99 <SV = 98> <Delay = 4.66>
ST_99 : Operation 295 [46/68] (4.66ns)   --->   "%gmem_addr_12_resp = writeresp i1 @_ssdm_op_WriteResp.m_axi.i32P1A, i32 %gmem_addr_1" [cluster.cpp:39->cluster.cpp:24]   --->   Operation 295 'writeresp' 'gmem_addr_12_resp' <Predicate = true> <Delay = 4.66> <CoreInst = "m_axi">   --->   Core 119 'm_axi' <Latency = 3> <II = 1> <Delay = 1.00> <Adapter> <Opcode : 'read' 'write' 'readreq' 'writereq' 'writeresp'>

State 100 <SV = 99> <Delay = 4.66>
ST_100 : Operation 296 [45/68] (4.66ns)   --->   "%gmem_addr_12_resp = writeresp i1 @_ssdm_op_WriteResp.m_axi.i32P1A, i32 %gmem_addr_1" [cluster.cpp:39->cluster.cpp:24]   --->   Operation 296 'writeresp' 'gmem_addr_12_resp' <Predicate = true> <Delay = 4.66> <CoreInst = "m_axi">   --->   Core 119 'm_axi' <Latency = 3> <II = 1> <Delay = 1.00> <Adapter> <Opcode : 'read' 'write' 'readreq' 'writereq' 'writeresp'>

State 101 <SV = 100> <Delay = 4.66>
ST_101 : Operation 297 [44/68] (4.66ns)   --->   "%gmem_addr_12_resp = writeresp i1 @_ssdm_op_WriteResp.m_axi.i32P1A, i32 %gmem_addr_1" [cluster.cpp:39->cluster.cpp:24]   --->   Operation 297 'writeresp' 'gmem_addr_12_resp' <Predicate = true> <Delay = 4.66> <CoreInst = "m_axi">   --->   Core 119 'm_axi' <Latency = 3> <II = 1> <Delay = 1.00> <Adapter> <Opcode : 'read' 'write' 'readreq' 'writereq' 'writeresp'>

State 102 <SV = 101> <Delay = 4.66>
ST_102 : Operation 298 [43/68] (4.66ns)   --->   "%gmem_addr_12_resp = writeresp i1 @_ssdm_op_WriteResp.m_axi.i32P1A, i32 %gmem_addr_1" [cluster.cpp:39->cluster.cpp:24]   --->   Operation 298 'writeresp' 'gmem_addr_12_resp' <Predicate = true> <Delay = 4.66> <CoreInst = "m_axi">   --->   Core 119 'm_axi' <Latency = 3> <II = 1> <Delay = 1.00> <Adapter> <Opcode : 'read' 'write' 'readreq' 'writereq' 'writeresp'>

State 103 <SV = 102> <Delay = 4.66>
ST_103 : Operation 299 [42/68] (4.66ns)   --->   "%gmem_addr_12_resp = writeresp i1 @_ssdm_op_WriteResp.m_axi.i32P1A, i32 %gmem_addr_1" [cluster.cpp:39->cluster.cpp:24]   --->   Operation 299 'writeresp' 'gmem_addr_12_resp' <Predicate = true> <Delay = 4.66> <CoreInst = "m_axi">   --->   Core 119 'm_axi' <Latency = 3> <II = 1> <Delay = 1.00> <Adapter> <Opcode : 'read' 'write' 'readreq' 'writereq' 'writeresp'>

State 104 <SV = 103> <Delay = 4.66>
ST_104 : Operation 300 [41/68] (4.66ns)   --->   "%gmem_addr_12_resp = writeresp i1 @_ssdm_op_WriteResp.m_axi.i32P1A, i32 %gmem_addr_1" [cluster.cpp:39->cluster.cpp:24]   --->   Operation 300 'writeresp' 'gmem_addr_12_resp' <Predicate = true> <Delay = 4.66> <CoreInst = "m_axi">   --->   Core 119 'm_axi' <Latency = 3> <II = 1> <Delay = 1.00> <Adapter> <Opcode : 'read' 'write' 'readreq' 'writereq' 'writeresp'>

State 105 <SV = 104> <Delay = 4.66>
ST_105 : Operation 301 [40/68] (4.66ns)   --->   "%gmem_addr_12_resp = writeresp i1 @_ssdm_op_WriteResp.m_axi.i32P1A, i32 %gmem_addr_1" [cluster.cpp:39->cluster.cpp:24]   --->   Operation 301 'writeresp' 'gmem_addr_12_resp' <Predicate = true> <Delay = 4.66> <CoreInst = "m_axi">   --->   Core 119 'm_axi' <Latency = 3> <II = 1> <Delay = 1.00> <Adapter> <Opcode : 'read' 'write' 'readreq' 'writereq' 'writeresp'>

State 106 <SV = 105> <Delay = 4.66>
ST_106 : Operation 302 [39/68] (4.66ns)   --->   "%gmem_addr_12_resp = writeresp i1 @_ssdm_op_WriteResp.m_axi.i32P1A, i32 %gmem_addr_1" [cluster.cpp:39->cluster.cpp:24]   --->   Operation 302 'writeresp' 'gmem_addr_12_resp' <Predicate = true> <Delay = 4.66> <CoreInst = "m_axi">   --->   Core 119 'm_axi' <Latency = 3> <II = 1> <Delay = 1.00> <Adapter> <Opcode : 'read' 'write' 'readreq' 'writereq' 'writeresp'>

State 107 <SV = 106> <Delay = 4.66>
ST_107 : Operation 303 [38/68] (4.66ns)   --->   "%gmem_addr_12_resp = writeresp i1 @_ssdm_op_WriteResp.m_axi.i32P1A, i32 %gmem_addr_1" [cluster.cpp:39->cluster.cpp:24]   --->   Operation 303 'writeresp' 'gmem_addr_12_resp' <Predicate = true> <Delay = 4.66> <CoreInst = "m_axi">   --->   Core 119 'm_axi' <Latency = 3> <II = 1> <Delay = 1.00> <Adapter> <Opcode : 'read' 'write' 'readreq' 'writereq' 'writeresp'>

State 108 <SV = 107> <Delay = 4.66>
ST_108 : Operation 304 [37/68] (4.66ns)   --->   "%gmem_addr_12_resp = writeresp i1 @_ssdm_op_WriteResp.m_axi.i32P1A, i32 %gmem_addr_1" [cluster.cpp:39->cluster.cpp:24]   --->   Operation 304 'writeresp' 'gmem_addr_12_resp' <Predicate = true> <Delay = 4.66> <CoreInst = "m_axi">   --->   Core 119 'm_axi' <Latency = 3> <II = 1> <Delay = 1.00> <Adapter> <Opcode : 'read' 'write' 'readreq' 'writereq' 'writeresp'>

State 109 <SV = 108> <Delay = 4.66>
ST_109 : Operation 305 [36/68] (4.66ns)   --->   "%gmem_addr_12_resp = writeresp i1 @_ssdm_op_WriteResp.m_axi.i32P1A, i32 %gmem_addr_1" [cluster.cpp:39->cluster.cpp:24]   --->   Operation 305 'writeresp' 'gmem_addr_12_resp' <Predicate = true> <Delay = 4.66> <CoreInst = "m_axi">   --->   Core 119 'm_axi' <Latency = 3> <II = 1> <Delay = 1.00> <Adapter> <Opcode : 'read' 'write' 'readreq' 'writereq' 'writeresp'>

State 110 <SV = 109> <Delay = 4.66>
ST_110 : Operation 306 [35/68] (4.66ns)   --->   "%gmem_addr_12_resp = writeresp i1 @_ssdm_op_WriteResp.m_axi.i32P1A, i32 %gmem_addr_1" [cluster.cpp:39->cluster.cpp:24]   --->   Operation 306 'writeresp' 'gmem_addr_12_resp' <Predicate = true> <Delay = 4.66> <CoreInst = "m_axi">   --->   Core 119 'm_axi' <Latency = 3> <II = 1> <Delay = 1.00> <Adapter> <Opcode : 'read' 'write' 'readreq' 'writereq' 'writeresp'>

State 111 <SV = 110> <Delay = 4.66>
ST_111 : Operation 307 [34/68] (4.66ns)   --->   "%gmem_addr_12_resp = writeresp i1 @_ssdm_op_WriteResp.m_axi.i32P1A, i32 %gmem_addr_1" [cluster.cpp:39->cluster.cpp:24]   --->   Operation 307 'writeresp' 'gmem_addr_12_resp' <Predicate = true> <Delay = 4.66> <CoreInst = "m_axi">   --->   Core 119 'm_axi' <Latency = 3> <II = 1> <Delay = 1.00> <Adapter> <Opcode : 'read' 'write' 'readreq' 'writereq' 'writeresp'>

State 112 <SV = 111> <Delay = 4.66>
ST_112 : Operation 308 [33/68] (4.66ns)   --->   "%gmem_addr_12_resp = writeresp i1 @_ssdm_op_WriteResp.m_axi.i32P1A, i32 %gmem_addr_1" [cluster.cpp:39->cluster.cpp:24]   --->   Operation 308 'writeresp' 'gmem_addr_12_resp' <Predicate = true> <Delay = 4.66> <CoreInst = "m_axi">   --->   Core 119 'm_axi' <Latency = 3> <II = 1> <Delay = 1.00> <Adapter> <Opcode : 'read' 'write' 'readreq' 'writereq' 'writeresp'>

State 113 <SV = 112> <Delay = 4.66>
ST_113 : Operation 309 [32/68] (4.66ns)   --->   "%gmem_addr_12_resp = writeresp i1 @_ssdm_op_WriteResp.m_axi.i32P1A, i32 %gmem_addr_1" [cluster.cpp:39->cluster.cpp:24]   --->   Operation 309 'writeresp' 'gmem_addr_12_resp' <Predicate = true> <Delay = 4.66> <CoreInst = "m_axi">   --->   Core 119 'm_axi' <Latency = 3> <II = 1> <Delay = 1.00> <Adapter> <Opcode : 'read' 'write' 'readreq' 'writereq' 'writeresp'>

State 114 <SV = 113> <Delay = 4.66>
ST_114 : Operation 310 [31/68] (4.66ns)   --->   "%gmem_addr_12_resp = writeresp i1 @_ssdm_op_WriteResp.m_axi.i32P1A, i32 %gmem_addr_1" [cluster.cpp:39->cluster.cpp:24]   --->   Operation 310 'writeresp' 'gmem_addr_12_resp' <Predicate = true> <Delay = 4.66> <CoreInst = "m_axi">   --->   Core 119 'm_axi' <Latency = 3> <II = 1> <Delay = 1.00> <Adapter> <Opcode : 'read' 'write' 'readreq' 'writereq' 'writeresp'>

State 115 <SV = 114> <Delay = 4.66>
ST_115 : Operation 311 [30/68] (4.66ns)   --->   "%gmem_addr_12_resp = writeresp i1 @_ssdm_op_WriteResp.m_axi.i32P1A, i32 %gmem_addr_1" [cluster.cpp:39->cluster.cpp:24]   --->   Operation 311 'writeresp' 'gmem_addr_12_resp' <Predicate = true> <Delay = 4.66> <CoreInst = "m_axi">   --->   Core 119 'm_axi' <Latency = 3> <II = 1> <Delay = 1.00> <Adapter> <Opcode : 'read' 'write' 'readreq' 'writereq' 'writeresp'>

State 116 <SV = 115> <Delay = 4.66>
ST_116 : Operation 312 [29/68] (4.66ns)   --->   "%gmem_addr_12_resp = writeresp i1 @_ssdm_op_WriteResp.m_axi.i32P1A, i32 %gmem_addr_1" [cluster.cpp:39->cluster.cpp:24]   --->   Operation 312 'writeresp' 'gmem_addr_12_resp' <Predicate = true> <Delay = 4.66> <CoreInst = "m_axi">   --->   Core 119 'm_axi' <Latency = 3> <II = 1> <Delay = 1.00> <Adapter> <Opcode : 'read' 'write' 'readreq' 'writereq' 'writeresp'>

State 117 <SV = 116> <Delay = 4.66>
ST_117 : Operation 313 [28/68] (4.66ns)   --->   "%gmem_addr_12_resp = writeresp i1 @_ssdm_op_WriteResp.m_axi.i32P1A, i32 %gmem_addr_1" [cluster.cpp:39->cluster.cpp:24]   --->   Operation 313 'writeresp' 'gmem_addr_12_resp' <Predicate = true> <Delay = 4.66> <CoreInst = "m_axi">   --->   Core 119 'm_axi' <Latency = 3> <II = 1> <Delay = 1.00> <Adapter> <Opcode : 'read' 'write' 'readreq' 'writereq' 'writeresp'>

State 118 <SV = 117> <Delay = 4.66>
ST_118 : Operation 314 [27/68] (4.66ns)   --->   "%gmem_addr_12_resp = writeresp i1 @_ssdm_op_WriteResp.m_axi.i32P1A, i32 %gmem_addr_1" [cluster.cpp:39->cluster.cpp:24]   --->   Operation 314 'writeresp' 'gmem_addr_12_resp' <Predicate = true> <Delay = 4.66> <CoreInst = "m_axi">   --->   Core 119 'm_axi' <Latency = 3> <II = 1> <Delay = 1.00> <Adapter> <Opcode : 'read' 'write' 'readreq' 'writereq' 'writeresp'>

State 119 <SV = 118> <Delay = 4.66>
ST_119 : Operation 315 [26/68] (4.66ns)   --->   "%gmem_addr_12_resp = writeresp i1 @_ssdm_op_WriteResp.m_axi.i32P1A, i32 %gmem_addr_1" [cluster.cpp:39->cluster.cpp:24]   --->   Operation 315 'writeresp' 'gmem_addr_12_resp' <Predicate = true> <Delay = 4.66> <CoreInst = "m_axi">   --->   Core 119 'm_axi' <Latency = 3> <II = 1> <Delay = 1.00> <Adapter> <Opcode : 'read' 'write' 'readreq' 'writereq' 'writeresp'>

State 120 <SV = 119> <Delay = 4.66>
ST_120 : Operation 316 [25/68] (4.66ns)   --->   "%gmem_addr_12_resp = writeresp i1 @_ssdm_op_WriteResp.m_axi.i32P1A, i32 %gmem_addr_1" [cluster.cpp:39->cluster.cpp:24]   --->   Operation 316 'writeresp' 'gmem_addr_12_resp' <Predicate = true> <Delay = 4.66> <CoreInst = "m_axi">   --->   Core 119 'm_axi' <Latency = 3> <II = 1> <Delay = 1.00> <Adapter> <Opcode : 'read' 'write' 'readreq' 'writereq' 'writeresp'>

State 121 <SV = 120> <Delay = 4.66>
ST_121 : Operation 317 [24/68] (4.66ns)   --->   "%gmem_addr_12_resp = writeresp i1 @_ssdm_op_WriteResp.m_axi.i32P1A, i32 %gmem_addr_1" [cluster.cpp:39->cluster.cpp:24]   --->   Operation 317 'writeresp' 'gmem_addr_12_resp' <Predicate = true> <Delay = 4.66> <CoreInst = "m_axi">   --->   Core 119 'm_axi' <Latency = 3> <II = 1> <Delay = 1.00> <Adapter> <Opcode : 'read' 'write' 'readreq' 'writereq' 'writeresp'>

State 122 <SV = 121> <Delay = 4.66>
ST_122 : Operation 318 [23/68] (4.66ns)   --->   "%gmem_addr_12_resp = writeresp i1 @_ssdm_op_WriteResp.m_axi.i32P1A, i32 %gmem_addr_1" [cluster.cpp:39->cluster.cpp:24]   --->   Operation 318 'writeresp' 'gmem_addr_12_resp' <Predicate = true> <Delay = 4.66> <CoreInst = "m_axi">   --->   Core 119 'm_axi' <Latency = 3> <II = 1> <Delay = 1.00> <Adapter> <Opcode : 'read' 'write' 'readreq' 'writereq' 'writeresp'>

State 123 <SV = 122> <Delay = 4.66>
ST_123 : Operation 319 [22/68] (4.66ns)   --->   "%gmem_addr_12_resp = writeresp i1 @_ssdm_op_WriteResp.m_axi.i32P1A, i32 %gmem_addr_1" [cluster.cpp:39->cluster.cpp:24]   --->   Operation 319 'writeresp' 'gmem_addr_12_resp' <Predicate = true> <Delay = 4.66> <CoreInst = "m_axi">   --->   Core 119 'm_axi' <Latency = 3> <II = 1> <Delay = 1.00> <Adapter> <Opcode : 'read' 'write' 'readreq' 'writereq' 'writeresp'>

State 124 <SV = 123> <Delay = 4.66>
ST_124 : Operation 320 [21/68] (4.66ns)   --->   "%gmem_addr_12_resp = writeresp i1 @_ssdm_op_WriteResp.m_axi.i32P1A, i32 %gmem_addr_1" [cluster.cpp:39->cluster.cpp:24]   --->   Operation 320 'writeresp' 'gmem_addr_12_resp' <Predicate = true> <Delay = 4.66> <CoreInst = "m_axi">   --->   Core 119 'm_axi' <Latency = 3> <II = 1> <Delay = 1.00> <Adapter> <Opcode : 'read' 'write' 'readreq' 'writereq' 'writeresp'>

State 125 <SV = 124> <Delay = 4.66>
ST_125 : Operation 321 [20/68] (4.66ns)   --->   "%gmem_addr_12_resp = writeresp i1 @_ssdm_op_WriteResp.m_axi.i32P1A, i32 %gmem_addr_1" [cluster.cpp:39->cluster.cpp:24]   --->   Operation 321 'writeresp' 'gmem_addr_12_resp' <Predicate = true> <Delay = 4.66> <CoreInst = "m_axi">   --->   Core 119 'm_axi' <Latency = 3> <II = 1> <Delay = 1.00> <Adapter> <Opcode : 'read' 'write' 'readreq' 'writereq' 'writeresp'>

State 126 <SV = 125> <Delay = 4.66>
ST_126 : Operation 322 [19/68] (4.66ns)   --->   "%gmem_addr_12_resp = writeresp i1 @_ssdm_op_WriteResp.m_axi.i32P1A, i32 %gmem_addr_1" [cluster.cpp:39->cluster.cpp:24]   --->   Operation 322 'writeresp' 'gmem_addr_12_resp' <Predicate = true> <Delay = 4.66> <CoreInst = "m_axi">   --->   Core 119 'm_axi' <Latency = 3> <II = 1> <Delay = 1.00> <Adapter> <Opcode : 'read' 'write' 'readreq' 'writereq' 'writeresp'>

State 127 <SV = 126> <Delay = 4.66>
ST_127 : Operation 323 [18/68] (4.66ns)   --->   "%gmem_addr_12_resp = writeresp i1 @_ssdm_op_WriteResp.m_axi.i32P1A, i32 %gmem_addr_1" [cluster.cpp:39->cluster.cpp:24]   --->   Operation 323 'writeresp' 'gmem_addr_12_resp' <Predicate = true> <Delay = 4.66> <CoreInst = "m_axi">   --->   Core 119 'm_axi' <Latency = 3> <II = 1> <Delay = 1.00> <Adapter> <Opcode : 'read' 'write' 'readreq' 'writereq' 'writeresp'>

State 128 <SV = 127> <Delay = 4.66>
ST_128 : Operation 324 [17/68] (4.66ns)   --->   "%gmem_addr_12_resp = writeresp i1 @_ssdm_op_WriteResp.m_axi.i32P1A, i32 %gmem_addr_1" [cluster.cpp:39->cluster.cpp:24]   --->   Operation 324 'writeresp' 'gmem_addr_12_resp' <Predicate = true> <Delay = 4.66> <CoreInst = "m_axi">   --->   Core 119 'm_axi' <Latency = 3> <II = 1> <Delay = 1.00> <Adapter> <Opcode : 'read' 'write' 'readreq' 'writereq' 'writeresp'>

State 129 <SV = 128> <Delay = 4.66>
ST_129 : Operation 325 [16/68] (4.66ns)   --->   "%gmem_addr_12_resp = writeresp i1 @_ssdm_op_WriteResp.m_axi.i32P1A, i32 %gmem_addr_1" [cluster.cpp:39->cluster.cpp:24]   --->   Operation 325 'writeresp' 'gmem_addr_12_resp' <Predicate = true> <Delay = 4.66> <CoreInst = "m_axi">   --->   Core 119 'm_axi' <Latency = 3> <II = 1> <Delay = 1.00> <Adapter> <Opcode : 'read' 'write' 'readreq' 'writereq' 'writeresp'>

State 130 <SV = 129> <Delay = 4.66>
ST_130 : Operation 326 [15/68] (4.66ns)   --->   "%gmem_addr_12_resp = writeresp i1 @_ssdm_op_WriteResp.m_axi.i32P1A, i32 %gmem_addr_1" [cluster.cpp:39->cluster.cpp:24]   --->   Operation 326 'writeresp' 'gmem_addr_12_resp' <Predicate = true> <Delay = 4.66> <CoreInst = "m_axi">   --->   Core 119 'm_axi' <Latency = 3> <II = 1> <Delay = 1.00> <Adapter> <Opcode : 'read' 'write' 'readreq' 'writereq' 'writeresp'>

State 131 <SV = 130> <Delay = 4.66>
ST_131 : Operation 327 [14/68] (4.66ns)   --->   "%gmem_addr_12_resp = writeresp i1 @_ssdm_op_WriteResp.m_axi.i32P1A, i32 %gmem_addr_1" [cluster.cpp:39->cluster.cpp:24]   --->   Operation 327 'writeresp' 'gmem_addr_12_resp' <Predicate = true> <Delay = 4.66> <CoreInst = "m_axi">   --->   Core 119 'm_axi' <Latency = 3> <II = 1> <Delay = 1.00> <Adapter> <Opcode : 'read' 'write' 'readreq' 'writereq' 'writeresp'>

State 132 <SV = 131> <Delay = 4.66>
ST_132 : Operation 328 [13/68] (4.66ns)   --->   "%gmem_addr_12_resp = writeresp i1 @_ssdm_op_WriteResp.m_axi.i32P1A, i32 %gmem_addr_1" [cluster.cpp:39->cluster.cpp:24]   --->   Operation 328 'writeresp' 'gmem_addr_12_resp' <Predicate = true> <Delay = 4.66> <CoreInst = "m_axi">   --->   Core 119 'm_axi' <Latency = 3> <II = 1> <Delay = 1.00> <Adapter> <Opcode : 'read' 'write' 'readreq' 'writereq' 'writeresp'>

State 133 <SV = 132> <Delay = 4.66>
ST_133 : Operation 329 [12/68] (4.66ns)   --->   "%gmem_addr_12_resp = writeresp i1 @_ssdm_op_WriteResp.m_axi.i32P1A, i32 %gmem_addr_1" [cluster.cpp:39->cluster.cpp:24]   --->   Operation 329 'writeresp' 'gmem_addr_12_resp' <Predicate = true> <Delay = 4.66> <CoreInst = "m_axi">   --->   Core 119 'm_axi' <Latency = 3> <II = 1> <Delay = 1.00> <Adapter> <Opcode : 'read' 'write' 'readreq' 'writereq' 'writeresp'>

State 134 <SV = 133> <Delay = 4.66>
ST_134 : Operation 330 [11/68] (4.66ns)   --->   "%gmem_addr_12_resp = writeresp i1 @_ssdm_op_WriteResp.m_axi.i32P1A, i32 %gmem_addr_1" [cluster.cpp:39->cluster.cpp:24]   --->   Operation 330 'writeresp' 'gmem_addr_12_resp' <Predicate = true> <Delay = 4.66> <CoreInst = "m_axi">   --->   Core 119 'm_axi' <Latency = 3> <II = 1> <Delay = 1.00> <Adapter> <Opcode : 'read' 'write' 'readreq' 'writereq' 'writeresp'>

State 135 <SV = 134> <Delay = 4.66>
ST_135 : Operation 331 [10/68] (4.66ns)   --->   "%gmem_addr_12_resp = writeresp i1 @_ssdm_op_WriteResp.m_axi.i32P1A, i32 %gmem_addr_1" [cluster.cpp:39->cluster.cpp:24]   --->   Operation 331 'writeresp' 'gmem_addr_12_resp' <Predicate = true> <Delay = 4.66> <CoreInst = "m_axi">   --->   Core 119 'm_axi' <Latency = 3> <II = 1> <Delay = 1.00> <Adapter> <Opcode : 'read' 'write' 'readreq' 'writereq' 'writeresp'>

State 136 <SV = 135> <Delay = 4.66>
ST_136 : Operation 332 [9/68] (4.66ns)   --->   "%gmem_addr_12_resp = writeresp i1 @_ssdm_op_WriteResp.m_axi.i32P1A, i32 %gmem_addr_1" [cluster.cpp:39->cluster.cpp:24]   --->   Operation 332 'writeresp' 'gmem_addr_12_resp' <Predicate = true> <Delay = 4.66> <CoreInst = "m_axi">   --->   Core 119 'm_axi' <Latency = 3> <II = 1> <Delay = 1.00> <Adapter> <Opcode : 'read' 'write' 'readreq' 'writereq' 'writeresp'>

State 137 <SV = 136> <Delay = 4.66>
ST_137 : Operation 333 [8/68] (4.66ns)   --->   "%gmem_addr_12_resp = writeresp i1 @_ssdm_op_WriteResp.m_axi.i32P1A, i32 %gmem_addr_1" [cluster.cpp:39->cluster.cpp:24]   --->   Operation 333 'writeresp' 'gmem_addr_12_resp' <Predicate = true> <Delay = 4.66> <CoreInst = "m_axi">   --->   Core 119 'm_axi' <Latency = 3> <II = 1> <Delay = 1.00> <Adapter> <Opcode : 'read' 'write' 'readreq' 'writereq' 'writeresp'>

State 138 <SV = 137> <Delay = 4.66>
ST_138 : Operation 334 [7/68] (4.66ns)   --->   "%gmem_addr_12_resp = writeresp i1 @_ssdm_op_WriteResp.m_axi.i32P1A, i32 %gmem_addr_1" [cluster.cpp:39->cluster.cpp:24]   --->   Operation 334 'writeresp' 'gmem_addr_12_resp' <Predicate = true> <Delay = 4.66> <CoreInst = "m_axi">   --->   Core 119 'm_axi' <Latency = 3> <II = 1> <Delay = 1.00> <Adapter> <Opcode : 'read' 'write' 'readreq' 'writereq' 'writeresp'>

State 139 <SV = 138> <Delay = 4.66>
ST_139 : Operation 335 [6/68] (4.66ns)   --->   "%gmem_addr_12_resp = writeresp i1 @_ssdm_op_WriteResp.m_axi.i32P1A, i32 %gmem_addr_1" [cluster.cpp:39->cluster.cpp:24]   --->   Operation 335 'writeresp' 'gmem_addr_12_resp' <Predicate = true> <Delay = 4.66> <CoreInst = "m_axi">   --->   Core 119 'm_axi' <Latency = 3> <II = 1> <Delay = 1.00> <Adapter> <Opcode : 'read' 'write' 'readreq' 'writereq' 'writeresp'>

State 140 <SV = 139> <Delay = 4.66>
ST_140 : Operation 336 [5/68] (4.66ns)   --->   "%gmem_addr_12_resp = writeresp i1 @_ssdm_op_WriteResp.m_axi.i32P1A, i32 %gmem_addr_1" [cluster.cpp:39->cluster.cpp:24]   --->   Operation 336 'writeresp' 'gmem_addr_12_resp' <Predicate = true> <Delay = 4.66> <CoreInst = "m_axi">   --->   Core 119 'm_axi' <Latency = 3> <II = 1> <Delay = 1.00> <Adapter> <Opcode : 'read' 'write' 'readreq' 'writereq' 'writeresp'>

State 141 <SV = 140> <Delay = 4.66>
ST_141 : Operation 337 [4/68] (4.66ns)   --->   "%gmem_addr_12_resp = writeresp i1 @_ssdm_op_WriteResp.m_axi.i32P1A, i32 %gmem_addr_1" [cluster.cpp:39->cluster.cpp:24]   --->   Operation 337 'writeresp' 'gmem_addr_12_resp' <Predicate = true> <Delay = 4.66> <CoreInst = "m_axi">   --->   Core 119 'm_axi' <Latency = 3> <II = 1> <Delay = 1.00> <Adapter> <Opcode : 'read' 'write' 'readreq' 'writereq' 'writeresp'>

State 142 <SV = 141> <Delay = 4.66>
ST_142 : Operation 338 [3/68] (4.66ns)   --->   "%gmem_addr_12_resp = writeresp i1 @_ssdm_op_WriteResp.m_axi.i32P1A, i32 %gmem_addr_1" [cluster.cpp:39->cluster.cpp:24]   --->   Operation 338 'writeresp' 'gmem_addr_12_resp' <Predicate = true> <Delay = 4.66> <CoreInst = "m_axi">   --->   Core 119 'm_axi' <Latency = 3> <II = 1> <Delay = 1.00> <Adapter> <Opcode : 'read' 'write' 'readreq' 'writereq' 'writeresp'>

State 143 <SV = 142> <Delay = 4.66>
ST_143 : Operation 339 [2/68] (4.66ns)   --->   "%gmem_addr_12_resp = writeresp i1 @_ssdm_op_WriteResp.m_axi.i32P1A, i32 %gmem_addr_1" [cluster.cpp:39->cluster.cpp:24]   --->   Operation 339 'writeresp' 'gmem_addr_12_resp' <Predicate = true> <Delay = 4.66> <CoreInst = "m_axi">   --->   Core 119 'm_axi' <Latency = 3> <II = 1> <Delay = 1.00> <Adapter> <Opcode : 'read' 'write' 'readreq' 'writereq' 'writeresp'>
ST_143 : Operation 344 [1/1] (0.42ns)   --->   "%ret_ln0 = ret"   --->   Operation 344 'ret' 'ret_ln0' <Predicate = (icmp_ln34)> <Delay = 0.42>

State 144 <SV = 143> <Delay = 4.66>
ST_144 : Operation 340 [1/1] (0.00ns)   --->   "%speclooptripcount_ln0 = speclooptripcount void @_ssdm_op_SpecLoopTripCount, i64 262144, i64 262144, i64 262144"   --->   Operation 340 'speclooptripcount' 'speclooptripcount_ln0' <Predicate = true> <Delay = 0.00>
ST_144 : Operation 341 [1/1] (0.00ns)   --->   "%specpipeline_ln30 = specpipeline void @_ssdm_op_SpecPipeline, i32 4294967295, i32 0, i32 0, i32 0, void @empty_0" [cluster.cpp:30->cluster.cpp:24]   --->   Operation 341 'specpipeline' 'specpipeline_ln30' <Predicate = true> <Delay = 0.00>
ST_144 : Operation 342 [1/68] (4.66ns)   --->   "%gmem_addr_12_resp = writeresp i1 @_ssdm_op_WriteResp.m_axi.i32P1A, i32 %gmem_addr_1" [cluster.cpp:39->cluster.cpp:24]   --->   Operation 342 'writeresp' 'gmem_addr_12_resp' <Predicate = true> <Delay = 4.66> <CoreInst = "m_axi">   --->   Core 119 'm_axi' <Latency = 3> <II = 1> <Delay = 1.00> <Adapter> <Opcode : 'read' 'write' 'readreq' 'writereq' 'writeresp'>
ST_144 : Operation 343 [1/1] (0.00ns)   --->   "%br_ln35 = br void %for.body3.i" [cluster.cpp:35->cluster.cpp:24]   --->   Operation 343 'br' 'br_ln35' <Predicate = true> <Delay = 0.00>


============================================================
+ Verbose Summary: Timing violations
============================================================
Target clock period: 6.667ns, clock uncertainty: 2.000ns.

 <State 1>: 0.427ns
The critical path consists of the following:
	'alloca' operation 19 bit ('indvar_flatten47') [7]  (0.000 ns)
	'store' operation 0 bit ('store_ln0') of constant 0 on local variable 'indvar_flatten47' [11]  (0.427 ns)

 <State 2>: 3.148ns
The critical path consists of the following:
	'load' operation 10 bit ('j_load', cluster.cpp:35->cluster.cpp:24) on local variable 'j', cluster.cpp:30->cluster.cpp:24 [22]  (0.000 ns)
	'icmp' operation 1 bit ('icmp_ln35', cluster.cpp:35->cluster.cpp:24) [25]  (0.787 ns)
	'select' operation 10 bit ('select_ln29', cluster.cpp:29->cluster.cpp:24) [26]  (0.403 ns)
	'add' operation 18 bit ('add_ln36', cluster.cpp:36->cluster.cpp:24) [33]  (0.873 ns)
	'add' operation 64 bit ('add_ln36_1', cluster.cpp:36->cluster.cpp:24) [37]  (1.085 ns)

 <State 3>: 4.667ns
The critical path consists of the following:
	bus request operation ('gmem_load_req', cluster.cpp:36->cluster.cpp:24) on port 'gmem' (cluster.cpp:36->cluster.cpp:24) [41]  (4.667 ns)

 <State 4>: 4.667ns
The critical path consists of the following:
	bus request operation ('gmem_load_req', cluster.cpp:36->cluster.cpp:24) on port 'gmem' (cluster.cpp:36->cluster.cpp:24) [41]  (4.667 ns)

 <State 5>: 4.667ns
The critical path consists of the following:
	bus request operation ('gmem_load_req', cluster.cpp:36->cluster.cpp:24) on port 'gmem' (cluster.cpp:36->cluster.cpp:24) [41]  (4.667 ns)

 <State 6>: 4.667ns
The critical path consists of the following:
	bus request operation ('gmem_load_req', cluster.cpp:36->cluster.cpp:24) on port 'gmem' (cluster.cpp:36->cluster.cpp:24) [41]  (4.667 ns)

 <State 7>: 4.667ns
The critical path consists of the following:
	bus request operation ('gmem_load_req', cluster.cpp:36->cluster.cpp:24) on port 'gmem' (cluster.cpp:36->cluster.cpp:24) [41]  (4.667 ns)

 <State 8>: 4.667ns
The critical path consists of the following:
	bus request operation ('gmem_load_req', cluster.cpp:36->cluster.cpp:24) on port 'gmem' (cluster.cpp:36->cluster.cpp:24) [41]  (4.667 ns)

 <State 9>: 4.667ns
The critical path consists of the following:
	bus request operation ('gmem_load_req', cluster.cpp:36->cluster.cpp:24) on port 'gmem' (cluster.cpp:36->cluster.cpp:24) [41]  (4.667 ns)

 <State 10>: 4.667ns
The critical path consists of the following:
	bus request operation ('gmem_load_req', cluster.cpp:36->cluster.cpp:24) on port 'gmem' (cluster.cpp:36->cluster.cpp:24) [41]  (4.667 ns)

 <State 11>: 4.667ns
The critical path consists of the following:
	bus request operation ('gmem_load_req', cluster.cpp:36->cluster.cpp:24) on port 'gmem' (cluster.cpp:36->cluster.cpp:24) [41]  (4.667 ns)

 <State 12>: 4.667ns
The critical path consists of the following:
	bus request operation ('gmem_load_req', cluster.cpp:36->cluster.cpp:24) on port 'gmem' (cluster.cpp:36->cluster.cpp:24) [41]  (4.667 ns)

 <State 13>: 4.667ns
The critical path consists of the following:
	bus request operation ('gmem_load_req', cluster.cpp:36->cluster.cpp:24) on port 'gmem' (cluster.cpp:36->cluster.cpp:24) [41]  (4.667 ns)

 <State 14>: 4.667ns
The critical path consists of the following:
	bus request operation ('gmem_load_req', cluster.cpp:36->cluster.cpp:24) on port 'gmem' (cluster.cpp:36->cluster.cpp:24) [41]  (4.667 ns)

 <State 15>: 4.667ns
The critical path consists of the following:
	bus request operation ('gmem_load_req', cluster.cpp:36->cluster.cpp:24) on port 'gmem' (cluster.cpp:36->cluster.cpp:24) [41]  (4.667 ns)

 <State 16>: 4.667ns
The critical path consists of the following:
	bus request operation ('gmem_load_req', cluster.cpp:36->cluster.cpp:24) on port 'gmem' (cluster.cpp:36->cluster.cpp:24) [41]  (4.667 ns)

 <State 17>: 4.667ns
The critical path consists of the following:
	bus request operation ('gmem_load_req', cluster.cpp:36->cluster.cpp:24) on port 'gmem' (cluster.cpp:36->cluster.cpp:24) [41]  (4.667 ns)

 <State 18>: 4.667ns
The critical path consists of the following:
	bus request operation ('gmem_load_req', cluster.cpp:36->cluster.cpp:24) on port 'gmem' (cluster.cpp:36->cluster.cpp:24) [41]  (4.667 ns)

 <State 19>: 4.667ns
The critical path consists of the following:
	bus request operation ('gmem_load_req', cluster.cpp:36->cluster.cpp:24) on port 'gmem' (cluster.cpp:36->cluster.cpp:24) [41]  (4.667 ns)

 <State 20>: 4.667ns
The critical path consists of the following:
	bus request operation ('gmem_load_req', cluster.cpp:36->cluster.cpp:24) on port 'gmem' (cluster.cpp:36->cluster.cpp:24) [41]  (4.667 ns)

 <State 21>: 4.667ns
The critical path consists of the following:
	bus request operation ('gmem_load_req', cluster.cpp:36->cluster.cpp:24) on port 'gmem' (cluster.cpp:36->cluster.cpp:24) [41]  (4.667 ns)

 <State 22>: 4.667ns
The critical path consists of the following:
	bus request operation ('gmem_load_req', cluster.cpp:36->cluster.cpp:24) on port 'gmem' (cluster.cpp:36->cluster.cpp:24) [41]  (4.667 ns)

 <State 23>: 4.667ns
The critical path consists of the following:
	bus request operation ('gmem_load_req', cluster.cpp:36->cluster.cpp:24) on port 'gmem' (cluster.cpp:36->cluster.cpp:24) [41]  (4.667 ns)

 <State 24>: 4.667ns
The critical path consists of the following:
	bus request operation ('gmem_load_req', cluster.cpp:36->cluster.cpp:24) on port 'gmem' (cluster.cpp:36->cluster.cpp:24) [41]  (4.667 ns)

 <State 25>: 4.667ns
The critical path consists of the following:
	bus request operation ('gmem_load_req', cluster.cpp:36->cluster.cpp:24) on port 'gmem' (cluster.cpp:36->cluster.cpp:24) [41]  (4.667 ns)

 <State 26>: 4.667ns
The critical path consists of the following:
	bus request operation ('gmem_load_req', cluster.cpp:36->cluster.cpp:24) on port 'gmem' (cluster.cpp:36->cluster.cpp:24) [41]  (4.667 ns)

 <State 27>: 4.667ns
The critical path consists of the following:
	bus request operation ('gmem_load_req', cluster.cpp:36->cluster.cpp:24) on port 'gmem' (cluster.cpp:36->cluster.cpp:24) [41]  (4.667 ns)

 <State 28>: 4.667ns
The critical path consists of the following:
	bus request operation ('gmem_load_req', cluster.cpp:36->cluster.cpp:24) on port 'gmem' (cluster.cpp:36->cluster.cpp:24) [41]  (4.667 ns)

 <State 29>: 4.667ns
The critical path consists of the following:
	bus request operation ('gmem_load_req', cluster.cpp:36->cluster.cpp:24) on port 'gmem' (cluster.cpp:36->cluster.cpp:24) [41]  (4.667 ns)

 <State 30>: 4.667ns
The critical path consists of the following:
	bus request operation ('gmem_load_req', cluster.cpp:36->cluster.cpp:24) on port 'gmem' (cluster.cpp:36->cluster.cpp:24) [41]  (4.667 ns)

 <State 31>: 4.667ns
The critical path consists of the following:
	bus request operation ('gmem_load_req', cluster.cpp:36->cluster.cpp:24) on port 'gmem' (cluster.cpp:36->cluster.cpp:24) [41]  (4.667 ns)

 <State 32>: 4.667ns
The critical path consists of the following:
	bus request operation ('gmem_load_req', cluster.cpp:36->cluster.cpp:24) on port 'gmem' (cluster.cpp:36->cluster.cpp:24) [41]  (4.667 ns)

 <State 33>: 4.667ns
The critical path consists of the following:
	bus request operation ('gmem_load_req', cluster.cpp:36->cluster.cpp:24) on port 'gmem' (cluster.cpp:36->cluster.cpp:24) [41]  (4.667 ns)

 <State 34>: 4.667ns
The critical path consists of the following:
	bus request operation ('gmem_load_req', cluster.cpp:36->cluster.cpp:24) on port 'gmem' (cluster.cpp:36->cluster.cpp:24) [41]  (4.667 ns)

 <State 35>: 4.667ns
The critical path consists of the following:
	bus request operation ('gmem_load_req', cluster.cpp:36->cluster.cpp:24) on port 'gmem' (cluster.cpp:36->cluster.cpp:24) [41]  (4.667 ns)

 <State 36>: 4.667ns
The critical path consists of the following:
	bus request operation ('gmem_load_req', cluster.cpp:36->cluster.cpp:24) on port 'gmem' (cluster.cpp:36->cluster.cpp:24) [41]  (4.667 ns)

 <State 37>: 4.667ns
The critical path consists of the following:
	bus request operation ('gmem_load_req', cluster.cpp:36->cluster.cpp:24) on port 'gmem' (cluster.cpp:36->cluster.cpp:24) [41]  (4.667 ns)

 <State 38>: 4.667ns
The critical path consists of the following:
	bus request operation ('gmem_load_req', cluster.cpp:36->cluster.cpp:24) on port 'gmem' (cluster.cpp:36->cluster.cpp:24) [41]  (4.667 ns)

 <State 39>: 4.667ns
The critical path consists of the following:
	bus request operation ('gmem_load_req', cluster.cpp:36->cluster.cpp:24) on port 'gmem' (cluster.cpp:36->cluster.cpp:24) [41]  (4.667 ns)

 <State 40>: 4.667ns
The critical path consists of the following:
	bus request operation ('gmem_load_req', cluster.cpp:36->cluster.cpp:24) on port 'gmem' (cluster.cpp:36->cluster.cpp:24) [41]  (4.667 ns)

 <State 41>: 4.667ns
The critical path consists of the following:
	bus request operation ('gmem_load_req', cluster.cpp:36->cluster.cpp:24) on port 'gmem' (cluster.cpp:36->cluster.cpp:24) [41]  (4.667 ns)

 <State 42>: 4.667ns
The critical path consists of the following:
	bus request operation ('gmem_load_req', cluster.cpp:36->cluster.cpp:24) on port 'gmem' (cluster.cpp:36->cluster.cpp:24) [41]  (4.667 ns)

 <State 43>: 4.667ns
The critical path consists of the following:
	bus request operation ('gmem_load_req', cluster.cpp:36->cluster.cpp:24) on port 'gmem' (cluster.cpp:36->cluster.cpp:24) [41]  (4.667 ns)

 <State 44>: 4.667ns
The critical path consists of the following:
	bus request operation ('gmem_load_req', cluster.cpp:36->cluster.cpp:24) on port 'gmem' (cluster.cpp:36->cluster.cpp:24) [41]  (4.667 ns)

 <State 45>: 4.667ns
The critical path consists of the following:
	bus request operation ('gmem_load_req', cluster.cpp:36->cluster.cpp:24) on port 'gmem' (cluster.cpp:36->cluster.cpp:24) [41]  (4.667 ns)

 <State 46>: 4.667ns
The critical path consists of the following:
	bus request operation ('gmem_load_req', cluster.cpp:36->cluster.cpp:24) on port 'gmem' (cluster.cpp:36->cluster.cpp:24) [41]  (4.667 ns)

 <State 47>: 4.667ns
The critical path consists of the following:
	bus request operation ('gmem_load_req', cluster.cpp:36->cluster.cpp:24) on port 'gmem' (cluster.cpp:36->cluster.cpp:24) [41]  (4.667 ns)

 <State 48>: 4.667ns
The critical path consists of the following:
	bus request operation ('gmem_load_req', cluster.cpp:36->cluster.cpp:24) on port 'gmem' (cluster.cpp:36->cluster.cpp:24) [41]  (4.667 ns)

 <State 49>: 4.667ns
The critical path consists of the following:
	bus request operation ('gmem_load_req', cluster.cpp:36->cluster.cpp:24) on port 'gmem' (cluster.cpp:36->cluster.cpp:24) [41]  (4.667 ns)

 <State 50>: 4.667ns
The critical path consists of the following:
	bus request operation ('gmem_load_req', cluster.cpp:36->cluster.cpp:24) on port 'gmem' (cluster.cpp:36->cluster.cpp:24) [41]  (4.667 ns)

 <State 51>: 4.667ns
The critical path consists of the following:
	bus request operation ('gmem_load_req', cluster.cpp:36->cluster.cpp:24) on port 'gmem' (cluster.cpp:36->cluster.cpp:24) [41]  (4.667 ns)

 <State 52>: 4.667ns
The critical path consists of the following:
	bus request operation ('gmem_load_req', cluster.cpp:36->cluster.cpp:24) on port 'gmem' (cluster.cpp:36->cluster.cpp:24) [41]  (4.667 ns)

 <State 53>: 4.667ns
The critical path consists of the following:
	bus request operation ('gmem_load_req', cluster.cpp:36->cluster.cpp:24) on port 'gmem' (cluster.cpp:36->cluster.cpp:24) [41]  (4.667 ns)

 <State 54>: 4.667ns
The critical path consists of the following:
	bus request operation ('gmem_load_req', cluster.cpp:36->cluster.cpp:24) on port 'gmem' (cluster.cpp:36->cluster.cpp:24) [41]  (4.667 ns)

 <State 55>: 4.667ns
The critical path consists of the following:
	bus request operation ('gmem_load_req', cluster.cpp:36->cluster.cpp:24) on port 'gmem' (cluster.cpp:36->cluster.cpp:24) [41]  (4.667 ns)

 <State 56>: 4.667ns
The critical path consists of the following:
	bus request operation ('gmem_load_req', cluster.cpp:36->cluster.cpp:24) on port 'gmem' (cluster.cpp:36->cluster.cpp:24) [41]  (4.667 ns)

 <State 57>: 4.667ns
The critical path consists of the following:
	bus request operation ('gmem_load_req', cluster.cpp:36->cluster.cpp:24) on port 'gmem' (cluster.cpp:36->cluster.cpp:24) [41]  (4.667 ns)

 <State 58>: 4.667ns
The critical path consists of the following:
	bus request operation ('gmem_load_req', cluster.cpp:36->cluster.cpp:24) on port 'gmem' (cluster.cpp:36->cluster.cpp:24) [41]  (4.667 ns)

 <State 59>: 4.667ns
The critical path consists of the following:
	bus request operation ('gmem_load_req', cluster.cpp:36->cluster.cpp:24) on port 'gmem' (cluster.cpp:36->cluster.cpp:24) [41]  (4.667 ns)

 <State 60>: 4.667ns
The critical path consists of the following:
	bus request operation ('gmem_load_req', cluster.cpp:36->cluster.cpp:24) on port 'gmem' (cluster.cpp:36->cluster.cpp:24) [41]  (4.667 ns)

 <State 61>: 4.667ns
The critical path consists of the following:
	bus request operation ('gmem_load_req', cluster.cpp:36->cluster.cpp:24) on port 'gmem' (cluster.cpp:36->cluster.cpp:24) [41]  (4.667 ns)

 <State 62>: 4.667ns
The critical path consists of the following:
	bus request operation ('gmem_load_req', cluster.cpp:36->cluster.cpp:24) on port 'gmem' (cluster.cpp:36->cluster.cpp:24) [41]  (4.667 ns)

 <State 63>: 4.667ns
The critical path consists of the following:
	bus request operation ('gmem_load_req', cluster.cpp:36->cluster.cpp:24) on port 'gmem' (cluster.cpp:36->cluster.cpp:24) [41]  (4.667 ns)

 <State 64>: 4.667ns
The critical path consists of the following:
	bus request operation ('gmem_load_req', cluster.cpp:36->cluster.cpp:24) on port 'gmem' (cluster.cpp:36->cluster.cpp:24) [41]  (4.667 ns)

 <State 65>: 4.667ns
The critical path consists of the following:
	bus request operation ('gmem_load_req', cluster.cpp:36->cluster.cpp:24) on port 'gmem' (cluster.cpp:36->cluster.cpp:24) [41]  (4.667 ns)

 <State 66>: 4.667ns
The critical path consists of the following:
	bus request operation ('gmem_load_req', cluster.cpp:36->cluster.cpp:24) on port 'gmem' (cluster.cpp:36->cluster.cpp:24) [41]  (4.667 ns)

 <State 67>: 4.667ns
The critical path consists of the following:
	bus request operation ('gmem_load_req', cluster.cpp:36->cluster.cpp:24) on port 'gmem' (cluster.cpp:36->cluster.cpp:24) [41]  (4.667 ns)

 <State 68>: 4.667ns
The critical path consists of the following:
	bus request operation ('gmem_load_req', cluster.cpp:36->cluster.cpp:24) on port 'gmem' (cluster.cpp:36->cluster.cpp:24) [41]  (4.667 ns)

 <State 69>: 4.667ns
The critical path consists of the following:
	bus request operation ('gmem_load_req', cluster.cpp:36->cluster.cpp:24) on port 'gmem' (cluster.cpp:36->cluster.cpp:24) [41]  (4.667 ns)

 <State 70>: 4.667ns
The critical path consists of the following:
	bus request operation ('gmem_load_req', cluster.cpp:36->cluster.cpp:24) on port 'gmem' (cluster.cpp:36->cluster.cpp:24) [41]  (4.667 ns)

 <State 71>: 4.667ns
The critical path consists of the following:
	bus request operation ('gmem_load_req', cluster.cpp:36->cluster.cpp:24) on port 'gmem' (cluster.cpp:36->cluster.cpp:24) [41]  (4.667 ns)

 <State 72>: 4.667ns
The critical path consists of the following:
	bus request operation ('gmem_load_req', cluster.cpp:36->cluster.cpp:24) on port 'gmem' (cluster.cpp:36->cluster.cpp:24) [41]  (4.667 ns)

 <State 73>: 4.667ns
The critical path consists of the following:
	bus request operation ('gmem_load_req', cluster.cpp:36->cluster.cpp:24) on port 'gmem' (cluster.cpp:36->cluster.cpp:24) [41]  (4.667 ns)

 <State 74>: 4.667ns
The critical path consists of the following:
	bus read operation ('gmem_addr_read', cluster.cpp:36->cluster.cpp:24) on port 'gmem' (cluster.cpp:36->cluster.cpp:24) [42]  (4.667 ns)

 <State 75>: 4.667ns
The critical path consists of the following:
	bus request operation ('gmem_addr_12_req', cluster.cpp:39->cluster.cpp:24) on port 'gmem' (cluster.cpp:39->cluster.cpp:24) [59]  (4.667 ns)

 <State 76>: 4.667ns
The critical path consists of the following:
	bus write operation ('write_ln39', cluster.cpp:39->cluster.cpp:24) on port 'gmem' (cluster.cpp:39->cluster.cpp:24) [60]  (4.667 ns)

 <State 77>: 4.667ns
The critical path consists of the following:
	bus response operation ('gmem_addr_12_resp', cluster.cpp:39->cluster.cpp:24) on port 'gmem' (cluster.cpp:39->cluster.cpp:24) [61]  (4.667 ns)

 <State 78>: 4.667ns
The critical path consists of the following:
	bus response operation ('gmem_addr_12_resp', cluster.cpp:39->cluster.cpp:24) on port 'gmem' (cluster.cpp:39->cluster.cpp:24) [61]  (4.667 ns)

 <State 79>: 4.667ns
The critical path consists of the following:
	bus response operation ('gmem_addr_12_resp', cluster.cpp:39->cluster.cpp:24) on port 'gmem' (cluster.cpp:39->cluster.cpp:24) [61]  (4.667 ns)

 <State 80>: 4.667ns
The critical path consists of the following:
	bus response operation ('gmem_addr_12_resp', cluster.cpp:39->cluster.cpp:24) on port 'gmem' (cluster.cpp:39->cluster.cpp:24) [61]  (4.667 ns)

 <State 81>: 4.667ns
The critical path consists of the following:
	bus response operation ('gmem_addr_12_resp', cluster.cpp:39->cluster.cpp:24) on port 'gmem' (cluster.cpp:39->cluster.cpp:24) [61]  (4.667 ns)

 <State 82>: 4.667ns
The critical path consists of the following:
	bus response operation ('gmem_addr_12_resp', cluster.cpp:39->cluster.cpp:24) on port 'gmem' (cluster.cpp:39->cluster.cpp:24) [61]  (4.667 ns)

 <State 83>: 4.667ns
The critical path consists of the following:
	bus response operation ('gmem_addr_12_resp', cluster.cpp:39->cluster.cpp:24) on port 'gmem' (cluster.cpp:39->cluster.cpp:24) [61]  (4.667 ns)

 <State 84>: 4.667ns
The critical path consists of the following:
	bus response operation ('gmem_addr_12_resp', cluster.cpp:39->cluster.cpp:24) on port 'gmem' (cluster.cpp:39->cluster.cpp:24) [61]  (4.667 ns)

 <State 85>: 4.667ns
The critical path consists of the following:
	bus response operation ('gmem_addr_12_resp', cluster.cpp:39->cluster.cpp:24) on port 'gmem' (cluster.cpp:39->cluster.cpp:24) [61]  (4.667 ns)

 <State 86>: 4.667ns
The critical path consists of the following:
	bus response operation ('gmem_addr_12_resp', cluster.cpp:39->cluster.cpp:24) on port 'gmem' (cluster.cpp:39->cluster.cpp:24) [61]  (4.667 ns)

 <State 87>: 4.667ns
The critical path consists of the following:
	bus response operation ('gmem_addr_12_resp', cluster.cpp:39->cluster.cpp:24) on port 'gmem' (cluster.cpp:39->cluster.cpp:24) [61]  (4.667 ns)

 <State 88>: 4.667ns
The critical path consists of the following:
	bus response operation ('gmem_addr_12_resp', cluster.cpp:39->cluster.cpp:24) on port 'gmem' (cluster.cpp:39->cluster.cpp:24) [61]  (4.667 ns)

 <State 89>: 4.667ns
The critical path consists of the following:
	bus response operation ('gmem_addr_12_resp', cluster.cpp:39->cluster.cpp:24) on port 'gmem' (cluster.cpp:39->cluster.cpp:24) [61]  (4.667 ns)

 <State 90>: 4.667ns
The critical path consists of the following:
	bus response operation ('gmem_addr_12_resp', cluster.cpp:39->cluster.cpp:24) on port 'gmem' (cluster.cpp:39->cluster.cpp:24) [61]  (4.667 ns)

 <State 91>: 4.667ns
The critical path consists of the following:
	bus response operation ('gmem_addr_12_resp', cluster.cpp:39->cluster.cpp:24) on port 'gmem' (cluster.cpp:39->cluster.cpp:24) [61]  (4.667 ns)

 <State 92>: 4.667ns
The critical path consists of the following:
	bus response operation ('gmem_addr_12_resp', cluster.cpp:39->cluster.cpp:24) on port 'gmem' (cluster.cpp:39->cluster.cpp:24) [61]  (4.667 ns)

 <State 93>: 4.667ns
The critical path consists of the following:
	bus response operation ('gmem_addr_12_resp', cluster.cpp:39->cluster.cpp:24) on port 'gmem' (cluster.cpp:39->cluster.cpp:24) [61]  (4.667 ns)

 <State 94>: 4.667ns
The critical path consists of the following:
	bus response operation ('gmem_addr_12_resp', cluster.cpp:39->cluster.cpp:24) on port 'gmem' (cluster.cpp:39->cluster.cpp:24) [61]  (4.667 ns)

 <State 95>: 4.667ns
The critical path consists of the following:
	bus response operation ('gmem_addr_12_resp', cluster.cpp:39->cluster.cpp:24) on port 'gmem' (cluster.cpp:39->cluster.cpp:24) [61]  (4.667 ns)

 <State 96>: 4.667ns
The critical path consists of the following:
	bus response operation ('gmem_addr_12_resp', cluster.cpp:39->cluster.cpp:24) on port 'gmem' (cluster.cpp:39->cluster.cpp:24) [61]  (4.667 ns)

 <State 97>: 4.667ns
The critical path consists of the following:
	bus response operation ('gmem_addr_12_resp', cluster.cpp:39->cluster.cpp:24) on port 'gmem' (cluster.cpp:39->cluster.cpp:24) [61]  (4.667 ns)

 <State 98>: 4.667ns
The critical path consists of the following:
	bus response operation ('gmem_addr_12_resp', cluster.cpp:39->cluster.cpp:24) on port 'gmem' (cluster.cpp:39->cluster.cpp:24) [61]  (4.667 ns)

 <State 99>: 4.667ns
The critical path consists of the following:
	bus response operation ('gmem_addr_12_resp', cluster.cpp:39->cluster.cpp:24) on port 'gmem' (cluster.cpp:39->cluster.cpp:24) [61]  (4.667 ns)

 <State 100>: 4.667ns
The critical path consists of the following:
	bus response operation ('gmem_addr_12_resp', cluster.cpp:39->cluster.cpp:24) on port 'gmem' (cluster.cpp:39->cluster.cpp:24) [61]  (4.667 ns)

 <State 101>: 4.667ns
The critical path consists of the following:
	bus response operation ('gmem_addr_12_resp', cluster.cpp:39->cluster.cpp:24) on port 'gmem' (cluster.cpp:39->cluster.cpp:24) [61]  (4.667 ns)

 <State 102>: 4.667ns
The critical path consists of the following:
	bus response operation ('gmem_addr_12_resp', cluster.cpp:39->cluster.cpp:24) on port 'gmem' (cluster.cpp:39->cluster.cpp:24) [61]  (4.667 ns)

 <State 103>: 4.667ns
The critical path consists of the following:
	bus response operation ('gmem_addr_12_resp', cluster.cpp:39->cluster.cpp:24) on port 'gmem' (cluster.cpp:39->cluster.cpp:24) [61]  (4.667 ns)

 <State 104>: 4.667ns
The critical path consists of the following:
	bus response operation ('gmem_addr_12_resp', cluster.cpp:39->cluster.cpp:24) on port 'gmem' (cluster.cpp:39->cluster.cpp:24) [61]  (4.667 ns)

 <State 105>: 4.667ns
The critical path consists of the following:
	bus response operation ('gmem_addr_12_resp', cluster.cpp:39->cluster.cpp:24) on port 'gmem' (cluster.cpp:39->cluster.cpp:24) [61]  (4.667 ns)

 <State 106>: 4.667ns
The critical path consists of the following:
	bus response operation ('gmem_addr_12_resp', cluster.cpp:39->cluster.cpp:24) on port 'gmem' (cluster.cpp:39->cluster.cpp:24) [61]  (4.667 ns)

 <State 107>: 4.667ns
The critical path consists of the following:
	bus response operation ('gmem_addr_12_resp', cluster.cpp:39->cluster.cpp:24) on port 'gmem' (cluster.cpp:39->cluster.cpp:24) [61]  (4.667 ns)

 <State 108>: 4.667ns
The critical path consists of the following:
	bus response operation ('gmem_addr_12_resp', cluster.cpp:39->cluster.cpp:24) on port 'gmem' (cluster.cpp:39->cluster.cpp:24) [61]  (4.667 ns)

 <State 109>: 4.667ns
The critical path consists of the following:
	bus response operation ('gmem_addr_12_resp', cluster.cpp:39->cluster.cpp:24) on port 'gmem' (cluster.cpp:39->cluster.cpp:24) [61]  (4.667 ns)

 <State 110>: 4.667ns
The critical path consists of the following:
	bus response operation ('gmem_addr_12_resp', cluster.cpp:39->cluster.cpp:24) on port 'gmem' (cluster.cpp:39->cluster.cpp:24) [61]  (4.667 ns)

 <State 111>: 4.667ns
The critical path consists of the following:
	bus response operation ('gmem_addr_12_resp', cluster.cpp:39->cluster.cpp:24) on port 'gmem' (cluster.cpp:39->cluster.cpp:24) [61]  (4.667 ns)

 <State 112>: 4.667ns
The critical path consists of the following:
	bus response operation ('gmem_addr_12_resp', cluster.cpp:39->cluster.cpp:24) on port 'gmem' (cluster.cpp:39->cluster.cpp:24) [61]  (4.667 ns)

 <State 113>: 4.667ns
The critical path consists of the following:
	bus response operation ('gmem_addr_12_resp', cluster.cpp:39->cluster.cpp:24) on port 'gmem' (cluster.cpp:39->cluster.cpp:24) [61]  (4.667 ns)

 <State 114>: 4.667ns
The critical path consists of the following:
	bus response operation ('gmem_addr_12_resp', cluster.cpp:39->cluster.cpp:24) on port 'gmem' (cluster.cpp:39->cluster.cpp:24) [61]  (4.667 ns)

 <State 115>: 4.667ns
The critical path consists of the following:
	bus response operation ('gmem_addr_12_resp', cluster.cpp:39->cluster.cpp:24) on port 'gmem' (cluster.cpp:39->cluster.cpp:24) [61]  (4.667 ns)

 <State 116>: 4.667ns
The critical path consists of the following:
	bus response operation ('gmem_addr_12_resp', cluster.cpp:39->cluster.cpp:24) on port 'gmem' (cluster.cpp:39->cluster.cpp:24) [61]  (4.667 ns)

 <State 117>: 4.667ns
The critical path consists of the following:
	bus response operation ('gmem_addr_12_resp', cluster.cpp:39->cluster.cpp:24) on port 'gmem' (cluster.cpp:39->cluster.cpp:24) [61]  (4.667 ns)

 <State 118>: 4.667ns
The critical path consists of the following:
	bus response operation ('gmem_addr_12_resp', cluster.cpp:39->cluster.cpp:24) on port 'gmem' (cluster.cpp:39->cluster.cpp:24) [61]  (4.667 ns)

 <State 119>: 4.667ns
The critical path consists of the following:
	bus response operation ('gmem_addr_12_resp', cluster.cpp:39->cluster.cpp:24) on port 'gmem' (cluster.cpp:39->cluster.cpp:24) [61]  (4.667 ns)

 <State 120>: 4.667ns
The critical path consists of the following:
	bus response operation ('gmem_addr_12_resp', cluster.cpp:39->cluster.cpp:24) on port 'gmem' (cluster.cpp:39->cluster.cpp:24) [61]  (4.667 ns)

 <State 121>: 4.667ns
The critical path consists of the following:
	bus response operation ('gmem_addr_12_resp', cluster.cpp:39->cluster.cpp:24) on port 'gmem' (cluster.cpp:39->cluster.cpp:24) [61]  (4.667 ns)

 <State 122>: 4.667ns
The critical path consists of the following:
	bus response operation ('gmem_addr_12_resp', cluster.cpp:39->cluster.cpp:24) on port 'gmem' (cluster.cpp:39->cluster.cpp:24) [61]  (4.667 ns)

 <State 123>: 4.667ns
The critical path consists of the following:
	bus response operation ('gmem_addr_12_resp', cluster.cpp:39->cluster.cpp:24) on port 'gmem' (cluster.cpp:39->cluster.cpp:24) [61]  (4.667 ns)

 <State 124>: 4.667ns
The critical path consists of the following:
	bus response operation ('gmem_addr_12_resp', cluster.cpp:39->cluster.cpp:24) on port 'gmem' (cluster.cpp:39->cluster.cpp:24) [61]  (4.667 ns)

 <State 125>: 4.667ns
The critical path consists of the following:
	bus response operation ('gmem_addr_12_resp', cluster.cpp:39->cluster.cpp:24) on port 'gmem' (cluster.cpp:39->cluster.cpp:24) [61]  (4.667 ns)

 <State 126>: 4.667ns
The critical path consists of the following:
	bus response operation ('gmem_addr_12_resp', cluster.cpp:39->cluster.cpp:24) on port 'gmem' (cluster.cpp:39->cluster.cpp:24) [61]  (4.667 ns)

 <State 127>: 4.667ns
The critical path consists of the following:
	bus response operation ('gmem_addr_12_resp', cluster.cpp:39->cluster.cpp:24) on port 'gmem' (cluster.cpp:39->cluster.cpp:24) [61]  (4.667 ns)

 <State 128>: 4.667ns
The critical path consists of the following:
	bus response operation ('gmem_addr_12_resp', cluster.cpp:39->cluster.cpp:24) on port 'gmem' (cluster.cpp:39->cluster.cpp:24) [61]  (4.667 ns)

 <State 129>: 4.667ns
The critical path consists of the following:
	bus response operation ('gmem_addr_12_resp', cluster.cpp:39->cluster.cpp:24) on port 'gmem' (cluster.cpp:39->cluster.cpp:24) [61]  (4.667 ns)

 <State 130>: 4.667ns
The critical path consists of the following:
	bus response operation ('gmem_addr_12_resp', cluster.cpp:39->cluster.cpp:24) on port 'gmem' (cluster.cpp:39->cluster.cpp:24) [61]  (4.667 ns)

 <State 131>: 4.667ns
The critical path consists of the following:
	bus response operation ('gmem_addr_12_resp', cluster.cpp:39->cluster.cpp:24) on port 'gmem' (cluster.cpp:39->cluster.cpp:24) [61]  (4.667 ns)

 <State 132>: 4.667ns
The critical path consists of the following:
	bus response operation ('gmem_addr_12_resp', cluster.cpp:39->cluster.cpp:24) on port 'gmem' (cluster.cpp:39->cluster.cpp:24) [61]  (4.667 ns)

 <State 133>: 4.667ns
The critical path consists of the following:
	bus response operation ('gmem_addr_12_resp', cluster.cpp:39->cluster.cpp:24) on port 'gmem' (cluster.cpp:39->cluster.cpp:24) [61]  (4.667 ns)

 <State 134>: 4.667ns
The critical path consists of the following:
	bus response operation ('gmem_addr_12_resp', cluster.cpp:39->cluster.cpp:24) on port 'gmem' (cluster.cpp:39->cluster.cpp:24) [61]  (4.667 ns)

 <State 135>: 4.667ns
The critical path consists of the following:
	bus response operation ('gmem_addr_12_resp', cluster.cpp:39->cluster.cpp:24) on port 'gmem' (cluster.cpp:39->cluster.cpp:24) [61]  (4.667 ns)

 <State 136>: 4.667ns
The critical path consists of the following:
	bus response operation ('gmem_addr_12_resp', cluster.cpp:39->cluster.cpp:24) on port 'gmem' (cluster.cpp:39->cluster.cpp:24) [61]  (4.667 ns)

 <State 137>: 4.667ns
The critical path consists of the following:
	bus response operation ('gmem_addr_12_resp', cluster.cpp:39->cluster.cpp:24) on port 'gmem' (cluster.cpp:39->cluster.cpp:24) [61]  (4.667 ns)

 <State 138>: 4.667ns
The critical path consists of the following:
	bus response operation ('gmem_addr_12_resp', cluster.cpp:39->cluster.cpp:24) on port 'gmem' (cluster.cpp:39->cluster.cpp:24) [61]  (4.667 ns)

 <State 139>: 4.667ns
The critical path consists of the following:
	bus response operation ('gmem_addr_12_resp', cluster.cpp:39->cluster.cpp:24) on port 'gmem' (cluster.cpp:39->cluster.cpp:24) [61]  (4.667 ns)

 <State 140>: 4.667ns
The critical path consists of the following:
	bus response operation ('gmem_addr_12_resp', cluster.cpp:39->cluster.cpp:24) on port 'gmem' (cluster.cpp:39->cluster.cpp:24) [61]  (4.667 ns)

 <State 141>: 4.667ns
The critical path consists of the following:
	bus response operation ('gmem_addr_12_resp', cluster.cpp:39->cluster.cpp:24) on port 'gmem' (cluster.cpp:39->cluster.cpp:24) [61]  (4.667 ns)

 <State 142>: 4.667ns
The critical path consists of the following:
	bus response operation ('gmem_addr_12_resp', cluster.cpp:39->cluster.cpp:24) on port 'gmem' (cluster.cpp:39->cluster.cpp:24) [61]  (4.667 ns)

 <State 143>: 4.667ns
The critical path consists of the following:
	bus response operation ('gmem_addr_12_resp', cluster.cpp:39->cluster.cpp:24) on port 'gmem' (cluster.cpp:39->cluster.cpp:24) [61]  (4.667 ns)

 <State 144>: 4.667ns
The critical path consists of the following:
	bus response operation ('gmem_addr_12_resp', cluster.cpp:39->cluster.cpp:24) on port 'gmem' (cluster.cpp:39->cluster.cpp:24) [61]  (4.667 ns)


============================================================
+ Verbose Summary: Binding
============================================================
N/A
* FSMD analyzer results:
  - Output states:
 - Input state : 
  - Chain level:
	State 1
	State 2
	State 3
	State 4
	State 5
	State 6
	State 7
	State 8
	State 9
	State 10
	State 11
	State 12
	State 13
	State 14
	State 15
	State 16
	State 17
	State 18
	State 19
	State 20
	State 21
	State 22
	State 23
	State 24
	State 25
	State 26
	State 27
	State 28
	State 29
	State 30
	State 31
	State 32
	State 33
	State 34
	State 35
	State 36
	State 37
	State 38
	State 39
	State 40
	State 41
	State 42
	State 43
	State 44
	State 45
	State 46
	State 47
	State 48
	State 49
	State 50
	State 51
	State 52
	State 53
	State 54
	State 55
	State 56
	State 57
	State 58
	State 59
	State 60
	State 61
	State 62
	State 63
	State 64
	State 65
	State 66
	State 67
	State 68
	State 69
	State 70
	State 71
	State 72
	State 73
	State 74
	State 75
	State 76
	State 77
	State 78
	State 79
	State 80
	State 81
	State 82
	State 83
	State 84
	State 85
	State 86
	State 87
	State 88
	State 89
	State 90
	State 91
	State 92
	State 93
	State 94
	State 95
	State 96
	State 97
	State 98
	State 99
	State 100
	State 101
	State 102
	State 103
	State 104
	State 105
	State 106
	State 107
	State 108
	State 109
	State 110
	State 111
	State 112
	State 113
	State 114
	State 115
	State 116
	State 117
	State 118
	State 119
	State 120
	State 121
	State 122
	State 123
	State 124
	State 125
	State 126
	State 127
	State 128
	State 129
	State 130
	State 131
	State 132
	State 133
	State 134
	State 135
	State 136
	State 137
	State 138
	State 139
	State 140
	State 141
	State 142
	State 143
	State 144


============================================================
+ Verbose Summary: Datapath Resource usage 
============================================================
N/A
