

================================================================
== Vitis HLS Report for 'edge_detect_hw_Pipeline_4'
================================================================
* Date:           Tue Sep  8 14:06:58 2026

* Version:        2024.2.2 (Build 6049644 on Mar  5 2025)
* Project:        final
* Solution:       hls (Vitis Kernel Flow Target)
* Product family: zynquplus
* Target device:  xczu9eg-ffvb1156-2-e


================================================================
== Performance Estimates
================================================================
+ Timing: 
    * Summary: 
    +--------+---------+----------+------------+
    |  Clock |  Target | Estimated| Uncertainty|
    +--------+---------+----------+------------+
    |ap_clk  |  6.67 ns|  4.667 ns|     2.00 ns|
    +--------+---------+----------+------------+

+ Latency: 
    * Summary: 
    +---------+---------+-----------+-----------+---------+---------+------------------------------------------------+
    |  Latency (cycles) |   Latency (absolute)  |      Interval     |                    Pipeline                    |
    |   min   |   max   |    min    |    max    |   min   |   max   |                      Type                      |
    +---------+---------+-----------+-----------+---------+---------+------------------------------------------------+
    |  2341078|  2341078|  15.608 ms|  15.608 ms|  2340909|  2340909|  loop auto-rewind stp (delay=0 clock cycles(s))|
    +---------+---------+-----------+-----------+---------+---------+------------------------------------------------+

    + Detail: 
        * Instance: 
        N/A

        * Loop: 
        +----------+---------+---------+----------+-----------+-----------+--------+----------+
        |          |  Latency (cycles) | Iteration|  Initiation Interval  |  Trip  |          |
        | Loop Name|   min   |   max   |  Latency |  achieved |   target  |  Count | Pipelined|
        +----------+---------+---------+----------+-----------+-----------+--------+----------+
        |- Loop 1  |  2341076|  2341076|       186|          9|          1|  260100|       yes|
        +----------+---------+---------+----------+-----------+-----------+--------+----------+

============================================================
+ Verbose Summary: Synthesis Manager
============================================================
InlineROM: 1
ExposeGlobal: 0
============================================================
+ Verbose Summary: CDFG Model
============================================================
IsTopModel: 0
ResetActiveHigh: 1
IsCombinational: 0
IsDatapathOnly: 0
HasWiredReturn: 1
HasMFsm: 2
HasVarLatency: 1
IsPipeline: 0
IsRtlPipelined: 0
IsInstanceOverlapped: 0
IsDontTouch: 0
HasImplIP: 0
IsGatedGlobalClock: 0

+ Individual pipeline summary: 
  * Pipeline-0: initiation interval (II) = 9, depth = 187


============================================================
+ Verbose Summary: Schedule
============================================================
* Number of FSM states : 187
* Pipeline : 1
  Pipeline-0 : II = 9, D = 187, States = { 1 2 3 4 5 6 7 8 9 10 11 12 13 14 15 16 17 18 19 20 21 22 23 24 25 26 27 28 29 30 31 32 33 34 35 36 37 38 39 40 41 42 43 44 45 46 47 48 49 50 51 52 53 54 55 56 57 58 59 60 61 62 63 64 65 66 67 68 69 70 71 72 73 74 75 76 77 78 79 80 81 82 83 84 85 86 87 88 89 90 91 92 93 94 95 96 97 98 99 100 101 102 103 104 105 106 107 108 109 110 111 112 113 114 115 116 117 118 119 120 121 122 123 124 125 126 127 128 129 130 131 132 133 134 135 136 137 138 139 140 141 142 143 144 145 146 147 148 149 150 151 152 153 154 155 156 157 158 159 160 161 162 163 164 165 166 167 168 169 170 171 172 173 174 175 176 177 178 179 180 181 182 183 184 185 186 187 }
* Dataflow Pipeline: 0

* FSM state transitions: 
1 --> 2 
2 --> 3 
3 --> 4 
4 --> 5 
5 --> 6 
6 --> 7 
7 --> 8 
8 --> 9 
9 --> 10 
10 --> 11 
11 --> 12 
12 --> 13 
13 --> 14 
14 --> 15 
15 --> 16 
16 --> 17 
17 --> 18 
18 --> 19 
19 --> 20 
20 --> 21 
21 --> 22 
22 --> 23 
23 --> 24 
24 --> 25 
25 --> 26 
26 --> 27 
27 --> 28 
28 --> 29 
29 --> 30 
30 --> 31 
31 --> 32 
32 --> 33 
33 --> 34 
34 --> 35 
35 --> 36 
36 --> 37 
37 --> 38 
38 --> 39 
39 --> 40 
40 --> 41 
41 --> 42 
42 --> 43 
43 --> 44 
44 --> 45 
45 --> 46 
46 --> 47 
47 --> 48 
48 --> 49 
49 --> 50 
50 --> 51 
51 --> 52 
52 --> 53 
53 --> 54 
54 --> 55 
55 --> 56 
56 --> 57 
57 --> 58 
58 --> 59 
59 --> 60 
60 --> 61 
61 --> 62 
62 --> 63 
63 --> 64 
64 --> 65 
65 --> 66 
66 --> 67 
67 --> 68 
68 --> 69 
69 --> 70 
70 --> 71 
71 --> 72 
72 --> 73 
73 --> 74 
74 --> 75 
75 --> 76 
76 --> 77 
77 --> 78 
78 --> 79 
79 --> 80 
80 --> 81 
81 --> 82 
82 --> 83 
83 --> 84 
84 --> 85 
85 --> 86 
86 --> 87 
87 --> 88 
88 --> 89 
89 --> 90 
90 --> 91 
91 --> 92 
92 --> 93 
93 --> 94 
94 --> 95 
95 --> 96 
96 --> 97 
97 --> 98 
98 --> 99 
99 --> 100 
100 --> 101 
101 --> 102 
102 --> 103 
103 --> 104 
104 --> 105 
105 --> 106 
106 --> 107 
107 --> 108 
108 --> 109 
109 --> 110 
110 --> 111 
111 --> 112 
112 --> 113 
113 --> 114 
114 --> 115 
115 --> 116 
116 --> 117 
117 --> 118 
118 --> 119 
119 --> 120 
120 --> 121 
121 --> 122 
122 --> 123 
123 --> 124 
124 --> 125 
125 --> 126 
126 --> 127 
127 --> 128 
128 --> 129 
129 --> 130 
130 --> 131 
131 --> 132 
132 --> 133 
133 --> 134 
134 --> 135 
135 --> 136 
136 --> 137 
137 --> 138 
138 --> 139 
139 --> 140 
140 --> 141 
141 --> 142 
142 --> 143 
143 --> 144 
144 --> 145 
145 --> 146 
146 --> 147 
147 --> 148 
148 --> 149 
149 --> 150 
150 --> 151 
151 --> 152 
152 --> 153 
153 --> 154 
154 --> 155 
155 --> 156 
156 --> 157 
157 --> 158 
158 --> 159 
159 --> 160 
160 --> 161 
161 --> 162 
162 --> 163 
163 --> 164 
164 --> 165 
165 --> 166 
166 --> 167 
167 --> 168 
168 --> 169 
169 --> 170 
170 --> 171 
171 --> 172 
172 --> 173 
173 --> 174 
174 --> 175 
175 --> 176 
176 --> 177 
177 --> 178 
178 --> 179 
179 --> 180 
180 --> 181 
181 --> 182 
182 --> 183 
183 --> 184 
184 --> 185 
185 --> 186 
186 --> 187 
187 --> 

* FSM state operations: 

State 1 <SV = 0> <Delay = 0.42>
ST_1 : Operation 189 [1/1] (0.00ns)   --->   "%c = alloca i32 1" [cluster.cpp:102->cluster.cpp:21]   --->   Operation 189 'alloca' 'c' <Predicate = true> <Delay = 0.00>
ST_1 : Operation 190 [1/1] (0.00ns)   --->   "%r = alloca i32 1" [cluster.cpp:103->cluster.cpp:21]   --->   Operation 190 'alloca' 'r' <Predicate = true> <Delay = 0.00>
ST_1 : Operation 191 [1/1] (0.00ns)   --->   "%indvar_flatten26 = alloca i32 1"   --->   Operation 191 'alloca' 'indvar_flatten26' <Predicate = true> <Delay = 0.00>
ST_1 : Operation 192 [1/1] (0.00ns)   --->   "%image_gray_read = read i64 @_ssdm_op_Read.ap_auto.i64, i64 %image_gray"   --->   Operation 192 'read' 'image_gray_read' <Predicate = true> <Delay = 0.00>
ST_1 : Operation 193 [1/1] (0.00ns)   --->   "%normal_factor_2_reload_read = read i6 @_ssdm_op_Read.ap_auto.i6, i6 %normal_factor_2_reload"   --->   Operation 193 'read' 'normal_factor_2_reload_read' <Predicate = true> <Delay = 0.00>
ST_1 : Operation 194 [1/1] (0.00ns)   --->   "%output_r_read = read i64 @_ssdm_op_Read.ap_auto.i64, i64 %output_r"   --->   Operation 194 'read' 'output_r_read' <Predicate = true> <Delay = 0.00>
ST_1 : Operation 195 [1/1] (0.00ns)   --->   "%normal_factor_2_reload_cast = zext i6 %normal_factor_2_reload_read"   --->   Operation 195 'zext' 'normal_factor_2_reload_cast' <Predicate = true> <Delay = 0.00>
ST_1 : Operation 196 [1/1] (0.00ns)   --->   "%specinterface_ln0 = specinterface void @_ssdm_op_SpecInterface, i32 %gmem, void @empty, i32 0, i32 0, void @empty_0, i32 64, i32 0, void @empty_1, void @empty_2, void @empty_0, i32 16, i32 16, i32 16, i32 16, void @empty_0, void @empty_0, i32 4294967295, i32 0, i32 0"   --->   Operation 196 'specinterface' 'specinterface_ln0' <Predicate = true> <Delay = 0.00>
ST_1 : Operation 197 [1/1] (0.42ns)   --->   "%store_ln0 = store i18 0, i18 %indvar_flatten26"   --->   Operation 197 'store' 'store_ln0' <Predicate = true> <Delay = 0.42>
ST_1 : Operation 198 [1/1] (0.42ns)   --->   "%store_ln103 = store i9 0, i9 %r" [cluster.cpp:103->cluster.cpp:21]   --->   Operation 198 'store' 'store_ln103' <Predicate = true> <Delay = 0.42>
ST_1 : Operation 199 [1/1] (0.42ns)   --->   "%store_ln102 = store i9 0, i9 %c" [cluster.cpp:102->cluster.cpp:21]   --->   Operation 199 'store' 'store_ln102' <Predicate = true> <Delay = 0.42>
ST_1 : Operation 200 [1/1] (0.00ns)   --->   "%br_ln0 = br void %for.body13.i27"   --->   Operation 200 'br' 'br_ln0' <Predicate = true> <Delay = 0.00>

State 2 <SV = 1> <Delay = 2.25>
ST_2 : Operation 201 [1/1] (0.00ns)   --->   "%indvar_flatten26_load = load i18 %indvar_flatten26" [cluster.cpp:125->cluster.cpp:21]   --->   Operation 201 'load' 'indvar_flatten26_load' <Predicate = true> <Delay = 0.00>
ST_2 : Operation 202 [1/1] (0.00ns)   --->   "%specbitsmap_ln0 = specbitsmap void @_ssdm_op_SpecBitsMap, i32 %gmem"   --->   Operation 202 'specbitsmap' 'specbitsmap_ln0' <Predicate = true> <Delay = 0.00>
ST_2 : Operation 203 [1/1] (0.87ns)   --->   "%icmp_ln125 = icmp_eq  i18 %indvar_flatten26_load, i18 260100" [cluster.cpp:125->cluster.cpp:21]   --->   Operation 203 'icmp' 'icmp_ln125' <Predicate = true> <Delay = 0.87> <CoreInst = "Cmp">   --->   Core 9 'Cmp' <Latency = 0> <II = 1> <Delay = 0.87> <FuncUnit> <Opcode : 'seteq' 'setne' 'setle' 'setge' 'setlt' 'setgt'> <InPorts = 2> <OutPorts = 1>
ST_2 : Operation 204 [1/1] (0.87ns)   --->   "%add_ln125 = add i18 %indvar_flatten26_load, i18 1" [cluster.cpp:125->cluster.cpp:21]   --->   Operation 204 'add' 'add_ln125' <Predicate = true> <Delay = 0.87> <CoreInst = "Adder">   --->   Core 1 'Adder' <Latency = 0> <II = 1> <Delay = 0.87> <FuncUnit> <Opcode : 'add' 'sub'> <InPorts = 2> <OutPorts = 1>
ST_2 : Operation 205 [1/1] (0.00ns)   --->   "%br_ln125 = br i1 %icmp_ln125, void %for.inc47.i50, void %_Z23cluster_convolve2d_rep1PiS_S_.exit.exitStub" [cluster.cpp:125->cluster.cpp:21]   --->   Operation 205 'br' 'br_ln125' <Predicate = true> <Delay = 0.00>
ST_2 : Operation 206 [1/1] (0.00ns)   --->   "%c_load = load i9 %c" [cluster.cpp:126->cluster.cpp:21]   --->   Operation 206 'load' 'c_load' <Predicate = (!icmp_ln125)> <Delay = 0.00>
ST_2 : Operation 207 [1/1] (0.00ns)   --->   "%r_load = load i9 %r" [cluster.cpp:125->cluster.cpp:21]   --->   Operation 207 'load' 'r_load' <Predicate = (!icmp_ln125)> <Delay = 0.00>
ST_2 : Operation 208 [1/1] (0.77ns)   --->   "%icmp_ln126 = icmp_eq  i9 %c_load, i9 510" [cluster.cpp:126->cluster.cpp:21]   --->   Operation 208 'icmp' 'icmp_ln126' <Predicate = (!icmp_ln125)> <Delay = 0.77> <CoreInst = "Cmp">   --->   Core 9 'Cmp' <Latency = 0> <II = 1> <Delay = 0.77> <FuncUnit> <Opcode : 'seteq' 'setne' 'setle' 'setge' 'setlt' 'setgt'> <InPorts = 2> <OutPorts = 1>
ST_2 : Operation 209 [1/1] (0.39ns)   --->   "%select_ln103 = select i1 %icmp_ln126, i9 0, i9 %c_load" [cluster.cpp:103->cluster.cpp:21]   --->   Operation 209 'select' 'select_ln103' <Predicate = (!icmp_ln125)> <Delay = 0.39> <CoreInst = "Sel">   --->   Core 73 'Sel' <Latency = 0> <II = 1> <Delay = 0.39> <FuncUnit> <Opcode : 'select'> <InPorts = 3> <OutPorts = 1>
ST_2 : Operation 210 [1/1] (0.77ns)   --->   "%add_ln125_1 = add i9 %r_load, i9 1" [cluster.cpp:125->cluster.cpp:21]   --->   Operation 210 'add' 'add_ln125_1' <Predicate = (!icmp_ln125)> <Delay = 0.77> <CoreInst = "Adder">   --->   Core 1 'Adder' <Latency = 0> <II = 1> <Delay = 0.77> <FuncUnit> <Opcode : 'add' 'sub'> <InPorts = 2> <OutPorts = 1>
ST_2 : Operation 211 [1/1] (0.39ns)   --->   "%select_ln125 = select i1 %icmp_ln126, i9 %add_ln125_1, i9 %r_load" [cluster.cpp:125->cluster.cpp:21]   --->   Operation 211 'select' 'select_ln125' <Predicate = (!icmp_ln125)> <Delay = 0.39> <CoreInst = "Sel">   --->   Core 73 'Sel' <Latency = 0> <II = 1> <Delay = 0.39> <FuncUnit> <Opcode : 'select'> <InPorts = 3> <OutPorts = 1>
ST_2 : Operation 212 [1/1] (0.00ns)   --->   "%tmp_3 = bitconcatenate i20 @_ssdm_op_BitConcatenate.i20.i9.i9.i2, i9 %select_ln125, i9 %select_ln103, i2 0" [cluster.cpp:125->cluster.cpp:21]   --->   Operation 212 'bitconcatenate' 'tmp_3' <Predicate = (!icmp_ln125)> <Delay = 0.00>
ST_2 : Operation 213 [1/1] (0.00ns)   --->   "%p_cast22 = zext i20 %tmp_3" [cluster.cpp:125->cluster.cpp:21]   --->   Operation 213 'zext' 'p_cast22' <Predicate = (!icmp_ln125)> <Delay = 0.00>
ST_2 : Operation 214 [1/1] (1.08ns)   --->   "%empty = add i64 %p_cast22, i64 %output_r_read" [cluster.cpp:125->cluster.cpp:21]   --->   Operation 214 'add' 'empty' <Predicate = (!icmp_ln125)> <Delay = 1.08> <CoreInst = "Adder">   --->   Core 1 'Adder' <Latency = 0> <II = 1> <Delay = 1.08> <FuncUnit> <Opcode : 'add' 'sub'> <InPorts = 2> <OutPorts = 1>
ST_2 : Operation 215 [1/1] (0.00ns)   --->   "%trunc_ln2 = partselect i62 @_ssdm_op_PartSelect.i62.i64.i32.i32, i64 %empty, i32 2, i32 63" [cluster.cpp:129->cluster.cpp:21]   --->   Operation 215 'partselect' 'trunc_ln2' <Predicate = (!icmp_ln125)> <Delay = 0.00>
ST_2 : Operation 216 [1/1] (0.00ns)   --->   "%sext_ln129 = sext i62 %trunc_ln2" [cluster.cpp:129->cluster.cpp:21]   --->   Operation 216 'sext' 'sext_ln129' <Predicate = (!icmp_ln125)> <Delay = 0.00>
ST_2 : Operation 217 [1/1] (0.00ns)   --->   "%gmem_addr = getelementptr i32 %gmem, i64 %sext_ln129" [cluster.cpp:129->cluster.cpp:21]   --->   Operation 217 'getelementptr' 'gmem_addr' <Predicate = (!icmp_ln125)> <Delay = 0.00>
ST_2 : Operation 218 [1/1] (0.42ns)   --->   "%store_ln125 = store i18 %add_ln125, i18 %indvar_flatten26" [cluster.cpp:125->cluster.cpp:21]   --->   Operation 218 'store' 'store_ln125' <Predicate = (!icmp_ln125)> <Delay = 0.42>
ST_2 : Operation 219 [1/1] (0.42ns)   --->   "%store_ln103 = store i9 %select_ln125, i9 %r" [cluster.cpp:103->cluster.cpp:21]   --->   Operation 219 'store' 'store_ln103' <Predicate = (!icmp_ln125)> <Delay = 0.42>

State 3 <SV = 2> <Delay = 4.66>
ST_3 : Operation 220 [71/71] (4.66ns)   --->   "%empty_24 = readreq i1 @_ssdm_op_ReadReq.m_axi.p1i32, i32 %gmem_addr, i64 3" [cluster.cpp:129->cluster.cpp:21]   --->   Operation 220 'readreq' 'empty_24' <Predicate = (!icmp_ln125)> <Delay = 4.66> <CoreInst = "m_axi">   --->   Core 119 'm_axi' <Latency = 6> <II = 1> <Delay = 1.00> <Adapter> <Opcode : 'read' 'write' 'readreq' 'writereq' 'writeresp'>

State 4 <SV = 3> <Delay = 4.66>
ST_4 : Operation 221 [70/71] (4.66ns)   --->   "%empty_24 = readreq i1 @_ssdm_op_ReadReq.m_axi.p1i32, i32 %gmem_addr, i64 3" [cluster.cpp:129->cluster.cpp:21]   --->   Operation 221 'readreq' 'empty_24' <Predicate = (!icmp_ln125)> <Delay = 4.66> <CoreInst = "m_axi">   --->   Core 119 'm_axi' <Latency = 6> <II = 1> <Delay = 1.00> <Adapter> <Opcode : 'read' 'write' 'readreq' 'writereq' 'writeresp'>

State 5 <SV = 4> <Delay = 4.66>
ST_5 : Operation 222 [69/71] (4.66ns)   --->   "%empty_24 = readreq i1 @_ssdm_op_ReadReq.m_axi.p1i32, i32 %gmem_addr, i64 3" [cluster.cpp:129->cluster.cpp:21]   --->   Operation 222 'readreq' 'empty_24' <Predicate = (!icmp_ln125)> <Delay = 4.66> <CoreInst = "m_axi">   --->   Core 119 'm_axi' <Latency = 6> <II = 1> <Delay = 1.00> <Adapter> <Opcode : 'read' 'write' 'readreq' 'writereq' 'writeresp'>
ST_5 : Operation 223 [1/1] (0.89ns)   --->   "%tmp14 = add i20 %tmp_3, i20 2048" [cluster.cpp:125->cluster.cpp:21]   --->   Operation 223 'add' 'tmp14' <Predicate = (!icmp_ln125)> <Delay = 0.89> <CoreInst = "Adder">   --->   Core 1 'Adder' <Latency = 0> <II = 1> <Delay = 0.89> <FuncUnit> <Opcode : 'add' 'sub'> <InPorts = 2> <OutPorts = 1>
ST_5 : Operation 224 [1/1] (0.00ns)   --->   "%tmp14_cast = zext i20 %tmp14" [cluster.cpp:125->cluster.cpp:21]   --->   Operation 224 'zext' 'tmp14_cast' <Predicate = (!icmp_ln125)> <Delay = 0.00>
ST_5 : Operation 225 [1/1] (1.08ns)   --->   "%empty_26 = add i64 %tmp14_cast, i64 %output_r_read" [cluster.cpp:125->cluster.cpp:21]   --->   Operation 225 'add' 'empty_26' <Predicate = (!icmp_ln125)> <Delay = 1.08> <CoreInst = "Adder">   --->   Core 1 'Adder' <Latency = 0> <II = 1> <Delay = 1.08> <FuncUnit> <Opcode : 'add' 'sub'> <InPorts = 2> <OutPorts = 1>
ST_5 : Operation 226 [1/1] (0.00ns)   --->   "%trunc_ln129_1 = partselect i62 @_ssdm_op_PartSelect.i62.i64.i32.i32, i64 %empty_26, i32 2, i32 63" [cluster.cpp:129->cluster.cpp:21]   --->   Operation 226 'partselect' 'trunc_ln129_1' <Predicate = (!icmp_ln125)> <Delay = 0.00>
ST_5 : Operation 227 [1/1] (0.00ns)   --->   "%sext_ln129_1 = sext i62 %trunc_ln129_1" [cluster.cpp:129->cluster.cpp:21]   --->   Operation 227 'sext' 'sext_ln129_1' <Predicate = (!icmp_ln125)> <Delay = 0.00>
ST_5 : Operation 228 [1/1] (0.00ns)   --->   "%gmem_addr_4 = getelementptr i32 %gmem, i64 %sext_ln129_1" [cluster.cpp:129->cluster.cpp:21]   --->   Operation 228 'getelementptr' 'gmem_addr_4' <Predicate = (!icmp_ln125)> <Delay = 0.00>

State 6 <SV = 5> <Delay = 4.66>
ST_6 : Operation 229 [68/71] (4.66ns)   --->   "%empty_24 = readreq i1 @_ssdm_op_ReadReq.m_axi.p1i32, i32 %gmem_addr, i64 3" [cluster.cpp:129->cluster.cpp:21]   --->   Operation 229 'readreq' 'empty_24' <Predicate = (!icmp_ln125)> <Delay = 4.66> <CoreInst = "m_axi">   --->   Core 119 'm_axi' <Latency = 6> <II = 1> <Delay = 1.00> <Adapter> <Opcode : 'read' 'write' 'readreq' 'writereq' 'writeresp'>
ST_6 : Operation 230 [71/71] (4.66ns)   --->   "%empty_27 = readreq i1 @_ssdm_op_ReadReq.m_axi.p1i32, i32 %gmem_addr_4, i64 3" [cluster.cpp:129->cluster.cpp:21]   --->   Operation 230 'readreq' 'empty_27' <Predicate = (!icmp_ln125)> <Delay = 4.66> <CoreInst = "m_axi">   --->   Core 119 'm_axi' <Latency = 6> <II = 1> <Delay = 1.00> <Adapter> <Opcode : 'read' 'write' 'readreq' 'writereq' 'writeresp'>

State 7 <SV = 6> <Delay = 4.66>
ST_7 : Operation 231 [67/71] (4.66ns)   --->   "%empty_24 = readreq i1 @_ssdm_op_ReadReq.m_axi.p1i32, i32 %gmem_addr, i64 3" [cluster.cpp:129->cluster.cpp:21]   --->   Operation 231 'readreq' 'empty_24' <Predicate = (!icmp_ln125)> <Delay = 4.66> <CoreInst = "m_axi">   --->   Core 119 'm_axi' <Latency = 6> <II = 1> <Delay = 1.00> <Adapter> <Opcode : 'read' 'write' 'readreq' 'writereq' 'writeresp'>
ST_7 : Operation 232 [70/71] (4.66ns)   --->   "%empty_27 = readreq i1 @_ssdm_op_ReadReq.m_axi.p1i32, i32 %gmem_addr_4, i64 3" [cluster.cpp:129->cluster.cpp:21]   --->   Operation 232 'readreq' 'empty_27' <Predicate = (!icmp_ln125)> <Delay = 4.66> <CoreInst = "m_axi">   --->   Core 119 'm_axi' <Latency = 6> <II = 1> <Delay = 1.00> <Adapter> <Opcode : 'read' 'write' 'readreq' 'writereq' 'writeresp'>

State 8 <SV = 7> <Delay = 4.66>
ST_8 : Operation 233 [66/71] (4.66ns)   --->   "%empty_24 = readreq i1 @_ssdm_op_ReadReq.m_axi.p1i32, i32 %gmem_addr, i64 3" [cluster.cpp:129->cluster.cpp:21]   --->   Operation 233 'readreq' 'empty_24' <Predicate = (!icmp_ln125)> <Delay = 4.66> <CoreInst = "m_axi">   --->   Core 119 'm_axi' <Latency = 6> <II = 1> <Delay = 1.00> <Adapter> <Opcode : 'read' 'write' 'readreq' 'writereq' 'writeresp'>
ST_8 : Operation 234 [69/71] (4.66ns)   --->   "%empty_27 = readreq i1 @_ssdm_op_ReadReq.m_axi.p1i32, i32 %gmem_addr_4, i64 3" [cluster.cpp:129->cluster.cpp:21]   --->   Operation 234 'readreq' 'empty_27' <Predicate = (!icmp_ln125)> <Delay = 4.66> <CoreInst = "m_axi">   --->   Core 119 'm_axi' <Latency = 6> <II = 1> <Delay = 1.00> <Adapter> <Opcode : 'read' 'write' 'readreq' 'writereq' 'writeresp'>
ST_8 : Operation 235 [1/1] (0.89ns)   --->   "%tmp15 = add i20 %tmp_3, i20 4096" [cluster.cpp:125->cluster.cpp:21]   --->   Operation 235 'add' 'tmp15' <Predicate = (!icmp_ln125)> <Delay = 0.89> <CoreInst = "Adder">   --->   Core 1 'Adder' <Latency = 0> <II = 1> <Delay = 0.89> <FuncUnit> <Opcode : 'add' 'sub'> <InPorts = 2> <OutPorts = 1>
ST_8 : Operation 236 [1/1] (0.00ns)   --->   "%tmp15_cast = zext i20 %tmp15" [cluster.cpp:125->cluster.cpp:21]   --->   Operation 236 'zext' 'tmp15_cast' <Predicate = (!icmp_ln125)> <Delay = 0.00>
ST_8 : Operation 237 [1/1] (1.08ns)   --->   "%empty_30 = add i64 %tmp15_cast, i64 %output_r_read" [cluster.cpp:125->cluster.cpp:21]   --->   Operation 237 'add' 'empty_30' <Predicate = (!icmp_ln125)> <Delay = 1.08> <CoreInst = "Adder">   --->   Core 1 'Adder' <Latency = 0> <II = 1> <Delay = 1.08> <FuncUnit> <Opcode : 'add' 'sub'> <InPorts = 2> <OutPorts = 1>
ST_8 : Operation 238 [1/1] (0.00ns)   --->   "%trunc_ln129_2 = partselect i62 @_ssdm_op_PartSelect.i62.i64.i32.i32, i64 %empty_30, i32 2, i32 63" [cluster.cpp:129->cluster.cpp:21]   --->   Operation 238 'partselect' 'trunc_ln129_2' <Predicate = (!icmp_ln125)> <Delay = 0.00>
ST_8 : Operation 239 [1/1] (0.00ns)   --->   "%sext_ln129_2 = sext i62 %trunc_ln129_2" [cluster.cpp:129->cluster.cpp:21]   --->   Operation 239 'sext' 'sext_ln129_2' <Predicate = (!icmp_ln125)> <Delay = 0.00>
ST_8 : Operation 240 [1/1] (0.00ns)   --->   "%gmem_addr_5 = getelementptr i32 %gmem, i64 %sext_ln129_2" [cluster.cpp:129->cluster.cpp:21]   --->   Operation 240 'getelementptr' 'gmem_addr_5' <Predicate = (!icmp_ln125)> <Delay = 0.00>

State 9 <SV = 8> <Delay = 4.66>
ST_9 : Operation 241 [65/71] (4.66ns)   --->   "%empty_24 = readreq i1 @_ssdm_op_ReadReq.m_axi.p1i32, i32 %gmem_addr, i64 3" [cluster.cpp:129->cluster.cpp:21]   --->   Operation 241 'readreq' 'empty_24' <Predicate = (!icmp_ln125)> <Delay = 4.66> <CoreInst = "m_axi">   --->   Core 119 'm_axi' <Latency = 6> <II = 1> <Delay = 1.00> <Adapter> <Opcode : 'read' 'write' 'readreq' 'writereq' 'writeresp'>
ST_9 : Operation 242 [68/71] (4.66ns)   --->   "%empty_27 = readreq i1 @_ssdm_op_ReadReq.m_axi.p1i32, i32 %gmem_addr_4, i64 3" [cluster.cpp:129->cluster.cpp:21]   --->   Operation 242 'readreq' 'empty_27' <Predicate = (!icmp_ln125)> <Delay = 4.66> <CoreInst = "m_axi">   --->   Core 119 'm_axi' <Latency = 6> <II = 1> <Delay = 1.00> <Adapter> <Opcode : 'read' 'write' 'readreq' 'writereq' 'writeresp'>
ST_9 : Operation 243 [71/71] (4.66ns)   --->   "%empty_31 = readreq i1 @_ssdm_op_ReadReq.m_axi.p1i32, i32 %gmem_addr_5, i64 3" [cluster.cpp:129->cluster.cpp:21]   --->   Operation 243 'readreq' 'empty_31' <Predicate = (!icmp_ln125)> <Delay = 4.66> <CoreInst = "m_axi">   --->   Core 119 'm_axi' <Latency = 6> <II = 1> <Delay = 1.00> <Adapter> <Opcode : 'read' 'write' 'readreq' 'writereq' 'writeresp'>

State 10 <SV = 9> <Delay = 4.66>
ST_10 : Operation 244 [64/71] (4.66ns)   --->   "%empty_24 = readreq i1 @_ssdm_op_ReadReq.m_axi.p1i32, i32 %gmem_addr, i64 3" [cluster.cpp:129->cluster.cpp:21]   --->   Operation 244 'readreq' 'empty_24' <Predicate = (!icmp_ln125)> <Delay = 4.66> <CoreInst = "m_axi">   --->   Core 119 'm_axi' <Latency = 6> <II = 1> <Delay = 1.00> <Adapter> <Opcode : 'read' 'write' 'readreq' 'writereq' 'writeresp'>
ST_10 : Operation 245 [67/71] (4.66ns)   --->   "%empty_27 = readreq i1 @_ssdm_op_ReadReq.m_axi.p1i32, i32 %gmem_addr_4, i64 3" [cluster.cpp:129->cluster.cpp:21]   --->   Operation 245 'readreq' 'empty_27' <Predicate = (!icmp_ln125)> <Delay = 4.66> <CoreInst = "m_axi">   --->   Core 119 'm_axi' <Latency = 6> <II = 1> <Delay = 1.00> <Adapter> <Opcode : 'read' 'write' 'readreq' 'writereq' 'writeresp'>
ST_10 : Operation 246 [70/71] (4.66ns)   --->   "%empty_31 = readreq i1 @_ssdm_op_ReadReq.m_axi.p1i32, i32 %gmem_addr_5, i64 3" [cluster.cpp:129->cluster.cpp:21]   --->   Operation 246 'readreq' 'empty_31' <Predicate = (!icmp_ln125)> <Delay = 4.66> <CoreInst = "m_axi">   --->   Core 119 'm_axi' <Latency = 6> <II = 1> <Delay = 1.00> <Adapter> <Opcode : 'read' 'write' 'readreq' 'writereq' 'writeresp'>
ST_10 : Operation 247 [1/1] (0.77ns)   --->   "%add_ln134 = add i9 %select_ln103, i9 1" [cluster.cpp:134->cluster.cpp:21]   --->   Operation 247 'add' 'add_ln134' <Predicate = (!icmp_ln125)> <Delay = 0.77> <CoreInst = "Adder">   --->   Core 1 'Adder' <Latency = 0> <II = 1> <Delay = 0.77> <FuncUnit> <Opcode : 'add' 'sub'> <InPorts = 2> <OutPorts = 1>
ST_10 : Operation 248 [1/1] (0.42ns)   --->   "%store_ln102 = store i9 %add_ln134, i9 %c" [cluster.cpp:102->cluster.cpp:21]   --->   Operation 248 'store' 'store_ln102' <Predicate = (!icmp_ln125)> <Delay = 0.42>

State 11 <SV = 10> <Delay = 4.66>
ST_11 : Operation 249 [63/71] (4.66ns)   --->   "%empty_24 = readreq i1 @_ssdm_op_ReadReq.m_axi.p1i32, i32 %gmem_addr, i64 3" [cluster.cpp:129->cluster.cpp:21]   --->   Operation 249 'readreq' 'empty_24' <Predicate = true> <Delay = 4.66> <CoreInst = "m_axi">   --->   Core 119 'm_axi' <Latency = 6> <II = 1> <Delay = 1.00> <Adapter> <Opcode : 'read' 'write' 'readreq' 'writereq' 'writeresp'>
ST_11 : Operation 250 [66/71] (4.66ns)   --->   "%empty_27 = readreq i1 @_ssdm_op_ReadReq.m_axi.p1i32, i32 %gmem_addr_4, i64 3" [cluster.cpp:129->cluster.cpp:21]   --->   Operation 250 'readreq' 'empty_27' <Predicate = true> <Delay = 4.66> <CoreInst = "m_axi">   --->   Core 119 'm_axi' <Latency = 6> <II = 1> <Delay = 1.00> <Adapter> <Opcode : 'read' 'write' 'readreq' 'writereq' 'writeresp'>
ST_11 : Operation 251 [69/71] (4.66ns)   --->   "%empty_31 = readreq i1 @_ssdm_op_ReadReq.m_axi.p1i32, i32 %gmem_addr_5, i64 3" [cluster.cpp:129->cluster.cpp:21]   --->   Operation 251 'readreq' 'empty_31' <Predicate = true> <Delay = 4.66> <CoreInst = "m_axi">   --->   Core 119 'm_axi' <Latency = 6> <II = 1> <Delay = 1.00> <Adapter> <Opcode : 'read' 'write' 'readreq' 'writereq' 'writeresp'>

State 12 <SV = 11> <Delay = 4.66>
ST_12 : Operation 252 [62/71] (4.66ns)   --->   "%empty_24 = readreq i1 @_ssdm_op_ReadReq.m_axi.p1i32, i32 %gmem_addr, i64 3" [cluster.cpp:129->cluster.cpp:21]   --->   Operation 252 'readreq' 'empty_24' <Predicate = true> <Delay = 4.66> <CoreInst = "m_axi">   --->   Core 119 'm_axi' <Latency = 6> <II = 1> <Delay = 1.00> <Adapter> <Opcode : 'read' 'write' 'readreq' 'writereq' 'writeresp'>
ST_12 : Operation 253 [65/71] (4.66ns)   --->   "%empty_27 = readreq i1 @_ssdm_op_ReadReq.m_axi.p1i32, i32 %gmem_addr_4, i64 3" [cluster.cpp:129->cluster.cpp:21]   --->   Operation 253 'readreq' 'empty_27' <Predicate = true> <Delay = 4.66> <CoreInst = "m_axi">   --->   Core 119 'm_axi' <Latency = 6> <II = 1> <Delay = 1.00> <Adapter> <Opcode : 'read' 'write' 'readreq' 'writereq' 'writeresp'>
ST_12 : Operation 254 [68/71] (4.66ns)   --->   "%empty_31 = readreq i1 @_ssdm_op_ReadReq.m_axi.p1i32, i32 %gmem_addr_5, i64 3" [cluster.cpp:129->cluster.cpp:21]   --->   Operation 254 'readreq' 'empty_31' <Predicate = true> <Delay = 4.66> <CoreInst = "m_axi">   --->   Core 119 'm_axi' <Latency = 6> <II = 1> <Delay = 1.00> <Adapter> <Opcode : 'read' 'write' 'readreq' 'writereq' 'writeresp'>

State 13 <SV = 12> <Delay = 4.66>
ST_13 : Operation 255 [61/71] (4.66ns)   --->   "%empty_24 = readreq i1 @_ssdm_op_ReadReq.m_axi.p1i32, i32 %gmem_addr, i64 3" [cluster.cpp:129->cluster.cpp:21]   --->   Operation 255 'readreq' 'empty_24' <Predicate = true> <Delay = 4.66> <CoreInst = "m_axi">   --->   Core 119 'm_axi' <Latency = 6> <II = 1> <Delay = 1.00> <Adapter> <Opcode : 'read' 'write' 'readreq' 'writereq' 'writeresp'>
ST_13 : Operation 256 [64/71] (4.66ns)   --->   "%empty_27 = readreq i1 @_ssdm_op_ReadReq.m_axi.p1i32, i32 %gmem_addr_4, i64 3" [cluster.cpp:129->cluster.cpp:21]   --->   Operation 256 'readreq' 'empty_27' <Predicate = true> <Delay = 4.66> <CoreInst = "m_axi">   --->   Core 119 'm_axi' <Latency = 6> <II = 1> <Delay = 1.00> <Adapter> <Opcode : 'read' 'write' 'readreq' 'writereq' 'writeresp'>
ST_13 : Operation 257 [67/71] (4.66ns)   --->   "%empty_31 = readreq i1 @_ssdm_op_ReadReq.m_axi.p1i32, i32 %gmem_addr_5, i64 3" [cluster.cpp:129->cluster.cpp:21]   --->   Operation 257 'readreq' 'empty_31' <Predicate = true> <Delay = 4.66> <CoreInst = "m_axi">   --->   Core 119 'm_axi' <Latency = 6> <II = 1> <Delay = 1.00> <Adapter> <Opcode : 'read' 'write' 'readreq' 'writereq' 'writeresp'>

State 14 <SV = 13> <Delay = 4.66>
ST_14 : Operation 258 [60/71] (4.66ns)   --->   "%empty_24 = readreq i1 @_ssdm_op_ReadReq.m_axi.p1i32, i32 %gmem_addr, i64 3" [cluster.cpp:129->cluster.cpp:21]   --->   Operation 258 'readreq' 'empty_24' <Predicate = true> <Delay = 4.66> <CoreInst = "m_axi">   --->   Core 119 'm_axi' <Latency = 6> <II = 1> <Delay = 1.00> <Adapter> <Opcode : 'read' 'write' 'readreq' 'writereq' 'writeresp'>
ST_14 : Operation 259 [63/71] (4.66ns)   --->   "%empty_27 = readreq i1 @_ssdm_op_ReadReq.m_axi.p1i32, i32 %gmem_addr_4, i64 3" [cluster.cpp:129->cluster.cpp:21]   --->   Operation 259 'readreq' 'empty_27' <Predicate = true> <Delay = 4.66> <CoreInst = "m_axi">   --->   Core 119 'm_axi' <Latency = 6> <II = 1> <Delay = 1.00> <Adapter> <Opcode : 'read' 'write' 'readreq' 'writereq' 'writeresp'>
ST_14 : Operation 260 [66/71] (4.66ns)   --->   "%empty_31 = readreq i1 @_ssdm_op_ReadReq.m_axi.p1i32, i32 %gmem_addr_5, i64 3" [cluster.cpp:129->cluster.cpp:21]   --->   Operation 260 'readreq' 'empty_31' <Predicate = true> <Delay = 4.66> <CoreInst = "m_axi">   --->   Core 119 'm_axi' <Latency = 6> <II = 1> <Delay = 1.00> <Adapter> <Opcode : 'read' 'write' 'readreq' 'writereq' 'writeresp'>

State 15 <SV = 14> <Delay = 4.66>
ST_15 : Operation 261 [59/71] (4.66ns)   --->   "%empty_24 = readreq i1 @_ssdm_op_ReadReq.m_axi.p1i32, i32 %gmem_addr, i64 3" [cluster.cpp:129->cluster.cpp:21]   --->   Operation 261 'readreq' 'empty_24' <Predicate = true> <Delay = 4.66> <CoreInst = "m_axi">   --->   Core 119 'm_axi' <Latency = 6> <II = 1> <Delay = 1.00> <Adapter> <Opcode : 'read' 'write' 'readreq' 'writereq' 'writeresp'>
ST_15 : Operation 262 [62/71] (4.66ns)   --->   "%empty_27 = readreq i1 @_ssdm_op_ReadReq.m_axi.p1i32, i32 %gmem_addr_4, i64 3" [cluster.cpp:129->cluster.cpp:21]   --->   Operation 262 'readreq' 'empty_27' <Predicate = true> <Delay = 4.66> <CoreInst = "m_axi">   --->   Core 119 'm_axi' <Latency = 6> <II = 1> <Delay = 1.00> <Adapter> <Opcode : 'read' 'write' 'readreq' 'writereq' 'writeresp'>
ST_15 : Operation 263 [65/71] (4.66ns)   --->   "%empty_31 = readreq i1 @_ssdm_op_ReadReq.m_axi.p1i32, i32 %gmem_addr_5, i64 3" [cluster.cpp:129->cluster.cpp:21]   --->   Operation 263 'readreq' 'empty_31' <Predicate = true> <Delay = 4.66> <CoreInst = "m_axi">   --->   Core 119 'm_axi' <Latency = 6> <II = 1> <Delay = 1.00> <Adapter> <Opcode : 'read' 'write' 'readreq' 'writereq' 'writeresp'>

State 16 <SV = 15> <Delay = 4.66>
ST_16 : Operation 264 [58/71] (4.66ns)   --->   "%empty_24 = readreq i1 @_ssdm_op_ReadReq.m_axi.p1i32, i32 %gmem_addr, i64 3" [cluster.cpp:129->cluster.cpp:21]   --->   Operation 264 'readreq' 'empty_24' <Predicate = true> <Delay = 4.66> <CoreInst = "m_axi">   --->   Core 119 'm_axi' <Latency = 6> <II = 1> <Delay = 1.00> <Adapter> <Opcode : 'read' 'write' 'readreq' 'writereq' 'writeresp'>
ST_16 : Operation 265 [61/71] (4.66ns)   --->   "%empty_27 = readreq i1 @_ssdm_op_ReadReq.m_axi.p1i32, i32 %gmem_addr_4, i64 3" [cluster.cpp:129->cluster.cpp:21]   --->   Operation 265 'readreq' 'empty_27' <Predicate = true> <Delay = 4.66> <CoreInst = "m_axi">   --->   Core 119 'm_axi' <Latency = 6> <II = 1> <Delay = 1.00> <Adapter> <Opcode : 'read' 'write' 'readreq' 'writereq' 'writeresp'>
ST_16 : Operation 266 [64/71] (4.66ns)   --->   "%empty_31 = readreq i1 @_ssdm_op_ReadReq.m_axi.p1i32, i32 %gmem_addr_5, i64 3" [cluster.cpp:129->cluster.cpp:21]   --->   Operation 266 'readreq' 'empty_31' <Predicate = true> <Delay = 4.66> <CoreInst = "m_axi">   --->   Core 119 'm_axi' <Latency = 6> <II = 1> <Delay = 1.00> <Adapter> <Opcode : 'read' 'write' 'readreq' 'writereq' 'writeresp'>

State 17 <SV = 16> <Delay = 4.66>
ST_17 : Operation 267 [57/71] (4.66ns)   --->   "%empty_24 = readreq i1 @_ssdm_op_ReadReq.m_axi.p1i32, i32 %gmem_addr, i64 3" [cluster.cpp:129->cluster.cpp:21]   --->   Operation 267 'readreq' 'empty_24' <Predicate = true> <Delay = 4.66> <CoreInst = "m_axi">   --->   Core 119 'm_axi' <Latency = 6> <II = 1> <Delay = 1.00> <Adapter> <Opcode : 'read' 'write' 'readreq' 'writereq' 'writeresp'>
ST_17 : Operation 268 [60/71] (4.66ns)   --->   "%empty_27 = readreq i1 @_ssdm_op_ReadReq.m_axi.p1i32, i32 %gmem_addr_4, i64 3" [cluster.cpp:129->cluster.cpp:21]   --->   Operation 268 'readreq' 'empty_27' <Predicate = true> <Delay = 4.66> <CoreInst = "m_axi">   --->   Core 119 'm_axi' <Latency = 6> <II = 1> <Delay = 1.00> <Adapter> <Opcode : 'read' 'write' 'readreq' 'writereq' 'writeresp'>
ST_17 : Operation 269 [63/71] (4.66ns)   --->   "%empty_31 = readreq i1 @_ssdm_op_ReadReq.m_axi.p1i32, i32 %gmem_addr_5, i64 3" [cluster.cpp:129->cluster.cpp:21]   --->   Operation 269 'readreq' 'empty_31' <Predicate = true> <Delay = 4.66> <CoreInst = "m_axi">   --->   Core 119 'm_axi' <Latency = 6> <II = 1> <Delay = 1.00> <Adapter> <Opcode : 'read' 'write' 'readreq' 'writereq' 'writeresp'>

State 18 <SV = 17> <Delay = 4.66>
ST_18 : Operation 270 [56/71] (4.66ns)   --->   "%empty_24 = readreq i1 @_ssdm_op_ReadReq.m_axi.p1i32, i32 %gmem_addr, i64 3" [cluster.cpp:129->cluster.cpp:21]   --->   Operation 270 'readreq' 'empty_24' <Predicate = true> <Delay = 4.66> <CoreInst = "m_axi">   --->   Core 119 'm_axi' <Latency = 6> <II = 1> <Delay = 1.00> <Adapter> <Opcode : 'read' 'write' 'readreq' 'writereq' 'writeresp'>
ST_18 : Operation 271 [59/71] (4.66ns)   --->   "%empty_27 = readreq i1 @_ssdm_op_ReadReq.m_axi.p1i32, i32 %gmem_addr_4, i64 3" [cluster.cpp:129->cluster.cpp:21]   --->   Operation 271 'readreq' 'empty_27' <Predicate = true> <Delay = 4.66> <CoreInst = "m_axi">   --->   Core 119 'm_axi' <Latency = 6> <II = 1> <Delay = 1.00> <Adapter> <Opcode : 'read' 'write' 'readreq' 'writereq' 'writeresp'>
ST_18 : Operation 272 [62/71] (4.66ns)   --->   "%empty_31 = readreq i1 @_ssdm_op_ReadReq.m_axi.p1i32, i32 %gmem_addr_5, i64 3" [cluster.cpp:129->cluster.cpp:21]   --->   Operation 272 'readreq' 'empty_31' <Predicate = true> <Delay = 4.66> <CoreInst = "m_axi">   --->   Core 119 'm_axi' <Latency = 6> <II = 1> <Delay = 1.00> <Adapter> <Opcode : 'read' 'write' 'readreq' 'writereq' 'writeresp'>

State 19 <SV = 18> <Delay = 4.66>
ST_19 : Operation 273 [55/71] (4.66ns)   --->   "%empty_24 = readreq i1 @_ssdm_op_ReadReq.m_axi.p1i32, i32 %gmem_addr, i64 3" [cluster.cpp:129->cluster.cpp:21]   --->   Operation 273 'readreq' 'empty_24' <Predicate = true> <Delay = 4.66> <CoreInst = "m_axi">   --->   Core 119 'm_axi' <Latency = 6> <II = 1> <Delay = 1.00> <Adapter> <Opcode : 'read' 'write' 'readreq' 'writereq' 'writeresp'>
ST_19 : Operation 274 [58/71] (4.66ns)   --->   "%empty_27 = readreq i1 @_ssdm_op_ReadReq.m_axi.p1i32, i32 %gmem_addr_4, i64 3" [cluster.cpp:129->cluster.cpp:21]   --->   Operation 274 'readreq' 'empty_27' <Predicate = true> <Delay = 4.66> <CoreInst = "m_axi">   --->   Core 119 'm_axi' <Latency = 6> <II = 1> <Delay = 1.00> <Adapter> <Opcode : 'read' 'write' 'readreq' 'writereq' 'writeresp'>
ST_19 : Operation 275 [61/71] (4.66ns)   --->   "%empty_31 = readreq i1 @_ssdm_op_ReadReq.m_axi.p1i32, i32 %gmem_addr_5, i64 3" [cluster.cpp:129->cluster.cpp:21]   --->   Operation 275 'readreq' 'empty_31' <Predicate = true> <Delay = 4.66> <CoreInst = "m_axi">   --->   Core 119 'm_axi' <Latency = 6> <II = 1> <Delay = 1.00> <Adapter> <Opcode : 'read' 'write' 'readreq' 'writereq' 'writeresp'>

State 20 <SV = 19> <Delay = 4.66>
ST_20 : Operation 276 [54/71] (4.66ns)   --->   "%empty_24 = readreq i1 @_ssdm_op_ReadReq.m_axi.p1i32, i32 %gmem_addr, i64 3" [cluster.cpp:129->cluster.cpp:21]   --->   Operation 276 'readreq' 'empty_24' <Predicate = true> <Delay = 4.66> <CoreInst = "m_axi">   --->   Core 119 'm_axi' <Latency = 6> <II = 1> <Delay = 1.00> <Adapter> <Opcode : 'read' 'write' 'readreq' 'writereq' 'writeresp'>
ST_20 : Operation 277 [57/71] (4.66ns)   --->   "%empty_27 = readreq i1 @_ssdm_op_ReadReq.m_axi.p1i32, i32 %gmem_addr_4, i64 3" [cluster.cpp:129->cluster.cpp:21]   --->   Operation 277 'readreq' 'empty_27' <Predicate = true> <Delay = 4.66> <CoreInst = "m_axi">   --->   Core 119 'm_axi' <Latency = 6> <II = 1> <Delay = 1.00> <Adapter> <Opcode : 'read' 'write' 'readreq' 'writereq' 'writeresp'>
ST_20 : Operation 278 [60/71] (4.66ns)   --->   "%empty_31 = readreq i1 @_ssdm_op_ReadReq.m_axi.p1i32, i32 %gmem_addr_5, i64 3" [cluster.cpp:129->cluster.cpp:21]   --->   Operation 278 'readreq' 'empty_31' <Predicate = true> <Delay = 4.66> <CoreInst = "m_axi">   --->   Core 119 'm_axi' <Latency = 6> <II = 1> <Delay = 1.00> <Adapter> <Opcode : 'read' 'write' 'readreq' 'writereq' 'writeresp'>

State 21 <SV = 20> <Delay = 4.66>
ST_21 : Operation 279 [53/71] (4.66ns)   --->   "%empty_24 = readreq i1 @_ssdm_op_ReadReq.m_axi.p1i32, i32 %gmem_addr, i64 3" [cluster.cpp:129->cluster.cpp:21]   --->   Operation 279 'readreq' 'empty_24' <Predicate = true> <Delay = 4.66> <CoreInst = "m_axi">   --->   Core 119 'm_axi' <Latency = 6> <II = 1> <Delay = 1.00> <Adapter> <Opcode : 'read' 'write' 'readreq' 'writereq' 'writeresp'>
ST_21 : Operation 280 [56/71] (4.66ns)   --->   "%empty_27 = readreq i1 @_ssdm_op_ReadReq.m_axi.p1i32, i32 %gmem_addr_4, i64 3" [cluster.cpp:129->cluster.cpp:21]   --->   Operation 280 'readreq' 'empty_27' <Predicate = true> <Delay = 4.66> <CoreInst = "m_axi">   --->   Core 119 'm_axi' <Latency = 6> <II = 1> <Delay = 1.00> <Adapter> <Opcode : 'read' 'write' 'readreq' 'writereq' 'writeresp'>
ST_21 : Operation 281 [59/71] (4.66ns)   --->   "%empty_31 = readreq i1 @_ssdm_op_ReadReq.m_axi.p1i32, i32 %gmem_addr_5, i64 3" [cluster.cpp:129->cluster.cpp:21]   --->   Operation 281 'readreq' 'empty_31' <Predicate = true> <Delay = 4.66> <CoreInst = "m_axi">   --->   Core 119 'm_axi' <Latency = 6> <II = 1> <Delay = 1.00> <Adapter> <Opcode : 'read' 'write' 'readreq' 'writereq' 'writeresp'>

State 22 <SV = 21> <Delay = 4.66>
ST_22 : Operation 282 [52/71] (4.66ns)   --->   "%empty_24 = readreq i1 @_ssdm_op_ReadReq.m_axi.p1i32, i32 %gmem_addr, i64 3" [cluster.cpp:129->cluster.cpp:21]   --->   Operation 282 'readreq' 'empty_24' <Predicate = true> <Delay = 4.66> <CoreInst = "m_axi">   --->   Core 119 'm_axi' <Latency = 6> <II = 1> <Delay = 1.00> <Adapter> <Opcode : 'read' 'write' 'readreq' 'writereq' 'writeresp'>
ST_22 : Operation 283 [55/71] (4.66ns)   --->   "%empty_27 = readreq i1 @_ssdm_op_ReadReq.m_axi.p1i32, i32 %gmem_addr_4, i64 3" [cluster.cpp:129->cluster.cpp:21]   --->   Operation 283 'readreq' 'empty_27' <Predicate = true> <Delay = 4.66> <CoreInst = "m_axi">   --->   Core 119 'm_axi' <Latency = 6> <II = 1> <Delay = 1.00> <Adapter> <Opcode : 'read' 'write' 'readreq' 'writereq' 'writeresp'>
ST_22 : Operation 284 [58/71] (4.66ns)   --->   "%empty_31 = readreq i1 @_ssdm_op_ReadReq.m_axi.p1i32, i32 %gmem_addr_5, i64 3" [cluster.cpp:129->cluster.cpp:21]   --->   Operation 284 'readreq' 'empty_31' <Predicate = true> <Delay = 4.66> <CoreInst = "m_axi">   --->   Core 119 'm_axi' <Latency = 6> <II = 1> <Delay = 1.00> <Adapter> <Opcode : 'read' 'write' 'readreq' 'writereq' 'writeresp'>

State 23 <SV = 22> <Delay = 4.66>
ST_23 : Operation 285 [51/71] (4.66ns)   --->   "%empty_24 = readreq i1 @_ssdm_op_ReadReq.m_axi.p1i32, i32 %gmem_addr, i64 3" [cluster.cpp:129->cluster.cpp:21]   --->   Operation 285 'readreq' 'empty_24' <Predicate = true> <Delay = 4.66> <CoreInst = "m_axi">   --->   Core 119 'm_axi' <Latency = 6> <II = 1> <Delay = 1.00> <Adapter> <Opcode : 'read' 'write' 'readreq' 'writereq' 'writeresp'>
ST_23 : Operation 286 [54/71] (4.66ns)   --->   "%empty_27 = readreq i1 @_ssdm_op_ReadReq.m_axi.p1i32, i32 %gmem_addr_4, i64 3" [cluster.cpp:129->cluster.cpp:21]   --->   Operation 286 'readreq' 'empty_27' <Predicate = true> <Delay = 4.66> <CoreInst = "m_axi">   --->   Core 119 'm_axi' <Latency = 6> <II = 1> <Delay = 1.00> <Adapter> <Opcode : 'read' 'write' 'readreq' 'writereq' 'writeresp'>
ST_23 : Operation 287 [57/71] (4.66ns)   --->   "%empty_31 = readreq i1 @_ssdm_op_ReadReq.m_axi.p1i32, i32 %gmem_addr_5, i64 3" [cluster.cpp:129->cluster.cpp:21]   --->   Operation 287 'readreq' 'empty_31' <Predicate = true> <Delay = 4.66> <CoreInst = "m_axi">   --->   Core 119 'm_axi' <Latency = 6> <II = 1> <Delay = 1.00> <Adapter> <Opcode : 'read' 'write' 'readreq' 'writereq' 'writeresp'>

State 24 <SV = 23> <Delay = 4.66>
ST_24 : Operation 288 [50/71] (4.66ns)   --->   "%empty_24 = readreq i1 @_ssdm_op_ReadReq.m_axi.p1i32, i32 %gmem_addr, i64 3" [cluster.cpp:129->cluster.cpp:21]   --->   Operation 288 'readreq' 'empty_24' <Predicate = true> <Delay = 4.66> <CoreInst = "m_axi">   --->   Core 119 'm_axi' <Latency = 6> <II = 1> <Delay = 1.00> <Adapter> <Opcode : 'read' 'write' 'readreq' 'writereq' 'writeresp'>
ST_24 : Operation 289 [53/71] (4.66ns)   --->   "%empty_27 = readreq i1 @_ssdm_op_ReadReq.m_axi.p1i32, i32 %gmem_addr_4, i64 3" [cluster.cpp:129->cluster.cpp:21]   --->   Operation 289 'readreq' 'empty_27' <Predicate = true> <Delay = 4.66> <CoreInst = "m_axi">   --->   Core 119 'm_axi' <Latency = 6> <II = 1> <Delay = 1.00> <Adapter> <Opcode : 'read' 'write' 'readreq' 'writereq' 'writeresp'>
ST_24 : Operation 290 [56/71] (4.66ns)   --->   "%empty_31 = readreq i1 @_ssdm_op_ReadReq.m_axi.p1i32, i32 %gmem_addr_5, i64 3" [cluster.cpp:129->cluster.cpp:21]   --->   Operation 290 'readreq' 'empty_31' <Predicate = true> <Delay = 4.66> <CoreInst = "m_axi">   --->   Core 119 'm_axi' <Latency = 6> <II = 1> <Delay = 1.00> <Adapter> <Opcode : 'read' 'write' 'readreq' 'writereq' 'writeresp'>

State 25 <SV = 24> <Delay = 4.66>
ST_25 : Operation 291 [49/71] (4.66ns)   --->   "%empty_24 = readreq i1 @_ssdm_op_ReadReq.m_axi.p1i32, i32 %gmem_addr, i64 3" [cluster.cpp:129->cluster.cpp:21]   --->   Operation 291 'readreq' 'empty_24' <Predicate = true> <Delay = 4.66> <CoreInst = "m_axi">   --->   Core 119 'm_axi' <Latency = 6> <II = 1> <Delay = 1.00> <Adapter> <Opcode : 'read' 'write' 'readreq' 'writereq' 'writeresp'>
ST_25 : Operation 292 [52/71] (4.66ns)   --->   "%empty_27 = readreq i1 @_ssdm_op_ReadReq.m_axi.p1i32, i32 %gmem_addr_4, i64 3" [cluster.cpp:129->cluster.cpp:21]   --->   Operation 292 'readreq' 'empty_27' <Predicate = true> <Delay = 4.66> <CoreInst = "m_axi">   --->   Core 119 'm_axi' <Latency = 6> <II = 1> <Delay = 1.00> <Adapter> <Opcode : 'read' 'write' 'readreq' 'writereq' 'writeresp'>
ST_25 : Operation 293 [55/71] (4.66ns)   --->   "%empty_31 = readreq i1 @_ssdm_op_ReadReq.m_axi.p1i32, i32 %gmem_addr_5, i64 3" [cluster.cpp:129->cluster.cpp:21]   --->   Operation 293 'readreq' 'empty_31' <Predicate = true> <Delay = 4.66> <CoreInst = "m_axi">   --->   Core 119 'm_axi' <Latency = 6> <II = 1> <Delay = 1.00> <Adapter> <Opcode : 'read' 'write' 'readreq' 'writereq' 'writeresp'>

State 26 <SV = 25> <Delay = 4.66>
ST_26 : Operation 294 [48/71] (4.66ns)   --->   "%empty_24 = readreq i1 @_ssdm_op_ReadReq.m_axi.p1i32, i32 %gmem_addr, i64 3" [cluster.cpp:129->cluster.cpp:21]   --->   Operation 294 'readreq' 'empty_24' <Predicate = true> <Delay = 4.66> <CoreInst = "m_axi">   --->   Core 119 'm_axi' <Latency = 6> <II = 1> <Delay = 1.00> <Adapter> <Opcode : 'read' 'write' 'readreq' 'writereq' 'writeresp'>
ST_26 : Operation 295 [51/71] (4.66ns)   --->   "%empty_27 = readreq i1 @_ssdm_op_ReadReq.m_axi.p1i32, i32 %gmem_addr_4, i64 3" [cluster.cpp:129->cluster.cpp:21]   --->   Operation 295 'readreq' 'empty_27' <Predicate = true> <Delay = 4.66> <CoreInst = "m_axi">   --->   Core 119 'm_axi' <Latency = 6> <II = 1> <Delay = 1.00> <Adapter> <Opcode : 'read' 'write' 'readreq' 'writereq' 'writeresp'>
ST_26 : Operation 296 [54/71] (4.66ns)   --->   "%empty_31 = readreq i1 @_ssdm_op_ReadReq.m_axi.p1i32, i32 %gmem_addr_5, i64 3" [cluster.cpp:129->cluster.cpp:21]   --->   Operation 296 'readreq' 'empty_31' <Predicate = true> <Delay = 4.66> <CoreInst = "m_axi">   --->   Core 119 'm_axi' <Latency = 6> <II = 1> <Delay = 1.00> <Adapter> <Opcode : 'read' 'write' 'readreq' 'writereq' 'writeresp'>

State 27 <SV = 26> <Delay = 4.66>
ST_27 : Operation 297 [47/71] (4.66ns)   --->   "%empty_24 = readreq i1 @_ssdm_op_ReadReq.m_axi.p1i32, i32 %gmem_addr, i64 3" [cluster.cpp:129->cluster.cpp:21]   --->   Operation 297 'readreq' 'empty_24' <Predicate = true> <Delay = 4.66> <CoreInst = "m_axi">   --->   Core 119 'm_axi' <Latency = 6> <II = 1> <Delay = 1.00> <Adapter> <Opcode : 'read' 'write' 'readreq' 'writereq' 'writeresp'>
ST_27 : Operation 298 [50/71] (4.66ns)   --->   "%empty_27 = readreq i1 @_ssdm_op_ReadReq.m_axi.p1i32, i32 %gmem_addr_4, i64 3" [cluster.cpp:129->cluster.cpp:21]   --->   Operation 298 'readreq' 'empty_27' <Predicate = true> <Delay = 4.66> <CoreInst = "m_axi">   --->   Core 119 'm_axi' <Latency = 6> <II = 1> <Delay = 1.00> <Adapter> <Opcode : 'read' 'write' 'readreq' 'writereq' 'writeresp'>
ST_27 : Operation 299 [53/71] (4.66ns)   --->   "%empty_31 = readreq i1 @_ssdm_op_ReadReq.m_axi.p1i32, i32 %gmem_addr_5, i64 3" [cluster.cpp:129->cluster.cpp:21]   --->   Operation 299 'readreq' 'empty_31' <Predicate = true> <Delay = 4.66> <CoreInst = "m_axi">   --->   Core 119 'm_axi' <Latency = 6> <II = 1> <Delay = 1.00> <Adapter> <Opcode : 'read' 'write' 'readreq' 'writereq' 'writeresp'>

State 28 <SV = 27> <Delay = 4.66>
ST_28 : Operation 300 [46/71] (4.66ns)   --->   "%empty_24 = readreq i1 @_ssdm_op_ReadReq.m_axi.p1i32, i32 %gmem_addr, i64 3" [cluster.cpp:129->cluster.cpp:21]   --->   Operation 300 'readreq' 'empty_24' <Predicate = true> <Delay = 4.66> <CoreInst = "m_axi">   --->   Core 119 'm_axi' <Latency = 6> <II = 1> <Delay = 1.00> <Adapter> <Opcode : 'read' 'write' 'readreq' 'writereq' 'writeresp'>
ST_28 : Operation 301 [49/71] (4.66ns)   --->   "%empty_27 = readreq i1 @_ssdm_op_ReadReq.m_axi.p1i32, i32 %gmem_addr_4, i64 3" [cluster.cpp:129->cluster.cpp:21]   --->   Operation 301 'readreq' 'empty_27' <Predicate = true> <Delay = 4.66> <CoreInst = "m_axi">   --->   Core 119 'm_axi' <Latency = 6> <II = 1> <Delay = 1.00> <Adapter> <Opcode : 'read' 'write' 'readreq' 'writereq' 'writeresp'>
ST_28 : Operation 302 [52/71] (4.66ns)   --->   "%empty_31 = readreq i1 @_ssdm_op_ReadReq.m_axi.p1i32, i32 %gmem_addr_5, i64 3" [cluster.cpp:129->cluster.cpp:21]   --->   Operation 302 'readreq' 'empty_31' <Predicate = true> <Delay = 4.66> <CoreInst = "m_axi">   --->   Core 119 'm_axi' <Latency = 6> <II = 1> <Delay = 1.00> <Adapter> <Opcode : 'read' 'write' 'readreq' 'writereq' 'writeresp'>

State 29 <SV = 28> <Delay = 4.66>
ST_29 : Operation 303 [45/71] (4.66ns)   --->   "%empty_24 = readreq i1 @_ssdm_op_ReadReq.m_axi.p1i32, i32 %gmem_addr, i64 3" [cluster.cpp:129->cluster.cpp:21]   --->   Operation 303 'readreq' 'empty_24' <Predicate = true> <Delay = 4.66> <CoreInst = "m_axi">   --->   Core 119 'm_axi' <Latency = 6> <II = 1> <Delay = 1.00> <Adapter> <Opcode : 'read' 'write' 'readreq' 'writereq' 'writeresp'>
ST_29 : Operation 304 [48/71] (4.66ns)   --->   "%empty_27 = readreq i1 @_ssdm_op_ReadReq.m_axi.p1i32, i32 %gmem_addr_4, i64 3" [cluster.cpp:129->cluster.cpp:21]   --->   Operation 304 'readreq' 'empty_27' <Predicate = true> <Delay = 4.66> <CoreInst = "m_axi">   --->   Core 119 'm_axi' <Latency = 6> <II = 1> <Delay = 1.00> <Adapter> <Opcode : 'read' 'write' 'readreq' 'writereq' 'writeresp'>
ST_29 : Operation 305 [51/71] (4.66ns)   --->   "%empty_31 = readreq i1 @_ssdm_op_ReadReq.m_axi.p1i32, i32 %gmem_addr_5, i64 3" [cluster.cpp:129->cluster.cpp:21]   --->   Operation 305 'readreq' 'empty_31' <Predicate = true> <Delay = 4.66> <CoreInst = "m_axi">   --->   Core 119 'm_axi' <Latency = 6> <II = 1> <Delay = 1.00> <Adapter> <Opcode : 'read' 'write' 'readreq' 'writereq' 'writeresp'>

State 30 <SV = 29> <Delay = 4.66>
ST_30 : Operation 306 [44/71] (4.66ns)   --->   "%empty_24 = readreq i1 @_ssdm_op_ReadReq.m_axi.p1i32, i32 %gmem_addr, i64 3" [cluster.cpp:129->cluster.cpp:21]   --->   Operation 306 'readreq' 'empty_24' <Predicate = true> <Delay = 4.66> <CoreInst = "m_axi">   --->   Core 119 'm_axi' <Latency = 6> <II = 1> <Delay = 1.00> <Adapter> <Opcode : 'read' 'write' 'readreq' 'writereq' 'writeresp'>
ST_30 : Operation 307 [47/71] (4.66ns)   --->   "%empty_27 = readreq i1 @_ssdm_op_ReadReq.m_axi.p1i32, i32 %gmem_addr_4, i64 3" [cluster.cpp:129->cluster.cpp:21]   --->   Operation 307 'readreq' 'empty_27' <Predicate = true> <Delay = 4.66> <CoreInst = "m_axi">   --->   Core 119 'm_axi' <Latency = 6> <II = 1> <Delay = 1.00> <Adapter> <Opcode : 'read' 'write' 'readreq' 'writereq' 'writeresp'>
ST_30 : Operation 308 [50/71] (4.66ns)   --->   "%empty_31 = readreq i1 @_ssdm_op_ReadReq.m_axi.p1i32, i32 %gmem_addr_5, i64 3" [cluster.cpp:129->cluster.cpp:21]   --->   Operation 308 'readreq' 'empty_31' <Predicate = true> <Delay = 4.66> <CoreInst = "m_axi">   --->   Core 119 'm_axi' <Latency = 6> <II = 1> <Delay = 1.00> <Adapter> <Opcode : 'read' 'write' 'readreq' 'writereq' 'writeresp'>

State 31 <SV = 30> <Delay = 4.66>
ST_31 : Operation 309 [43/71] (4.66ns)   --->   "%empty_24 = readreq i1 @_ssdm_op_ReadReq.m_axi.p1i32, i32 %gmem_addr, i64 3" [cluster.cpp:129->cluster.cpp:21]   --->   Operation 309 'readreq' 'empty_24' <Predicate = true> <Delay = 4.66> <CoreInst = "m_axi">   --->   Core 119 'm_axi' <Latency = 6> <II = 1> <Delay = 1.00> <Adapter> <Opcode : 'read' 'write' 'readreq' 'writereq' 'writeresp'>
ST_31 : Operation 310 [46/71] (4.66ns)   --->   "%empty_27 = readreq i1 @_ssdm_op_ReadReq.m_axi.p1i32, i32 %gmem_addr_4, i64 3" [cluster.cpp:129->cluster.cpp:21]   --->   Operation 310 'readreq' 'empty_27' <Predicate = true> <Delay = 4.66> <CoreInst = "m_axi">   --->   Core 119 'm_axi' <Latency = 6> <II = 1> <Delay = 1.00> <Adapter> <Opcode : 'read' 'write' 'readreq' 'writereq' 'writeresp'>
ST_31 : Operation 311 [49/71] (4.66ns)   --->   "%empty_31 = readreq i1 @_ssdm_op_ReadReq.m_axi.p1i32, i32 %gmem_addr_5, i64 3" [cluster.cpp:129->cluster.cpp:21]   --->   Operation 311 'readreq' 'empty_31' <Predicate = true> <Delay = 4.66> <CoreInst = "m_axi">   --->   Core 119 'm_axi' <Latency = 6> <II = 1> <Delay = 1.00> <Adapter> <Opcode : 'read' 'write' 'readreq' 'writereq' 'writeresp'>

State 32 <SV = 31> <Delay = 4.66>
ST_32 : Operation 312 [42/71] (4.66ns)   --->   "%empty_24 = readreq i1 @_ssdm_op_ReadReq.m_axi.p1i32, i32 %gmem_addr, i64 3" [cluster.cpp:129->cluster.cpp:21]   --->   Operation 312 'readreq' 'empty_24' <Predicate = true> <Delay = 4.66> <CoreInst = "m_axi">   --->   Core 119 'm_axi' <Latency = 6> <II = 1> <Delay = 1.00> <Adapter> <Opcode : 'read' 'write' 'readreq' 'writereq' 'writeresp'>
ST_32 : Operation 313 [45/71] (4.66ns)   --->   "%empty_27 = readreq i1 @_ssdm_op_ReadReq.m_axi.p1i32, i32 %gmem_addr_4, i64 3" [cluster.cpp:129->cluster.cpp:21]   --->   Operation 313 'readreq' 'empty_27' <Predicate = true> <Delay = 4.66> <CoreInst = "m_axi">   --->   Core 119 'm_axi' <Latency = 6> <II = 1> <Delay = 1.00> <Adapter> <Opcode : 'read' 'write' 'readreq' 'writereq' 'writeresp'>
ST_32 : Operation 314 [48/71] (4.66ns)   --->   "%empty_31 = readreq i1 @_ssdm_op_ReadReq.m_axi.p1i32, i32 %gmem_addr_5, i64 3" [cluster.cpp:129->cluster.cpp:21]   --->   Operation 314 'readreq' 'empty_31' <Predicate = true> <Delay = 4.66> <CoreInst = "m_axi">   --->   Core 119 'm_axi' <Latency = 6> <II = 1> <Delay = 1.00> <Adapter> <Opcode : 'read' 'write' 'readreq' 'writereq' 'writeresp'>

State 33 <SV = 32> <Delay = 4.66>
ST_33 : Operation 315 [41/71] (4.66ns)   --->   "%empty_24 = readreq i1 @_ssdm_op_ReadReq.m_axi.p1i32, i32 %gmem_addr, i64 3" [cluster.cpp:129->cluster.cpp:21]   --->   Operation 315 'readreq' 'empty_24' <Predicate = true> <Delay = 4.66> <CoreInst = "m_axi">   --->   Core 119 'm_axi' <Latency = 6> <II = 1> <Delay = 1.00> <Adapter> <Opcode : 'read' 'write' 'readreq' 'writereq' 'writeresp'>
ST_33 : Operation 316 [44/71] (4.66ns)   --->   "%empty_27 = readreq i1 @_ssdm_op_ReadReq.m_axi.p1i32, i32 %gmem_addr_4, i64 3" [cluster.cpp:129->cluster.cpp:21]   --->   Operation 316 'readreq' 'empty_27' <Predicate = true> <Delay = 4.66> <CoreInst = "m_axi">   --->   Core 119 'm_axi' <Latency = 6> <II = 1> <Delay = 1.00> <Adapter> <Opcode : 'read' 'write' 'readreq' 'writereq' 'writeresp'>
ST_33 : Operation 317 [47/71] (4.66ns)   --->   "%empty_31 = readreq i1 @_ssdm_op_ReadReq.m_axi.p1i32, i32 %gmem_addr_5, i64 3" [cluster.cpp:129->cluster.cpp:21]   --->   Operation 317 'readreq' 'empty_31' <Predicate = true> <Delay = 4.66> <CoreInst = "m_axi">   --->   Core 119 'm_axi' <Latency = 6> <II = 1> <Delay = 1.00> <Adapter> <Opcode : 'read' 'write' 'readreq' 'writereq' 'writeresp'>

State 34 <SV = 33> <Delay = 4.66>
ST_34 : Operation 318 [40/71] (4.66ns)   --->   "%empty_24 = readreq i1 @_ssdm_op_ReadReq.m_axi.p1i32, i32 %gmem_addr, i64 3" [cluster.cpp:129->cluster.cpp:21]   --->   Operation 318 'readreq' 'empty_24' <Predicate = true> <Delay = 4.66> <CoreInst = "m_axi">   --->   Core 119 'm_axi' <Latency = 6> <II = 1> <Delay = 1.00> <Adapter> <Opcode : 'read' 'write' 'readreq' 'writereq' 'writeresp'>
ST_34 : Operation 319 [43/71] (4.66ns)   --->   "%empty_27 = readreq i1 @_ssdm_op_ReadReq.m_axi.p1i32, i32 %gmem_addr_4, i64 3" [cluster.cpp:129->cluster.cpp:21]   --->   Operation 319 'readreq' 'empty_27' <Predicate = true> <Delay = 4.66> <CoreInst = "m_axi">   --->   Core 119 'm_axi' <Latency = 6> <II = 1> <Delay = 1.00> <Adapter> <Opcode : 'read' 'write' 'readreq' 'writereq' 'writeresp'>
ST_34 : Operation 320 [46/71] (4.66ns)   --->   "%empty_31 = readreq i1 @_ssdm_op_ReadReq.m_axi.p1i32, i32 %gmem_addr_5, i64 3" [cluster.cpp:129->cluster.cpp:21]   --->   Operation 320 'readreq' 'empty_31' <Predicate = true> <Delay = 4.66> <CoreInst = "m_axi">   --->   Core 119 'm_axi' <Latency = 6> <II = 1> <Delay = 1.00> <Adapter> <Opcode : 'read' 'write' 'readreq' 'writereq' 'writeresp'>

State 35 <SV = 34> <Delay = 4.66>
ST_35 : Operation 321 [39/71] (4.66ns)   --->   "%empty_24 = readreq i1 @_ssdm_op_ReadReq.m_axi.p1i32, i32 %gmem_addr, i64 3" [cluster.cpp:129->cluster.cpp:21]   --->   Operation 321 'readreq' 'empty_24' <Predicate = true> <Delay = 4.66> <CoreInst = "m_axi">   --->   Core 119 'm_axi' <Latency = 6> <II = 1> <Delay = 1.00> <Adapter> <Opcode : 'read' 'write' 'readreq' 'writereq' 'writeresp'>
ST_35 : Operation 322 [42/71] (4.66ns)   --->   "%empty_27 = readreq i1 @_ssdm_op_ReadReq.m_axi.p1i32, i32 %gmem_addr_4, i64 3" [cluster.cpp:129->cluster.cpp:21]   --->   Operation 322 'readreq' 'empty_27' <Predicate = true> <Delay = 4.66> <CoreInst = "m_axi">   --->   Core 119 'm_axi' <Latency = 6> <II = 1> <Delay = 1.00> <Adapter> <Opcode : 'read' 'write' 'readreq' 'writereq' 'writeresp'>
ST_35 : Operation 323 [45/71] (4.66ns)   --->   "%empty_31 = readreq i1 @_ssdm_op_ReadReq.m_axi.p1i32, i32 %gmem_addr_5, i64 3" [cluster.cpp:129->cluster.cpp:21]   --->   Operation 323 'readreq' 'empty_31' <Predicate = true> <Delay = 4.66> <CoreInst = "m_axi">   --->   Core 119 'm_axi' <Latency = 6> <II = 1> <Delay = 1.00> <Adapter> <Opcode : 'read' 'write' 'readreq' 'writereq' 'writeresp'>

State 36 <SV = 35> <Delay = 4.66>
ST_36 : Operation 324 [38/71] (4.66ns)   --->   "%empty_24 = readreq i1 @_ssdm_op_ReadReq.m_axi.p1i32, i32 %gmem_addr, i64 3" [cluster.cpp:129->cluster.cpp:21]   --->   Operation 324 'readreq' 'empty_24' <Predicate = true> <Delay = 4.66> <CoreInst = "m_axi">   --->   Core 119 'm_axi' <Latency = 6> <II = 1> <Delay = 1.00> <Adapter> <Opcode : 'read' 'write' 'readreq' 'writereq' 'writeresp'>
ST_36 : Operation 325 [41/71] (4.66ns)   --->   "%empty_27 = readreq i1 @_ssdm_op_ReadReq.m_axi.p1i32, i32 %gmem_addr_4, i64 3" [cluster.cpp:129->cluster.cpp:21]   --->   Operation 325 'readreq' 'empty_27' <Predicate = true> <Delay = 4.66> <CoreInst = "m_axi">   --->   Core 119 'm_axi' <Latency = 6> <II = 1> <Delay = 1.00> <Adapter> <Opcode : 'read' 'write' 'readreq' 'writereq' 'writeresp'>
ST_36 : Operation 326 [44/71] (4.66ns)   --->   "%empty_31 = readreq i1 @_ssdm_op_ReadReq.m_axi.p1i32, i32 %gmem_addr_5, i64 3" [cluster.cpp:129->cluster.cpp:21]   --->   Operation 326 'readreq' 'empty_31' <Predicate = true> <Delay = 4.66> <CoreInst = "m_axi">   --->   Core 119 'm_axi' <Latency = 6> <II = 1> <Delay = 1.00> <Adapter> <Opcode : 'read' 'write' 'readreq' 'writereq' 'writeresp'>

State 37 <SV = 36> <Delay = 4.66>
ST_37 : Operation 327 [37/71] (4.66ns)   --->   "%empty_24 = readreq i1 @_ssdm_op_ReadReq.m_axi.p1i32, i32 %gmem_addr, i64 3" [cluster.cpp:129->cluster.cpp:21]   --->   Operation 327 'readreq' 'empty_24' <Predicate = true> <Delay = 4.66> <CoreInst = "m_axi">   --->   Core 119 'm_axi' <Latency = 6> <II = 1> <Delay = 1.00> <Adapter> <Opcode : 'read' 'write' 'readreq' 'writereq' 'writeresp'>
ST_37 : Operation 328 [40/71] (4.66ns)   --->   "%empty_27 = readreq i1 @_ssdm_op_ReadReq.m_axi.p1i32, i32 %gmem_addr_4, i64 3" [cluster.cpp:129->cluster.cpp:21]   --->   Operation 328 'readreq' 'empty_27' <Predicate = true> <Delay = 4.66> <CoreInst = "m_axi">   --->   Core 119 'm_axi' <Latency = 6> <II = 1> <Delay = 1.00> <Adapter> <Opcode : 'read' 'write' 'readreq' 'writereq' 'writeresp'>
ST_37 : Operation 329 [43/71] (4.66ns)   --->   "%empty_31 = readreq i1 @_ssdm_op_ReadReq.m_axi.p1i32, i32 %gmem_addr_5, i64 3" [cluster.cpp:129->cluster.cpp:21]   --->   Operation 329 'readreq' 'empty_31' <Predicate = true> <Delay = 4.66> <CoreInst = "m_axi">   --->   Core 119 'm_axi' <Latency = 6> <II = 1> <Delay = 1.00> <Adapter> <Opcode : 'read' 'write' 'readreq' 'writereq' 'writeresp'>

State 38 <SV = 37> <Delay = 4.66>
ST_38 : Operation 330 [36/71] (4.66ns)   --->   "%empty_24 = readreq i1 @_ssdm_op_ReadReq.m_axi.p1i32, i32 %gmem_addr, i64 3" [cluster.cpp:129->cluster.cpp:21]   --->   Operation 330 'readreq' 'empty_24' <Predicate = true> <Delay = 4.66> <CoreInst = "m_axi">   --->   Core 119 'm_axi' <Latency = 6> <II = 1> <Delay = 1.00> <Adapter> <Opcode : 'read' 'write' 'readreq' 'writereq' 'writeresp'>
ST_38 : Operation 331 [39/71] (4.66ns)   --->   "%empty_27 = readreq i1 @_ssdm_op_ReadReq.m_axi.p1i32, i32 %gmem_addr_4, i64 3" [cluster.cpp:129->cluster.cpp:21]   --->   Operation 331 'readreq' 'empty_27' <Predicate = true> <Delay = 4.66> <CoreInst = "m_axi">   --->   Core 119 'm_axi' <Latency = 6> <II = 1> <Delay = 1.00> <Adapter> <Opcode : 'read' 'write' 'readreq' 'writereq' 'writeresp'>
ST_38 : Operation 332 [42/71] (4.66ns)   --->   "%empty_31 = readreq i1 @_ssdm_op_ReadReq.m_axi.p1i32, i32 %gmem_addr_5, i64 3" [cluster.cpp:129->cluster.cpp:21]   --->   Operation 332 'readreq' 'empty_31' <Predicate = true> <Delay = 4.66> <CoreInst = "m_axi">   --->   Core 119 'm_axi' <Latency = 6> <II = 1> <Delay = 1.00> <Adapter> <Opcode : 'read' 'write' 'readreq' 'writereq' 'writeresp'>

State 39 <SV = 38> <Delay = 4.66>
ST_39 : Operation 333 [35/71] (4.66ns)   --->   "%empty_24 = readreq i1 @_ssdm_op_ReadReq.m_axi.p1i32, i32 %gmem_addr, i64 3" [cluster.cpp:129->cluster.cpp:21]   --->   Operation 333 'readreq' 'empty_24' <Predicate = true> <Delay = 4.66> <CoreInst = "m_axi">   --->   Core 119 'm_axi' <Latency = 6> <II = 1> <Delay = 1.00> <Adapter> <Opcode : 'read' 'write' 'readreq' 'writereq' 'writeresp'>
ST_39 : Operation 334 [38/71] (4.66ns)   --->   "%empty_27 = readreq i1 @_ssdm_op_ReadReq.m_axi.p1i32, i32 %gmem_addr_4, i64 3" [cluster.cpp:129->cluster.cpp:21]   --->   Operation 334 'readreq' 'empty_27' <Predicate = true> <Delay = 4.66> <CoreInst = "m_axi">   --->   Core 119 'm_axi' <Latency = 6> <II = 1> <Delay = 1.00> <Adapter> <Opcode : 'read' 'write' 'readreq' 'writereq' 'writeresp'>
ST_39 : Operation 335 [41/71] (4.66ns)   --->   "%empty_31 = readreq i1 @_ssdm_op_ReadReq.m_axi.p1i32, i32 %gmem_addr_5, i64 3" [cluster.cpp:129->cluster.cpp:21]   --->   Operation 335 'readreq' 'empty_31' <Predicate = true> <Delay = 4.66> <CoreInst = "m_axi">   --->   Core 119 'm_axi' <Latency = 6> <II = 1> <Delay = 1.00> <Adapter> <Opcode : 'read' 'write' 'readreq' 'writereq' 'writeresp'>

State 40 <SV = 39> <Delay = 4.66>
ST_40 : Operation 336 [34/71] (4.66ns)   --->   "%empty_24 = readreq i1 @_ssdm_op_ReadReq.m_axi.p1i32, i32 %gmem_addr, i64 3" [cluster.cpp:129->cluster.cpp:21]   --->   Operation 336 'readreq' 'empty_24' <Predicate = true> <Delay = 4.66> <CoreInst = "m_axi">   --->   Core 119 'm_axi' <Latency = 6> <II = 1> <Delay = 1.00> <Adapter> <Opcode : 'read' 'write' 'readreq' 'writereq' 'writeresp'>
ST_40 : Operation 337 [37/71] (4.66ns)   --->   "%empty_27 = readreq i1 @_ssdm_op_ReadReq.m_axi.p1i32, i32 %gmem_addr_4, i64 3" [cluster.cpp:129->cluster.cpp:21]   --->   Operation 337 'readreq' 'empty_27' <Predicate = true> <Delay = 4.66> <CoreInst = "m_axi">   --->   Core 119 'm_axi' <Latency = 6> <II = 1> <Delay = 1.00> <Adapter> <Opcode : 'read' 'write' 'readreq' 'writereq' 'writeresp'>
ST_40 : Operation 338 [40/71] (4.66ns)   --->   "%empty_31 = readreq i1 @_ssdm_op_ReadReq.m_axi.p1i32, i32 %gmem_addr_5, i64 3" [cluster.cpp:129->cluster.cpp:21]   --->   Operation 338 'readreq' 'empty_31' <Predicate = true> <Delay = 4.66> <CoreInst = "m_axi">   --->   Core 119 'm_axi' <Latency = 6> <II = 1> <Delay = 1.00> <Adapter> <Opcode : 'read' 'write' 'readreq' 'writereq' 'writeresp'>

State 41 <SV = 40> <Delay = 4.66>
ST_41 : Operation 339 [33/71] (4.66ns)   --->   "%empty_24 = readreq i1 @_ssdm_op_ReadReq.m_axi.p1i32, i32 %gmem_addr, i64 3" [cluster.cpp:129->cluster.cpp:21]   --->   Operation 339 'readreq' 'empty_24' <Predicate = true> <Delay = 4.66> <CoreInst = "m_axi">   --->   Core 119 'm_axi' <Latency = 6> <II = 1> <Delay = 1.00> <Adapter> <Opcode : 'read' 'write' 'readreq' 'writereq' 'writeresp'>
ST_41 : Operation 340 [36/71] (4.66ns)   --->   "%empty_27 = readreq i1 @_ssdm_op_ReadReq.m_axi.p1i32, i32 %gmem_addr_4, i64 3" [cluster.cpp:129->cluster.cpp:21]   --->   Operation 340 'readreq' 'empty_27' <Predicate = true> <Delay = 4.66> <CoreInst = "m_axi">   --->   Core 119 'm_axi' <Latency = 6> <II = 1> <Delay = 1.00> <Adapter> <Opcode : 'read' 'write' 'readreq' 'writereq' 'writeresp'>
ST_41 : Operation 341 [39/71] (4.66ns)   --->   "%empty_31 = readreq i1 @_ssdm_op_ReadReq.m_axi.p1i32, i32 %gmem_addr_5, i64 3" [cluster.cpp:129->cluster.cpp:21]   --->   Operation 341 'readreq' 'empty_31' <Predicate = true> <Delay = 4.66> <CoreInst = "m_axi">   --->   Core 119 'm_axi' <Latency = 6> <II = 1> <Delay = 1.00> <Adapter> <Opcode : 'read' 'write' 'readreq' 'writereq' 'writeresp'>

State 42 <SV = 41> <Delay = 4.66>
ST_42 : Operation 342 [32/71] (4.66ns)   --->   "%empty_24 = readreq i1 @_ssdm_op_ReadReq.m_axi.p1i32, i32 %gmem_addr, i64 3" [cluster.cpp:129->cluster.cpp:21]   --->   Operation 342 'readreq' 'empty_24' <Predicate = true> <Delay = 4.66> <CoreInst = "m_axi">   --->   Core 119 'm_axi' <Latency = 6> <II = 1> <Delay = 1.00> <Adapter> <Opcode : 'read' 'write' 'readreq' 'writereq' 'writeresp'>
ST_42 : Operation 343 [35/71] (4.66ns)   --->   "%empty_27 = readreq i1 @_ssdm_op_ReadReq.m_axi.p1i32, i32 %gmem_addr_4, i64 3" [cluster.cpp:129->cluster.cpp:21]   --->   Operation 343 'readreq' 'empty_27' <Predicate = true> <Delay = 4.66> <CoreInst = "m_axi">   --->   Core 119 'm_axi' <Latency = 6> <II = 1> <Delay = 1.00> <Adapter> <Opcode : 'read' 'write' 'readreq' 'writereq' 'writeresp'>
ST_42 : Operation 344 [38/71] (4.66ns)   --->   "%empty_31 = readreq i1 @_ssdm_op_ReadReq.m_axi.p1i32, i32 %gmem_addr_5, i64 3" [cluster.cpp:129->cluster.cpp:21]   --->   Operation 344 'readreq' 'empty_31' <Predicate = true> <Delay = 4.66> <CoreInst = "m_axi">   --->   Core 119 'm_axi' <Latency = 6> <II = 1> <Delay = 1.00> <Adapter> <Opcode : 'read' 'write' 'readreq' 'writereq' 'writeresp'>

State 43 <SV = 42> <Delay = 4.66>
ST_43 : Operation 345 [31/71] (4.66ns)   --->   "%empty_24 = readreq i1 @_ssdm_op_ReadReq.m_axi.p1i32, i32 %gmem_addr, i64 3" [cluster.cpp:129->cluster.cpp:21]   --->   Operation 345 'readreq' 'empty_24' <Predicate = true> <Delay = 4.66> <CoreInst = "m_axi">   --->   Core 119 'm_axi' <Latency = 6> <II = 1> <Delay = 1.00> <Adapter> <Opcode : 'read' 'write' 'readreq' 'writereq' 'writeresp'>
ST_43 : Operation 346 [34/71] (4.66ns)   --->   "%empty_27 = readreq i1 @_ssdm_op_ReadReq.m_axi.p1i32, i32 %gmem_addr_4, i64 3" [cluster.cpp:129->cluster.cpp:21]   --->   Operation 346 'readreq' 'empty_27' <Predicate = true> <Delay = 4.66> <CoreInst = "m_axi">   --->   Core 119 'm_axi' <Latency = 6> <II = 1> <Delay = 1.00> <Adapter> <Opcode : 'read' 'write' 'readreq' 'writereq' 'writeresp'>
ST_43 : Operation 347 [37/71] (4.66ns)   --->   "%empty_31 = readreq i1 @_ssdm_op_ReadReq.m_axi.p1i32, i32 %gmem_addr_5, i64 3" [cluster.cpp:129->cluster.cpp:21]   --->   Operation 347 'readreq' 'empty_31' <Predicate = true> <Delay = 4.66> <CoreInst = "m_axi">   --->   Core 119 'm_axi' <Latency = 6> <II = 1> <Delay = 1.00> <Adapter> <Opcode : 'read' 'write' 'readreq' 'writereq' 'writeresp'>

State 44 <SV = 43> <Delay = 4.66>
ST_44 : Operation 348 [30/71] (4.66ns)   --->   "%empty_24 = readreq i1 @_ssdm_op_ReadReq.m_axi.p1i32, i32 %gmem_addr, i64 3" [cluster.cpp:129->cluster.cpp:21]   --->   Operation 348 'readreq' 'empty_24' <Predicate = true> <Delay = 4.66> <CoreInst = "m_axi">   --->   Core 119 'm_axi' <Latency = 6> <II = 1> <Delay = 1.00> <Adapter> <Opcode : 'read' 'write' 'readreq' 'writereq' 'writeresp'>
ST_44 : Operation 349 [33/71] (4.66ns)   --->   "%empty_27 = readreq i1 @_ssdm_op_ReadReq.m_axi.p1i32, i32 %gmem_addr_4, i64 3" [cluster.cpp:129->cluster.cpp:21]   --->   Operation 349 'readreq' 'empty_27' <Predicate = true> <Delay = 4.66> <CoreInst = "m_axi">   --->   Core 119 'm_axi' <Latency = 6> <II = 1> <Delay = 1.00> <Adapter> <Opcode : 'read' 'write' 'readreq' 'writereq' 'writeresp'>
ST_44 : Operation 350 [36/71] (4.66ns)   --->   "%empty_31 = readreq i1 @_ssdm_op_ReadReq.m_axi.p1i32, i32 %gmem_addr_5, i64 3" [cluster.cpp:129->cluster.cpp:21]   --->   Operation 350 'readreq' 'empty_31' <Predicate = true> <Delay = 4.66> <CoreInst = "m_axi">   --->   Core 119 'm_axi' <Latency = 6> <II = 1> <Delay = 1.00> <Adapter> <Opcode : 'read' 'write' 'readreq' 'writereq' 'writeresp'>

State 45 <SV = 44> <Delay = 4.66>
ST_45 : Operation 351 [29/71] (4.66ns)   --->   "%empty_24 = readreq i1 @_ssdm_op_ReadReq.m_axi.p1i32, i32 %gmem_addr, i64 3" [cluster.cpp:129->cluster.cpp:21]   --->   Operation 351 'readreq' 'empty_24' <Predicate = true> <Delay = 4.66> <CoreInst = "m_axi">   --->   Core 119 'm_axi' <Latency = 6> <II = 1> <Delay = 1.00> <Adapter> <Opcode : 'read' 'write' 'readreq' 'writereq' 'writeresp'>
ST_45 : Operation 352 [32/71] (4.66ns)   --->   "%empty_27 = readreq i1 @_ssdm_op_ReadReq.m_axi.p1i32, i32 %gmem_addr_4, i64 3" [cluster.cpp:129->cluster.cpp:21]   --->   Operation 352 'readreq' 'empty_27' <Predicate = true> <Delay = 4.66> <CoreInst = "m_axi">   --->   Core 119 'm_axi' <Latency = 6> <II = 1> <Delay = 1.00> <Adapter> <Opcode : 'read' 'write' 'readreq' 'writereq' 'writeresp'>
ST_45 : Operation 353 [35/71] (4.66ns)   --->   "%empty_31 = readreq i1 @_ssdm_op_ReadReq.m_axi.p1i32, i32 %gmem_addr_5, i64 3" [cluster.cpp:129->cluster.cpp:21]   --->   Operation 353 'readreq' 'empty_31' <Predicate = true> <Delay = 4.66> <CoreInst = "m_axi">   --->   Core 119 'm_axi' <Latency = 6> <II = 1> <Delay = 1.00> <Adapter> <Opcode : 'read' 'write' 'readreq' 'writereq' 'writeresp'>

State 46 <SV = 45> <Delay = 4.66>
ST_46 : Operation 354 [28/71] (4.66ns)   --->   "%empty_24 = readreq i1 @_ssdm_op_ReadReq.m_axi.p1i32, i32 %gmem_addr, i64 3" [cluster.cpp:129->cluster.cpp:21]   --->   Operation 354 'readreq' 'empty_24' <Predicate = true> <Delay = 4.66> <CoreInst = "m_axi">   --->   Core 119 'm_axi' <Latency = 6> <II = 1> <Delay = 1.00> <Adapter> <Opcode : 'read' 'write' 'readreq' 'writereq' 'writeresp'>
ST_46 : Operation 355 [31/71] (4.66ns)   --->   "%empty_27 = readreq i1 @_ssdm_op_ReadReq.m_axi.p1i32, i32 %gmem_addr_4, i64 3" [cluster.cpp:129->cluster.cpp:21]   --->   Operation 355 'readreq' 'empty_27' <Predicate = true> <Delay = 4.66> <CoreInst = "m_axi">   --->   Core 119 'm_axi' <Latency = 6> <II = 1> <Delay = 1.00> <Adapter> <Opcode : 'read' 'write' 'readreq' 'writereq' 'writeresp'>
ST_46 : Operation 356 [34/71] (4.66ns)   --->   "%empty_31 = readreq i1 @_ssdm_op_ReadReq.m_axi.p1i32, i32 %gmem_addr_5, i64 3" [cluster.cpp:129->cluster.cpp:21]   --->   Operation 356 'readreq' 'empty_31' <Predicate = true> <Delay = 4.66> <CoreInst = "m_axi">   --->   Core 119 'm_axi' <Latency = 6> <II = 1> <Delay = 1.00> <Adapter> <Opcode : 'read' 'write' 'readreq' 'writereq' 'writeresp'>

State 47 <SV = 46> <Delay = 4.66>
ST_47 : Operation 357 [27/71] (4.66ns)   --->   "%empty_24 = readreq i1 @_ssdm_op_ReadReq.m_axi.p1i32, i32 %gmem_addr, i64 3" [cluster.cpp:129->cluster.cpp:21]   --->   Operation 357 'readreq' 'empty_24' <Predicate = true> <Delay = 4.66> <CoreInst = "m_axi">   --->   Core 119 'm_axi' <Latency = 6> <II = 1> <Delay = 1.00> <Adapter> <Opcode : 'read' 'write' 'readreq' 'writereq' 'writeresp'>
ST_47 : Operation 358 [30/71] (4.66ns)   --->   "%empty_27 = readreq i1 @_ssdm_op_ReadReq.m_axi.p1i32, i32 %gmem_addr_4, i64 3" [cluster.cpp:129->cluster.cpp:21]   --->   Operation 358 'readreq' 'empty_27' <Predicate = true> <Delay = 4.66> <CoreInst = "m_axi">   --->   Core 119 'm_axi' <Latency = 6> <II = 1> <Delay = 1.00> <Adapter> <Opcode : 'read' 'write' 'readreq' 'writereq' 'writeresp'>
ST_47 : Operation 359 [33/71] (4.66ns)   --->   "%empty_31 = readreq i1 @_ssdm_op_ReadReq.m_axi.p1i32, i32 %gmem_addr_5, i64 3" [cluster.cpp:129->cluster.cpp:21]   --->   Operation 359 'readreq' 'empty_31' <Predicate = true> <Delay = 4.66> <CoreInst = "m_axi">   --->   Core 119 'm_axi' <Latency = 6> <II = 1> <Delay = 1.00> <Adapter> <Opcode : 'read' 'write' 'readreq' 'writereq' 'writeresp'>

State 48 <SV = 47> <Delay = 4.66>
ST_48 : Operation 360 [26/71] (4.66ns)   --->   "%empty_24 = readreq i1 @_ssdm_op_ReadReq.m_axi.p1i32, i32 %gmem_addr, i64 3" [cluster.cpp:129->cluster.cpp:21]   --->   Operation 360 'readreq' 'empty_24' <Predicate = true> <Delay = 4.66> <CoreInst = "m_axi">   --->   Core 119 'm_axi' <Latency = 6> <II = 1> <Delay = 1.00> <Adapter> <Opcode : 'read' 'write' 'readreq' 'writereq' 'writeresp'>
ST_48 : Operation 361 [29/71] (4.66ns)   --->   "%empty_27 = readreq i1 @_ssdm_op_ReadReq.m_axi.p1i32, i32 %gmem_addr_4, i64 3" [cluster.cpp:129->cluster.cpp:21]   --->   Operation 361 'readreq' 'empty_27' <Predicate = true> <Delay = 4.66> <CoreInst = "m_axi">   --->   Core 119 'm_axi' <Latency = 6> <II = 1> <Delay = 1.00> <Adapter> <Opcode : 'read' 'write' 'readreq' 'writereq' 'writeresp'>
ST_48 : Operation 362 [32/71] (4.66ns)   --->   "%empty_31 = readreq i1 @_ssdm_op_ReadReq.m_axi.p1i32, i32 %gmem_addr_5, i64 3" [cluster.cpp:129->cluster.cpp:21]   --->   Operation 362 'readreq' 'empty_31' <Predicate = true> <Delay = 4.66> <CoreInst = "m_axi">   --->   Core 119 'm_axi' <Latency = 6> <II = 1> <Delay = 1.00> <Adapter> <Opcode : 'read' 'write' 'readreq' 'writereq' 'writeresp'>

State 49 <SV = 48> <Delay = 4.66>
ST_49 : Operation 363 [25/71] (4.66ns)   --->   "%empty_24 = readreq i1 @_ssdm_op_ReadReq.m_axi.p1i32, i32 %gmem_addr, i64 3" [cluster.cpp:129->cluster.cpp:21]   --->   Operation 363 'readreq' 'empty_24' <Predicate = true> <Delay = 4.66> <CoreInst = "m_axi">   --->   Core 119 'm_axi' <Latency = 6> <II = 1> <Delay = 1.00> <Adapter> <Opcode : 'read' 'write' 'readreq' 'writereq' 'writeresp'>
ST_49 : Operation 364 [28/71] (4.66ns)   --->   "%empty_27 = readreq i1 @_ssdm_op_ReadReq.m_axi.p1i32, i32 %gmem_addr_4, i64 3" [cluster.cpp:129->cluster.cpp:21]   --->   Operation 364 'readreq' 'empty_27' <Predicate = true> <Delay = 4.66> <CoreInst = "m_axi">   --->   Core 119 'm_axi' <Latency = 6> <II = 1> <Delay = 1.00> <Adapter> <Opcode : 'read' 'write' 'readreq' 'writereq' 'writeresp'>
ST_49 : Operation 365 [31/71] (4.66ns)   --->   "%empty_31 = readreq i1 @_ssdm_op_ReadReq.m_axi.p1i32, i32 %gmem_addr_5, i64 3" [cluster.cpp:129->cluster.cpp:21]   --->   Operation 365 'readreq' 'empty_31' <Predicate = true> <Delay = 4.66> <CoreInst = "m_axi">   --->   Core 119 'm_axi' <Latency = 6> <II = 1> <Delay = 1.00> <Adapter> <Opcode : 'read' 'write' 'readreq' 'writereq' 'writeresp'>

State 50 <SV = 49> <Delay = 4.66>
ST_50 : Operation 366 [24/71] (4.66ns)   --->   "%empty_24 = readreq i1 @_ssdm_op_ReadReq.m_axi.p1i32, i32 %gmem_addr, i64 3" [cluster.cpp:129->cluster.cpp:21]   --->   Operation 366 'readreq' 'empty_24' <Predicate = true> <Delay = 4.66> <CoreInst = "m_axi">   --->   Core 119 'm_axi' <Latency = 6> <II = 1> <Delay = 1.00> <Adapter> <Opcode : 'read' 'write' 'readreq' 'writereq' 'writeresp'>
ST_50 : Operation 367 [27/71] (4.66ns)   --->   "%empty_27 = readreq i1 @_ssdm_op_ReadReq.m_axi.p1i32, i32 %gmem_addr_4, i64 3" [cluster.cpp:129->cluster.cpp:21]   --->   Operation 367 'readreq' 'empty_27' <Predicate = true> <Delay = 4.66> <CoreInst = "m_axi">   --->   Core 119 'm_axi' <Latency = 6> <II = 1> <Delay = 1.00> <Adapter> <Opcode : 'read' 'write' 'readreq' 'writereq' 'writeresp'>
ST_50 : Operation 368 [30/71] (4.66ns)   --->   "%empty_31 = readreq i1 @_ssdm_op_ReadReq.m_axi.p1i32, i32 %gmem_addr_5, i64 3" [cluster.cpp:129->cluster.cpp:21]   --->   Operation 368 'readreq' 'empty_31' <Predicate = true> <Delay = 4.66> <CoreInst = "m_axi">   --->   Core 119 'm_axi' <Latency = 6> <II = 1> <Delay = 1.00> <Adapter> <Opcode : 'read' 'write' 'readreq' 'writereq' 'writeresp'>

State 51 <SV = 50> <Delay = 4.66>
ST_51 : Operation 369 [23/71] (4.66ns)   --->   "%empty_24 = readreq i1 @_ssdm_op_ReadReq.m_axi.p1i32, i32 %gmem_addr, i64 3" [cluster.cpp:129->cluster.cpp:21]   --->   Operation 369 'readreq' 'empty_24' <Predicate = true> <Delay = 4.66> <CoreInst = "m_axi">   --->   Core 119 'm_axi' <Latency = 6> <II = 1> <Delay = 1.00> <Adapter> <Opcode : 'read' 'write' 'readreq' 'writereq' 'writeresp'>
ST_51 : Operation 370 [26/71] (4.66ns)   --->   "%empty_27 = readreq i1 @_ssdm_op_ReadReq.m_axi.p1i32, i32 %gmem_addr_4, i64 3" [cluster.cpp:129->cluster.cpp:21]   --->   Operation 370 'readreq' 'empty_27' <Predicate = true> <Delay = 4.66> <CoreInst = "m_axi">   --->   Core 119 'm_axi' <Latency = 6> <II = 1> <Delay = 1.00> <Adapter> <Opcode : 'read' 'write' 'readreq' 'writereq' 'writeresp'>
ST_51 : Operation 371 [29/71] (4.66ns)   --->   "%empty_31 = readreq i1 @_ssdm_op_ReadReq.m_axi.p1i32, i32 %gmem_addr_5, i64 3" [cluster.cpp:129->cluster.cpp:21]   --->   Operation 371 'readreq' 'empty_31' <Predicate = true> <Delay = 4.66> <CoreInst = "m_axi">   --->   Core 119 'm_axi' <Latency = 6> <II = 1> <Delay = 1.00> <Adapter> <Opcode : 'read' 'write' 'readreq' 'writereq' 'writeresp'>

State 52 <SV = 51> <Delay = 4.66>
ST_52 : Operation 372 [22/71] (4.66ns)   --->   "%empty_24 = readreq i1 @_ssdm_op_ReadReq.m_axi.p1i32, i32 %gmem_addr, i64 3" [cluster.cpp:129->cluster.cpp:21]   --->   Operation 372 'readreq' 'empty_24' <Predicate = true> <Delay = 4.66> <CoreInst = "m_axi">   --->   Core 119 'm_axi' <Latency = 6> <II = 1> <Delay = 1.00> <Adapter> <Opcode : 'read' 'write' 'readreq' 'writereq' 'writeresp'>
ST_52 : Operation 373 [25/71] (4.66ns)   --->   "%empty_27 = readreq i1 @_ssdm_op_ReadReq.m_axi.p1i32, i32 %gmem_addr_4, i64 3" [cluster.cpp:129->cluster.cpp:21]   --->   Operation 373 'readreq' 'empty_27' <Predicate = true> <Delay = 4.66> <CoreInst = "m_axi">   --->   Core 119 'm_axi' <Latency = 6> <II = 1> <Delay = 1.00> <Adapter> <Opcode : 'read' 'write' 'readreq' 'writereq' 'writeresp'>
ST_52 : Operation 374 [28/71] (4.66ns)   --->   "%empty_31 = readreq i1 @_ssdm_op_ReadReq.m_axi.p1i32, i32 %gmem_addr_5, i64 3" [cluster.cpp:129->cluster.cpp:21]   --->   Operation 374 'readreq' 'empty_31' <Predicate = true> <Delay = 4.66> <CoreInst = "m_axi">   --->   Core 119 'm_axi' <Latency = 6> <II = 1> <Delay = 1.00> <Adapter> <Opcode : 'read' 'write' 'readreq' 'writereq' 'writeresp'>

State 53 <SV = 52> <Delay = 4.66>
ST_53 : Operation 375 [21/71] (4.66ns)   --->   "%empty_24 = readreq i1 @_ssdm_op_ReadReq.m_axi.p1i32, i32 %gmem_addr, i64 3" [cluster.cpp:129->cluster.cpp:21]   --->   Operation 375 'readreq' 'empty_24' <Predicate = true> <Delay = 4.66> <CoreInst = "m_axi">   --->   Core 119 'm_axi' <Latency = 6> <II = 1> <Delay = 1.00> <Adapter> <Opcode : 'read' 'write' 'readreq' 'writereq' 'writeresp'>
ST_53 : Operation 376 [24/71] (4.66ns)   --->   "%empty_27 = readreq i1 @_ssdm_op_ReadReq.m_axi.p1i32, i32 %gmem_addr_4, i64 3" [cluster.cpp:129->cluster.cpp:21]   --->   Operation 376 'readreq' 'empty_27' <Predicate = true> <Delay = 4.66> <CoreInst = "m_axi">   --->   Core 119 'm_axi' <Latency = 6> <II = 1> <Delay = 1.00> <Adapter> <Opcode : 'read' 'write' 'readreq' 'writereq' 'writeresp'>
ST_53 : Operation 377 [27/71] (4.66ns)   --->   "%empty_31 = readreq i1 @_ssdm_op_ReadReq.m_axi.p1i32, i32 %gmem_addr_5, i64 3" [cluster.cpp:129->cluster.cpp:21]   --->   Operation 377 'readreq' 'empty_31' <Predicate = true> <Delay = 4.66> <CoreInst = "m_axi">   --->   Core 119 'm_axi' <Latency = 6> <II = 1> <Delay = 1.00> <Adapter> <Opcode : 'read' 'write' 'readreq' 'writereq' 'writeresp'>

State 54 <SV = 53> <Delay = 4.66>
ST_54 : Operation 378 [20/71] (4.66ns)   --->   "%empty_24 = readreq i1 @_ssdm_op_ReadReq.m_axi.p1i32, i32 %gmem_addr, i64 3" [cluster.cpp:129->cluster.cpp:21]   --->   Operation 378 'readreq' 'empty_24' <Predicate = true> <Delay = 4.66> <CoreInst = "m_axi">   --->   Core 119 'm_axi' <Latency = 6> <II = 1> <Delay = 1.00> <Adapter> <Opcode : 'read' 'write' 'readreq' 'writereq' 'writeresp'>
ST_54 : Operation 379 [23/71] (4.66ns)   --->   "%empty_27 = readreq i1 @_ssdm_op_ReadReq.m_axi.p1i32, i32 %gmem_addr_4, i64 3" [cluster.cpp:129->cluster.cpp:21]   --->   Operation 379 'readreq' 'empty_27' <Predicate = true> <Delay = 4.66> <CoreInst = "m_axi">   --->   Core 119 'm_axi' <Latency = 6> <II = 1> <Delay = 1.00> <Adapter> <Opcode : 'read' 'write' 'readreq' 'writereq' 'writeresp'>
ST_54 : Operation 380 [26/71] (4.66ns)   --->   "%empty_31 = readreq i1 @_ssdm_op_ReadReq.m_axi.p1i32, i32 %gmem_addr_5, i64 3" [cluster.cpp:129->cluster.cpp:21]   --->   Operation 380 'readreq' 'empty_31' <Predicate = true> <Delay = 4.66> <CoreInst = "m_axi">   --->   Core 119 'm_axi' <Latency = 6> <II = 1> <Delay = 1.00> <Adapter> <Opcode : 'read' 'write' 'readreq' 'writereq' 'writeresp'>

State 55 <SV = 54> <Delay = 4.66>
ST_55 : Operation 381 [19/71] (4.66ns)   --->   "%empty_24 = readreq i1 @_ssdm_op_ReadReq.m_axi.p1i32, i32 %gmem_addr, i64 3" [cluster.cpp:129->cluster.cpp:21]   --->   Operation 381 'readreq' 'empty_24' <Predicate = true> <Delay = 4.66> <CoreInst = "m_axi">   --->   Core 119 'm_axi' <Latency = 6> <II = 1> <Delay = 1.00> <Adapter> <Opcode : 'read' 'write' 'readreq' 'writereq' 'writeresp'>
ST_55 : Operation 382 [22/71] (4.66ns)   --->   "%empty_27 = readreq i1 @_ssdm_op_ReadReq.m_axi.p1i32, i32 %gmem_addr_4, i64 3" [cluster.cpp:129->cluster.cpp:21]   --->   Operation 382 'readreq' 'empty_27' <Predicate = true> <Delay = 4.66> <CoreInst = "m_axi">   --->   Core 119 'm_axi' <Latency = 6> <II = 1> <Delay = 1.00> <Adapter> <Opcode : 'read' 'write' 'readreq' 'writereq' 'writeresp'>
ST_55 : Operation 383 [25/71] (4.66ns)   --->   "%empty_31 = readreq i1 @_ssdm_op_ReadReq.m_axi.p1i32, i32 %gmem_addr_5, i64 3" [cluster.cpp:129->cluster.cpp:21]   --->   Operation 383 'readreq' 'empty_31' <Predicate = true> <Delay = 4.66> <CoreInst = "m_axi">   --->   Core 119 'm_axi' <Latency = 6> <II = 1> <Delay = 1.00> <Adapter> <Opcode : 'read' 'write' 'readreq' 'writereq' 'writeresp'>

State 56 <SV = 55> <Delay = 4.66>
ST_56 : Operation 384 [18/71] (4.66ns)   --->   "%empty_24 = readreq i1 @_ssdm_op_ReadReq.m_axi.p1i32, i32 %gmem_addr, i64 3" [cluster.cpp:129->cluster.cpp:21]   --->   Operation 384 'readreq' 'empty_24' <Predicate = true> <Delay = 4.66> <CoreInst = "m_axi">   --->   Core 119 'm_axi' <Latency = 6> <II = 1> <Delay = 1.00> <Adapter> <Opcode : 'read' 'write' 'readreq' 'writereq' 'writeresp'>
ST_56 : Operation 385 [21/71] (4.66ns)   --->   "%empty_27 = readreq i1 @_ssdm_op_ReadReq.m_axi.p1i32, i32 %gmem_addr_4, i64 3" [cluster.cpp:129->cluster.cpp:21]   --->   Operation 385 'readreq' 'empty_27' <Predicate = true> <Delay = 4.66> <CoreInst = "m_axi">   --->   Core 119 'm_axi' <Latency = 6> <II = 1> <Delay = 1.00> <Adapter> <Opcode : 'read' 'write' 'readreq' 'writereq' 'writeresp'>
ST_56 : Operation 386 [24/71] (4.66ns)   --->   "%empty_31 = readreq i1 @_ssdm_op_ReadReq.m_axi.p1i32, i32 %gmem_addr_5, i64 3" [cluster.cpp:129->cluster.cpp:21]   --->   Operation 386 'readreq' 'empty_31' <Predicate = true> <Delay = 4.66> <CoreInst = "m_axi">   --->   Core 119 'm_axi' <Latency = 6> <II = 1> <Delay = 1.00> <Adapter> <Opcode : 'read' 'write' 'readreq' 'writereq' 'writeresp'>

State 57 <SV = 56> <Delay = 4.66>
ST_57 : Operation 387 [17/71] (4.66ns)   --->   "%empty_24 = readreq i1 @_ssdm_op_ReadReq.m_axi.p1i32, i32 %gmem_addr, i64 3" [cluster.cpp:129->cluster.cpp:21]   --->   Operation 387 'readreq' 'empty_24' <Predicate = true> <Delay = 4.66> <CoreInst = "m_axi">   --->   Core 119 'm_axi' <Latency = 6> <II = 1> <Delay = 1.00> <Adapter> <Opcode : 'read' 'write' 'readreq' 'writereq' 'writeresp'>
ST_57 : Operation 388 [20/71] (4.66ns)   --->   "%empty_27 = readreq i1 @_ssdm_op_ReadReq.m_axi.p1i32, i32 %gmem_addr_4, i64 3" [cluster.cpp:129->cluster.cpp:21]   --->   Operation 388 'readreq' 'empty_27' <Predicate = true> <Delay = 4.66> <CoreInst = "m_axi">   --->   Core 119 'm_axi' <Latency = 6> <II = 1> <Delay = 1.00> <Adapter> <Opcode : 'read' 'write' 'readreq' 'writereq' 'writeresp'>
ST_57 : Operation 389 [23/71] (4.66ns)   --->   "%empty_31 = readreq i1 @_ssdm_op_ReadReq.m_axi.p1i32, i32 %gmem_addr_5, i64 3" [cluster.cpp:129->cluster.cpp:21]   --->   Operation 389 'readreq' 'empty_31' <Predicate = true> <Delay = 4.66> <CoreInst = "m_axi">   --->   Core 119 'm_axi' <Latency = 6> <II = 1> <Delay = 1.00> <Adapter> <Opcode : 'read' 'write' 'readreq' 'writereq' 'writeresp'>

State 58 <SV = 57> <Delay = 4.66>
ST_58 : Operation 390 [16/71] (4.66ns)   --->   "%empty_24 = readreq i1 @_ssdm_op_ReadReq.m_axi.p1i32, i32 %gmem_addr, i64 3" [cluster.cpp:129->cluster.cpp:21]   --->   Operation 390 'readreq' 'empty_24' <Predicate = true> <Delay = 4.66> <CoreInst = "m_axi">   --->   Core 119 'm_axi' <Latency = 6> <II = 1> <Delay = 1.00> <Adapter> <Opcode : 'read' 'write' 'readreq' 'writereq' 'writeresp'>
ST_58 : Operation 391 [19/71] (4.66ns)   --->   "%empty_27 = readreq i1 @_ssdm_op_ReadReq.m_axi.p1i32, i32 %gmem_addr_4, i64 3" [cluster.cpp:129->cluster.cpp:21]   --->   Operation 391 'readreq' 'empty_27' <Predicate = true> <Delay = 4.66> <CoreInst = "m_axi">   --->   Core 119 'm_axi' <Latency = 6> <II = 1> <Delay = 1.00> <Adapter> <Opcode : 'read' 'write' 'readreq' 'writereq' 'writeresp'>
ST_58 : Operation 392 [22/71] (4.66ns)   --->   "%empty_31 = readreq i1 @_ssdm_op_ReadReq.m_axi.p1i32, i32 %gmem_addr_5, i64 3" [cluster.cpp:129->cluster.cpp:21]   --->   Operation 392 'readreq' 'empty_31' <Predicate = true> <Delay = 4.66> <CoreInst = "m_axi">   --->   Core 119 'm_axi' <Latency = 6> <II = 1> <Delay = 1.00> <Adapter> <Opcode : 'read' 'write' 'readreq' 'writereq' 'writeresp'>

State 59 <SV = 58> <Delay = 4.66>
ST_59 : Operation 393 [15/71] (4.66ns)   --->   "%empty_24 = readreq i1 @_ssdm_op_ReadReq.m_axi.p1i32, i32 %gmem_addr, i64 3" [cluster.cpp:129->cluster.cpp:21]   --->   Operation 393 'readreq' 'empty_24' <Predicate = true> <Delay = 4.66> <CoreInst = "m_axi">   --->   Core 119 'm_axi' <Latency = 6> <II = 1> <Delay = 1.00> <Adapter> <Opcode : 'read' 'write' 'readreq' 'writereq' 'writeresp'>
ST_59 : Operation 394 [18/71] (4.66ns)   --->   "%empty_27 = readreq i1 @_ssdm_op_ReadReq.m_axi.p1i32, i32 %gmem_addr_4, i64 3" [cluster.cpp:129->cluster.cpp:21]   --->   Operation 394 'readreq' 'empty_27' <Predicate = true> <Delay = 4.66> <CoreInst = "m_axi">   --->   Core 119 'm_axi' <Latency = 6> <II = 1> <Delay = 1.00> <Adapter> <Opcode : 'read' 'write' 'readreq' 'writereq' 'writeresp'>
ST_59 : Operation 395 [21/71] (4.66ns)   --->   "%empty_31 = readreq i1 @_ssdm_op_ReadReq.m_axi.p1i32, i32 %gmem_addr_5, i64 3" [cluster.cpp:129->cluster.cpp:21]   --->   Operation 395 'readreq' 'empty_31' <Predicate = true> <Delay = 4.66> <CoreInst = "m_axi">   --->   Core 119 'm_axi' <Latency = 6> <II = 1> <Delay = 1.00> <Adapter> <Opcode : 'read' 'write' 'readreq' 'writereq' 'writeresp'>

State 60 <SV = 59> <Delay = 4.66>
ST_60 : Operation 396 [14/71] (4.66ns)   --->   "%empty_24 = readreq i1 @_ssdm_op_ReadReq.m_axi.p1i32, i32 %gmem_addr, i64 3" [cluster.cpp:129->cluster.cpp:21]   --->   Operation 396 'readreq' 'empty_24' <Predicate = true> <Delay = 4.66> <CoreInst = "m_axi">   --->   Core 119 'm_axi' <Latency = 6> <II = 1> <Delay = 1.00> <Adapter> <Opcode : 'read' 'write' 'readreq' 'writereq' 'writeresp'>
ST_60 : Operation 397 [17/71] (4.66ns)   --->   "%empty_27 = readreq i1 @_ssdm_op_ReadReq.m_axi.p1i32, i32 %gmem_addr_4, i64 3" [cluster.cpp:129->cluster.cpp:21]   --->   Operation 397 'readreq' 'empty_27' <Predicate = true> <Delay = 4.66> <CoreInst = "m_axi">   --->   Core 119 'm_axi' <Latency = 6> <II = 1> <Delay = 1.00> <Adapter> <Opcode : 'read' 'write' 'readreq' 'writereq' 'writeresp'>
ST_60 : Operation 398 [20/71] (4.66ns)   --->   "%empty_31 = readreq i1 @_ssdm_op_ReadReq.m_axi.p1i32, i32 %gmem_addr_5, i64 3" [cluster.cpp:129->cluster.cpp:21]   --->   Operation 398 'readreq' 'empty_31' <Predicate = true> <Delay = 4.66> <CoreInst = "m_axi">   --->   Core 119 'm_axi' <Latency = 6> <II = 1> <Delay = 1.00> <Adapter> <Opcode : 'read' 'write' 'readreq' 'writereq' 'writeresp'>

State 61 <SV = 60> <Delay = 4.66>
ST_61 : Operation 399 [13/71] (4.66ns)   --->   "%empty_24 = readreq i1 @_ssdm_op_ReadReq.m_axi.p1i32, i32 %gmem_addr, i64 3" [cluster.cpp:129->cluster.cpp:21]   --->   Operation 399 'readreq' 'empty_24' <Predicate = true> <Delay = 4.66> <CoreInst = "m_axi">   --->   Core 119 'm_axi' <Latency = 6> <II = 1> <Delay = 1.00> <Adapter> <Opcode : 'read' 'write' 'readreq' 'writereq' 'writeresp'>
ST_61 : Operation 400 [16/71] (4.66ns)   --->   "%empty_27 = readreq i1 @_ssdm_op_ReadReq.m_axi.p1i32, i32 %gmem_addr_4, i64 3" [cluster.cpp:129->cluster.cpp:21]   --->   Operation 400 'readreq' 'empty_27' <Predicate = true> <Delay = 4.66> <CoreInst = "m_axi">   --->   Core 119 'm_axi' <Latency = 6> <II = 1> <Delay = 1.00> <Adapter> <Opcode : 'read' 'write' 'readreq' 'writereq' 'writeresp'>
ST_61 : Operation 401 [19/71] (4.66ns)   --->   "%empty_31 = readreq i1 @_ssdm_op_ReadReq.m_axi.p1i32, i32 %gmem_addr_5, i64 3" [cluster.cpp:129->cluster.cpp:21]   --->   Operation 401 'readreq' 'empty_31' <Predicate = true> <Delay = 4.66> <CoreInst = "m_axi">   --->   Core 119 'm_axi' <Latency = 6> <II = 1> <Delay = 1.00> <Adapter> <Opcode : 'read' 'write' 'readreq' 'writereq' 'writeresp'>

State 62 <SV = 61> <Delay = 4.66>
ST_62 : Operation 402 [12/71] (4.66ns)   --->   "%empty_24 = readreq i1 @_ssdm_op_ReadReq.m_axi.p1i32, i32 %gmem_addr, i64 3" [cluster.cpp:129->cluster.cpp:21]   --->   Operation 402 'readreq' 'empty_24' <Predicate = true> <Delay = 4.66> <CoreInst = "m_axi">   --->   Core 119 'm_axi' <Latency = 6> <II = 1> <Delay = 1.00> <Adapter> <Opcode : 'read' 'write' 'readreq' 'writereq' 'writeresp'>
ST_62 : Operation 403 [15/71] (4.66ns)   --->   "%empty_27 = readreq i1 @_ssdm_op_ReadReq.m_axi.p1i32, i32 %gmem_addr_4, i64 3" [cluster.cpp:129->cluster.cpp:21]   --->   Operation 403 'readreq' 'empty_27' <Predicate = true> <Delay = 4.66> <CoreInst = "m_axi">   --->   Core 119 'm_axi' <Latency = 6> <II = 1> <Delay = 1.00> <Adapter> <Opcode : 'read' 'write' 'readreq' 'writereq' 'writeresp'>
ST_62 : Operation 404 [18/71] (4.66ns)   --->   "%empty_31 = readreq i1 @_ssdm_op_ReadReq.m_axi.p1i32, i32 %gmem_addr_5, i64 3" [cluster.cpp:129->cluster.cpp:21]   --->   Operation 404 'readreq' 'empty_31' <Predicate = true> <Delay = 4.66> <CoreInst = "m_axi">   --->   Core 119 'm_axi' <Latency = 6> <II = 1> <Delay = 1.00> <Adapter> <Opcode : 'read' 'write' 'readreq' 'writereq' 'writeresp'>

State 63 <SV = 62> <Delay = 4.66>
ST_63 : Operation 405 [11/71] (4.66ns)   --->   "%empty_24 = readreq i1 @_ssdm_op_ReadReq.m_axi.p1i32, i32 %gmem_addr, i64 3" [cluster.cpp:129->cluster.cpp:21]   --->   Operation 405 'readreq' 'empty_24' <Predicate = true> <Delay = 4.66> <CoreInst = "m_axi">   --->   Core 119 'm_axi' <Latency = 6> <II = 1> <Delay = 1.00> <Adapter> <Opcode : 'read' 'write' 'readreq' 'writereq' 'writeresp'>
ST_63 : Operation 406 [14/71] (4.66ns)   --->   "%empty_27 = readreq i1 @_ssdm_op_ReadReq.m_axi.p1i32, i32 %gmem_addr_4, i64 3" [cluster.cpp:129->cluster.cpp:21]   --->   Operation 406 'readreq' 'empty_27' <Predicate = true> <Delay = 4.66> <CoreInst = "m_axi">   --->   Core 119 'm_axi' <Latency = 6> <II = 1> <Delay = 1.00> <Adapter> <Opcode : 'read' 'write' 'readreq' 'writereq' 'writeresp'>
ST_63 : Operation 407 [17/71] (4.66ns)   --->   "%empty_31 = readreq i1 @_ssdm_op_ReadReq.m_axi.p1i32, i32 %gmem_addr_5, i64 3" [cluster.cpp:129->cluster.cpp:21]   --->   Operation 407 'readreq' 'empty_31' <Predicate = true> <Delay = 4.66> <CoreInst = "m_axi">   --->   Core 119 'm_axi' <Latency = 6> <II = 1> <Delay = 1.00> <Adapter> <Opcode : 'read' 'write' 'readreq' 'writereq' 'writeresp'>

State 64 <SV = 63> <Delay = 4.66>
ST_64 : Operation 408 [10/71] (4.66ns)   --->   "%empty_24 = readreq i1 @_ssdm_op_ReadReq.m_axi.p1i32, i32 %gmem_addr, i64 3" [cluster.cpp:129->cluster.cpp:21]   --->   Operation 408 'readreq' 'empty_24' <Predicate = true> <Delay = 4.66> <CoreInst = "m_axi">   --->   Core 119 'm_axi' <Latency = 6> <II = 1> <Delay = 1.00> <Adapter> <Opcode : 'read' 'write' 'readreq' 'writereq' 'writeresp'>
ST_64 : Operation 409 [13/71] (4.66ns)   --->   "%empty_27 = readreq i1 @_ssdm_op_ReadReq.m_axi.p1i32, i32 %gmem_addr_4, i64 3" [cluster.cpp:129->cluster.cpp:21]   --->   Operation 409 'readreq' 'empty_27' <Predicate = true> <Delay = 4.66> <CoreInst = "m_axi">   --->   Core 119 'm_axi' <Latency = 6> <II = 1> <Delay = 1.00> <Adapter> <Opcode : 'read' 'write' 'readreq' 'writereq' 'writeresp'>
ST_64 : Operation 410 [16/71] (4.66ns)   --->   "%empty_31 = readreq i1 @_ssdm_op_ReadReq.m_axi.p1i32, i32 %gmem_addr_5, i64 3" [cluster.cpp:129->cluster.cpp:21]   --->   Operation 410 'readreq' 'empty_31' <Predicate = true> <Delay = 4.66> <CoreInst = "m_axi">   --->   Core 119 'm_axi' <Latency = 6> <II = 1> <Delay = 1.00> <Adapter> <Opcode : 'read' 'write' 'readreq' 'writereq' 'writeresp'>

State 65 <SV = 64> <Delay = 4.66>
ST_65 : Operation 411 [9/71] (4.66ns)   --->   "%empty_24 = readreq i1 @_ssdm_op_ReadReq.m_axi.p1i32, i32 %gmem_addr, i64 3" [cluster.cpp:129->cluster.cpp:21]   --->   Operation 411 'readreq' 'empty_24' <Predicate = true> <Delay = 4.66> <CoreInst = "m_axi">   --->   Core 119 'm_axi' <Latency = 6> <II = 1> <Delay = 1.00> <Adapter> <Opcode : 'read' 'write' 'readreq' 'writereq' 'writeresp'>
ST_65 : Operation 412 [12/71] (4.66ns)   --->   "%empty_27 = readreq i1 @_ssdm_op_ReadReq.m_axi.p1i32, i32 %gmem_addr_4, i64 3" [cluster.cpp:129->cluster.cpp:21]   --->   Operation 412 'readreq' 'empty_27' <Predicate = true> <Delay = 4.66> <CoreInst = "m_axi">   --->   Core 119 'm_axi' <Latency = 6> <II = 1> <Delay = 1.00> <Adapter> <Opcode : 'read' 'write' 'readreq' 'writereq' 'writeresp'>
ST_65 : Operation 413 [15/71] (4.66ns)   --->   "%empty_31 = readreq i1 @_ssdm_op_ReadReq.m_axi.p1i32, i32 %gmem_addr_5, i64 3" [cluster.cpp:129->cluster.cpp:21]   --->   Operation 413 'readreq' 'empty_31' <Predicate = true> <Delay = 4.66> <CoreInst = "m_axi">   --->   Core 119 'm_axi' <Latency = 6> <II = 1> <Delay = 1.00> <Adapter> <Opcode : 'read' 'write' 'readreq' 'writereq' 'writeresp'>

State 66 <SV = 65> <Delay = 4.66>
ST_66 : Operation 414 [8/71] (4.66ns)   --->   "%empty_24 = readreq i1 @_ssdm_op_ReadReq.m_axi.p1i32, i32 %gmem_addr, i64 3" [cluster.cpp:129->cluster.cpp:21]   --->   Operation 414 'readreq' 'empty_24' <Predicate = true> <Delay = 4.66> <CoreInst = "m_axi">   --->   Core 119 'm_axi' <Latency = 6> <II = 1> <Delay = 1.00> <Adapter> <Opcode : 'read' 'write' 'readreq' 'writereq' 'writeresp'>
ST_66 : Operation 415 [11/71] (4.66ns)   --->   "%empty_27 = readreq i1 @_ssdm_op_ReadReq.m_axi.p1i32, i32 %gmem_addr_4, i64 3" [cluster.cpp:129->cluster.cpp:21]   --->   Operation 415 'readreq' 'empty_27' <Predicate = true> <Delay = 4.66> <CoreInst = "m_axi">   --->   Core 119 'm_axi' <Latency = 6> <II = 1> <Delay = 1.00> <Adapter> <Opcode : 'read' 'write' 'readreq' 'writereq' 'writeresp'>
ST_66 : Operation 416 [14/71] (4.66ns)   --->   "%empty_31 = readreq i1 @_ssdm_op_ReadReq.m_axi.p1i32, i32 %gmem_addr_5, i64 3" [cluster.cpp:129->cluster.cpp:21]   --->   Operation 416 'readreq' 'empty_31' <Predicate = true> <Delay = 4.66> <CoreInst = "m_axi">   --->   Core 119 'm_axi' <Latency = 6> <II = 1> <Delay = 1.00> <Adapter> <Opcode : 'read' 'write' 'readreq' 'writereq' 'writeresp'>

State 67 <SV = 66> <Delay = 4.66>
ST_67 : Operation 417 [7/71] (4.66ns)   --->   "%empty_24 = readreq i1 @_ssdm_op_ReadReq.m_axi.p1i32, i32 %gmem_addr, i64 3" [cluster.cpp:129->cluster.cpp:21]   --->   Operation 417 'readreq' 'empty_24' <Predicate = true> <Delay = 4.66> <CoreInst = "m_axi">   --->   Core 119 'm_axi' <Latency = 6> <II = 1> <Delay = 1.00> <Adapter> <Opcode : 'read' 'write' 'readreq' 'writereq' 'writeresp'>
ST_67 : Operation 418 [10/71] (4.66ns)   --->   "%empty_27 = readreq i1 @_ssdm_op_ReadReq.m_axi.p1i32, i32 %gmem_addr_4, i64 3" [cluster.cpp:129->cluster.cpp:21]   --->   Operation 418 'readreq' 'empty_27' <Predicate = true> <Delay = 4.66> <CoreInst = "m_axi">   --->   Core 119 'm_axi' <Latency = 6> <II = 1> <Delay = 1.00> <Adapter> <Opcode : 'read' 'write' 'readreq' 'writereq' 'writeresp'>
ST_67 : Operation 419 [13/71] (4.66ns)   --->   "%empty_31 = readreq i1 @_ssdm_op_ReadReq.m_axi.p1i32, i32 %gmem_addr_5, i64 3" [cluster.cpp:129->cluster.cpp:21]   --->   Operation 419 'readreq' 'empty_31' <Predicate = true> <Delay = 4.66> <CoreInst = "m_axi">   --->   Core 119 'm_axi' <Latency = 6> <II = 1> <Delay = 1.00> <Adapter> <Opcode : 'read' 'write' 'readreq' 'writereq' 'writeresp'>

State 68 <SV = 67> <Delay = 4.66>
ST_68 : Operation 420 [6/71] (4.66ns)   --->   "%empty_24 = readreq i1 @_ssdm_op_ReadReq.m_axi.p1i32, i32 %gmem_addr, i64 3" [cluster.cpp:129->cluster.cpp:21]   --->   Operation 420 'readreq' 'empty_24' <Predicate = true> <Delay = 4.66> <CoreInst = "m_axi">   --->   Core 119 'm_axi' <Latency = 6> <II = 1> <Delay = 1.00> <Adapter> <Opcode : 'read' 'write' 'readreq' 'writereq' 'writeresp'>
ST_68 : Operation 421 [9/71] (4.66ns)   --->   "%empty_27 = readreq i1 @_ssdm_op_ReadReq.m_axi.p1i32, i32 %gmem_addr_4, i64 3" [cluster.cpp:129->cluster.cpp:21]   --->   Operation 421 'readreq' 'empty_27' <Predicate = true> <Delay = 4.66> <CoreInst = "m_axi">   --->   Core 119 'm_axi' <Latency = 6> <II = 1> <Delay = 1.00> <Adapter> <Opcode : 'read' 'write' 'readreq' 'writereq' 'writeresp'>
ST_68 : Operation 422 [12/71] (4.66ns)   --->   "%empty_31 = readreq i1 @_ssdm_op_ReadReq.m_axi.p1i32, i32 %gmem_addr_5, i64 3" [cluster.cpp:129->cluster.cpp:21]   --->   Operation 422 'readreq' 'empty_31' <Predicate = true> <Delay = 4.66> <CoreInst = "m_axi">   --->   Core 119 'm_axi' <Latency = 6> <II = 1> <Delay = 1.00> <Adapter> <Opcode : 'read' 'write' 'readreq' 'writereq' 'writeresp'>

State 69 <SV = 68> <Delay = 4.66>
ST_69 : Operation 423 [5/71] (4.66ns)   --->   "%empty_24 = readreq i1 @_ssdm_op_ReadReq.m_axi.p1i32, i32 %gmem_addr, i64 3" [cluster.cpp:129->cluster.cpp:21]   --->   Operation 423 'readreq' 'empty_24' <Predicate = true> <Delay = 4.66> <CoreInst = "m_axi">   --->   Core 119 'm_axi' <Latency = 6> <II = 1> <Delay = 1.00> <Adapter> <Opcode : 'read' 'write' 'readreq' 'writereq' 'writeresp'>
ST_69 : Operation 424 [8/71] (4.66ns)   --->   "%empty_27 = readreq i1 @_ssdm_op_ReadReq.m_axi.p1i32, i32 %gmem_addr_4, i64 3" [cluster.cpp:129->cluster.cpp:21]   --->   Operation 424 'readreq' 'empty_27' <Predicate = true> <Delay = 4.66> <CoreInst = "m_axi">   --->   Core 119 'm_axi' <Latency = 6> <II = 1> <Delay = 1.00> <Adapter> <Opcode : 'read' 'write' 'readreq' 'writereq' 'writeresp'>
ST_69 : Operation 425 [11/71] (4.66ns)   --->   "%empty_31 = readreq i1 @_ssdm_op_ReadReq.m_axi.p1i32, i32 %gmem_addr_5, i64 3" [cluster.cpp:129->cluster.cpp:21]   --->   Operation 425 'readreq' 'empty_31' <Predicate = true> <Delay = 4.66> <CoreInst = "m_axi">   --->   Core 119 'm_axi' <Latency = 6> <II = 1> <Delay = 1.00> <Adapter> <Opcode : 'read' 'write' 'readreq' 'writereq' 'writeresp'>

State 70 <SV = 69> <Delay = 4.66>
ST_70 : Operation 426 [4/71] (4.66ns)   --->   "%empty_24 = readreq i1 @_ssdm_op_ReadReq.m_axi.p1i32, i32 %gmem_addr, i64 3" [cluster.cpp:129->cluster.cpp:21]   --->   Operation 426 'readreq' 'empty_24' <Predicate = true> <Delay = 4.66> <CoreInst = "m_axi">   --->   Core 119 'm_axi' <Latency = 6> <II = 1> <Delay = 1.00> <Adapter> <Opcode : 'read' 'write' 'readreq' 'writereq' 'writeresp'>
ST_70 : Operation 427 [7/71] (4.66ns)   --->   "%empty_27 = readreq i1 @_ssdm_op_ReadReq.m_axi.p1i32, i32 %gmem_addr_4, i64 3" [cluster.cpp:129->cluster.cpp:21]   --->   Operation 427 'readreq' 'empty_27' <Predicate = true> <Delay = 4.66> <CoreInst = "m_axi">   --->   Core 119 'm_axi' <Latency = 6> <II = 1> <Delay = 1.00> <Adapter> <Opcode : 'read' 'write' 'readreq' 'writereq' 'writeresp'>
ST_70 : Operation 428 [10/71] (4.66ns)   --->   "%empty_31 = readreq i1 @_ssdm_op_ReadReq.m_axi.p1i32, i32 %gmem_addr_5, i64 3" [cluster.cpp:129->cluster.cpp:21]   --->   Operation 428 'readreq' 'empty_31' <Predicate = true> <Delay = 4.66> <CoreInst = "m_axi">   --->   Core 119 'm_axi' <Latency = 6> <II = 1> <Delay = 1.00> <Adapter> <Opcode : 'read' 'write' 'readreq' 'writereq' 'writeresp'>

State 71 <SV = 70> <Delay = 4.66>
ST_71 : Operation 429 [3/71] (4.66ns)   --->   "%empty_24 = readreq i1 @_ssdm_op_ReadReq.m_axi.p1i32, i32 %gmem_addr, i64 3" [cluster.cpp:129->cluster.cpp:21]   --->   Operation 429 'readreq' 'empty_24' <Predicate = true> <Delay = 4.66> <CoreInst = "m_axi">   --->   Core 119 'm_axi' <Latency = 6> <II = 1> <Delay = 1.00> <Adapter> <Opcode : 'read' 'write' 'readreq' 'writereq' 'writeresp'>
ST_71 : Operation 430 [6/71] (4.66ns)   --->   "%empty_27 = readreq i1 @_ssdm_op_ReadReq.m_axi.p1i32, i32 %gmem_addr_4, i64 3" [cluster.cpp:129->cluster.cpp:21]   --->   Operation 430 'readreq' 'empty_27' <Predicate = true> <Delay = 4.66> <CoreInst = "m_axi">   --->   Core 119 'm_axi' <Latency = 6> <II = 1> <Delay = 1.00> <Adapter> <Opcode : 'read' 'write' 'readreq' 'writereq' 'writeresp'>
ST_71 : Operation 431 [9/71] (4.66ns)   --->   "%empty_31 = readreq i1 @_ssdm_op_ReadReq.m_axi.p1i32, i32 %gmem_addr_5, i64 3" [cluster.cpp:129->cluster.cpp:21]   --->   Operation 431 'readreq' 'empty_31' <Predicate = true> <Delay = 4.66> <CoreInst = "m_axi">   --->   Core 119 'm_axi' <Latency = 6> <II = 1> <Delay = 1.00> <Adapter> <Opcode : 'read' 'write' 'readreq' 'writereq' 'writeresp'>

State 72 <SV = 71> <Delay = 4.66>
ST_72 : Operation 432 [2/71] (4.66ns)   --->   "%empty_24 = readreq i1 @_ssdm_op_ReadReq.m_axi.p1i32, i32 %gmem_addr, i64 3" [cluster.cpp:129->cluster.cpp:21]   --->   Operation 432 'readreq' 'empty_24' <Predicate = true> <Delay = 4.66> <CoreInst = "m_axi">   --->   Core 119 'm_axi' <Latency = 6> <II = 1> <Delay = 1.00> <Adapter> <Opcode : 'read' 'write' 'readreq' 'writereq' 'writeresp'>
ST_72 : Operation 433 [5/71] (4.66ns)   --->   "%empty_27 = readreq i1 @_ssdm_op_ReadReq.m_axi.p1i32, i32 %gmem_addr_4, i64 3" [cluster.cpp:129->cluster.cpp:21]   --->   Operation 433 'readreq' 'empty_27' <Predicate = true> <Delay = 4.66> <CoreInst = "m_axi">   --->   Core 119 'm_axi' <Latency = 6> <II = 1> <Delay = 1.00> <Adapter> <Opcode : 'read' 'write' 'readreq' 'writereq' 'writeresp'>
ST_72 : Operation 434 [8/71] (4.66ns)   --->   "%empty_31 = readreq i1 @_ssdm_op_ReadReq.m_axi.p1i32, i32 %gmem_addr_5, i64 3" [cluster.cpp:129->cluster.cpp:21]   --->   Operation 434 'readreq' 'empty_31' <Predicate = true> <Delay = 4.66> <CoreInst = "m_axi">   --->   Core 119 'm_axi' <Latency = 6> <II = 1> <Delay = 1.00> <Adapter> <Opcode : 'read' 'write' 'readreq' 'writereq' 'writeresp'>

State 73 <SV = 72> <Delay = 4.66>
ST_73 : Operation 435 [1/71] (4.66ns)   --->   "%empty_24 = readreq i1 @_ssdm_op_ReadReq.m_axi.p1i32, i32 %gmem_addr, i64 3" [cluster.cpp:129->cluster.cpp:21]   --->   Operation 435 'readreq' 'empty_24' <Predicate = true> <Delay = 4.66> <CoreInst = "m_axi">   --->   Core 119 'm_axi' <Latency = 6> <II = 1> <Delay = 1.00> <Adapter> <Opcode : 'read' 'write' 'readreq' 'writereq' 'writeresp'>
ST_73 : Operation 436 [4/71] (4.66ns)   --->   "%empty_27 = readreq i1 @_ssdm_op_ReadReq.m_axi.p1i32, i32 %gmem_addr_4, i64 3" [cluster.cpp:129->cluster.cpp:21]   --->   Operation 436 'readreq' 'empty_27' <Predicate = true> <Delay = 4.66> <CoreInst = "m_axi">   --->   Core 119 'm_axi' <Latency = 6> <II = 1> <Delay = 1.00> <Adapter> <Opcode : 'read' 'write' 'readreq' 'writereq' 'writeresp'>
ST_73 : Operation 437 [7/71] (4.66ns)   --->   "%empty_31 = readreq i1 @_ssdm_op_ReadReq.m_axi.p1i32, i32 %gmem_addr_5, i64 3" [cluster.cpp:129->cluster.cpp:21]   --->   Operation 437 'readreq' 'empty_31' <Predicate = true> <Delay = 4.66> <CoreInst = "m_axi">   --->   Core 119 'm_axi' <Latency = 6> <II = 1> <Delay = 1.00> <Adapter> <Opcode : 'read' 'write' 'readreq' 'writereq' 'writeresp'>

State 74 <SV = 73> <Delay = 4.66>
ST_74 : Operation 438 [1/1] (4.66ns)   --->   "%gmem_addr_read = read i32 @_ssdm_op_Read.m_axi.p1i32, i32 %gmem_addr" [cluster.cpp:131->cluster.cpp:21]   --->   Operation 438 'read' 'gmem_addr_read' <Predicate = true> <Delay = 4.66> <CoreInst = "m_axi">   --->   Core 119 'm_axi' <Latency = 3> <II = 1> <Delay = 1.00> <Adapter> <Opcode : 'read' 'write' 'readreq' 'writereq' 'writeresp'>
ST_74 : Operation 439 [3/71] (4.66ns)   --->   "%empty_27 = readreq i1 @_ssdm_op_ReadReq.m_axi.p1i32, i32 %gmem_addr_4, i64 3" [cluster.cpp:129->cluster.cpp:21]   --->   Operation 439 'readreq' 'empty_27' <Predicate = true> <Delay = 4.66> <CoreInst = "m_axi">   --->   Core 119 'm_axi' <Latency = 6> <II = 1> <Delay = 1.00> <Adapter> <Opcode : 'read' 'write' 'readreq' 'writereq' 'writeresp'>
ST_74 : Operation 440 [6/71] (4.66ns)   --->   "%empty_31 = readreq i1 @_ssdm_op_ReadReq.m_axi.p1i32, i32 %gmem_addr_5, i64 3" [cluster.cpp:129->cluster.cpp:21]   --->   Operation 440 'readreq' 'empty_31' <Predicate = true> <Delay = 4.66> <CoreInst = "m_axi">   --->   Core 119 'm_axi' <Latency = 6> <II = 1> <Delay = 1.00> <Adapter> <Opcode : 'read' 'write' 'readreq' 'writereq' 'writeresp'>

State 75 <SV = 74> <Delay = 4.66>
ST_75 : Operation 441 [1/1] (4.66ns)   --->   "%empty_25 = read i32 @_ssdm_op_Read.m_axi.p1i32, i32 %gmem_addr" [cluster.cpp:131->cluster.cpp:21]   --->   Operation 441 'read' 'empty_25' <Predicate = true> <Delay = 4.66> <CoreInst = "m_axi">   --->   Core 119 'm_axi' <Latency = 3> <II = 1> <Delay = 1.00> <Adapter> <Opcode : 'read' 'write' 'readreq' 'writereq' 'writeresp'>
ST_75 : Operation 442 [2/71] (4.66ns)   --->   "%empty_27 = readreq i1 @_ssdm_op_ReadReq.m_axi.p1i32, i32 %gmem_addr_4, i64 3" [cluster.cpp:129->cluster.cpp:21]   --->   Operation 442 'readreq' 'empty_27' <Predicate = true> <Delay = 4.66> <CoreInst = "m_axi">   --->   Core 119 'm_axi' <Latency = 6> <II = 1> <Delay = 1.00> <Adapter> <Opcode : 'read' 'write' 'readreq' 'writereq' 'writeresp'>
ST_75 : Operation 443 [5/71] (4.66ns)   --->   "%empty_31 = readreq i1 @_ssdm_op_ReadReq.m_axi.p1i32, i32 %gmem_addr_5, i64 3" [cluster.cpp:129->cluster.cpp:21]   --->   Operation 443 'readreq' 'empty_31' <Predicate = true> <Delay = 4.66> <CoreInst = "m_axi">   --->   Core 119 'm_axi' <Latency = 6> <II = 1> <Delay = 1.00> <Adapter> <Opcode : 'read' 'write' 'readreq' 'writereq' 'writeresp'>

State 76 <SV = 75> <Delay = 4.66>
ST_76 : Operation 444 [1/1] (4.66ns)   --->   "%gmem_addr_read_3 = read i32 @_ssdm_op_Read.m_axi.p1i32, i32 %gmem_addr" [cluster.cpp:131->cluster.cpp:21]   --->   Operation 444 'read' 'gmem_addr_read_3' <Predicate = true> <Delay = 4.66> <CoreInst = "m_axi">   --->   Core 119 'm_axi' <Latency = 3> <II = 1> <Delay = 1.00> <Adapter> <Opcode : 'read' 'write' 'readreq' 'writereq' 'writeresp'>
ST_76 : Operation 445 [1/71] (4.66ns)   --->   "%empty_27 = readreq i1 @_ssdm_op_ReadReq.m_axi.p1i32, i32 %gmem_addr_4, i64 3" [cluster.cpp:129->cluster.cpp:21]   --->   Operation 445 'readreq' 'empty_27' <Predicate = true> <Delay = 4.66> <CoreInst = "m_axi">   --->   Core 119 'm_axi' <Latency = 6> <II = 1> <Delay = 1.00> <Adapter> <Opcode : 'read' 'write' 'readreq' 'writereq' 'writeresp'>
ST_76 : Operation 446 [4/71] (4.66ns)   --->   "%empty_31 = readreq i1 @_ssdm_op_ReadReq.m_axi.p1i32, i32 %gmem_addr_5, i64 3" [cluster.cpp:129->cluster.cpp:21]   --->   Operation 446 'readreq' 'empty_31' <Predicate = true> <Delay = 4.66> <CoreInst = "m_axi">   --->   Core 119 'm_axi' <Latency = 6> <II = 1> <Delay = 1.00> <Adapter> <Opcode : 'read' 'write' 'readreq' 'writereq' 'writeresp'>

State 77 <SV = 76> <Delay = 4.66>
ST_77 : Operation 447 [1/1] (4.66ns)   --->   "%gmem_addr_4_read = read i32 @_ssdm_op_Read.m_axi.p1i32, i32 %gmem_addr_4" [cluster.cpp:131->cluster.cpp:21]   --->   Operation 447 'read' 'gmem_addr_4_read' <Predicate = true> <Delay = 4.66> <CoreInst = "m_axi">   --->   Core 119 'm_axi' <Latency = 3> <II = 1> <Delay = 1.00> <Adapter> <Opcode : 'read' 'write' 'readreq' 'writereq' 'writeresp'>
ST_77 : Operation 448 [1/1] (0.00ns)   --->   "%trunc_ln131 = trunc i32 %gmem_addr_4_read" [cluster.cpp:131->cluster.cpp:21]   --->   Operation 448 'trunc' 'trunc_ln131' <Predicate = true> <Delay = 0.00>
ST_77 : Operation 449 [3/71] (4.66ns)   --->   "%empty_31 = readreq i1 @_ssdm_op_ReadReq.m_axi.p1i32, i32 %gmem_addr_5, i64 3" [cluster.cpp:129->cluster.cpp:21]   --->   Operation 449 'readreq' 'empty_31' <Predicate = true> <Delay = 4.66> <CoreInst = "m_axi">   --->   Core 119 'm_axi' <Latency = 6> <II = 1> <Delay = 1.00> <Adapter> <Opcode : 'read' 'write' 'readreq' 'writereq' 'writeresp'>

State 78 <SV = 77> <Delay = 4.66>
ST_78 : Operation 450 [1/1] (4.66ns)   --->   "%empty_28 = read i32 @_ssdm_op_Read.m_axi.p1i32, i32 %gmem_addr_4" [cluster.cpp:131->cluster.cpp:21]   --->   Operation 450 'read' 'empty_28' <Predicate = true> <Delay = 4.66> <CoreInst = "m_axi">   --->   Core 119 'm_axi' <Latency = 3> <II = 1> <Delay = 1.00> <Adapter> <Opcode : 'read' 'write' 'readreq' 'writereq' 'writeresp'>
ST_78 : Operation 451 [2/71] (4.66ns)   --->   "%empty_31 = readreq i1 @_ssdm_op_ReadReq.m_axi.p1i32, i32 %gmem_addr_5, i64 3" [cluster.cpp:129->cluster.cpp:21]   --->   Operation 451 'readreq' 'empty_31' <Predicate = true> <Delay = 4.66> <CoreInst = "m_axi">   --->   Core 119 'm_axi' <Latency = 6> <II = 1> <Delay = 1.00> <Adapter> <Opcode : 'read' 'write' 'readreq' 'writereq' 'writeresp'>

State 79 <SV = 78> <Delay = 4.66>
ST_79 : Operation 452 [1/1] (4.66ns)   --->   "%gmem_addr_4_read_1 = read i32 @_ssdm_op_Read.m_axi.p1i32, i32 %gmem_addr_4" [cluster.cpp:131->cluster.cpp:21]   --->   Operation 452 'read' 'gmem_addr_4_read_1' <Predicate = true> <Delay = 4.66> <CoreInst = "m_axi">   --->   Core 119 'm_axi' <Latency = 3> <II = 1> <Delay = 1.00> <Adapter> <Opcode : 'read' 'write' 'readreq' 'writereq' 'writeresp'>
ST_79 : Operation 453 [1/1] (0.00ns)   --->   "%empty_29 = trunc i32 %gmem_addr_4_read_1" [cluster.cpp:131->cluster.cpp:21]   --->   Operation 453 'trunc' 'empty_29' <Predicate = true> <Delay = 0.00>
ST_79 : Operation 454 [1/71] (4.66ns)   --->   "%empty_31 = readreq i1 @_ssdm_op_ReadReq.m_axi.p1i32, i32 %gmem_addr_5, i64 3" [cluster.cpp:129->cluster.cpp:21]   --->   Operation 454 'readreq' 'empty_31' <Predicate = true> <Delay = 4.66> <CoreInst = "m_axi">   --->   Core 119 'm_axi' <Latency = 6> <II = 1> <Delay = 1.00> <Adapter> <Opcode : 'read' 'write' 'readreq' 'writereq' 'writeresp'>

State 80 <SV = 79> <Delay = 4.66>
ST_80 : Operation 455 [1/1] (4.66ns)   --->   "%gmem_addr_5_read = read i32 @_ssdm_op_Read.m_axi.p1i32, i32 %gmem_addr_5" [cluster.cpp:131->cluster.cpp:21]   --->   Operation 455 'read' 'gmem_addr_5_read' <Predicate = true> <Delay = 4.66> <CoreInst = "m_axi">   --->   Core 119 'm_axi' <Latency = 3> <II = 1> <Delay = 1.00> <Adapter> <Opcode : 'read' 'write' 'readreq' 'writereq' 'writeresp'>
ST_80 : Operation 456 [1/1] (1.00ns)   --->   "%tmp59 = sub i31 %trunc_ln131, i31 %empty_29" [cluster.cpp:131->cluster.cpp:21]   --->   Operation 456 'sub' 'tmp59' <Predicate = true> <Delay = 1.00> <CoreInst = "Adder">   --->   Core 1 'Adder' <Latency = 0> <II = 1> <Delay = 1.00> <FuncUnit> <Opcode : 'add' 'sub'> <InPorts = 2> <OutPorts = 1>

State 81 <SV = 80> <Delay = 4.66>
ST_81 : Operation 457 [1/1] (4.66ns)   --->   "%empty_32 = read i32 @_ssdm_op_Read.m_axi.p1i32, i32 %gmem_addr_5" [cluster.cpp:131->cluster.cpp:21]   --->   Operation 457 'read' 'empty_32' <Predicate = true> <Delay = 4.66> <CoreInst = "m_axi">   --->   Core 119 'm_axi' <Latency = 3> <II = 1> <Delay = 1.00> <Adapter> <Opcode : 'read' 'write' 'readreq' 'writereq' 'writeresp'>
ST_81 : Operation 458 [1/1] (0.00ns)   --->   "%tmp6 = bitconcatenate i32 @_ssdm_op_BitConcatenate.i32.i31.i1, i31 %tmp59, i1 0" [cluster.cpp:131->cluster.cpp:21]   --->   Operation 458 'bitconcatenate' 'tmp6' <Predicate = true> <Delay = 0.00>
ST_81 : Operation 459 [1/1] (1.01ns)   --->   "%add_ln130 = add i32 %gmem_addr_5_read, i32 %tmp6" [cluster.cpp:130->cluster.cpp:21]   --->   Operation 459 'add' 'add_ln130' <Predicate = true> <Delay = 1.01> <CoreInst = "Adder">   --->   Core 1 'Adder' <Latency = 0> <II = 1> <Delay = 1.01> <FuncUnit> <Opcode : 'add' 'sub'> <InPorts = 2> <OutPorts = 1>

State 82 <SV = 81> <Delay = 4.66>
ST_82 : Operation 460 [1/1] (4.66ns)   --->   "%gmem_addr_5_read_1 = read i32 @_ssdm_op_Read.m_axi.p1i32, i32 %gmem_addr_5" [cluster.cpp:131->cluster.cpp:21]   --->   Operation 460 'read' 'gmem_addr_5_read_1' <Predicate = true> <Delay = 4.66> <CoreInst = "m_axi">   --->   Core 119 'm_axi' <Latency = 3> <II = 1> <Delay = 1.00> <Adapter> <Opcode : 'read' 'write' 'readreq' 'writereq' 'writeresp'>
ST_82 : Operation 461 [1/1] (1.01ns)   --->   "%sub_ln130 = sub i32 %gmem_addr_read, i32 %gmem_addr_read_3" [cluster.cpp:130->cluster.cpp:21]   --->   Operation 461 'sub' 'sub_ln130' <Predicate = true> <Delay = 1.01> <CoreInst = "Adder">   --->   Core 1 'Adder' <Latency = 0> <II = 1> <Delay = 1.01> <FuncUnit> <Opcode : 'add' 'sub'> <InPorts = 2> <OutPorts = 1>

State 83 <SV = 82> <Delay = 2.18>
ST_83 : Operation 462 [1/1] (0.00ns) (grouped into TernaryAdder)   --->   "%add_ln130_1 = add i32 %add_ln130, i32 %sub_ln130" [cluster.cpp:130->cluster.cpp:21]   --->   Operation 462 'add' 'add_ln130_1' <Predicate = true> <Delay = 0.00> <CoreInst = "TAddSub">   --->   Core 10 'TAddSub' <Latency = 0> <II = 1> <Delay = 0.36> <IPBlock> <Opcode : '' 'add' 'sub'> <InPorts = 3> <OutPorts = 1> <Sync> <CReg>
ST_83 : Operation 463 [1/1] (0.73ns) (root node of TernaryAdder)   --->   "%sum = sub i32 %add_ln130_1, i32 %gmem_addr_5_read_1" [cluster.cpp:130->cluster.cpp:21]   --->   Operation 463 'sub' 'sum' <Predicate = true> <Delay = 0.73> <CoreInst = "TAddSub">   --->   Core 10 'TAddSub' <Latency = 0> <II = 1> <Delay = 0.36> <IPBlock> <Opcode : '' 'add' 'sub'> <InPorts = 3> <OutPorts = 1> <Sync> <CReg>
ST_83 : Operation 464 [36/36] (1.45ns)   --->   "%sdiv_ln135 = sdiv i32 %sum, i32 %normal_factor_2_reload_cast" [cluster.cpp:135->cluster.cpp:21]   --->   Operation 464 'sdiv' 'sdiv_ln135' <Predicate = true> <Delay = 1.45> <CoreInst = "Divider">   --->   Core 6 'Divider' <Latency = 35> <II = 1> <Delay = 1.45> <FuncUnit> <Opcode : 'udiv' 'sdiv' 'urem' 'srem'> <InPorts = 2> <OutPorts = 1>

State 84 <SV = 83> <Delay = 1.45>
ST_84 : Operation 465 [35/36] (1.45ns)   --->   "%sdiv_ln135 = sdiv i32 %sum, i32 %normal_factor_2_reload_cast" [cluster.cpp:135->cluster.cpp:21]   --->   Operation 465 'sdiv' 'sdiv_ln135' <Predicate = true> <Delay = 1.45> <CoreInst = "Divider">   --->   Core 6 'Divider' <Latency = 35> <II = 1> <Delay = 1.45> <FuncUnit> <Opcode : 'udiv' 'sdiv' 'urem' 'srem'> <InPorts = 2> <OutPorts = 1>

State 85 <SV = 84> <Delay = 1.45>
ST_85 : Operation 466 [34/36] (1.45ns)   --->   "%sdiv_ln135 = sdiv i32 %sum, i32 %normal_factor_2_reload_cast" [cluster.cpp:135->cluster.cpp:21]   --->   Operation 466 'sdiv' 'sdiv_ln135' <Predicate = true> <Delay = 1.45> <CoreInst = "Divider">   --->   Core 6 'Divider' <Latency = 35> <II = 1> <Delay = 1.45> <FuncUnit> <Opcode : 'udiv' 'sdiv' 'urem' 'srem'> <InPorts = 2> <OutPorts = 1>

State 86 <SV = 85> <Delay = 1.45>
ST_86 : Operation 467 [33/36] (1.45ns)   --->   "%sdiv_ln135 = sdiv i32 %sum, i32 %normal_factor_2_reload_cast" [cluster.cpp:135->cluster.cpp:21]   --->   Operation 467 'sdiv' 'sdiv_ln135' <Predicate = true> <Delay = 1.45> <CoreInst = "Divider">   --->   Core 6 'Divider' <Latency = 35> <II = 1> <Delay = 1.45> <FuncUnit> <Opcode : 'udiv' 'sdiv' 'urem' 'srem'> <InPorts = 2> <OutPorts = 1>

State 87 <SV = 86> <Delay = 1.45>
ST_87 : Operation 468 [32/36] (1.45ns)   --->   "%sdiv_ln135 = sdiv i32 %sum, i32 %normal_factor_2_reload_cast" [cluster.cpp:135->cluster.cpp:21]   --->   Operation 468 'sdiv' 'sdiv_ln135' <Predicate = true> <Delay = 1.45> <CoreInst = "Divider">   --->   Core 6 'Divider' <Latency = 35> <II = 1> <Delay = 1.45> <FuncUnit> <Opcode : 'udiv' 'sdiv' 'urem' 'srem'> <InPorts = 2> <OutPorts = 1>

State 88 <SV = 87> <Delay = 1.45>
ST_88 : Operation 469 [31/36] (1.45ns)   --->   "%sdiv_ln135 = sdiv i32 %sum, i32 %normal_factor_2_reload_cast" [cluster.cpp:135->cluster.cpp:21]   --->   Operation 469 'sdiv' 'sdiv_ln135' <Predicate = true> <Delay = 1.45> <CoreInst = "Divider">   --->   Core 6 'Divider' <Latency = 35> <II = 1> <Delay = 1.45> <FuncUnit> <Opcode : 'udiv' 'sdiv' 'urem' 'srem'> <InPorts = 2> <OutPorts = 1>

State 89 <SV = 88> <Delay = 1.45>
ST_89 : Operation 470 [30/36] (1.45ns)   --->   "%sdiv_ln135 = sdiv i32 %sum, i32 %normal_factor_2_reload_cast" [cluster.cpp:135->cluster.cpp:21]   --->   Operation 470 'sdiv' 'sdiv_ln135' <Predicate = true> <Delay = 1.45> <CoreInst = "Divider">   --->   Core 6 'Divider' <Latency = 35> <II = 1> <Delay = 1.45> <FuncUnit> <Opcode : 'udiv' 'sdiv' 'urem' 'srem'> <InPorts = 2> <OutPorts = 1>

State 90 <SV = 89> <Delay = 1.45>
ST_90 : Operation 471 [29/36] (1.45ns)   --->   "%sdiv_ln135 = sdiv i32 %sum, i32 %normal_factor_2_reload_cast" [cluster.cpp:135->cluster.cpp:21]   --->   Operation 471 'sdiv' 'sdiv_ln135' <Predicate = true> <Delay = 1.45> <CoreInst = "Divider">   --->   Core 6 'Divider' <Latency = 35> <II = 1> <Delay = 1.45> <FuncUnit> <Opcode : 'udiv' 'sdiv' 'urem' 'srem'> <InPorts = 2> <OutPorts = 1>

State 91 <SV = 90> <Delay = 1.45>
ST_91 : Operation 472 [28/36] (1.45ns)   --->   "%sdiv_ln135 = sdiv i32 %sum, i32 %normal_factor_2_reload_cast" [cluster.cpp:135->cluster.cpp:21]   --->   Operation 472 'sdiv' 'sdiv_ln135' <Predicate = true> <Delay = 1.45> <CoreInst = "Divider">   --->   Core 6 'Divider' <Latency = 35> <II = 1> <Delay = 1.45> <FuncUnit> <Opcode : 'udiv' 'sdiv' 'urem' 'srem'> <InPorts = 2> <OutPorts = 1>

State 92 <SV = 91> <Delay = 1.45>
ST_92 : Operation 473 [27/36] (1.45ns)   --->   "%sdiv_ln135 = sdiv i32 %sum, i32 %normal_factor_2_reload_cast" [cluster.cpp:135->cluster.cpp:21]   --->   Operation 473 'sdiv' 'sdiv_ln135' <Predicate = true> <Delay = 1.45> <CoreInst = "Divider">   --->   Core 6 'Divider' <Latency = 35> <II = 1> <Delay = 1.45> <FuncUnit> <Opcode : 'udiv' 'sdiv' 'urem' 'srem'> <InPorts = 2> <OutPorts = 1>

State 93 <SV = 92> <Delay = 1.45>
ST_93 : Operation 474 [26/36] (1.45ns)   --->   "%sdiv_ln135 = sdiv i32 %sum, i32 %normal_factor_2_reload_cast" [cluster.cpp:135->cluster.cpp:21]   --->   Operation 474 'sdiv' 'sdiv_ln135' <Predicate = true> <Delay = 1.45> <CoreInst = "Divider">   --->   Core 6 'Divider' <Latency = 35> <II = 1> <Delay = 1.45> <FuncUnit> <Opcode : 'udiv' 'sdiv' 'urem' 'srem'> <InPorts = 2> <OutPorts = 1>

State 94 <SV = 93> <Delay = 1.45>
ST_94 : Operation 475 [25/36] (1.45ns)   --->   "%sdiv_ln135 = sdiv i32 %sum, i32 %normal_factor_2_reload_cast" [cluster.cpp:135->cluster.cpp:21]   --->   Operation 475 'sdiv' 'sdiv_ln135' <Predicate = true> <Delay = 1.45> <CoreInst = "Divider">   --->   Core 6 'Divider' <Latency = 35> <II = 1> <Delay = 1.45> <FuncUnit> <Opcode : 'udiv' 'sdiv' 'urem' 'srem'> <InPorts = 2> <OutPorts = 1>

State 95 <SV = 94> <Delay = 1.45>
ST_95 : Operation 476 [24/36] (1.45ns)   --->   "%sdiv_ln135 = sdiv i32 %sum, i32 %normal_factor_2_reload_cast" [cluster.cpp:135->cluster.cpp:21]   --->   Operation 476 'sdiv' 'sdiv_ln135' <Predicate = true> <Delay = 1.45> <CoreInst = "Divider">   --->   Core 6 'Divider' <Latency = 35> <II = 1> <Delay = 1.45> <FuncUnit> <Opcode : 'udiv' 'sdiv' 'urem' 'srem'> <InPorts = 2> <OutPorts = 1>

State 96 <SV = 95> <Delay = 1.45>
ST_96 : Operation 477 [23/36] (1.45ns)   --->   "%sdiv_ln135 = sdiv i32 %sum, i32 %normal_factor_2_reload_cast" [cluster.cpp:135->cluster.cpp:21]   --->   Operation 477 'sdiv' 'sdiv_ln135' <Predicate = true> <Delay = 1.45> <CoreInst = "Divider">   --->   Core 6 'Divider' <Latency = 35> <II = 1> <Delay = 1.45> <FuncUnit> <Opcode : 'udiv' 'sdiv' 'urem' 'srem'> <InPorts = 2> <OutPorts = 1>

State 97 <SV = 96> <Delay = 1.45>
ST_97 : Operation 478 [22/36] (1.45ns)   --->   "%sdiv_ln135 = sdiv i32 %sum, i32 %normal_factor_2_reload_cast" [cluster.cpp:135->cluster.cpp:21]   --->   Operation 478 'sdiv' 'sdiv_ln135' <Predicate = true> <Delay = 1.45> <CoreInst = "Divider">   --->   Core 6 'Divider' <Latency = 35> <II = 1> <Delay = 1.45> <FuncUnit> <Opcode : 'udiv' 'sdiv' 'urem' 'srem'> <InPorts = 2> <OutPorts = 1>

State 98 <SV = 97> <Delay = 1.45>
ST_98 : Operation 479 [21/36] (1.45ns)   --->   "%sdiv_ln135 = sdiv i32 %sum, i32 %normal_factor_2_reload_cast" [cluster.cpp:135->cluster.cpp:21]   --->   Operation 479 'sdiv' 'sdiv_ln135' <Predicate = true> <Delay = 1.45> <CoreInst = "Divider">   --->   Core 6 'Divider' <Latency = 35> <II = 1> <Delay = 1.45> <FuncUnit> <Opcode : 'udiv' 'sdiv' 'urem' 'srem'> <InPorts = 2> <OutPorts = 1>

State 99 <SV = 98> <Delay = 1.45>
ST_99 : Operation 480 [20/36] (1.45ns)   --->   "%sdiv_ln135 = sdiv i32 %sum, i32 %normal_factor_2_reload_cast" [cluster.cpp:135->cluster.cpp:21]   --->   Operation 480 'sdiv' 'sdiv_ln135' <Predicate = true> <Delay = 1.45> <CoreInst = "Divider">   --->   Core 6 'Divider' <Latency = 35> <II = 1> <Delay = 1.45> <FuncUnit> <Opcode : 'udiv' 'sdiv' 'urem' 'srem'> <InPorts = 2> <OutPorts = 1>

State 100 <SV = 99> <Delay = 1.45>
ST_100 : Operation 481 [19/36] (1.45ns)   --->   "%sdiv_ln135 = sdiv i32 %sum, i32 %normal_factor_2_reload_cast" [cluster.cpp:135->cluster.cpp:21]   --->   Operation 481 'sdiv' 'sdiv_ln135' <Predicate = true> <Delay = 1.45> <CoreInst = "Divider">   --->   Core 6 'Divider' <Latency = 35> <II = 1> <Delay = 1.45> <FuncUnit> <Opcode : 'udiv' 'sdiv' 'urem' 'srem'> <InPorts = 2> <OutPorts = 1>

State 101 <SV = 100> <Delay = 1.45>
ST_101 : Operation 482 [18/36] (1.45ns)   --->   "%sdiv_ln135 = sdiv i32 %sum, i32 %normal_factor_2_reload_cast" [cluster.cpp:135->cluster.cpp:21]   --->   Operation 482 'sdiv' 'sdiv_ln135' <Predicate = true> <Delay = 1.45> <CoreInst = "Divider">   --->   Core 6 'Divider' <Latency = 35> <II = 1> <Delay = 1.45> <FuncUnit> <Opcode : 'udiv' 'sdiv' 'urem' 'srem'> <InPorts = 2> <OutPorts = 1>

State 102 <SV = 101> <Delay = 1.45>
ST_102 : Operation 483 [17/36] (1.45ns)   --->   "%sdiv_ln135 = sdiv i32 %sum, i32 %normal_factor_2_reload_cast" [cluster.cpp:135->cluster.cpp:21]   --->   Operation 483 'sdiv' 'sdiv_ln135' <Predicate = true> <Delay = 1.45> <CoreInst = "Divider">   --->   Core 6 'Divider' <Latency = 35> <II = 1> <Delay = 1.45> <FuncUnit> <Opcode : 'udiv' 'sdiv' 'urem' 'srem'> <InPorts = 2> <OutPorts = 1>

State 103 <SV = 102> <Delay = 1.45>
ST_103 : Operation 484 [16/36] (1.45ns)   --->   "%sdiv_ln135 = sdiv i32 %sum, i32 %normal_factor_2_reload_cast" [cluster.cpp:135->cluster.cpp:21]   --->   Operation 484 'sdiv' 'sdiv_ln135' <Predicate = true> <Delay = 1.45> <CoreInst = "Divider">   --->   Core 6 'Divider' <Latency = 35> <II = 1> <Delay = 1.45> <FuncUnit> <Opcode : 'udiv' 'sdiv' 'urem' 'srem'> <InPorts = 2> <OutPorts = 1>

State 104 <SV = 103> <Delay = 1.45>
ST_104 : Operation 485 [15/36] (1.45ns)   --->   "%sdiv_ln135 = sdiv i32 %sum, i32 %normal_factor_2_reload_cast" [cluster.cpp:135->cluster.cpp:21]   --->   Operation 485 'sdiv' 'sdiv_ln135' <Predicate = true> <Delay = 1.45> <CoreInst = "Divider">   --->   Core 6 'Divider' <Latency = 35> <II = 1> <Delay = 1.45> <FuncUnit> <Opcode : 'udiv' 'sdiv' 'urem' 'srem'> <InPorts = 2> <OutPorts = 1>

State 105 <SV = 104> <Delay = 1.45>
ST_105 : Operation 486 [14/36] (1.45ns)   --->   "%sdiv_ln135 = sdiv i32 %sum, i32 %normal_factor_2_reload_cast" [cluster.cpp:135->cluster.cpp:21]   --->   Operation 486 'sdiv' 'sdiv_ln135' <Predicate = true> <Delay = 1.45> <CoreInst = "Divider">   --->   Core 6 'Divider' <Latency = 35> <II = 1> <Delay = 1.45> <FuncUnit> <Opcode : 'udiv' 'sdiv' 'urem' 'srem'> <InPorts = 2> <OutPorts = 1>

State 106 <SV = 105> <Delay = 1.45>
ST_106 : Operation 487 [13/36] (1.45ns)   --->   "%sdiv_ln135 = sdiv i32 %sum, i32 %normal_factor_2_reload_cast" [cluster.cpp:135->cluster.cpp:21]   --->   Operation 487 'sdiv' 'sdiv_ln135' <Predicate = true> <Delay = 1.45> <CoreInst = "Divider">   --->   Core 6 'Divider' <Latency = 35> <II = 1> <Delay = 1.45> <FuncUnit> <Opcode : 'udiv' 'sdiv' 'urem' 'srem'> <InPorts = 2> <OutPorts = 1>

State 107 <SV = 106> <Delay = 1.45>
ST_107 : Operation 488 [12/36] (1.45ns)   --->   "%sdiv_ln135 = sdiv i32 %sum, i32 %normal_factor_2_reload_cast" [cluster.cpp:135->cluster.cpp:21]   --->   Operation 488 'sdiv' 'sdiv_ln135' <Predicate = true> <Delay = 1.45> <CoreInst = "Divider">   --->   Core 6 'Divider' <Latency = 35> <II = 1> <Delay = 1.45> <FuncUnit> <Opcode : 'udiv' 'sdiv' 'urem' 'srem'> <InPorts = 2> <OutPorts = 1>

State 108 <SV = 107> <Delay = 1.45>
ST_108 : Operation 489 [11/36] (1.45ns)   --->   "%sdiv_ln135 = sdiv i32 %sum, i32 %normal_factor_2_reload_cast" [cluster.cpp:135->cluster.cpp:21]   --->   Operation 489 'sdiv' 'sdiv_ln135' <Predicate = true> <Delay = 1.45> <CoreInst = "Divider">   --->   Core 6 'Divider' <Latency = 35> <II = 1> <Delay = 1.45> <FuncUnit> <Opcode : 'udiv' 'sdiv' 'urem' 'srem'> <InPorts = 2> <OutPorts = 1>

State 109 <SV = 108> <Delay = 1.45>
ST_109 : Operation 490 [10/36] (1.45ns)   --->   "%sdiv_ln135 = sdiv i32 %sum, i32 %normal_factor_2_reload_cast" [cluster.cpp:135->cluster.cpp:21]   --->   Operation 490 'sdiv' 'sdiv_ln135' <Predicate = true> <Delay = 1.45> <CoreInst = "Divider">   --->   Core 6 'Divider' <Latency = 35> <II = 1> <Delay = 1.45> <FuncUnit> <Opcode : 'udiv' 'sdiv' 'urem' 'srem'> <InPorts = 2> <OutPorts = 1>

State 110 <SV = 109> <Delay = 1.45>
ST_110 : Operation 491 [9/36] (1.45ns)   --->   "%sdiv_ln135 = sdiv i32 %sum, i32 %normal_factor_2_reload_cast" [cluster.cpp:135->cluster.cpp:21]   --->   Operation 491 'sdiv' 'sdiv_ln135' <Predicate = true> <Delay = 1.45> <CoreInst = "Divider">   --->   Core 6 'Divider' <Latency = 35> <II = 1> <Delay = 1.45> <FuncUnit> <Opcode : 'udiv' 'sdiv' 'urem' 'srem'> <InPorts = 2> <OutPorts = 1>

State 111 <SV = 110> <Delay = 1.45>
ST_111 : Operation 492 [8/36] (1.45ns)   --->   "%sdiv_ln135 = sdiv i32 %sum, i32 %normal_factor_2_reload_cast" [cluster.cpp:135->cluster.cpp:21]   --->   Operation 492 'sdiv' 'sdiv_ln135' <Predicate = true> <Delay = 1.45> <CoreInst = "Divider">   --->   Core 6 'Divider' <Latency = 35> <II = 1> <Delay = 1.45> <FuncUnit> <Opcode : 'udiv' 'sdiv' 'urem' 'srem'> <InPorts = 2> <OutPorts = 1>

State 112 <SV = 111> <Delay = 1.45>
ST_112 : Operation 493 [7/36] (1.45ns)   --->   "%sdiv_ln135 = sdiv i32 %sum, i32 %normal_factor_2_reload_cast" [cluster.cpp:135->cluster.cpp:21]   --->   Operation 493 'sdiv' 'sdiv_ln135' <Predicate = true> <Delay = 1.45> <CoreInst = "Divider">   --->   Core 6 'Divider' <Latency = 35> <II = 1> <Delay = 1.45> <FuncUnit> <Opcode : 'udiv' 'sdiv' 'urem' 'srem'> <InPorts = 2> <OutPorts = 1>

State 113 <SV = 112> <Delay = 1.45>
ST_113 : Operation 494 [6/36] (1.45ns)   --->   "%sdiv_ln135 = sdiv i32 %sum, i32 %normal_factor_2_reload_cast" [cluster.cpp:135->cluster.cpp:21]   --->   Operation 494 'sdiv' 'sdiv_ln135' <Predicate = true> <Delay = 1.45> <CoreInst = "Divider">   --->   Core 6 'Divider' <Latency = 35> <II = 1> <Delay = 1.45> <FuncUnit> <Opcode : 'udiv' 'sdiv' 'urem' 'srem'> <InPorts = 2> <OutPorts = 1>

State 114 <SV = 113> <Delay = 1.45>
ST_114 : Operation 495 [5/36] (1.45ns)   --->   "%sdiv_ln135 = sdiv i32 %sum, i32 %normal_factor_2_reload_cast" [cluster.cpp:135->cluster.cpp:21]   --->   Operation 495 'sdiv' 'sdiv_ln135' <Predicate = true> <Delay = 1.45> <CoreInst = "Divider">   --->   Core 6 'Divider' <Latency = 35> <II = 1> <Delay = 1.45> <FuncUnit> <Opcode : 'udiv' 'sdiv' 'urem' 'srem'> <InPorts = 2> <OutPorts = 1>

State 115 <SV = 114> <Delay = 1.45>
ST_115 : Operation 496 [4/36] (1.45ns)   --->   "%sdiv_ln135 = sdiv i32 %sum, i32 %normal_factor_2_reload_cast" [cluster.cpp:135->cluster.cpp:21]   --->   Operation 496 'sdiv' 'sdiv_ln135' <Predicate = true> <Delay = 1.45> <CoreInst = "Divider">   --->   Core 6 'Divider' <Latency = 35> <II = 1> <Delay = 1.45> <FuncUnit> <Opcode : 'udiv' 'sdiv' 'urem' 'srem'> <InPorts = 2> <OutPorts = 1>

State 116 <SV = 115> <Delay = 1.45>
ST_116 : Operation 497 [3/36] (1.45ns)   --->   "%sdiv_ln135 = sdiv i32 %sum, i32 %normal_factor_2_reload_cast" [cluster.cpp:135->cluster.cpp:21]   --->   Operation 497 'sdiv' 'sdiv_ln135' <Predicate = true> <Delay = 1.45> <CoreInst = "Divider">   --->   Core 6 'Divider' <Latency = 35> <II = 1> <Delay = 1.45> <FuncUnit> <Opcode : 'udiv' 'sdiv' 'urem' 'srem'> <InPorts = 2> <OutPorts = 1>

State 117 <SV = 116> <Delay = 1.95>
ST_117 : Operation 498 [1/1] (0.00ns)   --->   "%shl_ln3 = bitconcatenate i18 @_ssdm_op_BitConcatenate.i18.i9.i9, i9 %select_ln125, i9 0" [cluster.cpp:128->cluster.cpp:21]   --->   Operation 498 'bitconcatenate' 'shl_ln3' <Predicate = true> <Delay = 0.00>
ST_117 : Operation 499 [2/36] (1.45ns)   --->   "%sdiv_ln135 = sdiv i32 %sum, i32 %normal_factor_2_reload_cast" [cluster.cpp:135->cluster.cpp:21]   --->   Operation 499 'sdiv' 'sdiv_ln135' <Predicate = true> <Delay = 1.45> <CoreInst = "Divider">   --->   Core 6 'Divider' <Latency = 35> <II = 1> <Delay = 1.45> <FuncUnit> <Opcode : 'udiv' 'sdiv' 'urem' 'srem'> <InPorts = 2> <OutPorts = 1>
ST_117 : Operation 500 [1/1] (0.00ns)   --->   "%zext_ln134_cast = bitconcatenate i10 @_ssdm_op_BitConcatenate.i10.i1.i9, i1 1, i9 %add_ln134" [cluster.cpp:134->cluster.cpp:21]   --->   Operation 500 'bitconcatenate' 'zext_ln134_cast' <Predicate = true> <Delay = 0.00>
ST_117 : Operation 501 [1/1] (0.00ns)   --->   "%zext_ln134 = zext i10 %zext_ln134_cast" [cluster.cpp:134->cluster.cpp:21]   --->   Operation 501 'zext' 'zext_ln134' <Predicate = true> <Delay = 0.00>
ST_117 : Operation 502 [1/1] (0.87ns)   --->   "%add_ln134_1 = add i18 %zext_ln134, i18 %shl_ln3" [cluster.cpp:134->cluster.cpp:21]   --->   Operation 502 'add' 'add_ln134_1' <Predicate = true> <Delay = 0.87> <CoreInst = "Adder">   --->   Core 1 'Adder' <Latency = 0> <II = 1> <Delay = 0.87> <FuncUnit> <Opcode : 'add' 'sub'> <InPorts = 2> <OutPorts = 1>
ST_117 : Operation 503 [1/1] (0.00ns)   --->   "%shl_ln4 = bitconcatenate i20 @_ssdm_op_BitConcatenate.i20.i18.i2, i18 %add_ln134_1, i2 0" [cluster.cpp:134->cluster.cpp:21]   --->   Operation 503 'bitconcatenate' 'shl_ln4' <Predicate = true> <Delay = 0.00>
ST_117 : Operation 504 [1/1] (0.00ns)   --->   "%zext_ln134_1 = zext i20 %shl_ln4" [cluster.cpp:134->cluster.cpp:21]   --->   Operation 504 'zext' 'zext_ln134_1' <Predicate = true> <Delay = 0.00>
ST_117 : Operation 505 [1/1] (1.08ns)   --->   "%add_ln134_2 = add i64 %zext_ln134_1, i64 %image_gray_read" [cluster.cpp:134->cluster.cpp:21]   --->   Operation 505 'add' 'add_ln134_2' <Predicate = true> <Delay = 1.08> <CoreInst = "Adder">   --->   Core 1 'Adder' <Latency = 0> <II = 1> <Delay = 1.08> <FuncUnit> <Opcode : 'add' 'sub'> <InPorts = 2> <OutPorts = 1>
ST_117 : Operation 506 [1/1] (0.00ns)   --->   "%trunc_ln4 = partselect i62 @_ssdm_op_PartSelect.i62.i64.i32.i32, i64 %add_ln134_2, i32 2, i32 63" [cluster.cpp:134->cluster.cpp:21]   --->   Operation 506 'partselect' 'trunc_ln4' <Predicate = true> <Delay = 0.00>
ST_117 : Operation 507 [1/1] (0.00ns)   --->   "%sext_ln134 = sext i62 %trunc_ln4" [cluster.cpp:134->cluster.cpp:21]   --->   Operation 507 'sext' 'sext_ln134' <Predicate = true> <Delay = 0.00>
ST_117 : Operation 508 [1/1] (0.00ns)   --->   "%gmem_addr_6 = getelementptr i32 %gmem, i64 %sext_ln134" [cluster.cpp:134->cluster.cpp:21]   --->   Operation 508 'getelementptr' 'gmem_addr_6' <Predicate = true> <Delay = 0.00>

State 118 <SV = 117> <Delay = 4.66>
ST_118 : Operation 509 [1/36] (1.45ns)   --->   "%sdiv_ln135 = sdiv i32 %sum, i32 %normal_factor_2_reload_cast" [cluster.cpp:135->cluster.cpp:21]   --->   Operation 509 'sdiv' 'sdiv_ln135' <Predicate = true> <Delay = 1.45> <CoreInst = "Divider">   --->   Core 6 'Divider' <Latency = 35> <II = 1> <Delay = 1.45> <FuncUnit> <Opcode : 'udiv' 'sdiv' 'urem' 'srem'> <InPorts = 2> <OutPorts = 1>
ST_118 : Operation 510 [1/1] (4.66ns)   --->   "%gmem_addr_7_req = writereq i1 @_ssdm_op_WriteReq.m_axi.i32P1A, i32 %gmem_addr_6, i64 1" [cluster.cpp:134->cluster.cpp:21]   --->   Operation 510 'writereq' 'gmem_addr_7_req' <Predicate = true> <Delay = 4.66> <CoreInst = "m_axi">   --->   Core 119 'm_axi' <Latency = 9> <II = 1> <Delay = 1.00> <Adapter> <Opcode : 'read' 'write' 'readreq' 'writereq' 'writeresp'>

State 119 <SV = 118> <Delay = 4.66>
ST_119 : Operation 511 [1/1] (4.66ns)   --->   "%write_ln134 = write void @_ssdm_op_Write.m_axi.i32P1A, i32 %gmem_addr_6, i32 %sdiv_ln135, i4 15" [cluster.cpp:134->cluster.cpp:21]   --->   Operation 511 'write' 'write_ln134' <Predicate = true> <Delay = 4.66> <CoreInst = "m_axi">   --->   Core 119 'm_axi' <Latency = 5> <II = 1> <Delay = 1.00> <Adapter> <Opcode : 'read' 'write' 'readreq' 'writereq' 'writeresp'>

State 120 <SV = 119> <Delay = 4.66>
ST_120 : Operation 512 [68/68] (4.66ns)   --->   "%gmem_addr_7_resp = writeresp i1 @_ssdm_op_WriteResp.m_axi.i32P1A, i32 %gmem_addr_6" [cluster.cpp:134->cluster.cpp:21]   --->   Operation 512 'writeresp' 'gmem_addr_7_resp' <Predicate = true> <Delay = 4.66> <CoreInst = "m_axi">   --->   Core 119 'm_axi' <Latency = 3> <II = 1> <Delay = 1.00> <Adapter> <Opcode : 'read' 'write' 'readreq' 'writereq' 'writeresp'>

State 121 <SV = 120> <Delay = 4.66>
ST_121 : Operation 513 [67/68] (4.66ns)   --->   "%gmem_addr_7_resp = writeresp i1 @_ssdm_op_WriteResp.m_axi.i32P1A, i32 %gmem_addr_6" [cluster.cpp:134->cluster.cpp:21]   --->   Operation 513 'writeresp' 'gmem_addr_7_resp' <Predicate = true> <Delay = 4.66> <CoreInst = "m_axi">   --->   Core 119 'm_axi' <Latency = 3> <II = 1> <Delay = 1.00> <Adapter> <Opcode : 'read' 'write' 'readreq' 'writereq' 'writeresp'>

State 122 <SV = 121> <Delay = 4.66>
ST_122 : Operation 514 [66/68] (4.66ns)   --->   "%gmem_addr_7_resp = writeresp i1 @_ssdm_op_WriteResp.m_axi.i32P1A, i32 %gmem_addr_6" [cluster.cpp:134->cluster.cpp:21]   --->   Operation 514 'writeresp' 'gmem_addr_7_resp' <Predicate = true> <Delay = 4.66> <CoreInst = "m_axi">   --->   Core 119 'm_axi' <Latency = 3> <II = 1> <Delay = 1.00> <Adapter> <Opcode : 'read' 'write' 'readreq' 'writereq' 'writeresp'>

State 123 <SV = 122> <Delay = 4.66>
ST_123 : Operation 515 [65/68] (4.66ns)   --->   "%gmem_addr_7_resp = writeresp i1 @_ssdm_op_WriteResp.m_axi.i32P1A, i32 %gmem_addr_6" [cluster.cpp:134->cluster.cpp:21]   --->   Operation 515 'writeresp' 'gmem_addr_7_resp' <Predicate = true> <Delay = 4.66> <CoreInst = "m_axi">   --->   Core 119 'm_axi' <Latency = 3> <II = 1> <Delay = 1.00> <Adapter> <Opcode : 'read' 'write' 'readreq' 'writereq' 'writeresp'>

State 124 <SV = 123> <Delay = 4.66>
ST_124 : Operation 516 [64/68] (4.66ns)   --->   "%gmem_addr_7_resp = writeresp i1 @_ssdm_op_WriteResp.m_axi.i32P1A, i32 %gmem_addr_6" [cluster.cpp:134->cluster.cpp:21]   --->   Operation 516 'writeresp' 'gmem_addr_7_resp' <Predicate = true> <Delay = 4.66> <CoreInst = "m_axi">   --->   Core 119 'm_axi' <Latency = 3> <II = 1> <Delay = 1.00> <Adapter> <Opcode : 'read' 'write' 'readreq' 'writereq' 'writeresp'>

State 125 <SV = 124> <Delay = 4.66>
ST_125 : Operation 517 [63/68] (4.66ns)   --->   "%gmem_addr_7_resp = writeresp i1 @_ssdm_op_WriteResp.m_axi.i32P1A, i32 %gmem_addr_6" [cluster.cpp:134->cluster.cpp:21]   --->   Operation 517 'writeresp' 'gmem_addr_7_resp' <Predicate = true> <Delay = 4.66> <CoreInst = "m_axi">   --->   Core 119 'm_axi' <Latency = 3> <II = 1> <Delay = 1.00> <Adapter> <Opcode : 'read' 'write' 'readreq' 'writereq' 'writeresp'>

State 126 <SV = 125> <Delay = 4.66>
ST_126 : Operation 518 [62/68] (4.66ns)   --->   "%gmem_addr_7_resp = writeresp i1 @_ssdm_op_WriteResp.m_axi.i32P1A, i32 %gmem_addr_6" [cluster.cpp:134->cluster.cpp:21]   --->   Operation 518 'writeresp' 'gmem_addr_7_resp' <Predicate = true> <Delay = 4.66> <CoreInst = "m_axi">   --->   Core 119 'm_axi' <Latency = 3> <II = 1> <Delay = 1.00> <Adapter> <Opcode : 'read' 'write' 'readreq' 'writereq' 'writeresp'>

State 127 <SV = 126> <Delay = 4.66>
ST_127 : Operation 519 [61/68] (4.66ns)   --->   "%gmem_addr_7_resp = writeresp i1 @_ssdm_op_WriteResp.m_axi.i32P1A, i32 %gmem_addr_6" [cluster.cpp:134->cluster.cpp:21]   --->   Operation 519 'writeresp' 'gmem_addr_7_resp' <Predicate = true> <Delay = 4.66> <CoreInst = "m_axi">   --->   Core 119 'm_axi' <Latency = 3> <II = 1> <Delay = 1.00> <Adapter> <Opcode : 'read' 'write' 'readreq' 'writereq' 'writeresp'>

State 128 <SV = 127> <Delay = 4.66>
ST_128 : Operation 520 [60/68] (4.66ns)   --->   "%gmem_addr_7_resp = writeresp i1 @_ssdm_op_WriteResp.m_axi.i32P1A, i32 %gmem_addr_6" [cluster.cpp:134->cluster.cpp:21]   --->   Operation 520 'writeresp' 'gmem_addr_7_resp' <Predicate = true> <Delay = 4.66> <CoreInst = "m_axi">   --->   Core 119 'm_axi' <Latency = 3> <II = 1> <Delay = 1.00> <Adapter> <Opcode : 'read' 'write' 'readreq' 'writereq' 'writeresp'>

State 129 <SV = 128> <Delay = 4.66>
ST_129 : Operation 521 [59/68] (4.66ns)   --->   "%gmem_addr_7_resp = writeresp i1 @_ssdm_op_WriteResp.m_axi.i32P1A, i32 %gmem_addr_6" [cluster.cpp:134->cluster.cpp:21]   --->   Operation 521 'writeresp' 'gmem_addr_7_resp' <Predicate = true> <Delay = 4.66> <CoreInst = "m_axi">   --->   Core 119 'm_axi' <Latency = 3> <II = 1> <Delay = 1.00> <Adapter> <Opcode : 'read' 'write' 'readreq' 'writereq' 'writeresp'>

State 130 <SV = 129> <Delay = 4.66>
ST_130 : Operation 522 [58/68] (4.66ns)   --->   "%gmem_addr_7_resp = writeresp i1 @_ssdm_op_WriteResp.m_axi.i32P1A, i32 %gmem_addr_6" [cluster.cpp:134->cluster.cpp:21]   --->   Operation 522 'writeresp' 'gmem_addr_7_resp' <Predicate = true> <Delay = 4.66> <CoreInst = "m_axi">   --->   Core 119 'm_axi' <Latency = 3> <II = 1> <Delay = 1.00> <Adapter> <Opcode : 'read' 'write' 'readreq' 'writereq' 'writeresp'>

State 131 <SV = 130> <Delay = 4.66>
ST_131 : Operation 523 [57/68] (4.66ns)   --->   "%gmem_addr_7_resp = writeresp i1 @_ssdm_op_WriteResp.m_axi.i32P1A, i32 %gmem_addr_6" [cluster.cpp:134->cluster.cpp:21]   --->   Operation 523 'writeresp' 'gmem_addr_7_resp' <Predicate = true> <Delay = 4.66> <CoreInst = "m_axi">   --->   Core 119 'm_axi' <Latency = 3> <II = 1> <Delay = 1.00> <Adapter> <Opcode : 'read' 'write' 'readreq' 'writereq' 'writeresp'>

State 132 <SV = 131> <Delay = 4.66>
ST_132 : Operation 524 [56/68] (4.66ns)   --->   "%gmem_addr_7_resp = writeresp i1 @_ssdm_op_WriteResp.m_axi.i32P1A, i32 %gmem_addr_6" [cluster.cpp:134->cluster.cpp:21]   --->   Operation 524 'writeresp' 'gmem_addr_7_resp' <Predicate = true> <Delay = 4.66> <CoreInst = "m_axi">   --->   Core 119 'm_axi' <Latency = 3> <II = 1> <Delay = 1.00> <Adapter> <Opcode : 'read' 'write' 'readreq' 'writereq' 'writeresp'>

State 133 <SV = 132> <Delay = 4.66>
ST_133 : Operation 525 [55/68] (4.66ns)   --->   "%gmem_addr_7_resp = writeresp i1 @_ssdm_op_WriteResp.m_axi.i32P1A, i32 %gmem_addr_6" [cluster.cpp:134->cluster.cpp:21]   --->   Operation 525 'writeresp' 'gmem_addr_7_resp' <Predicate = true> <Delay = 4.66> <CoreInst = "m_axi">   --->   Core 119 'm_axi' <Latency = 3> <II = 1> <Delay = 1.00> <Adapter> <Opcode : 'read' 'write' 'readreq' 'writereq' 'writeresp'>

State 134 <SV = 133> <Delay = 4.66>
ST_134 : Operation 526 [54/68] (4.66ns)   --->   "%gmem_addr_7_resp = writeresp i1 @_ssdm_op_WriteResp.m_axi.i32P1A, i32 %gmem_addr_6" [cluster.cpp:134->cluster.cpp:21]   --->   Operation 526 'writeresp' 'gmem_addr_7_resp' <Predicate = true> <Delay = 4.66> <CoreInst = "m_axi">   --->   Core 119 'm_axi' <Latency = 3> <II = 1> <Delay = 1.00> <Adapter> <Opcode : 'read' 'write' 'readreq' 'writereq' 'writeresp'>

State 135 <SV = 134> <Delay = 4.66>
ST_135 : Operation 527 [53/68] (4.66ns)   --->   "%gmem_addr_7_resp = writeresp i1 @_ssdm_op_WriteResp.m_axi.i32P1A, i32 %gmem_addr_6" [cluster.cpp:134->cluster.cpp:21]   --->   Operation 527 'writeresp' 'gmem_addr_7_resp' <Predicate = true> <Delay = 4.66> <CoreInst = "m_axi">   --->   Core 119 'm_axi' <Latency = 3> <II = 1> <Delay = 1.00> <Adapter> <Opcode : 'read' 'write' 'readreq' 'writereq' 'writeresp'>

State 136 <SV = 135> <Delay = 4.66>
ST_136 : Operation 528 [52/68] (4.66ns)   --->   "%gmem_addr_7_resp = writeresp i1 @_ssdm_op_WriteResp.m_axi.i32P1A, i32 %gmem_addr_6" [cluster.cpp:134->cluster.cpp:21]   --->   Operation 528 'writeresp' 'gmem_addr_7_resp' <Predicate = true> <Delay = 4.66> <CoreInst = "m_axi">   --->   Core 119 'm_axi' <Latency = 3> <II = 1> <Delay = 1.00> <Adapter> <Opcode : 'read' 'write' 'readreq' 'writereq' 'writeresp'>

State 137 <SV = 136> <Delay = 4.66>
ST_137 : Operation 529 [51/68] (4.66ns)   --->   "%gmem_addr_7_resp = writeresp i1 @_ssdm_op_WriteResp.m_axi.i32P1A, i32 %gmem_addr_6" [cluster.cpp:134->cluster.cpp:21]   --->   Operation 529 'writeresp' 'gmem_addr_7_resp' <Predicate = true> <Delay = 4.66> <CoreInst = "m_axi">   --->   Core 119 'm_axi' <Latency = 3> <II = 1> <Delay = 1.00> <Adapter> <Opcode : 'read' 'write' 'readreq' 'writereq' 'writeresp'>

State 138 <SV = 137> <Delay = 4.66>
ST_138 : Operation 530 [50/68] (4.66ns)   --->   "%gmem_addr_7_resp = writeresp i1 @_ssdm_op_WriteResp.m_axi.i32P1A, i32 %gmem_addr_6" [cluster.cpp:134->cluster.cpp:21]   --->   Operation 530 'writeresp' 'gmem_addr_7_resp' <Predicate = true> <Delay = 4.66> <CoreInst = "m_axi">   --->   Core 119 'm_axi' <Latency = 3> <II = 1> <Delay = 1.00> <Adapter> <Opcode : 'read' 'write' 'readreq' 'writereq' 'writeresp'>

State 139 <SV = 138> <Delay = 4.66>
ST_139 : Operation 531 [49/68] (4.66ns)   --->   "%gmem_addr_7_resp = writeresp i1 @_ssdm_op_WriteResp.m_axi.i32P1A, i32 %gmem_addr_6" [cluster.cpp:134->cluster.cpp:21]   --->   Operation 531 'writeresp' 'gmem_addr_7_resp' <Predicate = true> <Delay = 4.66> <CoreInst = "m_axi">   --->   Core 119 'm_axi' <Latency = 3> <II = 1> <Delay = 1.00> <Adapter> <Opcode : 'read' 'write' 'readreq' 'writereq' 'writeresp'>

State 140 <SV = 139> <Delay = 4.66>
ST_140 : Operation 532 [48/68] (4.66ns)   --->   "%gmem_addr_7_resp = writeresp i1 @_ssdm_op_WriteResp.m_axi.i32P1A, i32 %gmem_addr_6" [cluster.cpp:134->cluster.cpp:21]   --->   Operation 532 'writeresp' 'gmem_addr_7_resp' <Predicate = true> <Delay = 4.66> <CoreInst = "m_axi">   --->   Core 119 'm_axi' <Latency = 3> <II = 1> <Delay = 1.00> <Adapter> <Opcode : 'read' 'write' 'readreq' 'writereq' 'writeresp'>

State 141 <SV = 140> <Delay = 4.66>
ST_141 : Operation 533 [47/68] (4.66ns)   --->   "%gmem_addr_7_resp = writeresp i1 @_ssdm_op_WriteResp.m_axi.i32P1A, i32 %gmem_addr_6" [cluster.cpp:134->cluster.cpp:21]   --->   Operation 533 'writeresp' 'gmem_addr_7_resp' <Predicate = true> <Delay = 4.66> <CoreInst = "m_axi">   --->   Core 119 'm_axi' <Latency = 3> <II = 1> <Delay = 1.00> <Adapter> <Opcode : 'read' 'write' 'readreq' 'writereq' 'writeresp'>

State 142 <SV = 141> <Delay = 4.66>
ST_142 : Operation 534 [46/68] (4.66ns)   --->   "%gmem_addr_7_resp = writeresp i1 @_ssdm_op_WriteResp.m_axi.i32P1A, i32 %gmem_addr_6" [cluster.cpp:134->cluster.cpp:21]   --->   Operation 534 'writeresp' 'gmem_addr_7_resp' <Predicate = true> <Delay = 4.66> <CoreInst = "m_axi">   --->   Core 119 'm_axi' <Latency = 3> <II = 1> <Delay = 1.00> <Adapter> <Opcode : 'read' 'write' 'readreq' 'writereq' 'writeresp'>

State 143 <SV = 142> <Delay = 4.66>
ST_143 : Operation 535 [45/68] (4.66ns)   --->   "%gmem_addr_7_resp = writeresp i1 @_ssdm_op_WriteResp.m_axi.i32P1A, i32 %gmem_addr_6" [cluster.cpp:134->cluster.cpp:21]   --->   Operation 535 'writeresp' 'gmem_addr_7_resp' <Predicate = true> <Delay = 4.66> <CoreInst = "m_axi">   --->   Core 119 'm_axi' <Latency = 3> <II = 1> <Delay = 1.00> <Adapter> <Opcode : 'read' 'write' 'readreq' 'writereq' 'writeresp'>

State 144 <SV = 143> <Delay = 4.66>
ST_144 : Operation 536 [44/68] (4.66ns)   --->   "%gmem_addr_7_resp = writeresp i1 @_ssdm_op_WriteResp.m_axi.i32P1A, i32 %gmem_addr_6" [cluster.cpp:134->cluster.cpp:21]   --->   Operation 536 'writeresp' 'gmem_addr_7_resp' <Predicate = true> <Delay = 4.66> <CoreInst = "m_axi">   --->   Core 119 'm_axi' <Latency = 3> <II = 1> <Delay = 1.00> <Adapter> <Opcode : 'read' 'write' 'readreq' 'writereq' 'writeresp'>

State 145 <SV = 144> <Delay = 4.66>
ST_145 : Operation 537 [43/68] (4.66ns)   --->   "%gmem_addr_7_resp = writeresp i1 @_ssdm_op_WriteResp.m_axi.i32P1A, i32 %gmem_addr_6" [cluster.cpp:134->cluster.cpp:21]   --->   Operation 537 'writeresp' 'gmem_addr_7_resp' <Predicate = true> <Delay = 4.66> <CoreInst = "m_axi">   --->   Core 119 'm_axi' <Latency = 3> <II = 1> <Delay = 1.00> <Adapter> <Opcode : 'read' 'write' 'readreq' 'writereq' 'writeresp'>

State 146 <SV = 145> <Delay = 4.66>
ST_146 : Operation 538 [42/68] (4.66ns)   --->   "%gmem_addr_7_resp = writeresp i1 @_ssdm_op_WriteResp.m_axi.i32P1A, i32 %gmem_addr_6" [cluster.cpp:134->cluster.cpp:21]   --->   Operation 538 'writeresp' 'gmem_addr_7_resp' <Predicate = true> <Delay = 4.66> <CoreInst = "m_axi">   --->   Core 119 'm_axi' <Latency = 3> <II = 1> <Delay = 1.00> <Adapter> <Opcode : 'read' 'write' 'readreq' 'writereq' 'writeresp'>

State 147 <SV = 146> <Delay = 4.66>
ST_147 : Operation 539 [41/68] (4.66ns)   --->   "%gmem_addr_7_resp = writeresp i1 @_ssdm_op_WriteResp.m_axi.i32P1A, i32 %gmem_addr_6" [cluster.cpp:134->cluster.cpp:21]   --->   Operation 539 'writeresp' 'gmem_addr_7_resp' <Predicate = true> <Delay = 4.66> <CoreInst = "m_axi">   --->   Core 119 'm_axi' <Latency = 3> <II = 1> <Delay = 1.00> <Adapter> <Opcode : 'read' 'write' 'readreq' 'writereq' 'writeresp'>

State 148 <SV = 147> <Delay = 4.66>
ST_148 : Operation 540 [40/68] (4.66ns)   --->   "%gmem_addr_7_resp = writeresp i1 @_ssdm_op_WriteResp.m_axi.i32P1A, i32 %gmem_addr_6" [cluster.cpp:134->cluster.cpp:21]   --->   Operation 540 'writeresp' 'gmem_addr_7_resp' <Predicate = true> <Delay = 4.66> <CoreInst = "m_axi">   --->   Core 119 'm_axi' <Latency = 3> <II = 1> <Delay = 1.00> <Adapter> <Opcode : 'read' 'write' 'readreq' 'writereq' 'writeresp'>

State 149 <SV = 148> <Delay = 4.66>
ST_149 : Operation 541 [39/68] (4.66ns)   --->   "%gmem_addr_7_resp = writeresp i1 @_ssdm_op_WriteResp.m_axi.i32P1A, i32 %gmem_addr_6" [cluster.cpp:134->cluster.cpp:21]   --->   Operation 541 'writeresp' 'gmem_addr_7_resp' <Predicate = true> <Delay = 4.66> <CoreInst = "m_axi">   --->   Core 119 'm_axi' <Latency = 3> <II = 1> <Delay = 1.00> <Adapter> <Opcode : 'read' 'write' 'readreq' 'writereq' 'writeresp'>

State 150 <SV = 149> <Delay = 4.66>
ST_150 : Operation 542 [38/68] (4.66ns)   --->   "%gmem_addr_7_resp = writeresp i1 @_ssdm_op_WriteResp.m_axi.i32P1A, i32 %gmem_addr_6" [cluster.cpp:134->cluster.cpp:21]   --->   Operation 542 'writeresp' 'gmem_addr_7_resp' <Predicate = true> <Delay = 4.66> <CoreInst = "m_axi">   --->   Core 119 'm_axi' <Latency = 3> <II = 1> <Delay = 1.00> <Adapter> <Opcode : 'read' 'write' 'readreq' 'writereq' 'writeresp'>

State 151 <SV = 150> <Delay = 4.66>
ST_151 : Operation 543 [37/68] (4.66ns)   --->   "%gmem_addr_7_resp = writeresp i1 @_ssdm_op_WriteResp.m_axi.i32P1A, i32 %gmem_addr_6" [cluster.cpp:134->cluster.cpp:21]   --->   Operation 543 'writeresp' 'gmem_addr_7_resp' <Predicate = true> <Delay = 4.66> <CoreInst = "m_axi">   --->   Core 119 'm_axi' <Latency = 3> <II = 1> <Delay = 1.00> <Adapter> <Opcode : 'read' 'write' 'readreq' 'writereq' 'writeresp'>

State 152 <SV = 151> <Delay = 4.66>
ST_152 : Operation 544 [36/68] (4.66ns)   --->   "%gmem_addr_7_resp = writeresp i1 @_ssdm_op_WriteResp.m_axi.i32P1A, i32 %gmem_addr_6" [cluster.cpp:134->cluster.cpp:21]   --->   Operation 544 'writeresp' 'gmem_addr_7_resp' <Predicate = true> <Delay = 4.66> <CoreInst = "m_axi">   --->   Core 119 'm_axi' <Latency = 3> <II = 1> <Delay = 1.00> <Adapter> <Opcode : 'read' 'write' 'readreq' 'writereq' 'writeresp'>

State 153 <SV = 152> <Delay = 4.66>
ST_153 : Operation 545 [35/68] (4.66ns)   --->   "%gmem_addr_7_resp = writeresp i1 @_ssdm_op_WriteResp.m_axi.i32P1A, i32 %gmem_addr_6" [cluster.cpp:134->cluster.cpp:21]   --->   Operation 545 'writeresp' 'gmem_addr_7_resp' <Predicate = true> <Delay = 4.66> <CoreInst = "m_axi">   --->   Core 119 'm_axi' <Latency = 3> <II = 1> <Delay = 1.00> <Adapter> <Opcode : 'read' 'write' 'readreq' 'writereq' 'writeresp'>

State 154 <SV = 153> <Delay = 4.66>
ST_154 : Operation 546 [34/68] (4.66ns)   --->   "%gmem_addr_7_resp = writeresp i1 @_ssdm_op_WriteResp.m_axi.i32P1A, i32 %gmem_addr_6" [cluster.cpp:134->cluster.cpp:21]   --->   Operation 546 'writeresp' 'gmem_addr_7_resp' <Predicate = true> <Delay = 4.66> <CoreInst = "m_axi">   --->   Core 119 'm_axi' <Latency = 3> <II = 1> <Delay = 1.00> <Adapter> <Opcode : 'read' 'write' 'readreq' 'writereq' 'writeresp'>

State 155 <SV = 154> <Delay = 4.66>
ST_155 : Operation 547 [33/68] (4.66ns)   --->   "%gmem_addr_7_resp = writeresp i1 @_ssdm_op_WriteResp.m_axi.i32P1A, i32 %gmem_addr_6" [cluster.cpp:134->cluster.cpp:21]   --->   Operation 547 'writeresp' 'gmem_addr_7_resp' <Predicate = true> <Delay = 4.66> <CoreInst = "m_axi">   --->   Core 119 'm_axi' <Latency = 3> <II = 1> <Delay = 1.00> <Adapter> <Opcode : 'read' 'write' 'readreq' 'writereq' 'writeresp'>

State 156 <SV = 155> <Delay = 4.66>
ST_156 : Operation 548 [32/68] (4.66ns)   --->   "%gmem_addr_7_resp = writeresp i1 @_ssdm_op_WriteResp.m_axi.i32P1A, i32 %gmem_addr_6" [cluster.cpp:134->cluster.cpp:21]   --->   Operation 548 'writeresp' 'gmem_addr_7_resp' <Predicate = true> <Delay = 4.66> <CoreInst = "m_axi">   --->   Core 119 'm_axi' <Latency = 3> <II = 1> <Delay = 1.00> <Adapter> <Opcode : 'read' 'write' 'readreq' 'writereq' 'writeresp'>

State 157 <SV = 156> <Delay = 4.66>
ST_157 : Operation 549 [31/68] (4.66ns)   --->   "%gmem_addr_7_resp = writeresp i1 @_ssdm_op_WriteResp.m_axi.i32P1A, i32 %gmem_addr_6" [cluster.cpp:134->cluster.cpp:21]   --->   Operation 549 'writeresp' 'gmem_addr_7_resp' <Predicate = true> <Delay = 4.66> <CoreInst = "m_axi">   --->   Core 119 'm_axi' <Latency = 3> <II = 1> <Delay = 1.00> <Adapter> <Opcode : 'read' 'write' 'readreq' 'writereq' 'writeresp'>

State 158 <SV = 157> <Delay = 4.66>
ST_158 : Operation 550 [30/68] (4.66ns)   --->   "%gmem_addr_7_resp = writeresp i1 @_ssdm_op_WriteResp.m_axi.i32P1A, i32 %gmem_addr_6" [cluster.cpp:134->cluster.cpp:21]   --->   Operation 550 'writeresp' 'gmem_addr_7_resp' <Predicate = true> <Delay = 4.66> <CoreInst = "m_axi">   --->   Core 119 'm_axi' <Latency = 3> <II = 1> <Delay = 1.00> <Adapter> <Opcode : 'read' 'write' 'readreq' 'writereq' 'writeresp'>

State 159 <SV = 158> <Delay = 4.66>
ST_159 : Operation 551 [29/68] (4.66ns)   --->   "%gmem_addr_7_resp = writeresp i1 @_ssdm_op_WriteResp.m_axi.i32P1A, i32 %gmem_addr_6" [cluster.cpp:134->cluster.cpp:21]   --->   Operation 551 'writeresp' 'gmem_addr_7_resp' <Predicate = true> <Delay = 4.66> <CoreInst = "m_axi">   --->   Core 119 'm_axi' <Latency = 3> <II = 1> <Delay = 1.00> <Adapter> <Opcode : 'read' 'write' 'readreq' 'writereq' 'writeresp'>

State 160 <SV = 159> <Delay = 4.66>
ST_160 : Operation 552 [28/68] (4.66ns)   --->   "%gmem_addr_7_resp = writeresp i1 @_ssdm_op_WriteResp.m_axi.i32P1A, i32 %gmem_addr_6" [cluster.cpp:134->cluster.cpp:21]   --->   Operation 552 'writeresp' 'gmem_addr_7_resp' <Predicate = true> <Delay = 4.66> <CoreInst = "m_axi">   --->   Core 119 'm_axi' <Latency = 3> <II = 1> <Delay = 1.00> <Adapter> <Opcode : 'read' 'write' 'readreq' 'writereq' 'writeresp'>

State 161 <SV = 160> <Delay = 4.66>
ST_161 : Operation 553 [27/68] (4.66ns)   --->   "%gmem_addr_7_resp = writeresp i1 @_ssdm_op_WriteResp.m_axi.i32P1A, i32 %gmem_addr_6" [cluster.cpp:134->cluster.cpp:21]   --->   Operation 553 'writeresp' 'gmem_addr_7_resp' <Predicate = true> <Delay = 4.66> <CoreInst = "m_axi">   --->   Core 119 'm_axi' <Latency = 3> <II = 1> <Delay = 1.00> <Adapter> <Opcode : 'read' 'write' 'readreq' 'writereq' 'writeresp'>

State 162 <SV = 161> <Delay = 4.66>
ST_162 : Operation 554 [26/68] (4.66ns)   --->   "%gmem_addr_7_resp = writeresp i1 @_ssdm_op_WriteResp.m_axi.i32P1A, i32 %gmem_addr_6" [cluster.cpp:134->cluster.cpp:21]   --->   Operation 554 'writeresp' 'gmem_addr_7_resp' <Predicate = true> <Delay = 4.66> <CoreInst = "m_axi">   --->   Core 119 'm_axi' <Latency = 3> <II = 1> <Delay = 1.00> <Adapter> <Opcode : 'read' 'write' 'readreq' 'writereq' 'writeresp'>

State 163 <SV = 162> <Delay = 4.66>
ST_163 : Operation 555 [25/68] (4.66ns)   --->   "%gmem_addr_7_resp = writeresp i1 @_ssdm_op_WriteResp.m_axi.i32P1A, i32 %gmem_addr_6" [cluster.cpp:134->cluster.cpp:21]   --->   Operation 555 'writeresp' 'gmem_addr_7_resp' <Predicate = true> <Delay = 4.66> <CoreInst = "m_axi">   --->   Core 119 'm_axi' <Latency = 3> <II = 1> <Delay = 1.00> <Adapter> <Opcode : 'read' 'write' 'readreq' 'writereq' 'writeresp'>

State 164 <SV = 163> <Delay = 4.66>
ST_164 : Operation 556 [24/68] (4.66ns)   --->   "%gmem_addr_7_resp = writeresp i1 @_ssdm_op_WriteResp.m_axi.i32P1A, i32 %gmem_addr_6" [cluster.cpp:134->cluster.cpp:21]   --->   Operation 556 'writeresp' 'gmem_addr_7_resp' <Predicate = true> <Delay = 4.66> <CoreInst = "m_axi">   --->   Core 119 'm_axi' <Latency = 3> <II = 1> <Delay = 1.00> <Adapter> <Opcode : 'read' 'write' 'readreq' 'writereq' 'writeresp'>

State 165 <SV = 164> <Delay = 4.66>
ST_165 : Operation 557 [23/68] (4.66ns)   --->   "%gmem_addr_7_resp = writeresp i1 @_ssdm_op_WriteResp.m_axi.i32P1A, i32 %gmem_addr_6" [cluster.cpp:134->cluster.cpp:21]   --->   Operation 557 'writeresp' 'gmem_addr_7_resp' <Predicate = true> <Delay = 4.66> <CoreInst = "m_axi">   --->   Core 119 'm_axi' <Latency = 3> <II = 1> <Delay = 1.00> <Adapter> <Opcode : 'read' 'write' 'readreq' 'writereq' 'writeresp'>

State 166 <SV = 165> <Delay = 4.66>
ST_166 : Operation 558 [22/68] (4.66ns)   --->   "%gmem_addr_7_resp = writeresp i1 @_ssdm_op_WriteResp.m_axi.i32P1A, i32 %gmem_addr_6" [cluster.cpp:134->cluster.cpp:21]   --->   Operation 558 'writeresp' 'gmem_addr_7_resp' <Predicate = true> <Delay = 4.66> <CoreInst = "m_axi">   --->   Core 119 'm_axi' <Latency = 3> <II = 1> <Delay = 1.00> <Adapter> <Opcode : 'read' 'write' 'readreq' 'writereq' 'writeresp'>

State 167 <SV = 166> <Delay = 4.66>
ST_167 : Operation 559 [21/68] (4.66ns)   --->   "%gmem_addr_7_resp = writeresp i1 @_ssdm_op_WriteResp.m_axi.i32P1A, i32 %gmem_addr_6" [cluster.cpp:134->cluster.cpp:21]   --->   Operation 559 'writeresp' 'gmem_addr_7_resp' <Predicate = true> <Delay = 4.66> <CoreInst = "m_axi">   --->   Core 119 'm_axi' <Latency = 3> <II = 1> <Delay = 1.00> <Adapter> <Opcode : 'read' 'write' 'readreq' 'writereq' 'writeresp'>

State 168 <SV = 167> <Delay = 4.66>
ST_168 : Operation 560 [20/68] (4.66ns)   --->   "%gmem_addr_7_resp = writeresp i1 @_ssdm_op_WriteResp.m_axi.i32P1A, i32 %gmem_addr_6" [cluster.cpp:134->cluster.cpp:21]   --->   Operation 560 'writeresp' 'gmem_addr_7_resp' <Predicate = true> <Delay = 4.66> <CoreInst = "m_axi">   --->   Core 119 'm_axi' <Latency = 3> <II = 1> <Delay = 1.00> <Adapter> <Opcode : 'read' 'write' 'readreq' 'writereq' 'writeresp'>

State 169 <SV = 168> <Delay = 4.66>
ST_169 : Operation 561 [19/68] (4.66ns)   --->   "%gmem_addr_7_resp = writeresp i1 @_ssdm_op_WriteResp.m_axi.i32P1A, i32 %gmem_addr_6" [cluster.cpp:134->cluster.cpp:21]   --->   Operation 561 'writeresp' 'gmem_addr_7_resp' <Predicate = true> <Delay = 4.66> <CoreInst = "m_axi">   --->   Core 119 'm_axi' <Latency = 3> <II = 1> <Delay = 1.00> <Adapter> <Opcode : 'read' 'write' 'readreq' 'writereq' 'writeresp'>

State 170 <SV = 169> <Delay = 4.66>
ST_170 : Operation 562 [18/68] (4.66ns)   --->   "%gmem_addr_7_resp = writeresp i1 @_ssdm_op_WriteResp.m_axi.i32P1A, i32 %gmem_addr_6" [cluster.cpp:134->cluster.cpp:21]   --->   Operation 562 'writeresp' 'gmem_addr_7_resp' <Predicate = true> <Delay = 4.66> <CoreInst = "m_axi">   --->   Core 119 'm_axi' <Latency = 3> <II = 1> <Delay = 1.00> <Adapter> <Opcode : 'read' 'write' 'readreq' 'writereq' 'writeresp'>

State 171 <SV = 170> <Delay = 4.66>
ST_171 : Operation 563 [17/68] (4.66ns)   --->   "%gmem_addr_7_resp = writeresp i1 @_ssdm_op_WriteResp.m_axi.i32P1A, i32 %gmem_addr_6" [cluster.cpp:134->cluster.cpp:21]   --->   Operation 563 'writeresp' 'gmem_addr_7_resp' <Predicate = true> <Delay = 4.66> <CoreInst = "m_axi">   --->   Core 119 'm_axi' <Latency = 3> <II = 1> <Delay = 1.00> <Adapter> <Opcode : 'read' 'write' 'readreq' 'writereq' 'writeresp'>

State 172 <SV = 171> <Delay = 4.66>
ST_172 : Operation 564 [16/68] (4.66ns)   --->   "%gmem_addr_7_resp = writeresp i1 @_ssdm_op_WriteResp.m_axi.i32P1A, i32 %gmem_addr_6" [cluster.cpp:134->cluster.cpp:21]   --->   Operation 564 'writeresp' 'gmem_addr_7_resp' <Predicate = true> <Delay = 4.66> <CoreInst = "m_axi">   --->   Core 119 'm_axi' <Latency = 3> <II = 1> <Delay = 1.00> <Adapter> <Opcode : 'read' 'write' 'readreq' 'writereq' 'writeresp'>

State 173 <SV = 172> <Delay = 4.66>
ST_173 : Operation 565 [15/68] (4.66ns)   --->   "%gmem_addr_7_resp = writeresp i1 @_ssdm_op_WriteResp.m_axi.i32P1A, i32 %gmem_addr_6" [cluster.cpp:134->cluster.cpp:21]   --->   Operation 565 'writeresp' 'gmem_addr_7_resp' <Predicate = true> <Delay = 4.66> <CoreInst = "m_axi">   --->   Core 119 'm_axi' <Latency = 3> <II = 1> <Delay = 1.00> <Adapter> <Opcode : 'read' 'write' 'readreq' 'writereq' 'writeresp'>

State 174 <SV = 173> <Delay = 4.66>
ST_174 : Operation 566 [14/68] (4.66ns)   --->   "%gmem_addr_7_resp = writeresp i1 @_ssdm_op_WriteResp.m_axi.i32P1A, i32 %gmem_addr_6" [cluster.cpp:134->cluster.cpp:21]   --->   Operation 566 'writeresp' 'gmem_addr_7_resp' <Predicate = true> <Delay = 4.66> <CoreInst = "m_axi">   --->   Core 119 'm_axi' <Latency = 3> <II = 1> <Delay = 1.00> <Adapter> <Opcode : 'read' 'write' 'readreq' 'writereq' 'writeresp'>

State 175 <SV = 174> <Delay = 4.66>
ST_175 : Operation 567 [13/68] (4.66ns)   --->   "%gmem_addr_7_resp = writeresp i1 @_ssdm_op_WriteResp.m_axi.i32P1A, i32 %gmem_addr_6" [cluster.cpp:134->cluster.cpp:21]   --->   Operation 567 'writeresp' 'gmem_addr_7_resp' <Predicate = true> <Delay = 4.66> <CoreInst = "m_axi">   --->   Core 119 'm_axi' <Latency = 3> <II = 1> <Delay = 1.00> <Adapter> <Opcode : 'read' 'write' 'readreq' 'writereq' 'writeresp'>

State 176 <SV = 175> <Delay = 4.66>
ST_176 : Operation 568 [12/68] (4.66ns)   --->   "%gmem_addr_7_resp = writeresp i1 @_ssdm_op_WriteResp.m_axi.i32P1A, i32 %gmem_addr_6" [cluster.cpp:134->cluster.cpp:21]   --->   Operation 568 'writeresp' 'gmem_addr_7_resp' <Predicate = true> <Delay = 4.66> <CoreInst = "m_axi">   --->   Core 119 'm_axi' <Latency = 3> <II = 1> <Delay = 1.00> <Adapter> <Opcode : 'read' 'write' 'readreq' 'writereq' 'writeresp'>

State 177 <SV = 176> <Delay = 4.66>
ST_177 : Operation 569 [11/68] (4.66ns)   --->   "%gmem_addr_7_resp = writeresp i1 @_ssdm_op_WriteResp.m_axi.i32P1A, i32 %gmem_addr_6" [cluster.cpp:134->cluster.cpp:21]   --->   Operation 569 'writeresp' 'gmem_addr_7_resp' <Predicate = true> <Delay = 4.66> <CoreInst = "m_axi">   --->   Core 119 'm_axi' <Latency = 3> <II = 1> <Delay = 1.00> <Adapter> <Opcode : 'read' 'write' 'readreq' 'writereq' 'writeresp'>

State 178 <SV = 177> <Delay = 4.66>
ST_178 : Operation 570 [10/68] (4.66ns)   --->   "%gmem_addr_7_resp = writeresp i1 @_ssdm_op_WriteResp.m_axi.i32P1A, i32 %gmem_addr_6" [cluster.cpp:134->cluster.cpp:21]   --->   Operation 570 'writeresp' 'gmem_addr_7_resp' <Predicate = true> <Delay = 4.66> <CoreInst = "m_axi">   --->   Core 119 'm_axi' <Latency = 3> <II = 1> <Delay = 1.00> <Adapter> <Opcode : 'read' 'write' 'readreq' 'writereq' 'writeresp'>
ST_178 : Operation 583 [1/1] (0.42ns)   --->   "%ret_ln0 = ret"   --->   Operation 583 'ret' 'ret_ln0' <Predicate = (icmp_ln125)> <Delay = 0.42>

State 179 <SV = 178> <Delay = 4.66>
ST_179 : Operation 571 [9/68] (4.66ns)   --->   "%gmem_addr_7_resp = writeresp i1 @_ssdm_op_WriteResp.m_axi.i32P1A, i32 %gmem_addr_6" [cluster.cpp:134->cluster.cpp:21]   --->   Operation 571 'writeresp' 'gmem_addr_7_resp' <Predicate = true> <Delay = 4.66> <CoreInst = "m_axi">   --->   Core 119 'm_axi' <Latency = 3> <II = 1> <Delay = 1.00> <Adapter> <Opcode : 'read' 'write' 'readreq' 'writereq' 'writeresp'>

State 180 <SV = 179> <Delay = 4.66>
ST_180 : Operation 572 [8/68] (4.66ns)   --->   "%gmem_addr_7_resp = writeresp i1 @_ssdm_op_WriteResp.m_axi.i32P1A, i32 %gmem_addr_6" [cluster.cpp:134->cluster.cpp:21]   --->   Operation 572 'writeresp' 'gmem_addr_7_resp' <Predicate = true> <Delay = 4.66> <CoreInst = "m_axi">   --->   Core 119 'm_axi' <Latency = 3> <II = 1> <Delay = 1.00> <Adapter> <Opcode : 'read' 'write' 'readreq' 'writereq' 'writeresp'>

State 181 <SV = 180> <Delay = 4.66>
ST_181 : Operation 573 [7/68] (4.66ns)   --->   "%gmem_addr_7_resp = writeresp i1 @_ssdm_op_WriteResp.m_axi.i32P1A, i32 %gmem_addr_6" [cluster.cpp:134->cluster.cpp:21]   --->   Operation 573 'writeresp' 'gmem_addr_7_resp' <Predicate = true> <Delay = 4.66> <CoreInst = "m_axi">   --->   Core 119 'm_axi' <Latency = 3> <II = 1> <Delay = 1.00> <Adapter> <Opcode : 'read' 'write' 'readreq' 'writereq' 'writeresp'>

State 182 <SV = 181> <Delay = 4.66>
ST_182 : Operation 574 [6/68] (4.66ns)   --->   "%gmem_addr_7_resp = writeresp i1 @_ssdm_op_WriteResp.m_axi.i32P1A, i32 %gmem_addr_6" [cluster.cpp:134->cluster.cpp:21]   --->   Operation 574 'writeresp' 'gmem_addr_7_resp' <Predicate = true> <Delay = 4.66> <CoreInst = "m_axi">   --->   Core 119 'm_axi' <Latency = 3> <II = 1> <Delay = 1.00> <Adapter> <Opcode : 'read' 'write' 'readreq' 'writereq' 'writeresp'>

State 183 <SV = 182> <Delay = 4.66>
ST_183 : Operation 575 [5/68] (4.66ns)   --->   "%gmem_addr_7_resp = writeresp i1 @_ssdm_op_WriteResp.m_axi.i32P1A, i32 %gmem_addr_6" [cluster.cpp:134->cluster.cpp:21]   --->   Operation 575 'writeresp' 'gmem_addr_7_resp' <Predicate = true> <Delay = 4.66> <CoreInst = "m_axi">   --->   Core 119 'm_axi' <Latency = 3> <II = 1> <Delay = 1.00> <Adapter> <Opcode : 'read' 'write' 'readreq' 'writereq' 'writeresp'>

State 184 <SV = 183> <Delay = 4.66>
ST_184 : Operation 576 [4/68] (4.66ns)   --->   "%gmem_addr_7_resp = writeresp i1 @_ssdm_op_WriteResp.m_axi.i32P1A, i32 %gmem_addr_6" [cluster.cpp:134->cluster.cpp:21]   --->   Operation 576 'writeresp' 'gmem_addr_7_resp' <Predicate = true> <Delay = 4.66> <CoreInst = "m_axi">   --->   Core 119 'm_axi' <Latency = 3> <II = 1> <Delay = 1.00> <Adapter> <Opcode : 'read' 'write' 'readreq' 'writereq' 'writeresp'>

State 185 <SV = 184> <Delay = 4.66>
ST_185 : Operation 577 [3/68] (4.66ns)   --->   "%gmem_addr_7_resp = writeresp i1 @_ssdm_op_WriteResp.m_axi.i32P1A, i32 %gmem_addr_6" [cluster.cpp:134->cluster.cpp:21]   --->   Operation 577 'writeresp' 'gmem_addr_7_resp' <Predicate = true> <Delay = 4.66> <CoreInst = "m_axi">   --->   Core 119 'm_axi' <Latency = 3> <II = 1> <Delay = 1.00> <Adapter> <Opcode : 'read' 'write' 'readreq' 'writereq' 'writeresp'>

State 186 <SV = 185> <Delay = 4.66>
ST_186 : Operation 578 [2/68] (4.66ns)   --->   "%gmem_addr_7_resp = writeresp i1 @_ssdm_op_WriteResp.m_axi.i32P1A, i32 %gmem_addr_6" [cluster.cpp:134->cluster.cpp:21]   --->   Operation 578 'writeresp' 'gmem_addr_7_resp' <Predicate = true> <Delay = 4.66> <CoreInst = "m_axi">   --->   Core 119 'm_axi' <Latency = 3> <II = 1> <Delay = 1.00> <Adapter> <Opcode : 'read' 'write' 'readreq' 'writereq' 'writeresp'>

State 187 <SV = 186> <Delay = 4.66>
ST_187 : Operation 579 [1/1] (0.00ns)   --->   "%speclooptripcount_ln0 = speclooptripcount void @_ssdm_op_SpecLoopTripCount, i64 260100, i64 260100, i64 260100"   --->   Operation 579 'speclooptripcount' 'speclooptripcount_ln0' <Predicate = true> <Delay = 0.00>
ST_187 : Operation 580 [1/1] (0.00ns)   --->   "%specpipeline_ln102 = specpipeline void @_ssdm_op_SpecPipeline, i32 4294967295, i32 0, i32 0, i32 0, void @empty_0" [cluster.cpp:102->cluster.cpp:21]   --->   Operation 580 'specpipeline' 'specpipeline_ln102' <Predicate = true> <Delay = 0.00>
ST_187 : Operation 581 [1/68] (4.66ns)   --->   "%gmem_addr_7_resp = writeresp i1 @_ssdm_op_WriteResp.m_axi.i32P1A, i32 %gmem_addr_6" [cluster.cpp:134->cluster.cpp:21]   --->   Operation 581 'writeresp' 'gmem_addr_7_resp' <Predicate = true> <Delay = 4.66> <CoreInst = "m_axi">   --->   Core 119 'm_axi' <Latency = 3> <II = 1> <Delay = 1.00> <Adapter> <Opcode : 'read' 'write' 'readreq' 'writereq' 'writeresp'>
ST_187 : Operation 582 [1/1] (0.00ns)   --->   "%br_ln126 = br void %for.body13.i27" [cluster.cpp:126->cluster.cpp:21]   --->   Operation 582 'br' 'br_ln126' <Predicate = true> <Delay = 0.00>


============================================================
+ Verbose Summary: Binding
============================================================
STG Binding: 
---------------- STG Properties BEGIN ----------------
- Is combinational: 0
- Is one-state seq: 0
- Is datapath-only: 0
- Is pipelined: 0
- Is top level: 0
Port [ Return ] is wired: 1; IO mode=ap_ctrl_hs:ce=0
Port [ gmem]:  wired=1; compound=1; hidden=0; nouse=0; global=0; static=0; extern=0; dir=2; type=4; pingpong=0; private_global=0; IO mode=m_axi:ce=0
Port [ output_r]:  wired=1; compound=0; hidden=0; nouse=0; global=0; static=0; extern=0; dir=0; type=0; pingpong=0; private_global=0; IO mode=ap_none:ce=0
Port [ normal_factor_2_reload]:  wired=1; compound=0; hidden=0; nouse=0; global=0; static=0; extern=0; dir=0; type=0; pingpong=0; private_global=0; IO mode=ap_none:ce=0
Port [ image_gray]:  wired=1; compound=0; hidden=0; nouse=0; global=0; static=0; extern=0; dir=0; type=0; pingpong=0; private_global=0; IO mode=ap_none:ce=0
---------------- STG Properties END ------------------

---------------- Datapath Model BEGIN ----------------

<LifeTime>
<method=bitvector/>
c                           (alloca           ) [ 01111111111000000000000000000000000000000000000000000000000000000000000000000000000000000000000000000000000000000000000000000000000000000000000000000000000000000000000000000000000000000000]
r                           (alloca           ) [ 01100000000000000000000000000000000000000000000000000000000000000000000000000000000000000000000000000000000000000000000000000000000000000000000000000000000000000000000000000000000000000000]
indvar_flatten26            (alloca           ) [ 01100000000000000000000000000000000000000000000000000000000000000000000000000000000000000000000000000000000000000000000000000000000000000000000000000000000000000000000000000000000000000000]
image_gray_read             (read             ) [ 01111111111111111111111111111111111111111111111111111111111111111111111111111111111111111111111111111111111111111111110000000000000000000000000000000000000000000000000000000000000000000000]
normal_factor_2_reload_read (read             ) [ 00000000000000000000000000000000000000000000000000000000000000000000000000000000000000000000000000000000000000000000000000000000000000000000000000000000000000000000000000000000000000000000]
output_r_read               (read             ) [ 00111111100000000000000000000000000000000000000000000000000000000000000000000000000000000000000000000000000000000000000000000000000000000000000000000000000000000000000000000000000000000000]
normal_factor_2_reload_cast (zext             ) [ 01111111111111111111111111111111111111111111111111111111111111111111111111111111111111111111111111111111111111111111111000000000000000000000000000000000000000000000000000000000000000000000]
specinterface_ln0           (specinterface    ) [ 00000000000000000000000000000000000000000000000000000000000000000000000000000000000000000000000000000000000000000000000000000000000000000000000000000000000000000000000000000000000000000000]
store_ln0                   (store            ) [ 00000000000000000000000000000000000000000000000000000000000000000000000000000000000000000000000000000000000000000000000000000000000000000000000000000000000000000000000000000000000000000000]
store_ln103                 (store            ) [ 00000000000000000000000000000000000000000000000000000000000000000000000000000000000000000000000000000000000000000000000000000000000000000000000000000000000000000000000000000000000000000000]
store_ln102                 (store            ) [ 00000000000000000000000000000000000000000000000000000000000000000000000000000000000000000000000000000000000000000000000000000000000000000000000000000000000000000000000000000000000000000000]
br_ln0                      (br               ) [ 00000000000000000000000000000000000000000000000000000000000000000000000000000000000000000000000000000000000000000000000000000000000000000000000000000000000000000000000000000000000000000000]
indvar_flatten26_load       (load             ) [ 00000000000000000000000000000000000000000000000000000000000000000000000000000000000000000000000000000000000000000000000000000000000000000000000000000000000000000000000000000000000000000000]
specbitsmap_ln0             (specbitsmap      ) [ 00000000000000000000000000000000000000000000000000000000000000000000000000000000000000000000000000000000000000000000000000000000000000000000000000000000000000000000000000000000000000000000]
icmp_ln125                  (icmp             ) [ 01111111111111111111111111111111111111111111111111111111111111111111111111111111111111111111111111111111111111111111111111111111111111111111111111111111111111111111111111111111111000000000]
add_ln125                   (add              ) [ 00000000000000000000000000000000000000000000000000000000000000000000000000000000000000000000000000000000000000000000000000000000000000000000000000000000000000000000000000000000000000000000]
br_ln125                    (br               ) [ 00000000000000000000000000000000000000000000000000000000000000000000000000000000000000000000000000000000000000000000000000000000000000000000000000000000000000000000000000000000000000000000]
c_load                      (load             ) [ 00000000000000000000000000000000000000000000000000000000000000000000000000000000000000000000000000000000000000000000000000000000000000000000000000000000000000000000000000000000000000000000]
r_load                      (load             ) [ 00000000000000000000000000000000000000000000000000000000000000000000000000000000000000000000000000000000000000000000000000000000000000000000000000000000000000000000000000000000000000000000]
icmp_ln126                  (icmp             ) [ 00000000000000000000000000000000000000000000000000000000000000000000000000000000000000000000000000000000000000000000000000000000000000000000000000000000000000000000000000000000000000000000]
select_ln103                (select           ) [ 01011111111000000000000000000000000000000000000000000000000000000000000000000000000000000000000000000000000000000000000000000000000000000000000000000000000000000000000000000000000000000000]
add_ln125_1                 (add              ) [ 00000000000000000000000000000000000000000000000000000000000000000000000000000000000000000000000000000000000000000000000000000000000000000000000000000000000000000000000000000000000000000000]
select_ln125                (select           ) [ 01111111111111111111111111111111111111111111111111111111111111111111111111111111111111111111111111111111111111111111110000000000000000000000000000000000000000000000000000000000000000000000]
tmp_3                       (bitconcatenate   ) [ 00011111100000000000000000000000000000000000000000000000000000000000000000000000000000000000000000000000000000000000000000000000000000000000000000000000000000000000000000000000000000000000]
p_cast22                    (zext             ) [ 00000000000000000000000000000000000000000000000000000000000000000000000000000000000000000000000000000000000000000000000000000000000000000000000000000000000000000000000000000000000000000000]
empty                       (add              ) [ 00000000000000000000000000000000000000000000000000000000000000000000000000000000000000000000000000000000000000000000000000000000000000000000000000000000000000000000000000000000000000000000]
trunc_ln2                   (partselect       ) [ 00000000000000000000000000000000000000000000000000000000000000000000000000000000000000000000000000000000000000000000000000000000000000000000000000000000000000000000000000000000000000000000]
sext_ln129                  (sext             ) [ 00000000000000000000000000000000000000000000000000000000000000000000000000000000000000000000000000000000000000000000000000000000000000000000000000000000000000000000000000000000000000000000]
gmem_addr                   (getelementptr    ) [ 01111111111111111111111111111111111111111111111111111111111111111111111111111000000000000000000000000000000000000000000000000000000000000000000000000000000000000000000000000000000000000000]
store_ln125                 (store            ) [ 00000000000000000000000000000000000000000000000000000000000000000000000000000000000000000000000000000000000000000000000000000000000000000000000000000000000000000000000000000000000000000000]
store_ln103                 (store            ) [ 00000000000000000000000000000000000000000000000000000000000000000000000000000000000000000000000000000000000000000000000000000000000000000000000000000000000000000000000000000000000000000000]
tmp14                       (add              ) [ 00000000000000000000000000000000000000000000000000000000000000000000000000000000000000000000000000000000000000000000000000000000000000000000000000000000000000000000000000000000000000000000]
tmp14_cast                  (zext             ) [ 00000000000000000000000000000000000000000000000000000000000000000000000000000000000000000000000000000000000000000000000000000000000000000000000000000000000000000000000000000000000000000000]
empty_26                    (add              ) [ 00000000000000000000000000000000000000000000000000000000000000000000000000000000000000000000000000000000000000000000000000000000000000000000000000000000000000000000000000000000000000000000]
trunc_ln129_1               (partselect       ) [ 00000000000000000000000000000000000000000000000000000000000000000000000000000000000000000000000000000000000000000000000000000000000000000000000000000000000000000000000000000000000000000000]
sext_ln129_1                (sext             ) [ 00000000000000000000000000000000000000000000000000000000000000000000000000000000000000000000000000000000000000000000000000000000000000000000000000000000000000000000000000000000000000000000]
gmem_addr_4                 (getelementptr    ) [ 01111111111111111111111111111111111111111111111111111111111111111111111111111111000000000000000000000000000000000000000000000000000000000000000000000000000000000000000000000000000000000000]
tmp15                       (add              ) [ 00000000000000000000000000000000000000000000000000000000000000000000000000000000000000000000000000000000000000000000000000000000000000000000000000000000000000000000000000000000000000000000]
tmp15_cast                  (zext             ) [ 00000000000000000000000000000000000000000000000000000000000000000000000000000000000000000000000000000000000000000000000000000000000000000000000000000000000000000000000000000000000000000000]
empty_30                    (add              ) [ 00000000000000000000000000000000000000000000000000000000000000000000000000000000000000000000000000000000000000000000000000000000000000000000000000000000000000000000000000000000000000000000]
trunc_ln129_2               (partselect       ) [ 00000000000000000000000000000000000000000000000000000000000000000000000000000000000000000000000000000000000000000000000000000000000000000000000000000000000000000000000000000000000000000000]
sext_ln129_2                (sext             ) [ 00000000000000000000000000000000000000000000000000000000000000000000000000000000000000000000000000000000000000000000000000000000000000000000000000000000000000000000000000000000000000000000]
gmem_addr_5                 (getelementptr    ) [ 01111111111111111111111111111111111111111111111111111111111111111111111111111111111000000000000000000000000000000000000000000000000000000000000000000000000000000000000000000000000000000000]
add_ln134                   (add              ) [ 01111111110111111111111111111111111111111111111111111111111111111111111111111111111111111111111111111111111111111111110000000000000000000000000000000000000000000000000000000000000000000000]
store_ln102                 (store            ) [ 00000000000000000000000000000000000000000000000000000000000000000000000000000000000000000000000000000000000000000000000000000000000000000000000000000000000000000000000000000000000000000000]
empty_24                    (readreq          ) [ 00000000000000000000000000000000000000000000000000000000000000000000000000000000000000000000000000000000000000000000000000000000000000000000000000000000000000000000000000000000000000000000]
gmem_addr_read              (read             ) [ 01011111110000000000000000000000000000000000000000000000000000000000000000011111111000000000000000000000000000000000000000000000000000000000000000000000000000000000000000000000000000000000]
empty_25                    (read             ) [ 00000000000000000000000000000000000000000000000000000000000000000000000000000000000000000000000000000000000000000000000000000000000000000000000000000000000000000000000000000000000000000000]
gmem_addr_read_3            (read             ) [ 01000111110000000000000000000000000000000000000000000000000000000000000000000111111000000000000000000000000000000000000000000000000000000000000000000000000000000000000000000000000000000000]
empty_27                    (readreq          ) [ 00000000000000000000000000000000000000000000000000000000000000000000000000000000000000000000000000000000000000000000000000000000000000000000000000000000000000000000000000000000000000000000]
gmem_addr_4_read            (read             ) [ 00000000000000000000000000000000000000000000000000000000000000000000000000000000000000000000000000000000000000000000000000000000000000000000000000000000000000000000000000000000000000000000]
trunc_ln131                 (trunc            ) [ 00000011100000000000000000000000000000000000000000000000000000000000000000000011100000000000000000000000000000000000000000000000000000000000000000000000000000000000000000000000000000000000]
empty_28                    (read             ) [ 00000000000000000000000000000000000000000000000000000000000000000000000000000000000000000000000000000000000000000000000000000000000000000000000000000000000000000000000000000000000000000000]
gmem_addr_4_read_1          (read             ) [ 00000000000000000000000000000000000000000000000000000000000000000000000000000000000000000000000000000000000000000000000000000000000000000000000000000000000000000000000000000000000000000000]
empty_29                    (trunc            ) [ 00000000100000000000000000000000000000000000000000000000000000000000000000000000100000000000000000000000000000000000000000000000000000000000000000000000000000000000000000000000000000000000]
empty_31                    (readreq          ) [ 00000000000000000000000000000000000000000000000000000000000000000000000000000000000000000000000000000000000000000000000000000000000000000000000000000000000000000000000000000000000000000000]
gmem_addr_5_read            (read             ) [ 00000000010000000000000000000000000000000000000000000000000000000000000000000000010000000000000000000000000000000000000000000000000000000000000000000000000000000000000000000000000000000000]
tmp59                       (sub              ) [ 00000000010000000000000000000000000000000000000000000000000000000000000000000000010000000000000000000000000000000000000000000000000000000000000000000000000000000000000000000000000000000000]
empty_32                    (read             ) [ 00000000000000000000000000000000000000000000000000000000000000000000000000000000000000000000000000000000000000000000000000000000000000000000000000000000000000000000000000000000000000000000]
tmp6                        (bitconcatenate   ) [ 00000000000000000000000000000000000000000000000000000000000000000000000000000000000000000000000000000000000000000000000000000000000000000000000000000000000000000000000000000000000000000000]
add_ln130                   (add              ) [ 01100000000000000000000000000000000000000000000000000000000000000000000000000000001100000000000000000000000000000000000000000000000000000000000000000000000000000000000000000000000000000000]
gmem_addr_5_read_1          (read             ) [ 00100000000000000000000000000000000000000000000000000000000000000000000000000000000100000000000000000000000000000000000000000000000000000000000000000000000000000000000000000000000000000000]
sub_ln130                   (sub              ) [ 00100000000000000000000000000000000000000000000000000000000000000000000000000000000100000000000000000000000000000000000000000000000000000000000000000000000000000000000000000000000000000000]
add_ln130_1                 (add              ) [ 00000000000000000000000000000000000000000000000000000000000000000000000000000000000000000000000000000000000000000000000000000000000000000000000000000000000000000000000000000000000000000000]
sum                         (sub              ) [ 01111111110000000000000000000000000000000000000000000000000000000000000000000000000011111111111111111111111111111111111000000000000000000000000000000000000000000000000000000000000000000000]
shl_ln3                     (bitconcatenate   ) [ 00000000000000000000000000000000000000000000000000000000000000000000000000000000000000000000000000000000000000000000000000000000000000000000000000000000000000000000000000000000000000000000]
zext_ln134_cast             (bitconcatenate   ) [ 00000000000000000000000000000000000000000000000000000000000000000000000000000000000000000000000000000000000000000000000000000000000000000000000000000000000000000000000000000000000000000000]
zext_ln134                  (zext             ) [ 00000000000000000000000000000000000000000000000000000000000000000000000000000000000000000000000000000000000000000000000000000000000000000000000000000000000000000000000000000000000000000000]
add_ln134_1                 (add              ) [ 00000000000000000000000000000000000000000000000000000000000000000000000000000000000000000000000000000000000000000000000000000000000000000000000000000000000000000000000000000000000000000000]
shl_ln4                     (bitconcatenate   ) [ 00000000000000000000000000000000000000000000000000000000000000000000000000000000000000000000000000000000000000000000000000000000000000000000000000000000000000000000000000000000000000000000]
zext_ln134_1                (zext             ) [ 00000000000000000000000000000000000000000000000000000000000000000000000000000000000000000000000000000000000000000000000000000000000000000000000000000000000000000000000000000000000000000000]
add_ln134_2                 (add              ) [ 00000000000000000000000000000000000000000000000000000000000000000000000000000000000000000000000000000000000000000000000000000000000000000000000000000000000000000000000000000000000000000000]
trunc_ln4                   (partselect       ) [ 00000000000000000000000000000000000000000000000000000000000000000000000000000000000000000000000000000000000000000000000000000000000000000000000000000000000000000000000000000000000000000000]
sext_ln134                  (sext             ) [ 00000000000000000000000000000000000000000000000000000000000000000000000000000000000000000000000000000000000000000000000000000000000000000000000000000000000000000000000000000000000000000000]
gmem_addr_6                 (getelementptr    ) [ 01111111110000000000000000000000000000000000000000000000000000000000000000000000000000000000000000000000000000000000001111111111111111111111111111111111111111111111111111111111111111111111]
sdiv_ln135                  (sdiv             ) [ 00100000000000000000000000000000000000000000000000000000000000000000000000000000000000000000000000000000000000000000000100000000000000000000000000000000000000000000000000000000000000000000]
gmem_addr_7_req             (writereq         ) [ 00000000000000000000000000000000000000000000000000000000000000000000000000000000000000000000000000000000000000000000000000000000000000000000000000000000000000000000000000000000000000000000]
write_ln134                 (write            ) [ 00000000000000000000000000000000000000000000000000000000000000000000000000000000000000000000000000000000000000000000000000000000000000000000000000000000000000000000000000000000000000000000]
speclooptripcount_ln0       (speclooptripcount) [ 00000000000000000000000000000000000000000000000000000000000000000000000000000000000000000000000000000000000000000000000000000000000000000000000000000000000000000000000000000000000000000000]
specpipeline_ln102          (specpipeline     ) [ 00000000000000000000000000000000000000000000000000000000000000000000000000000000000000000000000000000000000000000000000000000000000000000000000000000000000000000000000000000000000000000000]
gmem_addr_7_resp            (writeresp        ) [ 00000000000000000000000000000000000000000000000000000000000000000000000000000000000000000000000000000000000000000000000000000000000000000000000000000000000000000000000000000000000000000000]
br_ln126                    (br               ) [ 00000000000000000000000000000000000000000000000000000000000000000000000000000000000000000000000000000000000000000000000000000000000000000000000000000000000000000000000000000000000000000000]
ret_ln0                     (ret              ) [ 00000000000000000000000000000000000000000000000000000000000000000000000000000000000000000000000000000000000000000000000000000000000000000000000000000000000000000000000000000000000000000000]
</LifeTime>

<model>

<comp_list>
<comp id="0" class="1000" name="gmem">
<pin_list>
<pin id="1" dir="1" index="0" bw="1" slack="0"/>
</pin_list>
<bind>
<StgValue><ssdm name="gmem"/><MemPortTyVec>2 </MemPortTyVec>
</StgValue>
</bind>
</comp>

<comp id="2" class="1000" name="output_r">
<pin_list>
<pin id="3" dir="1" index="0" bw="1" slack="0"/>
</pin_list>
<bind>
<StgValue><ssdm name="output_r"/></StgValue>
</bind>
</comp>

<comp id="4" class="1000" name="normal_factor_2_reload">
<pin_list>
<pin id="5" dir="1" index="0" bw="1" slack="0"/>
</pin_list>
<bind>
<StgValue><ssdm name="normal_factor_2_reload"/></StgValue>
</bind>
</comp>

<comp id="6" class="1000" name="image_gray">
<pin_list>
<pin id="7" dir="1" index="0" bw="1" slack="0"/>
</pin_list>
<bind>
<StgValue><ssdm name="image_gray"/></StgValue>
</bind>
</comp>

<comp id="8" class="1001" name="const_8">
<pin_list>
<pin id="9" dir="1" index="0" bw="1" slack="0"/>
</pin_list>
<bind>
<StgValue><ssdm name=""/></StgValue>
</bind>
</comp>

<comp id="10" class="1001" name="const_10">
<pin_list>
<pin id="11" dir="1" index="0" bw="1" slack="0"/>
</pin_list>
<bind>
<StgValue><ssdm name="_ssdm_op_Read.ap_auto.i64"/></StgValue>
</bind>
</comp>

<comp id="12" class="1001" name="const_12">
<pin_list>
<pin id="13" dir="1" index="0" bw="1" slack="0"/>
</pin_list>
<bind>
<StgValue><ssdm name="_ssdm_op_Read.ap_auto.i6"/></StgValue>
</bind>
</comp>

<comp id="14" class="1001" name="const_14">
<pin_list>
<pin id="15" dir="1" index="0" bw="1" slack="2147483647"/>
</pin_list>
<bind>
<StgValue><ssdm name="_ssdm_op_SpecInterface"/></StgValue>
</bind>
</comp>

<comp id="16" class="1001" name="const_16">
<pin_list>
<pin id="17" dir="1" index="0" bw="1" slack="2147483647"/>
</pin_list>
<bind>
<StgValue><ssdm name="empty"/></StgValue>
</bind>
</comp>

<comp id="18" class="1001" name="const_18">
<pin_list>
<pin id="19" dir="1" index="0" bw="1" slack="2147483647"/>
</pin_list>
<bind>
<StgValue><ssdm name=""/></StgValue>
</bind>
</comp>

<comp id="20" class="1001" name="const_20">
<pin_list>
<pin id="21" dir="1" index="0" bw="1" slack="2147483647"/>
</pin_list>
<bind>
<StgValue><ssdm name="empty_0"/></StgValue>
</bind>
</comp>

<comp id="22" class="1001" name="const_22">
<pin_list>
<pin id="23" dir="1" index="0" bw="1" slack="2147483647"/>
</pin_list>
<bind>
<StgValue><ssdm name=""/></StgValue>
</bind>
</comp>

<comp id="24" class="1001" name="const_24">
<pin_list>
<pin id="25" dir="1" index="0" bw="1" slack="2147483647"/>
</pin_list>
<bind>
<StgValue><ssdm name="empty_1"/></StgValue>
</bind>
</comp>

<comp id="26" class="1001" name="const_26">
<pin_list>
<pin id="27" dir="1" index="0" bw="1" slack="2147483647"/>
</pin_list>
<bind>
<StgValue><ssdm name="empty_2"/></StgValue>
</bind>
</comp>

<comp id="28" class="1001" name="const_28">
<pin_list>
<pin id="29" dir="1" index="0" bw="1" slack="2147483647"/>
</pin_list>
<bind>
<StgValue><ssdm name=""/></StgValue>
</bind>
</comp>

<comp id="30" class="1001" name="const_30">
<pin_list>
<pin id="31" dir="1" index="0" bw="1" slack="2147483647"/>
</pin_list>
<bind>
<StgValue><ssdm name=""/></StgValue>
</bind>
</comp>

<comp id="32" class="1001" name="const_32">
<pin_list>
<pin id="33" dir="1" index="0" bw="1" slack="0"/>
</pin_list>
<bind>
<StgValue><ssdm name=""/></StgValue>
</bind>
</comp>

<comp id="34" class="1001" name="const_34">
<pin_list>
<pin id="35" dir="1" index="0" bw="1" slack="0"/>
</pin_list>
<bind>
<StgValue><ssdm name=""/></StgValue>
</bind>
</comp>

<comp id="36" class="1001" name="const_36">
<pin_list>
<pin id="37" dir="1" index="0" bw="1" slack="2147483647"/>
</pin_list>
<bind>
<StgValue><ssdm name="_ssdm_op_SpecBitsMap"/></StgValue>
</bind>
</comp>

<comp id="38" class="1001" name="const_38">
<pin_list>
<pin id="39" dir="1" index="0" bw="1" slack="0"/>
</pin_list>
<bind>
<StgValue><ssdm name=""/></StgValue>
</bind>
</comp>

<comp id="40" class="1001" name="const_40">
<pin_list>
<pin id="41" dir="1" index="0" bw="1" slack="0"/>
</pin_list>
<bind>
<StgValue><ssdm name=""/></StgValue>
</bind>
</comp>

<comp id="42" class="1001" name="const_42">
<pin_list>
<pin id="43" dir="1" index="0" bw="1" slack="0"/>
</pin_list>
<bind>
<StgValue><ssdm name=""/></StgValue>
</bind>
</comp>

<comp id="44" class="1001" name="const_44">
<pin_list>
<pin id="45" dir="1" index="0" bw="1" slack="0"/>
</pin_list>
<bind>
<StgValue><ssdm name=""/></StgValue>
</bind>
</comp>

<comp id="46" class="1001" name="const_46">
<pin_list>
<pin id="47" dir="1" index="0" bw="1" slack="0"/>
</pin_list>
<bind>
<StgValue><ssdm name="_ssdm_op_BitConcatenate.i20.i9.i9.i2"/></StgValue>
</bind>
</comp>

<comp id="48" class="1001" name="const_48">
<pin_list>
<pin id="49" dir="1" index="0" bw="1" slack="0"/>
</pin_list>
<bind>
<StgValue><ssdm name=""/></StgValue>
</bind>
</comp>

<comp id="50" class="1001" name="const_50">
<pin_list>
<pin id="51" dir="1" index="0" bw="1" slack="0"/>
</pin_list>
<bind>
<StgValue><ssdm name="_ssdm_op_PartSelect.i62.i64.i32.i32"/></StgValue>
</bind>
</comp>

<comp id="52" class="1001" name="const_52">
<pin_list>
<pin id="53" dir="1" index="0" bw="1" slack="0"/>
</pin_list>
<bind>
<StgValue><ssdm name=""/></StgValue>
</bind>
</comp>

<comp id="54" class="1001" name="const_54">
<pin_list>
<pin id="55" dir="1" index="0" bw="1" slack="0"/>
</pin_list>
<bind>
<StgValue><ssdm name=""/></StgValue>
</bind>
</comp>

<comp id="56" class="1001" name="const_56">
<pin_list>
<pin id="57" dir="1" index="0" bw="1" slack="0"/>
</pin_list>
<bind>
<StgValue><ssdm name="_ssdm_op_ReadReq.m_axi.p1i32"/></StgValue>
</bind>
</comp>

<comp id="58" class="1001" name="const_58">
<pin_list>
<pin id="59" dir="1" index="0" bw="1" slack="0"/>
</pin_list>
<bind>
<StgValue><ssdm name=""/></StgValue>
</bind>
</comp>

<comp id="60" class="1001" name="const_60">
<pin_list>
<pin id="61" dir="1" index="0" bw="1" slack="0"/>
</pin_list>
<bind>
<StgValue><ssdm name=""/></StgValue>
</bind>
</comp>

<comp id="62" class="1001" name="const_62">
<pin_list>
<pin id="63" dir="1" index="0" bw="1" slack="0"/>
</pin_list>
<bind>
<StgValue><ssdm name=""/></StgValue>
</bind>
</comp>

<comp id="64" class="1001" name="const_64">
<pin_list>
<pin id="65" dir="1" index="0" bw="1" slack="0"/>
</pin_list>
<bind>
<StgValue><ssdm name="_ssdm_op_Read.m_axi.p1i32"/></StgValue>
</bind>
</comp>

<comp id="66" class="1001" name="const_66">
<pin_list>
<pin id="67" dir="1" index="0" bw="1" slack="0"/>
</pin_list>
<bind>
<StgValue><ssdm name="_ssdm_op_BitConcatenate.i32.i31.i1"/></StgValue>
</bind>
</comp>

<comp id="68" class="1001" name="const_68">
<pin_list>
<pin id="69" dir="1" index="0" bw="1" slack="0"/>
</pin_list>
<bind>
<StgValue><ssdm name=""/></StgValue>
</bind>
</comp>

<comp id="70" class="1001" name="const_70">
<pin_list>
<pin id="71" dir="1" index="0" bw="1" slack="0"/>
</pin_list>
<bind>
<StgValue><ssdm name="_ssdm_op_BitConcatenate.i18.i9.i9"/></StgValue>
</bind>
</comp>

<comp id="72" class="1001" name="const_72">
<pin_list>
<pin id="73" dir="1" index="0" bw="1" slack="0"/>
</pin_list>
<bind>
<StgValue><ssdm name="_ssdm_op_BitConcatenate.i10.i1.i9"/></StgValue>
</bind>
</comp>

<comp id="74" class="1001" name="const_74">
<pin_list>
<pin id="75" dir="1" index="0" bw="1" slack="0"/>
</pin_list>
<bind>
<StgValue><ssdm name=""/></StgValue>
</bind>
</comp>

<comp id="76" class="1001" name="const_76">
<pin_list>
<pin id="77" dir="1" index="0" bw="1" slack="0"/>
</pin_list>
<bind>
<StgValue><ssdm name="_ssdm_op_BitConcatenate.i20.i18.i2"/></StgValue>
</bind>
</comp>

<comp id="78" class="1001" name="const_78">
<pin_list>
<pin id="79" dir="1" index="0" bw="1" slack="0"/>
</pin_list>
<bind>
<StgValue><ssdm name="_ssdm_op_WriteReq.m_axi.i32P1A"/></StgValue>
</bind>
</comp>

<comp id="80" class="1001" name="const_80">
<pin_list>
<pin id="81" dir="1" index="0" bw="1" slack="0"/>
</pin_list>
<bind>
<StgValue><ssdm name=""/></StgValue>
</bind>
</comp>

<comp id="82" class="1001" name="const_82">
<pin_list>
<pin id="83" dir="1" index="0" bw="1" slack="0"/>
</pin_list>
<bind>
<StgValue><ssdm name="_ssdm_op_Write.m_axi.i32P1A"/></StgValue>
</bind>
</comp>

<comp id="84" class="1001" name="const_84">
<pin_list>
<pin id="85" dir="1" index="0" bw="1" slack="0"/>
</pin_list>
<bind>
<StgValue><ssdm name=""/></StgValue>
</bind>
</comp>

<comp id="86" class="1001" name="const_86">
<pin_list>
<pin id="87" dir="1" index="0" bw="1" slack="0"/>
</pin_list>
<bind>
<StgValue><ssdm name="_ssdm_op_WriteResp.m_axi.i32P1A"/></StgValue>
</bind>
</comp>

<comp id="88" class="1001" name="const_88">
<pin_list>
<pin id="89" dir="1" index="0" bw="1" slack="2147483647"/>
</pin_list>
<bind>
<StgValue><ssdm name="_ssdm_op_SpecLoopTripCount"/></StgValue>
</bind>
</comp>

<comp id="90" class="1001" name="const_90">
<pin_list>
<pin id="91" dir="1" index="0" bw="1" slack="2147483647"/>
</pin_list>
<bind>
<StgValue><ssdm name=""/></StgValue>
</bind>
</comp>

<comp id="92" class="1001" name="const_92">
<pin_list>
<pin id="93" dir="1" index="0" bw="1" slack="2147483647"/>
</pin_list>
<bind>
<StgValue><ssdm name="_ssdm_op_SpecPipeline"/></StgValue>
</bind>
</comp>

<comp id="94" class="1004" name="c_fu_94">
<pin_list>
<pin id="95" dir="0" index="0" bw="1" slack="0"/>
<pin id="96" dir="1" index="1" bw="9" slack="0"/>
</pin_list>
<bind>
<opcode="alloca(26) " fcode="alloca"/>
<opset="c/1 "/>
</bind>
</comp>

<comp id="98" class="1004" name="r_fu_98">
<pin_list>
<pin id="99" dir="0" index="0" bw="1" slack="0"/>
<pin id="100" dir="1" index="1" bw="9" slack="0"/>
</pin_list>
<bind>
<opcode="alloca(26) " fcode="alloca"/>
<opset="r/1 "/>
</bind>
</comp>

<comp id="102" class="1004" name="indvar_flatten26_fu_102">
<pin_list>
<pin id="103" dir="0" index="0" bw="1" slack="0"/>
<pin id="104" dir="1" index="1" bw="18" slack="0"/>
</pin_list>
<bind>
<opcode="alloca(26) " fcode="alloca"/>
<opset="indvar_flatten26/1 "/>
</bind>
</comp>

<comp id="106" class="1004" name="image_gray_read_read_fu_106">
<pin_list>
<pin id="107" dir="0" index="0" bw="64" slack="0"/>
<pin id="108" dir="0" index="1" bw="64" slack="0"/>
<pin id="109" dir="1" index="2" bw="64" slack="116"/>
</pin_list>
<bind>
<opcode="read(1150) " fcode="read"/>
<opset="image_gray_read/1 "/>
</bind>
</comp>

<comp id="112" class="1004" name="normal_factor_2_reload_read_read_fu_112">
<pin_list>
<pin id="113" dir="0" index="0" bw="6" slack="0"/>
<pin id="114" dir="0" index="1" bw="6" slack="0"/>
<pin id="115" dir="1" index="2" bw="6" slack="0"/>
</pin_list>
<bind>
<opcode="read(1150) " fcode="read"/>
<opset="normal_factor_2_reload_read/1 "/>
</bind>
</comp>

<comp id="118" class="1004" name="output_r_read_read_fu_118">
<pin_list>
<pin id="119" dir="0" index="0" bw="64" slack="0"/>
<pin id="120" dir="0" index="1" bw="64" slack="0"/>
<pin id="121" dir="1" index="2" bw="64" slack="1"/>
</pin_list>
<bind>
<opcode="read(1150) " fcode="read"/>
<opset="output_r_read/1 "/>
</bind>
</comp>

<comp id="124" class="1004" name="grp_readreq_fu_124">
<pin_list>
<pin id="125" dir="0" index="0" bw="1" slack="0"/>
<pin id="126" dir="0" index="1" bw="32" slack="1"/>
<pin id="127" dir="0" index="2" bw="3" slack="0"/>
<pin id="128" dir="1" index="3" bw="1" slack="2147483647"/>
</pin_list>
<bind>
<opcode="readreq(1154) " fcode="readreq"/>
<opset="empty_24/3 "/>
</bind>
</comp>

<comp id="131" class="1004" name="grp_readreq_fu_131">
<pin_list>
<pin id="132" dir="0" index="0" bw="1" slack="0"/>
<pin id="133" dir="0" index="1" bw="32" slack="1"/>
<pin id="134" dir="0" index="2" bw="3" slack="0"/>
<pin id="135" dir="1" index="3" bw="1" slack="2147483647"/>
</pin_list>
<bind>
<opcode="readreq(1154) " fcode="readreq"/>
<opset="empty_27/6 "/>
</bind>
</comp>

<comp id="138" class="1004" name="grp_readreq_fu_138">
<pin_list>
<pin id="139" dir="0" index="0" bw="1" slack="0"/>
<pin id="140" dir="0" index="1" bw="32" slack="1"/>
<pin id="141" dir="0" index="2" bw="3" slack="0"/>
<pin id="142" dir="1" index="3" bw="1" slack="2147483647"/>
</pin_list>
<bind>
<opcode="readreq(1154) " fcode="readreq"/>
<opset="empty_31/9 "/>
</bind>
</comp>

<comp id="145" class="1004" name="grp_read_fu_145">
<pin_list>
<pin id="146" dir="0" index="0" bw="32" slack="0"/>
<pin id="147" dir="0" index="1" bw="32" slack="72"/>
<pin id="148" dir="1" index="2" bw="32" slack="6"/>
</pin_list>
<bind>
<opcode="read(1150) " fcode="read"/>
<opset="gmem_addr_read/74 empty_25/75 gmem_addr_read_3/76 "/>
</bind>
</comp>

<comp id="150" class="1004" name="grp_read_fu_150">
<pin_list>
<pin id="151" dir="0" index="0" bw="32" slack="0"/>
<pin id="152" dir="0" index="1" bw="32" slack="72"/>
<pin id="153" dir="1" index="2" bw="32" slack="0"/>
</pin_list>
<bind>
<opcode="read(1150) " fcode="read"/>
<opset="gmem_addr_4_read/77 empty_28/78 gmem_addr_4_read_1/79 "/>
</bind>
</comp>

<comp id="155" class="1004" name="grp_read_fu_155">
<pin_list>
<pin id="156" dir="0" index="0" bw="32" slack="0"/>
<pin id="157" dir="0" index="1" bw="32" slack="72"/>
<pin id="158" dir="1" index="2" bw="32" slack="1"/>
</pin_list>
<bind>
<opcode="read(1150) " fcode="read"/>
<opset="gmem_addr_5_read/80 empty_32/81 gmem_addr_5_read_1/82 "/>
</bind>
</comp>

<comp id="160" class="1004" name="grp_writeresp_fu_160">
<pin_list>
<pin id="161" dir="0" index="0" bw="1" slack="0"/>
<pin id="162" dir="0" index="1" bw="32" slack="1"/>
<pin id="163" dir="0" index="2" bw="1" slack="0"/>
<pin id="164" dir="1" index="3" bw="1" slack="2147483647"/>
</pin_list>
<bind>
<opcode="writereq(1155) writeresp(1158) " fcode="writeresp"/>
<opset="gmem_addr_7_req/118 gmem_addr_7_resp/120 "/>
</bind>
</comp>

<comp id="167" class="1004" name="write_ln134_write_fu_167">
<pin_list>
<pin id="168" dir="0" index="0" bw="0" slack="0"/>
<pin id="169" dir="0" index="1" bw="32" slack="2"/>
<pin id="170" dir="0" index="2" bw="32" slack="1"/>
<pin id="171" dir="0" index="3" bw="1" slack="0"/>
<pin id="172" dir="1" index="4" bw="0" slack="2147483647"/>
</pin_list>
<bind>
<opcode="write(1151) " fcode="write"/>
<opset="write_ln134/119 "/>
</bind>
</comp>

<comp id="176" class="1005" name="reg_176">
<pin_list>
<pin id="177" dir="0" index="0" bw="32" slack="1"/>
<pin id="178" dir="1" index="1" bw="32" slack="1"/>
</pin_list>
<bind>
<opset="gmem_addr_5_read gmem_addr_5_read_1 "/>
</bind>
</comp>

<comp id="180" class="1004" name="normal_factor_2_reload_cast_fu_180">
<pin_list>
<pin id="181" dir="0" index="0" bw="6" slack="0"/>
<pin id="182" dir="1" index="1" bw="32" slack="82"/>
</pin_list>
<bind>
<opcode="zext(34) " fcode="zext"/>
<opset="normal_factor_2_reload_cast/1 "/>
</bind>
</comp>

<comp id="184" class="1004" name="store_ln0_store_fu_184">
<pin_list>
<pin id="185" dir="0" index="0" bw="1" slack="0"/>
<pin id="186" dir="0" index="1" bw="18" slack="0"/>
<pin id="187" dir="1" index="2" bw="0" slack="2147483647"/>
</pin_list>
<bind>
<opcode="store(28) " fcode="store"/>
<opset="store_ln0/1 "/>
</bind>
</comp>

<comp id="189" class="1004" name="store_ln103_store_fu_189">
<pin_list>
<pin id="190" dir="0" index="0" bw="1" slack="0"/>
<pin id="191" dir="0" index="1" bw="9" slack="0"/>
<pin id="192" dir="1" index="2" bw="0" slack="2147483647"/>
</pin_list>
<bind>
<opcode="store(28) " fcode="store"/>
<opset="store_ln103/1 "/>
</bind>
</comp>

<comp id="194" class="1004" name="store_ln102_store_fu_194">
<pin_list>
<pin id="195" dir="0" index="0" bw="1" slack="0"/>
<pin id="196" dir="0" index="1" bw="9" slack="0"/>
<pin id="197" dir="1" index="2" bw="0" slack="2147483647"/>
</pin_list>
<bind>
<opcode="store(28) " fcode="store"/>
<opset="store_ln102/1 "/>
</bind>
</comp>

<comp id="199" class="1004" name="indvar_flatten26_load_load_fu_199">
<pin_list>
<pin id="200" dir="0" index="0" bw="18" slack="1"/>
<pin id="201" dir="1" index="1" bw="18" slack="0"/>
</pin_list>
<bind>
<opcode="load(27) " fcode="load"/>
<opset="indvar_flatten26_load/2 "/>
</bind>
</comp>

<comp id="202" class="1004" name="icmp_ln125_fu_202">
<pin_list>
<pin id="203" dir="0" index="0" bw="18" slack="0"/>
<pin id="204" dir="0" index="1" bw="12" slack="0"/>
<pin id="205" dir="1" index="2" bw="1" slack="1"/>
</pin_list>
<bind>
<opcode="icmp(45) " fcode="icmp"/>
<opset="icmp_ln125/2 "/>
</bind>
</comp>

<comp id="208" class="1004" name="add_ln125_fu_208">
<pin_list>
<pin id="209" dir="0" index="0" bw="18" slack="0"/>
<pin id="210" dir="0" index="1" bw="1" slack="0"/>
<pin id="211" dir="1" index="2" bw="18" slack="0"/>
</pin_list>
<bind>
<opcode="add(8) " fcode="add"/>
<opset="add_ln125/2 "/>
</bind>
</comp>

<comp id="214" class="1004" name="c_load_load_fu_214">
<pin_list>
<pin id="215" dir="0" index="0" bw="9" slack="1"/>
<pin id="216" dir="1" index="1" bw="9" slack="0"/>
</pin_list>
<bind>
<opcode="load(27) " fcode="load"/>
<opset="c_load/2 "/>
</bind>
</comp>

<comp id="217" class="1004" name="r_load_load_fu_217">
<pin_list>
<pin id="218" dir="0" index="0" bw="9" slack="1"/>
<pin id="219" dir="1" index="1" bw="9" slack="0"/>
</pin_list>
<bind>
<opcode="load(27) " fcode="load"/>
<opset="r_load/2 "/>
</bind>
</comp>

<comp id="220" class="1004" name="icmp_ln126_fu_220">
<pin_list>
<pin id="221" dir="0" index="0" bw="9" slack="0"/>
<pin id="222" dir="0" index="1" bw="2" slack="0"/>
<pin id="223" dir="1" index="2" bw="1" slack="0"/>
</pin_list>
<bind>
<opcode="icmp(45) " fcode="icmp"/>
<opset="icmp_ln126/2 "/>
</bind>
</comp>

<comp id="226" class="1004" name="select_ln103_fu_226">
<pin_list>
<pin id="227" dir="0" index="0" bw="1" slack="0"/>
<pin id="228" dir="0" index="1" bw="1" slack="0"/>
<pin id="229" dir="0" index="2" bw="9" slack="0"/>
<pin id="230" dir="1" index="3" bw="9" slack="0"/>
</pin_list>
<bind>
<opcode="select(49) " fcode="select"/>
<opset="select_ln103/2 "/>
</bind>
</comp>

<comp id="234" class="1004" name="add_ln125_1_fu_234">
<pin_list>
<pin id="235" dir="0" index="0" bw="9" slack="0"/>
<pin id="236" dir="0" index="1" bw="1" slack="0"/>
<pin id="237" dir="1" index="2" bw="9" slack="0"/>
</pin_list>
<bind>
<opcode="add(8) " fcode="add"/>
<opset="add_ln125_1/2 "/>
</bind>
</comp>

<comp id="240" class="1004" name="select_ln125_fu_240">
<pin_list>
<pin id="241" dir="0" index="0" bw="1" slack="0"/>
<pin id="242" dir="0" index="1" bw="9" slack="0"/>
<pin id="243" dir="0" index="2" bw="9" slack="0"/>
<pin id="244" dir="1" index="3" bw="9" slack="0"/>
</pin_list>
<bind>
<opcode="select(49) " fcode="select"/>
<opset="select_ln125/2 "/>
</bind>
</comp>

<comp id="248" class="1004" name="tmp_3_fu_248">
<pin_list>
<pin id="249" dir="0" index="0" bw="20" slack="0"/>
<pin id="250" dir="0" index="1" bw="9" slack="0"/>
<pin id="251" dir="0" index="2" bw="9" slack="0"/>
<pin id="252" dir="0" index="3" bw="1" slack="0"/>
<pin id="253" dir="1" index="4" bw="20" slack="0"/>
</pin_list>
<bind>
<opcode="bitconcatenate(1004) " fcode="bitconcatenate"/>
<opset="tmp_3/2 "/>
</bind>
</comp>

<comp id="258" class="1004" name="p_cast22_fu_258">
<pin_list>
<pin id="259" dir="0" index="0" bw="20" slack="0"/>
<pin id="260" dir="1" index="1" bw="64" slack="0"/>
</pin_list>
<bind>
<opcode="zext(34) " fcode="zext"/>
<opset="p_cast22/2 "/>
</bind>
</comp>

<comp id="262" class="1004" name="empty_fu_262">
<pin_list>
<pin id="263" dir="0" index="0" bw="20" slack="0"/>
<pin id="264" dir="0" index="1" bw="64" slack="1"/>
<pin id="265" dir="1" index="2" bw="64" slack="0"/>
</pin_list>
<bind>
<opcode="add(8) " fcode="add"/>
<opset="empty/2 "/>
</bind>
</comp>

<comp id="267" class="1004" name="trunc_ln2_fu_267">
<pin_list>
<pin id="268" dir="0" index="0" bw="62" slack="0"/>
<pin id="269" dir="0" index="1" bw="64" slack="0"/>
<pin id="270" dir="0" index="2" bw="3" slack="0"/>
<pin id="271" dir="0" index="3" bw="7" slack="0"/>
<pin id="272" dir="1" index="4" bw="62" slack="0"/>
</pin_list>
<bind>
<opcode="partselect(1002) " fcode="partselect"/>
<opset="trunc_ln2/2 "/>
</bind>
</comp>

<comp id="277" class="1004" name="sext_ln129_fu_277">
<pin_list>
<pin id="278" dir="0" index="0" bw="62" slack="0"/>
<pin id="279" dir="1" index="1" bw="64" slack="0"/>
</pin_list>
<bind>
<opcode="sext(35) " fcode="sext"/>
<opset="sext_ln129/2 "/>
</bind>
</comp>

<comp id="281" class="1004" name="gmem_addr_fu_281">
<pin_list>
<pin id="282" dir="0" index="0" bw="32" slack="0"/>
<pin id="283" dir="0" index="1" bw="62" slack="0"/>
<pin id="284" dir="1" index="2" bw="32" slack="1"/>
</pin_list>
<bind>
<opcode="getelementptr(29) " fcode="getelementptr"/>
<opset="gmem_addr/2 "/>
</bind>
</comp>

<comp id="287" class="1004" name="store_ln125_store_fu_287">
<pin_list>
<pin id="288" dir="0" index="0" bw="18" slack="0"/>
<pin id="289" dir="0" index="1" bw="18" slack="1"/>
<pin id="290" dir="1" index="2" bw="0" slack="2147483647"/>
</pin_list>
<bind>
<opcode="store(28) " fcode="store"/>
<opset="store_ln125/2 "/>
</bind>
</comp>

<comp id="292" class="1004" name="store_ln103_store_fu_292">
<pin_list>
<pin id="293" dir="0" index="0" bw="9" slack="0"/>
<pin id="294" dir="0" index="1" bw="9" slack="1"/>
<pin id="295" dir="1" index="2" bw="0" slack="2147483647"/>
</pin_list>
<bind>
<opcode="store(28) " fcode="store"/>
<opset="store_ln103/2 "/>
</bind>
</comp>

<comp id="297" class="1004" name="tmp14_fu_297">
<pin_list>
<pin id="298" dir="0" index="0" bw="20" slack="3"/>
<pin id="299" dir="0" index="1" bw="13" slack="0"/>
<pin id="300" dir="1" index="2" bw="20" slack="0"/>
</pin_list>
<bind>
<opcode="add(8) " fcode="add"/>
<opset="tmp14/5 "/>
</bind>
</comp>

<comp id="302" class="1004" name="tmp14_cast_fu_302">
<pin_list>
<pin id="303" dir="0" index="0" bw="20" slack="0"/>
<pin id="304" dir="1" index="1" bw="64" slack="0"/>
</pin_list>
<bind>
<opcode="zext(34) " fcode="zext"/>
<opset="tmp14_cast/5 "/>
</bind>
</comp>

<comp id="306" class="1004" name="empty_26_fu_306">
<pin_list>
<pin id="307" dir="0" index="0" bw="20" slack="0"/>
<pin id="308" dir="0" index="1" bw="64" slack="4"/>
<pin id="309" dir="1" index="2" bw="64" slack="0"/>
</pin_list>
<bind>
<opcode="add(8) " fcode="add"/>
<opset="empty_26/5 "/>
</bind>
</comp>

<comp id="311" class="1004" name="trunc_ln129_1_fu_311">
<pin_list>
<pin id="312" dir="0" index="0" bw="62" slack="0"/>
<pin id="313" dir="0" index="1" bw="64" slack="0"/>
<pin id="314" dir="0" index="2" bw="3" slack="0"/>
<pin id="315" dir="0" index="3" bw="7" slack="0"/>
<pin id="316" dir="1" index="4" bw="62" slack="0"/>
</pin_list>
<bind>
<opcode="partselect(1002) " fcode="partselect"/>
<opset="trunc_ln129_1/5 "/>
</bind>
</comp>

<comp id="321" class="1004" name="sext_ln129_1_fu_321">
<pin_list>
<pin id="322" dir="0" index="0" bw="62" slack="0"/>
<pin id="323" dir="1" index="1" bw="64" slack="0"/>
</pin_list>
<bind>
<opcode="sext(35) " fcode="sext"/>
<opset="sext_ln129_1/5 "/>
</bind>
</comp>

<comp id="325" class="1004" name="gmem_addr_4_fu_325">
<pin_list>
<pin id="326" dir="0" index="0" bw="32" slack="0"/>
<pin id="327" dir="0" index="1" bw="62" slack="0"/>
<pin id="328" dir="1" index="2" bw="32" slack="1"/>
</pin_list>
<bind>
<opcode="getelementptr(29) " fcode="getelementptr"/>
<opset="gmem_addr_4/5 "/>
</bind>
</comp>

<comp id="331" class="1004" name="tmp15_fu_331">
<pin_list>
<pin id="332" dir="0" index="0" bw="20" slack="6"/>
<pin id="333" dir="0" index="1" bw="14" slack="0"/>
<pin id="334" dir="1" index="2" bw="20" slack="0"/>
</pin_list>
<bind>
<opcode="add(8) " fcode="add"/>
<opset="tmp15/8 "/>
</bind>
</comp>

<comp id="336" class="1004" name="tmp15_cast_fu_336">
<pin_list>
<pin id="337" dir="0" index="0" bw="20" slack="0"/>
<pin id="338" dir="1" index="1" bw="64" slack="0"/>
</pin_list>
<bind>
<opcode="zext(34) " fcode="zext"/>
<opset="tmp15_cast/8 "/>
</bind>
</comp>

<comp id="340" class="1004" name="empty_30_fu_340">
<pin_list>
<pin id="341" dir="0" index="0" bw="20" slack="0"/>
<pin id="342" dir="0" index="1" bw="64" slack="7"/>
<pin id="343" dir="1" index="2" bw="64" slack="0"/>
</pin_list>
<bind>
<opcode="add(8) " fcode="add"/>
<opset="empty_30/8 "/>
</bind>
</comp>

<comp id="345" class="1004" name="trunc_ln129_2_fu_345">
<pin_list>
<pin id="346" dir="0" index="0" bw="62" slack="0"/>
<pin id="347" dir="0" index="1" bw="64" slack="0"/>
<pin id="348" dir="0" index="2" bw="3" slack="0"/>
<pin id="349" dir="0" index="3" bw="7" slack="0"/>
<pin id="350" dir="1" index="4" bw="62" slack="0"/>
</pin_list>
<bind>
<opcode="partselect(1002) " fcode="partselect"/>
<opset="trunc_ln129_2/8 "/>
</bind>
</comp>

<comp id="355" class="1004" name="sext_ln129_2_fu_355">
<pin_list>
<pin id="356" dir="0" index="0" bw="62" slack="0"/>
<pin id="357" dir="1" index="1" bw="64" slack="0"/>
</pin_list>
<bind>
<opcode="sext(35) " fcode="sext"/>
<opset="sext_ln129_2/8 "/>
</bind>
</comp>

<comp id="359" class="1004" name="gmem_addr_5_fu_359">
<pin_list>
<pin id="360" dir="0" index="0" bw="32" slack="0"/>
<pin id="361" dir="0" index="1" bw="62" slack="0"/>
<pin id="362" dir="1" index="2" bw="32" slack="1"/>
</pin_list>
<bind>
<opcode="getelementptr(29) " fcode="getelementptr"/>
<opset="gmem_addr_5/8 "/>
</bind>
</comp>

<comp id="365" class="1004" name="add_ln134_fu_365">
<pin_list>
<pin id="366" dir="0" index="0" bw="9" slack="8"/>
<pin id="367" dir="0" index="1" bw="1" slack="0"/>
<pin id="368" dir="1" index="2" bw="9" slack="0"/>
</pin_list>
<bind>
<opcode="add(8) " fcode="add"/>
<opset="add_ln134/10 "/>
</bind>
</comp>

<comp id="370" class="1004" name="store_ln102_store_fu_370">
<pin_list>
<pin id="371" dir="0" index="0" bw="9" slack="0"/>
<pin id="372" dir="0" index="1" bw="9" slack="9"/>
<pin id="373" dir="1" index="2" bw="0" slack="2147483647"/>
</pin_list>
<bind>
<opcode="store(28) " fcode="store"/>
<opset="store_ln102/10 "/>
</bind>
</comp>

<comp id="375" class="1004" name="trunc_ln131_fu_375">
<pin_list>
<pin id="376" dir="0" index="0" bw="32" slack="0"/>
<pin id="377" dir="1" index="1" bw="31" slack="3"/>
</pin_list>
<bind>
<opcode="trunc(33) " fcode="trunc"/>
<opset="trunc_ln131/77 "/>
</bind>
</comp>

<comp id="379" class="1004" name="empty_29_fu_379">
<pin_list>
<pin id="380" dir="0" index="0" bw="32" slack="0"/>
<pin id="381" dir="1" index="1" bw="31" slack="1"/>
</pin_list>
<bind>
<opcode="trunc(33) " fcode="trunc"/>
<opset="empty_29/79 "/>
</bind>
</comp>

<comp id="383" class="1004" name="tmp59_fu_383">
<pin_list>
<pin id="384" dir="0" index="0" bw="31" slack="3"/>
<pin id="385" dir="0" index="1" bw="31" slack="1"/>
<pin id="386" dir="1" index="2" bw="31" slack="1"/>
</pin_list>
<bind>
<opcode="sub(10) " fcode="sub"/>
<opset="tmp59/80 "/>
</bind>
</comp>

<comp id="387" class="1004" name="tmp6_fu_387">
<pin_list>
<pin id="388" dir="0" index="0" bw="32" slack="0"/>
<pin id="389" dir="0" index="1" bw="31" slack="1"/>
<pin id="390" dir="0" index="2" bw="1" slack="0"/>
<pin id="391" dir="1" index="3" bw="32" slack="0"/>
</pin_list>
<bind>
<opcode="bitconcatenate(1004) " fcode="bitconcatenate"/>
<opset="tmp6/81 "/>
</bind>
</comp>

<comp id="394" class="1004" name="add_ln130_fu_394">
<pin_list>
<pin id="395" dir="0" index="0" bw="32" slack="1"/>
<pin id="396" dir="0" index="1" bw="32" slack="0"/>
<pin id="397" dir="1" index="2" bw="32" slack="2"/>
</pin_list>
<bind>
<opcode="add(8) " fcode="add"/>
<opset="add_ln130/81 "/>
</bind>
</comp>

<comp id="400" class="1004" name="sub_ln130_fu_400">
<pin_list>
<pin id="401" dir="0" index="0" bw="32" slack="8"/>
<pin id="402" dir="0" index="1" bw="32" slack="6"/>
<pin id="403" dir="1" index="2" bw="32" slack="1"/>
</pin_list>
<bind>
<opcode="sub(10) " fcode="sub"/>
<opset="sub_ln130/82 "/>
</bind>
</comp>

<comp id="404" class="1004" name="add_ln130_1_fu_404">
<pin_list>
<pin id="405" dir="0" index="0" bw="32" slack="2"/>
<pin id="406" dir="0" index="1" bw="32" slack="1"/>
<pin id="407" dir="1" index="2" bw="32" slack="0"/>
</pin_list>
<bind>
<opcode="add(8) " fcode="add"/>
<opset="add_ln130_1/83 "/>
</bind>
</comp>

<comp id="408" class="1004" name="sum_fu_408">
<pin_list>
<pin id="409" dir="0" index="0" bw="32" slack="0"/>
<pin id="410" dir="0" index="1" bw="32" slack="1"/>
<pin id="411" dir="1" index="2" bw="32" slack="0"/>
</pin_list>
<bind>
<opcode="sub(10) " fcode="sub"/>
<opset="sum/83 "/>
</bind>
</comp>

<comp id="414" class="1004" name="grp_fu_414">
<pin_list>
<pin id="415" dir="0" index="0" bw="32" slack="0"/>
<pin id="416" dir="0" index="1" bw="7" slack="82"/>
<pin id="417" dir="1" index="2" bw="32" slack="1"/>
</pin_list>
<bind>
<opcode="sdiv(15) " fcode="sdiv"/>
<opset="sdiv_ln135/83 "/>
</bind>
</comp>

<comp id="419" class="1004" name="shl_ln3_fu_419">
<pin_list>
<pin id="420" dir="0" index="0" bw="18" slack="0"/>
<pin id="421" dir="0" index="1" bw="9" slack="115"/>
<pin id="422" dir="0" index="2" bw="1" slack="0"/>
<pin id="423" dir="1" index="3" bw="18" slack="0"/>
</pin_list>
<bind>
<opcode="bitconcatenate(1004) " fcode="bitconcatenate"/>
<opset="shl_ln3/117 "/>
</bind>
</comp>

<comp id="426" class="1004" name="zext_ln134_cast_fu_426">
<pin_list>
<pin id="427" dir="0" index="0" bw="10" slack="0"/>
<pin id="428" dir="0" index="1" bw="1" slack="0"/>
<pin id="429" dir="0" index="2" bw="9" slack="107"/>
<pin id="430" dir="1" index="3" bw="10" slack="0"/>
</pin_list>
<bind>
<opcode="bitconcatenate(1004) " fcode="bitconcatenate"/>
<opset="zext_ln134_cast/117 "/>
</bind>
</comp>

<comp id="433" class="1004" name="zext_ln134_fu_433">
<pin_list>
<pin id="434" dir="0" index="0" bw="10" slack="0"/>
<pin id="435" dir="1" index="1" bw="18" slack="0"/>
</pin_list>
<bind>
<opcode="zext(34) " fcode="zext"/>
<opset="zext_ln134/117 "/>
</bind>
</comp>

<comp id="437" class="1004" name="add_ln134_1_fu_437">
<pin_list>
<pin id="438" dir="0" index="0" bw="10" slack="0"/>
<pin id="439" dir="0" index="1" bw="18" slack="0"/>
<pin id="440" dir="1" index="2" bw="18" slack="0"/>
</pin_list>
<bind>
<opcode="add(8) " fcode="add"/>
<opset="add_ln134_1/117 "/>
</bind>
</comp>

<comp id="443" class="1004" name="shl_ln4_fu_443">
<pin_list>
<pin id="444" dir="0" index="0" bw="20" slack="0"/>
<pin id="445" dir="0" index="1" bw="18" slack="0"/>
<pin id="446" dir="0" index="2" bw="1" slack="0"/>
<pin id="447" dir="1" index="3" bw="20" slack="0"/>
</pin_list>
<bind>
<opcode="bitconcatenate(1004) " fcode="bitconcatenate"/>
<opset="shl_ln4/117 "/>
</bind>
</comp>

<comp id="451" class="1004" name="zext_ln134_1_fu_451">
<pin_list>
<pin id="452" dir="0" index="0" bw="20" slack="0"/>
<pin id="453" dir="1" index="1" bw="64" slack="0"/>
</pin_list>
<bind>
<opcode="zext(34) " fcode="zext"/>
<opset="zext_ln134_1/117 "/>
</bind>
</comp>

<comp id="455" class="1004" name="add_ln134_2_fu_455">
<pin_list>
<pin id="456" dir="0" index="0" bw="20" slack="0"/>
<pin id="457" dir="0" index="1" bw="64" slack="116"/>
<pin id="458" dir="1" index="2" bw="64" slack="0"/>
</pin_list>
<bind>
<opcode="add(8) " fcode="add"/>
<opset="add_ln134_2/117 "/>
</bind>
</comp>

<comp id="460" class="1004" name="trunc_ln4_fu_460">
<pin_list>
<pin id="461" dir="0" index="0" bw="62" slack="0"/>
<pin id="462" dir="0" index="1" bw="64" slack="0"/>
<pin id="463" dir="0" index="2" bw="3" slack="0"/>
<pin id="464" dir="0" index="3" bw="7" slack="0"/>
<pin id="465" dir="1" index="4" bw="62" slack="0"/>
</pin_list>
<bind>
<opcode="partselect(1002) " fcode="partselect"/>
<opset="trunc_ln4/117 "/>
</bind>
</comp>

<comp id="470" class="1004" name="sext_ln134_fu_470">
<pin_list>
<pin id="471" dir="0" index="0" bw="62" slack="0"/>
<pin id="472" dir="1" index="1" bw="64" slack="0"/>
</pin_list>
<bind>
<opcode="sext(35) " fcode="sext"/>
<opset="sext_ln134/117 "/>
</bind>
</comp>

<comp id="474" class="1004" name="gmem_addr_6_fu_474">
<pin_list>
<pin id="475" dir="0" index="0" bw="32" slack="0"/>
<pin id="476" dir="0" index="1" bw="62" slack="0"/>
<pin id="477" dir="1" index="2" bw="32" slack="1"/>
</pin_list>
<bind>
<opcode="getelementptr(29) " fcode="getelementptr"/>
<opset="gmem_addr_6/117 "/>
</bind>
</comp>

<comp id="480" class="1005" name="c_reg_480">
<pin_list>
<pin id="481" dir="0" index="0" bw="9" slack="0"/>
<pin id="482" dir="1" index="1" bw="9" slack="0"/>
</pin_list>
<bind>
<opset="c "/>
</bind>
</comp>

<comp id="487" class="1005" name="r_reg_487">
<pin_list>
<pin id="488" dir="0" index="0" bw="9" slack="0"/>
<pin id="489" dir="1" index="1" bw="9" slack="0"/>
</pin_list>
<bind>
<opset="r "/>
</bind>
</comp>

<comp id="494" class="1005" name="indvar_flatten26_reg_494">
<pin_list>
<pin id="495" dir="0" index="0" bw="18" slack="0"/>
<pin id="496" dir="1" index="1" bw="18" slack="0"/>
</pin_list>
<bind>
<opset="indvar_flatten26 "/>
</bind>
</comp>

<comp id="501" class="1005" name="image_gray_read_reg_501">
<pin_list>
<pin id="502" dir="0" index="0" bw="64" slack="116"/>
<pin id="503" dir="1" index="1" bw="64" slack="116"/>
</pin_list>
<bind>
<opset="image_gray_read "/>
</bind>
</comp>

<comp id="506" class="1005" name="output_r_read_reg_506">
<pin_list>
<pin id="507" dir="0" index="0" bw="64" slack="1"/>
<pin id="508" dir="1" index="1" bw="64" slack="1"/>
</pin_list>
<bind>
<opset="output_r_read "/>
</bind>
</comp>

<comp id="513" class="1005" name="normal_factor_2_reload_cast_reg_513">
<pin_list>
<pin id="514" dir="0" index="0" bw="32" slack="82"/>
<pin id="515" dir="1" index="1" bw="32" slack="82"/>
</pin_list>
<bind>
<opset="normal_factor_2_reload_cast "/>
</bind>
</comp>

<comp id="518" class="1005" name="icmp_ln125_reg_518">
<pin_list>
<pin id="519" dir="0" index="0" bw="1" slack="1"/>
<pin id="520" dir="1" index="1" bw="1" slack="2147483647"/>
</pin_list>
<bind>
<opset="icmp_ln125 "/>
</bind>
</comp>

<comp id="522" class="1005" name="select_ln103_reg_522">
<pin_list>
<pin id="523" dir="0" index="0" bw="9" slack="8"/>
<pin id="524" dir="1" index="1" bw="9" slack="8"/>
</pin_list>
<bind>
<opset="select_ln103 "/>
</bind>
</comp>

<comp id="527" class="1005" name="select_ln125_reg_527">
<pin_list>
<pin id="528" dir="0" index="0" bw="9" slack="115"/>
<pin id="529" dir="1" index="1" bw="9" slack="115"/>
</pin_list>
<bind>
<opset="select_ln125 "/>
</bind>
</comp>

<comp id="532" class="1005" name="tmp_3_reg_532">
<pin_list>
<pin id="533" dir="0" index="0" bw="20" slack="3"/>
<pin id="534" dir="1" index="1" bw="20" slack="3"/>
</pin_list>
<bind>
<opset="tmp_3 "/>
</bind>
</comp>

<comp id="538" class="1005" name="gmem_addr_reg_538">
<pin_list>
<pin id="539" dir="0" index="0" bw="32" slack="1"/>
<pin id="540" dir="1" index="1" bw="32" slack="1"/>
</pin_list>
<bind>
<opset="gmem_addr "/>
</bind>
</comp>

<comp id="544" class="1005" name="gmem_addr_4_reg_544">
<pin_list>
<pin id="545" dir="0" index="0" bw="32" slack="1"/>
<pin id="546" dir="1" index="1" bw="32" slack="1"/>
</pin_list>
<bind>
<opset="gmem_addr_4 "/>
</bind>
</comp>

<comp id="550" class="1005" name="gmem_addr_5_reg_550">
<pin_list>
<pin id="551" dir="0" index="0" bw="32" slack="1"/>
<pin id="552" dir="1" index="1" bw="32" slack="1"/>
</pin_list>
<bind>
<opset="gmem_addr_5 "/>
</bind>
</comp>

<comp id="556" class="1005" name="add_ln134_reg_556">
<pin_list>
<pin id="557" dir="0" index="0" bw="9" slack="107"/>
<pin id="558" dir="1" index="1" bw="9" slack="107"/>
</pin_list>
<bind>
<opset="add_ln134 "/>
</bind>
</comp>

<comp id="561" class="1005" name="gmem_addr_read_reg_561">
<pin_list>
<pin id="562" dir="0" index="0" bw="32" slack="8"/>
<pin id="563" dir="1" index="1" bw="32" slack="8"/>
</pin_list>
<bind>
<opset="gmem_addr_read "/>
</bind>
</comp>

<comp id="566" class="1005" name="gmem_addr_read_3_reg_566">
<pin_list>
<pin id="567" dir="0" index="0" bw="32" slack="6"/>
<pin id="568" dir="1" index="1" bw="32" slack="6"/>
</pin_list>
<bind>
<opset="gmem_addr_read_3 "/>
</bind>
</comp>

<comp id="571" class="1005" name="trunc_ln131_reg_571">
<pin_list>
<pin id="572" dir="0" index="0" bw="31" slack="3"/>
<pin id="573" dir="1" index="1" bw="31" slack="3"/>
</pin_list>
<bind>
<opset="trunc_ln131 "/>
</bind>
</comp>

<comp id="576" class="1005" name="empty_29_reg_576">
<pin_list>
<pin id="577" dir="0" index="0" bw="31" slack="1"/>
<pin id="578" dir="1" index="1" bw="31" slack="1"/>
</pin_list>
<bind>
<opset="empty_29 "/>
</bind>
</comp>

<comp id="581" class="1005" name="tmp59_reg_581">
<pin_list>
<pin id="582" dir="0" index="0" bw="31" slack="1"/>
<pin id="583" dir="1" index="1" bw="31" slack="1"/>
</pin_list>
<bind>
<opset="tmp59 "/>
</bind>
</comp>

<comp id="586" class="1005" name="add_ln130_reg_586">
<pin_list>
<pin id="587" dir="0" index="0" bw="32" slack="2"/>
<pin id="588" dir="1" index="1" bw="32" slack="2"/>
</pin_list>
<bind>
<opset="add_ln130 "/>
</bind>
</comp>

<comp id="591" class="1005" name="sub_ln130_reg_591">
<pin_list>
<pin id="592" dir="0" index="0" bw="32" slack="1"/>
<pin id="593" dir="1" index="1" bw="32" slack="1"/>
</pin_list>
<bind>
<opset="sub_ln130 "/>
</bind>
</comp>

<comp id="596" class="1005" name="sum_reg_596">
<pin_list>
<pin id="597" dir="0" index="0" bw="32" slack="1"/>
<pin id="598" dir="1" index="1" bw="32" slack="1"/>
</pin_list>
<bind>
<opset="sum "/>
</bind>
</comp>

<comp id="601" class="1005" name="gmem_addr_6_reg_601">
<pin_list>
<pin id="602" dir="0" index="0" bw="32" slack="1"/>
<pin id="603" dir="1" index="1" bw="32" slack="1"/>
</pin_list>
<bind>
<opset="gmem_addr_6 "/>
</bind>
</comp>

<comp id="607" class="1005" name="sdiv_ln135_reg_607">
<pin_list>
<pin id="608" dir="0" index="0" bw="32" slack="1"/>
<pin id="609" dir="1" index="1" bw="32" slack="1"/>
</pin_list>
<bind>
<opset="sdiv_ln135 "/>
</bind>
</comp>

</comp_list>

<net_list>
<net id="97"><net_src comp="8" pin="0"/><net_sink comp="94" pin=0"/></net>

<net id="101"><net_src comp="8" pin="0"/><net_sink comp="98" pin=0"/></net>

<net id="105"><net_src comp="8" pin="0"/><net_sink comp="102" pin=0"/></net>

<net id="110"><net_src comp="10" pin="0"/><net_sink comp="106" pin=0"/></net>

<net id="111"><net_src comp="6" pin="0"/><net_sink comp="106" pin=1"/></net>

<net id="116"><net_src comp="12" pin="0"/><net_sink comp="112" pin=0"/></net>

<net id="117"><net_src comp="4" pin="0"/><net_sink comp="112" pin=1"/></net>

<net id="122"><net_src comp="10" pin="0"/><net_sink comp="118" pin=0"/></net>

<net id="123"><net_src comp="2" pin="0"/><net_sink comp="118" pin=1"/></net>

<net id="129"><net_src comp="56" pin="0"/><net_sink comp="124" pin=0"/></net>

<net id="130"><net_src comp="58" pin="0"/><net_sink comp="124" pin=2"/></net>

<net id="136"><net_src comp="56" pin="0"/><net_sink comp="131" pin=0"/></net>

<net id="137"><net_src comp="58" pin="0"/><net_sink comp="131" pin=2"/></net>

<net id="143"><net_src comp="56" pin="0"/><net_sink comp="138" pin=0"/></net>

<net id="144"><net_src comp="58" pin="0"/><net_sink comp="138" pin=2"/></net>

<net id="149"><net_src comp="64" pin="0"/><net_sink comp="145" pin=0"/></net>

<net id="154"><net_src comp="64" pin="0"/><net_sink comp="150" pin=0"/></net>

<net id="159"><net_src comp="64" pin="0"/><net_sink comp="155" pin=0"/></net>

<net id="165"><net_src comp="78" pin="0"/><net_sink comp="160" pin=0"/></net>

<net id="166"><net_src comp="80" pin="0"/><net_sink comp="160" pin=2"/></net>

<net id="173"><net_src comp="82" pin="0"/><net_sink comp="167" pin=0"/></net>

<net id="174"><net_src comp="84" pin="0"/><net_sink comp="167" pin=3"/></net>

<net id="175"><net_src comp="86" pin="0"/><net_sink comp="160" pin=0"/></net>

<net id="179"><net_src comp="155" pin="2"/><net_sink comp="176" pin=0"/></net>

<net id="183"><net_src comp="112" pin="2"/><net_sink comp="180" pin=0"/></net>

<net id="188"><net_src comp="32" pin="0"/><net_sink comp="184" pin=0"/></net>

<net id="193"><net_src comp="34" pin="0"/><net_sink comp="189" pin=0"/></net>

<net id="198"><net_src comp="34" pin="0"/><net_sink comp="194" pin=0"/></net>

<net id="206"><net_src comp="199" pin="1"/><net_sink comp="202" pin=0"/></net>

<net id="207"><net_src comp="38" pin="0"/><net_sink comp="202" pin=1"/></net>

<net id="212"><net_src comp="199" pin="1"/><net_sink comp="208" pin=0"/></net>

<net id="213"><net_src comp="40" pin="0"/><net_sink comp="208" pin=1"/></net>

<net id="224"><net_src comp="214" pin="1"/><net_sink comp="220" pin=0"/></net>

<net id="225"><net_src comp="42" pin="0"/><net_sink comp="220" pin=1"/></net>

<net id="231"><net_src comp="220" pin="2"/><net_sink comp="226" pin=0"/></net>

<net id="232"><net_src comp="34" pin="0"/><net_sink comp="226" pin=1"/></net>

<net id="233"><net_src comp="214" pin="1"/><net_sink comp="226" pin=2"/></net>

<net id="238"><net_src comp="217" pin="1"/><net_sink comp="234" pin=0"/></net>

<net id="239"><net_src comp="44" pin="0"/><net_sink comp="234" pin=1"/></net>

<net id="245"><net_src comp="220" pin="2"/><net_sink comp="240" pin=0"/></net>

<net id="246"><net_src comp="234" pin="2"/><net_sink comp="240" pin=1"/></net>

<net id="247"><net_src comp="217" pin="1"/><net_sink comp="240" pin=2"/></net>

<net id="254"><net_src comp="46" pin="0"/><net_sink comp="248" pin=0"/></net>

<net id="255"><net_src comp="240" pin="3"/><net_sink comp="248" pin=1"/></net>

<net id="256"><net_src comp="226" pin="3"/><net_sink comp="248" pin=2"/></net>

<net id="257"><net_src comp="48" pin="0"/><net_sink comp="248" pin=3"/></net>

<net id="261"><net_src comp="248" pin="4"/><net_sink comp="258" pin=0"/></net>

<net id="266"><net_src comp="258" pin="1"/><net_sink comp="262" pin=0"/></net>

<net id="273"><net_src comp="50" pin="0"/><net_sink comp="267" pin=0"/></net>

<net id="274"><net_src comp="262" pin="2"/><net_sink comp="267" pin=1"/></net>

<net id="275"><net_src comp="52" pin="0"/><net_sink comp="267" pin=2"/></net>

<net id="276"><net_src comp="54" pin="0"/><net_sink comp="267" pin=3"/></net>

<net id="280"><net_src comp="267" pin="4"/><net_sink comp="277" pin=0"/></net>

<net id="285"><net_src comp="0" pin="0"/><net_sink comp="281" pin=0"/></net>

<net id="286"><net_src comp="277" pin="1"/><net_sink comp="281" pin=1"/></net>

<net id="291"><net_src comp="208" pin="2"/><net_sink comp="287" pin=0"/></net>

<net id="296"><net_src comp="240" pin="3"/><net_sink comp="292" pin=0"/></net>

<net id="301"><net_src comp="60" pin="0"/><net_sink comp="297" pin=1"/></net>

<net id="305"><net_src comp="297" pin="2"/><net_sink comp="302" pin=0"/></net>

<net id="310"><net_src comp="302" pin="1"/><net_sink comp="306" pin=0"/></net>

<net id="317"><net_src comp="50" pin="0"/><net_sink comp="311" pin=0"/></net>

<net id="318"><net_src comp="306" pin="2"/><net_sink comp="311" pin=1"/></net>

<net id="319"><net_src comp="52" pin="0"/><net_sink comp="311" pin=2"/></net>

<net id="320"><net_src comp="54" pin="0"/><net_sink comp="311" pin=3"/></net>

<net id="324"><net_src comp="311" pin="4"/><net_sink comp="321" pin=0"/></net>

<net id="329"><net_src comp="0" pin="0"/><net_sink comp="325" pin=0"/></net>

<net id="330"><net_src comp="321" pin="1"/><net_sink comp="325" pin=1"/></net>

<net id="335"><net_src comp="62" pin="0"/><net_sink comp="331" pin=1"/></net>

<net id="339"><net_src comp="331" pin="2"/><net_sink comp="336" pin=0"/></net>

<net id="344"><net_src comp="336" pin="1"/><net_sink comp="340" pin=0"/></net>

<net id="351"><net_src comp="50" pin="0"/><net_sink comp="345" pin=0"/></net>

<net id="352"><net_src comp="340" pin="2"/><net_sink comp="345" pin=1"/></net>

<net id="353"><net_src comp="52" pin="0"/><net_sink comp="345" pin=2"/></net>

<net id="354"><net_src comp="54" pin="0"/><net_sink comp="345" pin=3"/></net>

<net id="358"><net_src comp="345" pin="4"/><net_sink comp="355" pin=0"/></net>

<net id="363"><net_src comp="0" pin="0"/><net_sink comp="359" pin=0"/></net>

<net id="364"><net_src comp="355" pin="1"/><net_sink comp="359" pin=1"/></net>

<net id="369"><net_src comp="44" pin="0"/><net_sink comp="365" pin=1"/></net>

<net id="374"><net_src comp="365" pin="2"/><net_sink comp="370" pin=0"/></net>

<net id="378"><net_src comp="150" pin="2"/><net_sink comp="375" pin=0"/></net>

<net id="382"><net_src comp="150" pin="2"/><net_sink comp="379" pin=0"/></net>

<net id="392"><net_src comp="66" pin="0"/><net_sink comp="387" pin=0"/></net>

<net id="393"><net_src comp="68" pin="0"/><net_sink comp="387" pin=2"/></net>

<net id="398"><net_src comp="176" pin="1"/><net_sink comp="394" pin=0"/></net>

<net id="399"><net_src comp="387" pin="3"/><net_sink comp="394" pin=1"/></net>

<net id="412"><net_src comp="404" pin="2"/><net_sink comp="408" pin=0"/></net>

<net id="413"><net_src comp="176" pin="1"/><net_sink comp="408" pin=1"/></net>

<net id="418"><net_src comp="408" pin="2"/><net_sink comp="414" pin=0"/></net>

<net id="424"><net_src comp="70" pin="0"/><net_sink comp="419" pin=0"/></net>

<net id="425"><net_src comp="34" pin="0"/><net_sink comp="419" pin=2"/></net>

<net id="431"><net_src comp="72" pin="0"/><net_sink comp="426" pin=0"/></net>

<net id="432"><net_src comp="74" pin="0"/><net_sink comp="426" pin=1"/></net>

<net id="436"><net_src comp="426" pin="3"/><net_sink comp="433" pin=0"/></net>

<net id="441"><net_src comp="433" pin="1"/><net_sink comp="437" pin=0"/></net>

<net id="442"><net_src comp="419" pin="3"/><net_sink comp="437" pin=1"/></net>

<net id="448"><net_src comp="76" pin="0"/><net_sink comp="443" pin=0"/></net>

<net id="449"><net_src comp="437" pin="2"/><net_sink comp="443" pin=1"/></net>

<net id="450"><net_src comp="48" pin="0"/><net_sink comp="443" pin=2"/></net>

<net id="454"><net_src comp="443" pin="3"/><net_sink comp="451" pin=0"/></net>

<net id="459"><net_src comp="451" pin="1"/><net_sink comp="455" pin=0"/></net>

<net id="466"><net_src comp="50" pin="0"/><net_sink comp="460" pin=0"/></net>

<net id="467"><net_src comp="455" pin="2"/><net_sink comp="460" pin=1"/></net>

<net id="468"><net_src comp="52" pin="0"/><net_sink comp="460" pin=2"/></net>

<net id="469"><net_src comp="54" pin="0"/><net_sink comp="460" pin=3"/></net>

<net id="473"><net_src comp="460" pin="4"/><net_sink comp="470" pin=0"/></net>

<net id="478"><net_src comp="0" pin="0"/><net_sink comp="474" pin=0"/></net>

<net id="479"><net_src comp="470" pin="1"/><net_sink comp="474" pin=1"/></net>

<net id="483"><net_src comp="94" pin="1"/><net_sink comp="480" pin=0"/></net>

<net id="484"><net_src comp="480" pin="1"/><net_sink comp="194" pin=1"/></net>

<net id="485"><net_src comp="480" pin="1"/><net_sink comp="214" pin=0"/></net>

<net id="486"><net_src comp="480" pin="1"/><net_sink comp="370" pin=1"/></net>

<net id="490"><net_src comp="98" pin="1"/><net_sink comp="487" pin=0"/></net>

<net id="491"><net_src comp="487" pin="1"/><net_sink comp="189" pin=1"/></net>

<net id="492"><net_src comp="487" pin="1"/><net_sink comp="217" pin=0"/></net>

<net id="493"><net_src comp="487" pin="1"/><net_sink comp="292" pin=1"/></net>

<net id="497"><net_src comp="102" pin="1"/><net_sink comp="494" pin=0"/></net>

<net id="498"><net_src comp="494" pin="1"/><net_sink comp="184" pin=1"/></net>

<net id="499"><net_src comp="494" pin="1"/><net_sink comp="199" pin=0"/></net>

<net id="500"><net_src comp="494" pin="1"/><net_sink comp="287" pin=1"/></net>

<net id="504"><net_src comp="106" pin="2"/><net_sink comp="501" pin=0"/></net>

<net id="505"><net_src comp="501" pin="1"/><net_sink comp="455" pin=1"/></net>

<net id="509"><net_src comp="118" pin="2"/><net_sink comp="506" pin=0"/></net>

<net id="510"><net_src comp="506" pin="1"/><net_sink comp="262" pin=1"/></net>

<net id="511"><net_src comp="506" pin="1"/><net_sink comp="306" pin=1"/></net>

<net id="512"><net_src comp="506" pin="1"/><net_sink comp="340" pin=1"/></net>

<net id="516"><net_src comp="180" pin="1"/><net_sink comp="513" pin=0"/></net>

<net id="517"><net_src comp="513" pin="1"/><net_sink comp="414" pin=1"/></net>

<net id="521"><net_src comp="202" pin="2"/><net_sink comp="518" pin=0"/></net>

<net id="525"><net_src comp="226" pin="3"/><net_sink comp="522" pin=0"/></net>

<net id="526"><net_src comp="522" pin="1"/><net_sink comp="365" pin=0"/></net>

<net id="530"><net_src comp="240" pin="3"/><net_sink comp="527" pin=0"/></net>

<net id="531"><net_src comp="527" pin="1"/><net_sink comp="419" pin=1"/></net>

<net id="535"><net_src comp="248" pin="4"/><net_sink comp="532" pin=0"/></net>

<net id="536"><net_src comp="532" pin="1"/><net_sink comp="297" pin=0"/></net>

<net id="537"><net_src comp="532" pin="1"/><net_sink comp="331" pin=0"/></net>

<net id="541"><net_src comp="281" pin="2"/><net_sink comp="538" pin=0"/></net>

<net id="542"><net_src comp="538" pin="1"/><net_sink comp="124" pin=1"/></net>

<net id="543"><net_src comp="538" pin="1"/><net_sink comp="145" pin=1"/></net>

<net id="547"><net_src comp="325" pin="2"/><net_sink comp="544" pin=0"/></net>

<net id="548"><net_src comp="544" pin="1"/><net_sink comp="131" pin=1"/></net>

<net id="549"><net_src comp="544" pin="1"/><net_sink comp="150" pin=1"/></net>

<net id="553"><net_src comp="359" pin="2"/><net_sink comp="550" pin=0"/></net>

<net id="554"><net_src comp="550" pin="1"/><net_sink comp="138" pin=1"/></net>

<net id="555"><net_src comp="550" pin="1"/><net_sink comp="155" pin=1"/></net>

<net id="559"><net_src comp="365" pin="2"/><net_sink comp="556" pin=0"/></net>

<net id="560"><net_src comp="556" pin="1"/><net_sink comp="426" pin=2"/></net>

<net id="564"><net_src comp="145" pin="2"/><net_sink comp="561" pin=0"/></net>

<net id="565"><net_src comp="561" pin="1"/><net_sink comp="400" pin=0"/></net>

<net id="569"><net_src comp="145" pin="2"/><net_sink comp="566" pin=0"/></net>

<net id="570"><net_src comp="566" pin="1"/><net_sink comp="400" pin=1"/></net>

<net id="574"><net_src comp="375" pin="1"/><net_sink comp="571" pin=0"/></net>

<net id="575"><net_src comp="571" pin="1"/><net_sink comp="383" pin=0"/></net>

<net id="579"><net_src comp="379" pin="1"/><net_sink comp="576" pin=0"/></net>

<net id="580"><net_src comp="576" pin="1"/><net_sink comp="383" pin=1"/></net>

<net id="584"><net_src comp="383" pin="2"/><net_sink comp="581" pin=0"/></net>

<net id="585"><net_src comp="581" pin="1"/><net_sink comp="387" pin=1"/></net>

<net id="589"><net_src comp="394" pin="2"/><net_sink comp="586" pin=0"/></net>

<net id="590"><net_src comp="586" pin="1"/><net_sink comp="404" pin=0"/></net>

<net id="594"><net_src comp="400" pin="2"/><net_sink comp="591" pin=0"/></net>

<net id="595"><net_src comp="591" pin="1"/><net_sink comp="404" pin=1"/></net>

<net id="599"><net_src comp="408" pin="2"/><net_sink comp="596" pin=0"/></net>

<net id="600"><net_src comp="596" pin="1"/><net_sink comp="414" pin=0"/></net>

<net id="604"><net_src comp="474" pin="2"/><net_sink comp="601" pin=0"/></net>

<net id="605"><net_src comp="601" pin="1"/><net_sink comp="160" pin=1"/></net>

<net id="606"><net_src comp="601" pin="1"/><net_sink comp="167" pin=1"/></net>

<net id="610"><net_src comp="414" pin="2"/><net_sink comp="607" pin=0"/></net>

<net id="611"><net_src comp="607" pin="1"/><net_sink comp="167" pin=2"/></net>

</net_list>

</model> 
---------------- Datapath Model END ------------------

* FSMD analyzer results:
  - Output states:
	Port: gmem | {118 119 120 121 122 123 124 125 126 127 128 129 130 131 132 133 134 135 136 137 138 139 140 141 142 143 144 145 146 147 148 149 150 151 152 153 154 155 156 157 158 159 160 161 162 163 164 165 166 167 168 169 170 171 172 173 174 175 176 177 178 179 180 181 182 183 184 185 186 187 }
 - Input state : 
	Port: edge_detect_hw_Pipeline_4 : gmem | {3 4 5 6 7 8 9 10 11 12 13 14 15 16 17 18 19 20 21 22 23 24 25 26 27 28 29 30 31 32 33 34 35 36 37 38 39 40 41 42 43 44 45 46 47 48 49 50 51 52 53 54 55 56 57 58 59 60 61 62 63 64 65 66 67 68 69 70 71 72 73 74 75 76 77 78 79 80 81 82 }
	Port: edge_detect_hw_Pipeline_4 : output_r | {1 }
	Port: edge_detect_hw_Pipeline_4 : normal_factor_2_reload | {1 }
	Port: edge_detect_hw_Pipeline_4 : image_gray | {1 }
  - Chain level:
	State 1
		store_ln0 : 1
		store_ln103 : 1
		store_ln102 : 1
	State 2
		icmp_ln125 : 1
		add_ln125 : 1
		br_ln125 : 2
		icmp_ln126 : 1
		select_ln103 : 2
		add_ln125_1 : 1
		select_ln125 : 2
		tmp_3 : 3
		p_cast22 : 4
		empty : 5
		trunc_ln2 : 6
		sext_ln129 : 7
		gmem_addr : 8
		store_ln125 : 2
		store_ln103 : 3
	State 3
	State 4
	State 5
		tmp14_cast : 1
		empty_26 : 2
		trunc_ln129_1 : 3
		sext_ln129_1 : 4
		gmem_addr_4 : 5
	State 6
	State 7
	State 8
		tmp15_cast : 1
		empty_30 : 2
		trunc_ln129_2 : 3
		sext_ln129_2 : 4
		gmem_addr_5 : 5
	State 9
	State 10
		store_ln102 : 1
	State 11
	State 12
	State 13
	State 14
	State 15
	State 16
	State 17
	State 18
	State 19
	State 20
	State 21
	State 22
	State 23
	State 24
	State 25
	State 26
	State 27
	State 28
	State 29
	State 30
	State 31
	State 32
	State 33
	State 34
	State 35
	State 36
	State 37
	State 38
	State 39
	State 40
	State 41
	State 42
	State 43
	State 44
	State 45
	State 46
	State 47
	State 48
	State 49
	State 50
	State 51
	State 52
	State 53
	State 54
	State 55
	State 56
	State 57
	State 58
	State 59
	State 60
	State 61
	State 62
	State 63
	State 64
	State 65
	State 66
	State 67
	State 68
	State 69
	State 70
	State 71
	State 72
	State 73
	State 74
	State 75
	State 76
	State 77
	State 78
	State 79
	State 80
	State 81
		add_ln130 : 1
	State 82
	State 83
		sum : 1
		sdiv_ln135 : 2
	State 84
	State 85
	State 86
	State 87
	State 88
	State 89
	State 90
	State 91
	State 92
	State 93
	State 94
	State 95
	State 96
	State 97
	State 98
	State 99
	State 100
	State 101
	State 102
	State 103
	State 104
	State 105
	State 106
	State 107
	State 108
	State 109
	State 110
	State 111
	State 112
	State 113
	State 114
	State 115
	State 116
	State 117
		zext_ln134 : 1
		add_ln134_1 : 2
		shl_ln4 : 3
		zext_ln134_1 : 4
		add_ln134_2 : 5
		trunc_ln4 : 6
		sext_ln134 : 7
		gmem_addr_6 : 8
	State 118
	State 119
	State 120
	State 121
	State 122
	State 123
	State 124
	State 125
	State 126
	State 127
	State 128
	State 129
	State 130
	State 131
	State 132
	State 133
	State 134
	State 135
	State 136
	State 137
	State 138
	State 139
	State 140
	State 141
	State 142
	State 143
	State 144
	State 145
	State 146
	State 147
	State 148
	State 149
	State 150
	State 151
	State 152
	State 153
	State 154
	State 155
	State 156
	State 157
	State 158
	State 159
	State 160
	State 161
	State 162
	State 163
	State 164
	State 165
	State 166
	State 167
	State 168
	State 169
	State 170
	State 171
	State 172
	State 173
	State 174
	State 175
	State 176
	State 177
	State 178
	State 179
	State 180
	State 181
	State 182
	State 183
	State 184
	State 185
	State 186
	State 187


============================================================
+ Verbose Summary: Datapath Resource usage 
============================================================

* Functional unit list:
|----------|-----------------------------------------|---------|---------|
| Operation|             Functional Unit             |    FF   |   LUT   |
|----------|-----------------------------------------|---------|---------|
|   sdiv   |                grp_fu_414               |   2283  |   1738  |
|----------|-----------------------------------------|---------|---------|
|          |             add_ln125_fu_208            |    0    |    25   |
|          |            add_ln125_1_fu_234           |    0    |    16   |
|          |               empty_fu_262              |    0    |    71   |
|          |               tmp14_fu_297              |    0    |    27   |
|          |             empty_26_fu_306             |    0    |    71   |
|    add   |               tmp15_fu_331              |    0    |    27   |
|          |             empty_30_fu_340             |    0    |    71   |
|          |             add_ln134_fu_365            |    0    |    16   |
|          |             add_ln130_fu_394            |    0    |    39   |
|          |            add_ln130_1_fu_404           |    0    |    32   |
|          |            add_ln134_1_fu_437           |    0    |    25   |
|          |            add_ln134_2_fu_455           |    0    |    71   |
|----------|-----------------------------------------|---------|---------|
|          |               tmp59_fu_383              |    0    |    38   |
|    sub   |             sub_ln130_fu_400            |    0    |    39   |
|          |                sum_fu_408               |    0    |    32   |
|----------|-----------------------------------------|---------|---------|
|   icmp   |            icmp_ln125_fu_202            |    0    |    25   |
|          |            icmp_ln126_fu_220            |    0    |    16   |
|----------|-----------------------------------------|---------|---------|
|  select  |           select_ln103_fu_226           |    0    |    9    |
|          |           select_ln125_fu_240           |    0    |    9    |
|----------|-----------------------------------------|---------|---------|
|          |       image_gray_read_read_fu_106       |    0    |    0    |
|          | normal_factor_2_reload_read_read_fu_112 |    0    |    0    |
|   read   |        output_r_read_read_fu_118        |    0    |    0    |
|          |             grp_read_fu_145             |    0    |    0    |
|          |             grp_read_fu_150             |    0    |    0    |
|          |             grp_read_fu_155             |    0    |    0    |
|----------|-----------------------------------------|---------|---------|
|          |            grp_readreq_fu_124           |    0    |    0    |
|  readreq |            grp_readreq_fu_131           |    0    |    0    |
|          |            grp_readreq_fu_138           |    0    |    0    |
|----------|-----------------------------------------|---------|---------|
| writeresp|           grp_writeresp_fu_160          |    0    |    0    |
|----------|-----------------------------------------|---------|---------|
|   write  |         write_ln134_write_fu_167        |    0    |    0    |
|----------|-----------------------------------------|---------|---------|
|          |    normal_factor_2_reload_cast_fu_180   |    0    |    0    |
|          |             p_cast22_fu_258             |    0    |    0    |
|   zext   |            tmp14_cast_fu_302            |    0    |    0    |
|          |            tmp15_cast_fu_336            |    0    |    0    |
|          |            zext_ln134_fu_433            |    0    |    0    |
|          |           zext_ln134_1_fu_451           |    0    |    0    |
|----------|-----------------------------------------|---------|---------|
|          |               tmp_3_fu_248              |    0    |    0    |
|          |               tmp6_fu_387               |    0    |    0    |
|bitconcatenate|              shl_ln3_fu_419             |    0    |    0    |
|          |          zext_ln134_cast_fu_426         |    0    |    0    |
|          |              shl_ln4_fu_443             |    0    |    0    |
|----------|-----------------------------------------|---------|---------|
|          |             trunc_ln2_fu_267            |    0    |    0    |
|partselect|           trunc_ln129_1_fu_311          |    0    |    0    |
|          |           trunc_ln129_2_fu_345          |    0    |    0    |
|          |             trunc_ln4_fu_460            |    0    |    0    |
|----------|-----------------------------------------|---------|---------|
|          |            sext_ln129_fu_277            |    0    |    0    |
|   sext   |           sext_ln129_1_fu_321           |    0    |    0    |
|          |           sext_ln129_2_fu_355           |    0    |    0    |
|          |            sext_ln134_fu_470            |    0    |    0    |
|----------|-----------------------------------------|---------|---------|
|   trunc  |            trunc_ln131_fu_375           |    0    |    0    |
|          |             empty_29_fu_379             |    0    |    0    |
|----------|-----------------------------------------|---------|---------|
|   Total  |                                         |   2283  |   2397  |
|----------|-----------------------------------------|---------|---------|

Memories:
N/A

* Register list:
+-----------------------------------+--------+
|                                   |   FF   |
+-----------------------------------+--------+
|         add_ln130_reg_586         |   32   |
|         add_ln134_reg_556         |    9   |
|             c_reg_480             |    9   |
|          empty_29_reg_576         |   31   |
|        gmem_addr_4_reg_544        |   32   |
|        gmem_addr_5_reg_550        |   32   |
|        gmem_addr_6_reg_601        |   32   |
|      gmem_addr_read_3_reg_566     |   32   |
|       gmem_addr_read_reg_561      |   32   |
|         gmem_addr_reg_538         |   32   |
|         icmp_ln125_reg_518        |    1   |
|      image_gray_read_reg_501      |   64   |
|      indvar_flatten26_reg_494     |   18   |
|normal_factor_2_reload_cast_reg_513|   32   |
|       output_r_read_reg_506       |   64   |
|             r_reg_487             |    9   |
|              reg_176              |   32   |
|         sdiv_ln135_reg_607        |   32   |
|        select_ln103_reg_522       |    9   |
|        select_ln125_reg_527       |    9   |
|         sub_ln130_reg_591         |   32   |
|            sum_reg_596            |   32   |
|           tmp59_reg_581           |   31   |
|           tmp_3_reg_532           |   20   |
|        trunc_ln131_reg_571        |   31   |
+-----------------------------------+--------+
|               Total               |   689  |
+-----------------------------------+--------+

* Multiplexer (MUX) list: 
|----------------------|------|------|------|--------||---------||---------||---------|
|         Comp         |  Pin | Size |  BW  | S x BW ||  Delay  ||    FF   ||   LUT   |
|----------------------|------|------|------|--------||---------||---------||---------|
| grp_writeresp_fu_160 |  p0  |   2  |   1  |    2   |
|      grp_fu_414      |  p0  |   2  |  32  |   64   ||    0    ||    9    |
|----------------------|------|------|------|--------||---------||---------||---------|
|         Total        |      |      |      |   66   ||  0.854  ||    0    ||    9    |
|----------------------|------|------|------|--------||---------||---------||---------|



* Summary:
+-----------+--------+--------+--------+
|           |  Delay |   FF   |   LUT  |
+-----------+--------+--------+--------+
|  Function |    -   |  2283  |  2397  |
|   Memory  |    -   |    -   |    -   |
|Multiplexer|    0   |    0   |    9   |
|  Register |    -   |   689  |    -   |
+-----------+--------+--------+--------+
|   Total   |    0   |  2972  |  2406  |
+-----------+--------+--------+--------+
