

================================================================
== Vitis HLS Report for 'edge_detect_hw_Pipeline_2'
================================================================
* Date:           Tue Sep  8 14:06:57 2026

* Version:        2024.2.2 (Build 6049644 on Mar  5 2025)
* Project:        final
* Solution:       hls (Vitis Kernel Flow Target)
* Product family: zynquplus
* Target device:  xczu9eg-ffvb1156-2-e


================================================================
== Performance Estimates
================================================================
+ Timing: 
    * Summary: 
    +--------+---------+----------+------------+
    |  Clock |  Target | Estimated| Uncertainty|
    +--------+---------+----------+------------+
    |ap_clk  |  6.67 ns|  4.667 ns|     2.00 ns|
    +--------+---------+----------+------------+

+ Latency: 
    * Summary: 
    +---------+---------+-----------+-----------+---------+---------+------------------------------------------------+
    |  Latency (cycles) |   Latency (absolute)  |      Interval     |                    Pipeline                    |
    |   min   |   max   |    min    |    max    |   min   |   max   |                      Type                      |
    +---------+---------+-----------+-----------+---------+---------+------------------------------------------------+
    |  2341078|  2341078|  15.608 ms|  15.608 ms|  2340909|  2340909|  loop auto-rewind stp (delay=0 clock cycles(s))|
    +---------+---------+-----------+-----------+---------+---------+------------------------------------------------+

    + Detail: 
        * Instance: 
        N/A

        * Loop: 
        +----------+---------+---------+----------+-----------+-----------+--------+----------+
        |          |  Latency (cycles) | Iteration|  Initiation Interval  |  Trip  |          |
        | Loop Name|   min   |   max   |  Latency |  achieved |   target  |  Count | Pipelined|
        +----------+---------+---------+----------+-----------+-----------+--------+----------+
        |- Loop 1  |  2341076|  2341076|       186|          9|          1|  260100|       yes|
        +----------+---------+---------+----------+-----------+-----------+--------+----------+

============================================================
+ Verbose Summary: Synthesis Manager
============================================================
InlineROM: 1
ExposeGlobal: 0
============================================================
+ Verbose Summary: CDFG Model
============================================================
IsTopModel: 0
ResetActiveHigh: 1
IsCombinational: 0
IsDatapathOnly: 0
HasWiredReturn: 1
HasMFsm: 2
HasVarLatency: 1
IsPipeline: 0
IsRtlPipelined: 0
IsInstanceOverlapped: 0
IsDontTouch: 0
HasImplIP: 0
IsGatedGlobalClock: 0

+ Individual pipeline summary: 
  * Pipeline-0: initiation interval (II) = 9, depth = 187


============================================================
+ Verbose Summary: Schedule
============================================================
* Number of FSM states : 187
* Pipeline : 1
  Pipeline-0 : II = 9, D = 187, States = { 1 2 3 4 5 6 7 8 9 10 11 12 13 14 15 16 17 18 19 20 21 22 23 24 25 26 27 28 29 30 31 32 33 34 35 36 37 38 39 40 41 42 43 44 45 46 47 48 49 50 51 52 53 54 55 56 57 58 59 60 61 62 63 64 65 66 67 68 69 70 71 72 73 74 75 76 77 78 79 80 81 82 83 84 85 86 87 88 89 90 91 92 93 94 95 96 97 98 99 100 101 102 103 104 105 106 107 108 109 110 111 112 113 114 115 116 117 118 119 120 121 122 123 124 125 126 127 128 129 130 131 132 133 134 135 136 137 138 139 140 141 142 143 144 145 146 147 148 149 150 151 152 153 154 155 156 157 158 159 160 161 162 163 164 165 166 167 168 169 170 171 172 173 174 175 176 177 178 179 180 181 182 183 184 185 186 187 }
* Dataflow Pipeline: 0

* FSM state transitions: 
1 --> 2 
2 --> 3 
3 --> 4 
4 --> 5 
5 --> 6 
6 --> 7 
7 --> 8 
8 --> 9 
9 --> 10 
10 --> 11 
11 --> 12 
12 --> 13 
13 --> 14 
14 --> 15 
15 --> 16 
16 --> 17 
17 --> 18 
18 --> 19 
19 --> 20 
20 --> 21 
21 --> 22 
22 --> 23 
23 --> 24 
24 --> 25 
25 --> 26 
26 --> 27 
27 --> 28 
28 --> 29 
29 --> 30 
30 --> 31 
31 --> 32 
32 --> 33 
33 --> 34 
34 --> 35 
35 --> 36 
36 --> 37 
37 --> 38 
38 --> 39 
39 --> 40 
40 --> 41 
41 --> 42 
42 --> 43 
43 --> 44 
44 --> 45 
45 --> 46 
46 --> 47 
47 --> 48 
48 --> 49 
49 --> 50 
50 --> 51 
51 --> 52 
52 --> 53 
53 --> 54 
54 --> 55 
55 --> 56 
56 --> 57 
57 --> 58 
58 --> 59 
59 --> 60 
60 --> 61 
61 --> 62 
62 --> 63 
63 --> 64 
64 --> 65 
65 --> 66 
66 --> 67 
67 --> 68 
68 --> 69 
69 --> 70 
70 --> 71 
71 --> 72 
72 --> 73 
73 --> 74 
74 --> 75 
75 --> 76 
76 --> 77 
77 --> 78 
78 --> 79 
79 --> 80 
80 --> 81 
81 --> 82 
82 --> 83 
83 --> 84 
84 --> 85 
85 --> 86 
86 --> 87 
87 --> 88 
88 --> 89 
89 --> 90 
90 --> 91 
91 --> 92 
92 --> 93 
93 --> 94 
94 --> 95 
95 --> 96 
96 --> 97 
97 --> 98 
98 --> 99 
99 --> 100 
100 --> 101 
101 --> 102 
102 --> 103 
103 --> 104 
104 --> 105 
105 --> 106 
106 --> 107 
107 --> 108 
108 --> 109 
109 --> 110 
110 --> 111 
111 --> 112 
112 --> 113 
113 --> 114 
114 --> 115 
115 --> 116 
116 --> 117 
117 --> 118 
118 --> 119 
119 --> 120 
120 --> 121 
121 --> 122 
122 --> 123 
123 --> 124 
124 --> 125 
125 --> 126 
126 --> 127 
127 --> 128 
128 --> 129 
129 --> 130 
130 --> 131 
131 --> 132 
132 --> 133 
133 --> 134 
134 --> 135 
135 --> 136 
136 --> 137 
137 --> 138 
138 --> 139 
139 --> 140 
140 --> 141 
141 --> 142 
142 --> 143 
143 --> 144 
144 --> 145 
145 --> 146 
146 --> 147 
147 --> 148 
148 --> 149 
149 --> 150 
150 --> 151 
151 --> 152 
152 --> 153 
153 --> 154 
154 --> 155 
155 --> 156 
156 --> 157 
157 --> 158 
158 --> 159 
159 --> 160 
160 --> 161 
161 --> 162 
162 --> 163 
163 --> 164 
164 --> 165 
165 --> 166 
166 --> 167 
167 --> 168 
168 --> 169 
169 --> 170 
170 --> 171 
171 --> 172 
172 --> 173 
173 --> 174 
174 --> 175 
175 --> 176 
176 --> 177 
177 --> 178 
178 --> 179 
179 --> 180 
180 --> 181 
181 --> 182 
182 --> 183 
183 --> 184 
184 --> 185 
185 --> 186 
186 --> 187 
187 --> 

* FSM state operations: 

State 1 <SV = 0> <Delay = 0.42>
ST_1 : Operation 189 [1/1] (0.00ns)   --->   "%c = alloca i32 1" [cluster.cpp:156->cluster.cpp:19]   --->   Operation 189 'alloca' 'c' <Predicate = true> <Delay = 0.00>
ST_1 : Operation 190 [1/1] (0.00ns)   --->   "%r = alloca i32 1" [cluster.cpp:157->cluster.cpp:19]   --->   Operation 190 'alloca' 'r' <Predicate = true> <Delay = 0.00>
ST_1 : Operation 191 [1/1] (0.00ns)   --->   "%indvar_flatten12 = alloca i32 1"   --->   Operation 191 'alloca' 'indvar_flatten12' <Predicate = true> <Delay = 0.00>
ST_1 : Operation 192 [1/1] (0.00ns)   --->   "%output_r_read = read i64 @_ssdm_op_Read.ap_auto.i64, i64 %output_r"   --->   Operation 192 'read' 'output_r_read' <Predicate = true> <Delay = 0.00>
ST_1 : Operation 193 [1/1] (0.00ns)   --->   "%normal_factor_1_reload_read = read i6 @_ssdm_op_Read.ap_auto.i6, i6 %normal_factor_1_reload"   --->   Operation 193 'read' 'normal_factor_1_reload_read' <Predicate = true> <Delay = 0.00>
ST_1 : Operation 194 [1/1] (0.00ns)   --->   "%image_gray_read = read i64 @_ssdm_op_Read.ap_auto.i64, i64 %image_gray"   --->   Operation 194 'read' 'image_gray_read' <Predicate = true> <Delay = 0.00>
ST_1 : Operation 195 [1/1] (0.00ns)   --->   "%normal_factor_1_reload_cast = zext i6 %normal_factor_1_reload_read"   --->   Operation 195 'zext' 'normal_factor_1_reload_cast' <Predicate = true> <Delay = 0.00>
ST_1 : Operation 196 [1/1] (0.00ns)   --->   "%specinterface_ln0 = specinterface void @_ssdm_op_SpecInterface, i32 %gmem, void @empty, i32 0, i32 0, void @empty_0, i32 64, i32 0, void @empty_1, void @empty_2, void @empty_0, i32 16, i32 16, i32 16, i32 16, void @empty_0, void @empty_0, i32 4294967295, i32 0, i32 0"   --->   Operation 196 'specinterface' 'specinterface_ln0' <Predicate = true> <Delay = 0.00>
ST_1 : Operation 197 [1/1] (0.42ns)   --->   "%store_ln0 = store i18 0, i18 %indvar_flatten12"   --->   Operation 197 'store' 'store_ln0' <Predicate = true> <Delay = 0.42>
ST_1 : Operation 198 [1/1] (0.42ns)   --->   "%store_ln157 = store i9 0, i9 %r" [cluster.cpp:157->cluster.cpp:19]   --->   Operation 198 'store' 'store_ln157' <Predicate = true> <Delay = 0.42>
ST_1 : Operation 199 [1/1] (0.42ns)   --->   "%store_ln156 = store i9 0, i9 %c" [cluster.cpp:156->cluster.cpp:19]   --->   Operation 199 'store' 'store_ln156' <Predicate = true> <Delay = 0.42>
ST_1 : Operation 200 [1/1] (0.00ns)   --->   "%br_ln0 = br void %for.body13.i"   --->   Operation 200 'br' 'br_ln0' <Predicate = true> <Delay = 0.00>

State 2 <SV = 1> <Delay = 2.25>
ST_2 : Operation 201 [1/1] (0.00ns)   --->   "%indvar_flatten12_load = load i18 %indvar_flatten12" [cluster.cpp:179->cluster.cpp:19]   --->   Operation 201 'load' 'indvar_flatten12_load' <Predicate = true> <Delay = 0.00>
ST_2 : Operation 202 [1/1] (0.00ns)   --->   "%specbitsmap_ln0 = specbitsmap void @_ssdm_op_SpecBitsMap, i32 %gmem"   --->   Operation 202 'specbitsmap' 'specbitsmap_ln0' <Predicate = true> <Delay = 0.00>
ST_2 : Operation 203 [1/1] (0.87ns)   --->   "%icmp_ln179 = icmp_eq  i18 %indvar_flatten12_load, i18 260100" [cluster.cpp:179->cluster.cpp:19]   --->   Operation 203 'icmp' 'icmp_ln179' <Predicate = true> <Delay = 0.87> <CoreInst = "Cmp">   --->   Core 9 'Cmp' <Latency = 0> <II = 1> <Delay = 0.87> <FuncUnit> <Opcode : 'seteq' 'setne' 'setle' 'setge' 'setlt' 'setgt'> <InPorts = 2> <OutPorts = 1>
ST_2 : Operation 204 [1/1] (0.87ns)   --->   "%add_ln179 = add i18 %indvar_flatten12_load, i18 1" [cluster.cpp:179->cluster.cpp:19]   --->   Operation 204 'add' 'add_ln179' <Predicate = true> <Delay = 0.87> <CoreInst = "Adder">   --->   Core 1 'Adder' <Latency = 0> <II = 1> <Delay = 0.87> <FuncUnit> <Opcode : 'add' 'sub'> <InPorts = 2> <OutPorts = 1>
ST_2 : Operation 205 [1/1] (0.00ns)   --->   "%br_ln179 = br i1 %icmp_ln179, void %for.inc47.i, void %_Z23cluster_convolve2d_rep0PiS_S_.exit.exitStub" [cluster.cpp:179->cluster.cpp:19]   --->   Operation 205 'br' 'br_ln179' <Predicate = true> <Delay = 0.00>
ST_2 : Operation 206 [1/1] (0.00ns)   --->   "%c_load = load i9 %c" [cluster.cpp:180->cluster.cpp:19]   --->   Operation 206 'load' 'c_load' <Predicate = (!icmp_ln179)> <Delay = 0.00>
ST_2 : Operation 207 [1/1] (0.00ns)   --->   "%r_load = load i9 %r" [cluster.cpp:179->cluster.cpp:19]   --->   Operation 207 'load' 'r_load' <Predicate = (!icmp_ln179)> <Delay = 0.00>
ST_2 : Operation 208 [1/1] (0.77ns)   --->   "%icmp_ln180 = icmp_eq  i9 %c_load, i9 510" [cluster.cpp:180->cluster.cpp:19]   --->   Operation 208 'icmp' 'icmp_ln180' <Predicate = (!icmp_ln179)> <Delay = 0.77> <CoreInst = "Cmp">   --->   Core 9 'Cmp' <Latency = 0> <II = 1> <Delay = 0.77> <FuncUnit> <Opcode : 'seteq' 'setne' 'setle' 'setge' 'setlt' 'setgt'> <InPorts = 2> <OutPorts = 1>
ST_2 : Operation 209 [1/1] (0.39ns)   --->   "%select_ln157 = select i1 %icmp_ln180, i9 0, i9 %c_load" [cluster.cpp:157->cluster.cpp:19]   --->   Operation 209 'select' 'select_ln157' <Predicate = (!icmp_ln179)> <Delay = 0.39> <CoreInst = "Sel">   --->   Core 73 'Sel' <Latency = 0> <II = 1> <Delay = 0.39> <FuncUnit> <Opcode : 'select'> <InPorts = 3> <OutPorts = 1>
ST_2 : Operation 210 [1/1] (0.77ns)   --->   "%add_ln179_1 = add i9 %r_load, i9 1" [cluster.cpp:179->cluster.cpp:19]   --->   Operation 210 'add' 'add_ln179_1' <Predicate = (!icmp_ln179)> <Delay = 0.77> <CoreInst = "Adder">   --->   Core 1 'Adder' <Latency = 0> <II = 1> <Delay = 0.77> <FuncUnit> <Opcode : 'add' 'sub'> <InPorts = 2> <OutPorts = 1>
ST_2 : Operation 211 [1/1] (0.39ns)   --->   "%select_ln179 = select i1 %icmp_ln180, i9 %add_ln179_1, i9 %r_load" [cluster.cpp:179->cluster.cpp:19]   --->   Operation 211 'select' 'select_ln179' <Predicate = (!icmp_ln179)> <Delay = 0.39> <CoreInst = "Sel">   --->   Core 73 'Sel' <Latency = 0> <II = 1> <Delay = 0.39> <FuncUnit> <Opcode : 'select'> <InPorts = 3> <OutPorts = 1>
ST_2 : Operation 212 [1/1] (0.00ns)   --->   "%tmp_1 = bitconcatenate i20 @_ssdm_op_BitConcatenate.i20.i9.i9.i2, i9 %select_ln179, i9 %select_ln157, i2 0" [cluster.cpp:179->cluster.cpp:19]   --->   Operation 212 'bitconcatenate' 'tmp_1' <Predicate = (!icmp_ln179)> <Delay = 0.00>
ST_2 : Operation 213 [1/1] (0.00ns)   --->   "%p_cast = zext i20 %tmp_1" [cluster.cpp:179->cluster.cpp:19]   --->   Operation 213 'zext' 'p_cast' <Predicate = (!icmp_ln179)> <Delay = 0.00>
ST_2 : Operation 214 [1/1] (1.08ns)   --->   "%empty = add i64 %p_cast, i64 %image_gray_read" [cluster.cpp:179->cluster.cpp:19]   --->   Operation 214 'add' 'empty' <Predicate = (!icmp_ln179)> <Delay = 1.08> <CoreInst = "Adder">   --->   Core 1 'Adder' <Latency = 0> <II = 1> <Delay = 1.08> <FuncUnit> <Opcode : 'add' 'sub'> <InPorts = 2> <OutPorts = 1>
ST_2 : Operation 215 [1/1] (0.00ns)   --->   "%trunc_ln = partselect i62 @_ssdm_op_PartSelect.i62.i64.i32.i32, i64 %empty, i32 2, i32 63" [cluster.cpp:183->cluster.cpp:19]   --->   Operation 215 'partselect' 'trunc_ln' <Predicate = (!icmp_ln179)> <Delay = 0.00>
ST_2 : Operation 216 [1/1] (0.00ns)   --->   "%sext_ln183 = sext i62 %trunc_ln" [cluster.cpp:183->cluster.cpp:19]   --->   Operation 216 'sext' 'sext_ln183' <Predicate = (!icmp_ln179)> <Delay = 0.00>
ST_2 : Operation 217 [1/1] (0.00ns)   --->   "%gmem_addr = getelementptr i32 %gmem, i64 %sext_ln183" [cluster.cpp:183->cluster.cpp:19]   --->   Operation 217 'getelementptr' 'gmem_addr' <Predicate = (!icmp_ln179)> <Delay = 0.00>
ST_2 : Operation 218 [1/1] (0.42ns)   --->   "%store_ln179 = store i18 %add_ln179, i18 %indvar_flatten12" [cluster.cpp:179->cluster.cpp:19]   --->   Operation 218 'store' 'store_ln179' <Predicate = (!icmp_ln179)> <Delay = 0.42>
ST_2 : Operation 219 [1/1] (0.42ns)   --->   "%store_ln157 = store i9 %select_ln179, i9 %r" [cluster.cpp:157->cluster.cpp:19]   --->   Operation 219 'store' 'store_ln157' <Predicate = (!icmp_ln179)> <Delay = 0.42>

State 3 <SV = 2> <Delay = 4.66>
ST_3 : Operation 220 [71/71] (4.66ns)   --->   "%empty_34 = readreq i1 @_ssdm_op_ReadReq.m_axi.p1i32, i32 %gmem_addr, i64 3" [cluster.cpp:183->cluster.cpp:19]   --->   Operation 220 'readreq' 'empty_34' <Predicate = (!icmp_ln179)> <Delay = 4.66> <CoreInst = "m_axi">   --->   Core 119 'm_axi' <Latency = 6> <II = 1> <Delay = 1.00> <Adapter> <Opcode : 'read' 'write' 'readreq' 'writereq' 'writeresp'>

State 4 <SV = 3> <Delay = 4.66>
ST_4 : Operation 221 [70/71] (4.66ns)   --->   "%empty_34 = readreq i1 @_ssdm_op_ReadReq.m_axi.p1i32, i32 %gmem_addr, i64 3" [cluster.cpp:183->cluster.cpp:19]   --->   Operation 221 'readreq' 'empty_34' <Predicate = (!icmp_ln179)> <Delay = 4.66> <CoreInst = "m_axi">   --->   Core 119 'm_axi' <Latency = 6> <II = 1> <Delay = 1.00> <Adapter> <Opcode : 'read' 'write' 'readreq' 'writereq' 'writeresp'>

State 5 <SV = 4> <Delay = 4.66>
ST_5 : Operation 222 [69/71] (4.66ns)   --->   "%empty_34 = readreq i1 @_ssdm_op_ReadReq.m_axi.p1i32, i32 %gmem_addr, i64 3" [cluster.cpp:183->cluster.cpp:19]   --->   Operation 222 'readreq' 'empty_34' <Predicate = (!icmp_ln179)> <Delay = 4.66> <CoreInst = "m_axi">   --->   Core 119 'm_axi' <Latency = 6> <II = 1> <Delay = 1.00> <Adapter> <Opcode : 'read' 'write' 'readreq' 'writereq' 'writeresp'>
ST_5 : Operation 223 [1/1] (0.89ns)   --->   "%tmp = add i20 %tmp_1, i20 2048" [cluster.cpp:179->cluster.cpp:19]   --->   Operation 223 'add' 'tmp' <Predicate = (!icmp_ln179)> <Delay = 0.89> <CoreInst = "Adder">   --->   Core 1 'Adder' <Latency = 0> <II = 1> <Delay = 0.89> <FuncUnit> <Opcode : 'add' 'sub'> <InPorts = 2> <OutPorts = 1>
ST_5 : Operation 224 [1/1] (0.00ns)   --->   "%tmp_cast = zext i20 %tmp" [cluster.cpp:179->cluster.cpp:19]   --->   Operation 224 'zext' 'tmp_cast' <Predicate = (!icmp_ln179)> <Delay = 0.00>
ST_5 : Operation 225 [1/1] (1.08ns)   --->   "%empty_35 = add i64 %tmp_cast, i64 %image_gray_read" [cluster.cpp:179->cluster.cpp:19]   --->   Operation 225 'add' 'empty_35' <Predicate = (!icmp_ln179)> <Delay = 1.08> <CoreInst = "Adder">   --->   Core 1 'Adder' <Latency = 0> <II = 1> <Delay = 1.08> <FuncUnit> <Opcode : 'add' 'sub'> <InPorts = 2> <OutPorts = 1>
ST_5 : Operation 226 [1/1] (0.00ns)   --->   "%trunc_ln183_1 = partselect i62 @_ssdm_op_PartSelect.i62.i64.i32.i32, i64 %empty_35, i32 2, i32 63" [cluster.cpp:183->cluster.cpp:19]   --->   Operation 226 'partselect' 'trunc_ln183_1' <Predicate = (!icmp_ln179)> <Delay = 0.00>
ST_5 : Operation 227 [1/1] (0.00ns)   --->   "%sext_ln183_1 = sext i62 %trunc_ln183_1" [cluster.cpp:183->cluster.cpp:19]   --->   Operation 227 'sext' 'sext_ln183_1' <Predicate = (!icmp_ln179)> <Delay = 0.00>
ST_5 : Operation 228 [1/1] (0.00ns)   --->   "%gmem_addr_1 = getelementptr i32 %gmem, i64 %sext_ln183_1" [cluster.cpp:183->cluster.cpp:19]   --->   Operation 228 'getelementptr' 'gmem_addr_1' <Predicate = (!icmp_ln179)> <Delay = 0.00>

State 6 <SV = 5> <Delay = 4.66>
ST_6 : Operation 229 [68/71] (4.66ns)   --->   "%empty_34 = readreq i1 @_ssdm_op_ReadReq.m_axi.p1i32, i32 %gmem_addr, i64 3" [cluster.cpp:183->cluster.cpp:19]   --->   Operation 229 'readreq' 'empty_34' <Predicate = (!icmp_ln179)> <Delay = 4.66> <CoreInst = "m_axi">   --->   Core 119 'm_axi' <Latency = 6> <II = 1> <Delay = 1.00> <Adapter> <Opcode : 'read' 'write' 'readreq' 'writereq' 'writeresp'>
ST_6 : Operation 230 [71/71] (4.66ns)   --->   "%empty_36 = readreq i1 @_ssdm_op_ReadReq.m_axi.p1i32, i32 %gmem_addr_1, i64 3" [cluster.cpp:183->cluster.cpp:19]   --->   Operation 230 'readreq' 'empty_36' <Predicate = (!icmp_ln179)> <Delay = 4.66> <CoreInst = "m_axi">   --->   Core 119 'm_axi' <Latency = 6> <II = 1> <Delay = 1.00> <Adapter> <Opcode : 'read' 'write' 'readreq' 'writereq' 'writeresp'>

State 7 <SV = 6> <Delay = 4.66>
ST_7 : Operation 231 [67/71] (4.66ns)   --->   "%empty_34 = readreq i1 @_ssdm_op_ReadReq.m_axi.p1i32, i32 %gmem_addr, i64 3" [cluster.cpp:183->cluster.cpp:19]   --->   Operation 231 'readreq' 'empty_34' <Predicate = (!icmp_ln179)> <Delay = 4.66> <CoreInst = "m_axi">   --->   Core 119 'm_axi' <Latency = 6> <II = 1> <Delay = 1.00> <Adapter> <Opcode : 'read' 'write' 'readreq' 'writereq' 'writeresp'>
ST_7 : Operation 232 [70/71] (4.66ns)   --->   "%empty_36 = readreq i1 @_ssdm_op_ReadReq.m_axi.p1i32, i32 %gmem_addr_1, i64 3" [cluster.cpp:183->cluster.cpp:19]   --->   Operation 232 'readreq' 'empty_36' <Predicate = (!icmp_ln179)> <Delay = 4.66> <CoreInst = "m_axi">   --->   Core 119 'm_axi' <Latency = 6> <II = 1> <Delay = 1.00> <Adapter> <Opcode : 'read' 'write' 'readreq' 'writereq' 'writeresp'>

State 8 <SV = 7> <Delay = 4.66>
ST_8 : Operation 233 [66/71] (4.66ns)   --->   "%empty_34 = readreq i1 @_ssdm_op_ReadReq.m_axi.p1i32, i32 %gmem_addr, i64 3" [cluster.cpp:183->cluster.cpp:19]   --->   Operation 233 'readreq' 'empty_34' <Predicate = (!icmp_ln179)> <Delay = 4.66> <CoreInst = "m_axi">   --->   Core 119 'm_axi' <Latency = 6> <II = 1> <Delay = 1.00> <Adapter> <Opcode : 'read' 'write' 'readreq' 'writereq' 'writeresp'>
ST_8 : Operation 234 [69/71] (4.66ns)   --->   "%empty_36 = readreq i1 @_ssdm_op_ReadReq.m_axi.p1i32, i32 %gmem_addr_1, i64 3" [cluster.cpp:183->cluster.cpp:19]   --->   Operation 234 'readreq' 'empty_36' <Predicate = (!icmp_ln179)> <Delay = 4.66> <CoreInst = "m_axi">   --->   Core 119 'm_axi' <Latency = 6> <II = 1> <Delay = 1.00> <Adapter> <Opcode : 'read' 'write' 'readreq' 'writereq' 'writeresp'>
ST_8 : Operation 235 [1/1] (0.89ns)   --->   "%tmp1 = add i20 %tmp_1, i20 4096" [cluster.cpp:179->cluster.cpp:19]   --->   Operation 235 'add' 'tmp1' <Predicate = (!icmp_ln179)> <Delay = 0.89> <CoreInst = "Adder">   --->   Core 1 'Adder' <Latency = 0> <II = 1> <Delay = 0.89> <FuncUnit> <Opcode : 'add' 'sub'> <InPorts = 2> <OutPorts = 1>
ST_8 : Operation 236 [1/1] (0.00ns)   --->   "%tmp1_cast = zext i20 %tmp1" [cluster.cpp:179->cluster.cpp:19]   --->   Operation 236 'zext' 'tmp1_cast' <Predicate = (!icmp_ln179)> <Delay = 0.00>
ST_8 : Operation 237 [1/1] (1.08ns)   --->   "%empty_37 = add i64 %tmp1_cast, i64 %image_gray_read" [cluster.cpp:179->cluster.cpp:19]   --->   Operation 237 'add' 'empty_37' <Predicate = (!icmp_ln179)> <Delay = 1.08> <CoreInst = "Adder">   --->   Core 1 'Adder' <Latency = 0> <II = 1> <Delay = 1.08> <FuncUnit> <Opcode : 'add' 'sub'> <InPorts = 2> <OutPorts = 1>
ST_8 : Operation 238 [1/1] (0.00ns)   --->   "%trunc_ln183_2 = partselect i62 @_ssdm_op_PartSelect.i62.i64.i32.i32, i64 %empty_37, i32 2, i32 63" [cluster.cpp:183->cluster.cpp:19]   --->   Operation 238 'partselect' 'trunc_ln183_2' <Predicate = (!icmp_ln179)> <Delay = 0.00>
ST_8 : Operation 239 [1/1] (0.00ns)   --->   "%sext_ln183_2 = sext i62 %trunc_ln183_2" [cluster.cpp:183->cluster.cpp:19]   --->   Operation 239 'sext' 'sext_ln183_2' <Predicate = (!icmp_ln179)> <Delay = 0.00>
ST_8 : Operation 240 [1/1] (0.00ns)   --->   "%gmem_addr_2 = getelementptr i32 %gmem, i64 %sext_ln183_2" [cluster.cpp:183->cluster.cpp:19]   --->   Operation 240 'getelementptr' 'gmem_addr_2' <Predicate = (!icmp_ln179)> <Delay = 0.00>

State 9 <SV = 8> <Delay = 4.66>
ST_9 : Operation 241 [65/71] (4.66ns)   --->   "%empty_34 = readreq i1 @_ssdm_op_ReadReq.m_axi.p1i32, i32 %gmem_addr, i64 3" [cluster.cpp:183->cluster.cpp:19]   --->   Operation 241 'readreq' 'empty_34' <Predicate = (!icmp_ln179)> <Delay = 4.66> <CoreInst = "m_axi">   --->   Core 119 'm_axi' <Latency = 6> <II = 1> <Delay = 1.00> <Adapter> <Opcode : 'read' 'write' 'readreq' 'writereq' 'writeresp'>
ST_9 : Operation 242 [68/71] (4.66ns)   --->   "%empty_36 = readreq i1 @_ssdm_op_ReadReq.m_axi.p1i32, i32 %gmem_addr_1, i64 3" [cluster.cpp:183->cluster.cpp:19]   --->   Operation 242 'readreq' 'empty_36' <Predicate = (!icmp_ln179)> <Delay = 4.66> <CoreInst = "m_axi">   --->   Core 119 'm_axi' <Latency = 6> <II = 1> <Delay = 1.00> <Adapter> <Opcode : 'read' 'write' 'readreq' 'writereq' 'writeresp'>
ST_9 : Operation 243 [71/71] (4.66ns)   --->   "%empty_38 = readreq i1 @_ssdm_op_ReadReq.m_axi.p1i32, i32 %gmem_addr_2, i64 3" [cluster.cpp:183->cluster.cpp:19]   --->   Operation 243 'readreq' 'empty_38' <Predicate = (!icmp_ln179)> <Delay = 4.66> <CoreInst = "m_axi">   --->   Core 119 'm_axi' <Latency = 6> <II = 1> <Delay = 1.00> <Adapter> <Opcode : 'read' 'write' 'readreq' 'writereq' 'writeresp'>

State 10 <SV = 9> <Delay = 4.66>
ST_10 : Operation 244 [64/71] (4.66ns)   --->   "%empty_34 = readreq i1 @_ssdm_op_ReadReq.m_axi.p1i32, i32 %gmem_addr, i64 3" [cluster.cpp:183->cluster.cpp:19]   --->   Operation 244 'readreq' 'empty_34' <Predicate = (!icmp_ln179)> <Delay = 4.66> <CoreInst = "m_axi">   --->   Core 119 'm_axi' <Latency = 6> <II = 1> <Delay = 1.00> <Adapter> <Opcode : 'read' 'write' 'readreq' 'writereq' 'writeresp'>
ST_10 : Operation 245 [67/71] (4.66ns)   --->   "%empty_36 = readreq i1 @_ssdm_op_ReadReq.m_axi.p1i32, i32 %gmem_addr_1, i64 3" [cluster.cpp:183->cluster.cpp:19]   --->   Operation 245 'readreq' 'empty_36' <Predicate = (!icmp_ln179)> <Delay = 4.66> <CoreInst = "m_axi">   --->   Core 119 'm_axi' <Latency = 6> <II = 1> <Delay = 1.00> <Adapter> <Opcode : 'read' 'write' 'readreq' 'writereq' 'writeresp'>
ST_10 : Operation 246 [70/71] (4.66ns)   --->   "%empty_38 = readreq i1 @_ssdm_op_ReadReq.m_axi.p1i32, i32 %gmem_addr_2, i64 3" [cluster.cpp:183->cluster.cpp:19]   --->   Operation 246 'readreq' 'empty_38' <Predicate = (!icmp_ln179)> <Delay = 4.66> <CoreInst = "m_axi">   --->   Core 119 'm_axi' <Latency = 6> <II = 1> <Delay = 1.00> <Adapter> <Opcode : 'read' 'write' 'readreq' 'writereq' 'writeresp'>
ST_10 : Operation 247 [1/1] (0.77ns)   --->   "%add_ln188 = add i9 %select_ln157, i9 1" [cluster.cpp:188->cluster.cpp:19]   --->   Operation 247 'add' 'add_ln188' <Predicate = (!icmp_ln179)> <Delay = 0.77> <CoreInst = "Adder">   --->   Core 1 'Adder' <Latency = 0> <II = 1> <Delay = 0.77> <FuncUnit> <Opcode : 'add' 'sub'> <InPorts = 2> <OutPorts = 1>
ST_10 : Operation 248 [1/1] (0.42ns)   --->   "%store_ln156 = store i9 %add_ln188, i9 %c" [cluster.cpp:156->cluster.cpp:19]   --->   Operation 248 'store' 'store_ln156' <Predicate = (!icmp_ln179)> <Delay = 0.42>

State 11 <SV = 10> <Delay = 4.66>
ST_11 : Operation 249 [63/71] (4.66ns)   --->   "%empty_34 = readreq i1 @_ssdm_op_ReadReq.m_axi.p1i32, i32 %gmem_addr, i64 3" [cluster.cpp:183->cluster.cpp:19]   --->   Operation 249 'readreq' 'empty_34' <Predicate = true> <Delay = 4.66> <CoreInst = "m_axi">   --->   Core 119 'm_axi' <Latency = 6> <II = 1> <Delay = 1.00> <Adapter> <Opcode : 'read' 'write' 'readreq' 'writereq' 'writeresp'>
ST_11 : Operation 250 [66/71] (4.66ns)   --->   "%empty_36 = readreq i1 @_ssdm_op_ReadReq.m_axi.p1i32, i32 %gmem_addr_1, i64 3" [cluster.cpp:183->cluster.cpp:19]   --->   Operation 250 'readreq' 'empty_36' <Predicate = true> <Delay = 4.66> <CoreInst = "m_axi">   --->   Core 119 'm_axi' <Latency = 6> <II = 1> <Delay = 1.00> <Adapter> <Opcode : 'read' 'write' 'readreq' 'writereq' 'writeresp'>
ST_11 : Operation 251 [69/71] (4.66ns)   --->   "%empty_38 = readreq i1 @_ssdm_op_ReadReq.m_axi.p1i32, i32 %gmem_addr_2, i64 3" [cluster.cpp:183->cluster.cpp:19]   --->   Operation 251 'readreq' 'empty_38' <Predicate = true> <Delay = 4.66> <CoreInst = "m_axi">   --->   Core 119 'm_axi' <Latency = 6> <II = 1> <Delay = 1.00> <Adapter> <Opcode : 'read' 'write' 'readreq' 'writereq' 'writeresp'>

State 12 <SV = 11> <Delay = 4.66>
ST_12 : Operation 252 [62/71] (4.66ns)   --->   "%empty_34 = readreq i1 @_ssdm_op_ReadReq.m_axi.p1i32, i32 %gmem_addr, i64 3" [cluster.cpp:183->cluster.cpp:19]   --->   Operation 252 'readreq' 'empty_34' <Predicate = true> <Delay = 4.66> <CoreInst = "m_axi">   --->   Core 119 'm_axi' <Latency = 6> <II = 1> <Delay = 1.00> <Adapter> <Opcode : 'read' 'write' 'readreq' 'writereq' 'writeresp'>
ST_12 : Operation 253 [65/71] (4.66ns)   --->   "%empty_36 = readreq i1 @_ssdm_op_ReadReq.m_axi.p1i32, i32 %gmem_addr_1, i64 3" [cluster.cpp:183->cluster.cpp:19]   --->   Operation 253 'readreq' 'empty_36' <Predicate = true> <Delay = 4.66> <CoreInst = "m_axi">   --->   Core 119 'm_axi' <Latency = 6> <II = 1> <Delay = 1.00> <Adapter> <Opcode : 'read' 'write' 'readreq' 'writereq' 'writeresp'>
ST_12 : Operation 254 [68/71] (4.66ns)   --->   "%empty_38 = readreq i1 @_ssdm_op_ReadReq.m_axi.p1i32, i32 %gmem_addr_2, i64 3" [cluster.cpp:183->cluster.cpp:19]   --->   Operation 254 'readreq' 'empty_38' <Predicate = true> <Delay = 4.66> <CoreInst = "m_axi">   --->   Core 119 'm_axi' <Latency = 6> <II = 1> <Delay = 1.00> <Adapter> <Opcode : 'read' 'write' 'readreq' 'writereq' 'writeresp'>

State 13 <SV = 12> <Delay = 4.66>
ST_13 : Operation 255 [61/71] (4.66ns)   --->   "%empty_34 = readreq i1 @_ssdm_op_ReadReq.m_axi.p1i32, i32 %gmem_addr, i64 3" [cluster.cpp:183->cluster.cpp:19]   --->   Operation 255 'readreq' 'empty_34' <Predicate = true> <Delay = 4.66> <CoreInst = "m_axi">   --->   Core 119 'm_axi' <Latency = 6> <II = 1> <Delay = 1.00> <Adapter> <Opcode : 'read' 'write' 'readreq' 'writereq' 'writeresp'>
ST_13 : Operation 256 [64/71] (4.66ns)   --->   "%empty_36 = readreq i1 @_ssdm_op_ReadReq.m_axi.p1i32, i32 %gmem_addr_1, i64 3" [cluster.cpp:183->cluster.cpp:19]   --->   Operation 256 'readreq' 'empty_36' <Predicate = true> <Delay = 4.66> <CoreInst = "m_axi">   --->   Core 119 'm_axi' <Latency = 6> <II = 1> <Delay = 1.00> <Adapter> <Opcode : 'read' 'write' 'readreq' 'writereq' 'writeresp'>
ST_13 : Operation 257 [67/71] (4.66ns)   --->   "%empty_38 = readreq i1 @_ssdm_op_ReadReq.m_axi.p1i32, i32 %gmem_addr_2, i64 3" [cluster.cpp:183->cluster.cpp:19]   --->   Operation 257 'readreq' 'empty_38' <Predicate = true> <Delay = 4.66> <CoreInst = "m_axi">   --->   Core 119 'm_axi' <Latency = 6> <II = 1> <Delay = 1.00> <Adapter> <Opcode : 'read' 'write' 'readreq' 'writereq' 'writeresp'>

State 14 <SV = 13> <Delay = 4.66>
ST_14 : Operation 258 [60/71] (4.66ns)   --->   "%empty_34 = readreq i1 @_ssdm_op_ReadReq.m_axi.p1i32, i32 %gmem_addr, i64 3" [cluster.cpp:183->cluster.cpp:19]   --->   Operation 258 'readreq' 'empty_34' <Predicate = true> <Delay = 4.66> <CoreInst = "m_axi">   --->   Core 119 'm_axi' <Latency = 6> <II = 1> <Delay = 1.00> <Adapter> <Opcode : 'read' 'write' 'readreq' 'writereq' 'writeresp'>
ST_14 : Operation 259 [63/71] (4.66ns)   --->   "%empty_36 = readreq i1 @_ssdm_op_ReadReq.m_axi.p1i32, i32 %gmem_addr_1, i64 3" [cluster.cpp:183->cluster.cpp:19]   --->   Operation 259 'readreq' 'empty_36' <Predicate = true> <Delay = 4.66> <CoreInst = "m_axi">   --->   Core 119 'm_axi' <Latency = 6> <II = 1> <Delay = 1.00> <Adapter> <Opcode : 'read' 'write' 'readreq' 'writereq' 'writeresp'>
ST_14 : Operation 260 [66/71] (4.66ns)   --->   "%empty_38 = readreq i1 @_ssdm_op_ReadReq.m_axi.p1i32, i32 %gmem_addr_2, i64 3" [cluster.cpp:183->cluster.cpp:19]   --->   Operation 260 'readreq' 'empty_38' <Predicate = true> <Delay = 4.66> <CoreInst = "m_axi">   --->   Core 119 'm_axi' <Latency = 6> <II = 1> <Delay = 1.00> <Adapter> <Opcode : 'read' 'write' 'readreq' 'writereq' 'writeresp'>

State 15 <SV = 14> <Delay = 4.66>
ST_15 : Operation 261 [59/71] (4.66ns)   --->   "%empty_34 = readreq i1 @_ssdm_op_ReadReq.m_axi.p1i32, i32 %gmem_addr, i64 3" [cluster.cpp:183->cluster.cpp:19]   --->   Operation 261 'readreq' 'empty_34' <Predicate = true> <Delay = 4.66> <CoreInst = "m_axi">   --->   Core 119 'm_axi' <Latency = 6> <II = 1> <Delay = 1.00> <Adapter> <Opcode : 'read' 'write' 'readreq' 'writereq' 'writeresp'>
ST_15 : Operation 262 [62/71] (4.66ns)   --->   "%empty_36 = readreq i1 @_ssdm_op_ReadReq.m_axi.p1i32, i32 %gmem_addr_1, i64 3" [cluster.cpp:183->cluster.cpp:19]   --->   Operation 262 'readreq' 'empty_36' <Predicate = true> <Delay = 4.66> <CoreInst = "m_axi">   --->   Core 119 'm_axi' <Latency = 6> <II = 1> <Delay = 1.00> <Adapter> <Opcode : 'read' 'write' 'readreq' 'writereq' 'writeresp'>
ST_15 : Operation 263 [65/71] (4.66ns)   --->   "%empty_38 = readreq i1 @_ssdm_op_ReadReq.m_axi.p1i32, i32 %gmem_addr_2, i64 3" [cluster.cpp:183->cluster.cpp:19]   --->   Operation 263 'readreq' 'empty_38' <Predicate = true> <Delay = 4.66> <CoreInst = "m_axi">   --->   Core 119 'm_axi' <Latency = 6> <II = 1> <Delay = 1.00> <Adapter> <Opcode : 'read' 'write' 'readreq' 'writereq' 'writeresp'>

State 16 <SV = 15> <Delay = 4.66>
ST_16 : Operation 264 [58/71] (4.66ns)   --->   "%empty_34 = readreq i1 @_ssdm_op_ReadReq.m_axi.p1i32, i32 %gmem_addr, i64 3" [cluster.cpp:183->cluster.cpp:19]   --->   Operation 264 'readreq' 'empty_34' <Predicate = true> <Delay = 4.66> <CoreInst = "m_axi">   --->   Core 119 'm_axi' <Latency = 6> <II = 1> <Delay = 1.00> <Adapter> <Opcode : 'read' 'write' 'readreq' 'writereq' 'writeresp'>
ST_16 : Operation 265 [61/71] (4.66ns)   --->   "%empty_36 = readreq i1 @_ssdm_op_ReadReq.m_axi.p1i32, i32 %gmem_addr_1, i64 3" [cluster.cpp:183->cluster.cpp:19]   --->   Operation 265 'readreq' 'empty_36' <Predicate = true> <Delay = 4.66> <CoreInst = "m_axi">   --->   Core 119 'm_axi' <Latency = 6> <II = 1> <Delay = 1.00> <Adapter> <Opcode : 'read' 'write' 'readreq' 'writereq' 'writeresp'>
ST_16 : Operation 266 [64/71] (4.66ns)   --->   "%empty_38 = readreq i1 @_ssdm_op_ReadReq.m_axi.p1i32, i32 %gmem_addr_2, i64 3" [cluster.cpp:183->cluster.cpp:19]   --->   Operation 266 'readreq' 'empty_38' <Predicate = true> <Delay = 4.66> <CoreInst = "m_axi">   --->   Core 119 'm_axi' <Latency = 6> <II = 1> <Delay = 1.00> <Adapter> <Opcode : 'read' 'write' 'readreq' 'writereq' 'writeresp'>

State 17 <SV = 16> <Delay = 4.66>
ST_17 : Operation 267 [57/71] (4.66ns)   --->   "%empty_34 = readreq i1 @_ssdm_op_ReadReq.m_axi.p1i32, i32 %gmem_addr, i64 3" [cluster.cpp:183->cluster.cpp:19]   --->   Operation 267 'readreq' 'empty_34' <Predicate = true> <Delay = 4.66> <CoreInst = "m_axi">   --->   Core 119 'm_axi' <Latency = 6> <II = 1> <Delay = 1.00> <Adapter> <Opcode : 'read' 'write' 'readreq' 'writereq' 'writeresp'>
ST_17 : Operation 268 [60/71] (4.66ns)   --->   "%empty_36 = readreq i1 @_ssdm_op_ReadReq.m_axi.p1i32, i32 %gmem_addr_1, i64 3" [cluster.cpp:183->cluster.cpp:19]   --->   Operation 268 'readreq' 'empty_36' <Predicate = true> <Delay = 4.66> <CoreInst = "m_axi">   --->   Core 119 'm_axi' <Latency = 6> <II = 1> <Delay = 1.00> <Adapter> <Opcode : 'read' 'write' 'readreq' 'writereq' 'writeresp'>
ST_17 : Operation 269 [63/71] (4.66ns)   --->   "%empty_38 = readreq i1 @_ssdm_op_ReadReq.m_axi.p1i32, i32 %gmem_addr_2, i64 3" [cluster.cpp:183->cluster.cpp:19]   --->   Operation 269 'readreq' 'empty_38' <Predicate = true> <Delay = 4.66> <CoreInst = "m_axi">   --->   Core 119 'm_axi' <Latency = 6> <II = 1> <Delay = 1.00> <Adapter> <Opcode : 'read' 'write' 'readreq' 'writereq' 'writeresp'>

State 18 <SV = 17> <Delay = 4.66>
ST_18 : Operation 270 [56/71] (4.66ns)   --->   "%empty_34 = readreq i1 @_ssdm_op_ReadReq.m_axi.p1i32, i32 %gmem_addr, i64 3" [cluster.cpp:183->cluster.cpp:19]   --->   Operation 270 'readreq' 'empty_34' <Predicate = true> <Delay = 4.66> <CoreInst = "m_axi">   --->   Core 119 'm_axi' <Latency = 6> <II = 1> <Delay = 1.00> <Adapter> <Opcode : 'read' 'write' 'readreq' 'writereq' 'writeresp'>
ST_18 : Operation 271 [59/71] (4.66ns)   --->   "%empty_36 = readreq i1 @_ssdm_op_ReadReq.m_axi.p1i32, i32 %gmem_addr_1, i64 3" [cluster.cpp:183->cluster.cpp:19]   --->   Operation 271 'readreq' 'empty_36' <Predicate = true> <Delay = 4.66> <CoreInst = "m_axi">   --->   Core 119 'm_axi' <Latency = 6> <II = 1> <Delay = 1.00> <Adapter> <Opcode : 'read' 'write' 'readreq' 'writereq' 'writeresp'>
ST_18 : Operation 272 [62/71] (4.66ns)   --->   "%empty_38 = readreq i1 @_ssdm_op_ReadReq.m_axi.p1i32, i32 %gmem_addr_2, i64 3" [cluster.cpp:183->cluster.cpp:19]   --->   Operation 272 'readreq' 'empty_38' <Predicate = true> <Delay = 4.66> <CoreInst = "m_axi">   --->   Core 119 'm_axi' <Latency = 6> <II = 1> <Delay = 1.00> <Adapter> <Opcode : 'read' 'write' 'readreq' 'writereq' 'writeresp'>

State 19 <SV = 18> <Delay = 4.66>
ST_19 : Operation 273 [55/71] (4.66ns)   --->   "%empty_34 = readreq i1 @_ssdm_op_ReadReq.m_axi.p1i32, i32 %gmem_addr, i64 3" [cluster.cpp:183->cluster.cpp:19]   --->   Operation 273 'readreq' 'empty_34' <Predicate = true> <Delay = 4.66> <CoreInst = "m_axi">   --->   Core 119 'm_axi' <Latency = 6> <II = 1> <Delay = 1.00> <Adapter> <Opcode : 'read' 'write' 'readreq' 'writereq' 'writeresp'>
ST_19 : Operation 274 [58/71] (4.66ns)   --->   "%empty_36 = readreq i1 @_ssdm_op_ReadReq.m_axi.p1i32, i32 %gmem_addr_1, i64 3" [cluster.cpp:183->cluster.cpp:19]   --->   Operation 274 'readreq' 'empty_36' <Predicate = true> <Delay = 4.66> <CoreInst = "m_axi">   --->   Core 119 'm_axi' <Latency = 6> <II = 1> <Delay = 1.00> <Adapter> <Opcode : 'read' 'write' 'readreq' 'writereq' 'writeresp'>
ST_19 : Operation 275 [61/71] (4.66ns)   --->   "%empty_38 = readreq i1 @_ssdm_op_ReadReq.m_axi.p1i32, i32 %gmem_addr_2, i64 3" [cluster.cpp:183->cluster.cpp:19]   --->   Operation 275 'readreq' 'empty_38' <Predicate = true> <Delay = 4.66> <CoreInst = "m_axi">   --->   Core 119 'm_axi' <Latency = 6> <II = 1> <Delay = 1.00> <Adapter> <Opcode : 'read' 'write' 'readreq' 'writereq' 'writeresp'>

State 20 <SV = 19> <Delay = 4.66>
ST_20 : Operation 276 [54/71] (4.66ns)   --->   "%empty_34 = readreq i1 @_ssdm_op_ReadReq.m_axi.p1i32, i32 %gmem_addr, i64 3" [cluster.cpp:183->cluster.cpp:19]   --->   Operation 276 'readreq' 'empty_34' <Predicate = true> <Delay = 4.66> <CoreInst = "m_axi">   --->   Core 119 'm_axi' <Latency = 6> <II = 1> <Delay = 1.00> <Adapter> <Opcode : 'read' 'write' 'readreq' 'writereq' 'writeresp'>
ST_20 : Operation 277 [57/71] (4.66ns)   --->   "%empty_36 = readreq i1 @_ssdm_op_ReadReq.m_axi.p1i32, i32 %gmem_addr_1, i64 3" [cluster.cpp:183->cluster.cpp:19]   --->   Operation 277 'readreq' 'empty_36' <Predicate = true> <Delay = 4.66> <CoreInst = "m_axi">   --->   Core 119 'm_axi' <Latency = 6> <II = 1> <Delay = 1.00> <Adapter> <Opcode : 'read' 'write' 'readreq' 'writereq' 'writeresp'>
ST_20 : Operation 278 [60/71] (4.66ns)   --->   "%empty_38 = readreq i1 @_ssdm_op_ReadReq.m_axi.p1i32, i32 %gmem_addr_2, i64 3" [cluster.cpp:183->cluster.cpp:19]   --->   Operation 278 'readreq' 'empty_38' <Predicate = true> <Delay = 4.66> <CoreInst = "m_axi">   --->   Core 119 'm_axi' <Latency = 6> <II = 1> <Delay = 1.00> <Adapter> <Opcode : 'read' 'write' 'readreq' 'writereq' 'writeresp'>

State 21 <SV = 20> <Delay = 4.66>
ST_21 : Operation 279 [53/71] (4.66ns)   --->   "%empty_34 = readreq i1 @_ssdm_op_ReadReq.m_axi.p1i32, i32 %gmem_addr, i64 3" [cluster.cpp:183->cluster.cpp:19]   --->   Operation 279 'readreq' 'empty_34' <Predicate = true> <Delay = 4.66> <CoreInst = "m_axi">   --->   Core 119 'm_axi' <Latency = 6> <II = 1> <Delay = 1.00> <Adapter> <Opcode : 'read' 'write' 'readreq' 'writereq' 'writeresp'>
ST_21 : Operation 280 [56/71] (4.66ns)   --->   "%empty_36 = readreq i1 @_ssdm_op_ReadReq.m_axi.p1i32, i32 %gmem_addr_1, i64 3" [cluster.cpp:183->cluster.cpp:19]   --->   Operation 280 'readreq' 'empty_36' <Predicate = true> <Delay = 4.66> <CoreInst = "m_axi">   --->   Core 119 'm_axi' <Latency = 6> <II = 1> <Delay = 1.00> <Adapter> <Opcode : 'read' 'write' 'readreq' 'writereq' 'writeresp'>
ST_21 : Operation 281 [59/71] (4.66ns)   --->   "%empty_38 = readreq i1 @_ssdm_op_ReadReq.m_axi.p1i32, i32 %gmem_addr_2, i64 3" [cluster.cpp:183->cluster.cpp:19]   --->   Operation 281 'readreq' 'empty_38' <Predicate = true> <Delay = 4.66> <CoreInst = "m_axi">   --->   Core 119 'm_axi' <Latency = 6> <II = 1> <Delay = 1.00> <Adapter> <Opcode : 'read' 'write' 'readreq' 'writereq' 'writeresp'>

State 22 <SV = 21> <Delay = 4.66>
ST_22 : Operation 282 [52/71] (4.66ns)   --->   "%empty_34 = readreq i1 @_ssdm_op_ReadReq.m_axi.p1i32, i32 %gmem_addr, i64 3" [cluster.cpp:183->cluster.cpp:19]   --->   Operation 282 'readreq' 'empty_34' <Predicate = true> <Delay = 4.66> <CoreInst = "m_axi">   --->   Core 119 'm_axi' <Latency = 6> <II = 1> <Delay = 1.00> <Adapter> <Opcode : 'read' 'write' 'readreq' 'writereq' 'writeresp'>
ST_22 : Operation 283 [55/71] (4.66ns)   --->   "%empty_36 = readreq i1 @_ssdm_op_ReadReq.m_axi.p1i32, i32 %gmem_addr_1, i64 3" [cluster.cpp:183->cluster.cpp:19]   --->   Operation 283 'readreq' 'empty_36' <Predicate = true> <Delay = 4.66> <CoreInst = "m_axi">   --->   Core 119 'm_axi' <Latency = 6> <II = 1> <Delay = 1.00> <Adapter> <Opcode : 'read' 'write' 'readreq' 'writereq' 'writeresp'>
ST_22 : Operation 284 [58/71] (4.66ns)   --->   "%empty_38 = readreq i1 @_ssdm_op_ReadReq.m_axi.p1i32, i32 %gmem_addr_2, i64 3" [cluster.cpp:183->cluster.cpp:19]   --->   Operation 284 'readreq' 'empty_38' <Predicate = true> <Delay = 4.66> <CoreInst = "m_axi">   --->   Core 119 'm_axi' <Latency = 6> <II = 1> <Delay = 1.00> <Adapter> <Opcode : 'read' 'write' 'readreq' 'writereq' 'writeresp'>

State 23 <SV = 22> <Delay = 4.66>
ST_23 : Operation 285 [51/71] (4.66ns)   --->   "%empty_34 = readreq i1 @_ssdm_op_ReadReq.m_axi.p1i32, i32 %gmem_addr, i64 3" [cluster.cpp:183->cluster.cpp:19]   --->   Operation 285 'readreq' 'empty_34' <Predicate = true> <Delay = 4.66> <CoreInst = "m_axi">   --->   Core 119 'm_axi' <Latency = 6> <II = 1> <Delay = 1.00> <Adapter> <Opcode : 'read' 'write' 'readreq' 'writereq' 'writeresp'>
ST_23 : Operation 286 [54/71] (4.66ns)   --->   "%empty_36 = readreq i1 @_ssdm_op_ReadReq.m_axi.p1i32, i32 %gmem_addr_1, i64 3" [cluster.cpp:183->cluster.cpp:19]   --->   Operation 286 'readreq' 'empty_36' <Predicate = true> <Delay = 4.66> <CoreInst = "m_axi">   --->   Core 119 'm_axi' <Latency = 6> <II = 1> <Delay = 1.00> <Adapter> <Opcode : 'read' 'write' 'readreq' 'writereq' 'writeresp'>
ST_23 : Operation 287 [57/71] (4.66ns)   --->   "%empty_38 = readreq i1 @_ssdm_op_ReadReq.m_axi.p1i32, i32 %gmem_addr_2, i64 3" [cluster.cpp:183->cluster.cpp:19]   --->   Operation 287 'readreq' 'empty_38' <Predicate = true> <Delay = 4.66> <CoreInst = "m_axi">   --->   Core 119 'm_axi' <Latency = 6> <II = 1> <Delay = 1.00> <Adapter> <Opcode : 'read' 'write' 'readreq' 'writereq' 'writeresp'>

State 24 <SV = 23> <Delay = 4.66>
ST_24 : Operation 288 [50/71] (4.66ns)   --->   "%empty_34 = readreq i1 @_ssdm_op_ReadReq.m_axi.p1i32, i32 %gmem_addr, i64 3" [cluster.cpp:183->cluster.cpp:19]   --->   Operation 288 'readreq' 'empty_34' <Predicate = true> <Delay = 4.66> <CoreInst = "m_axi">   --->   Core 119 'm_axi' <Latency = 6> <II = 1> <Delay = 1.00> <Adapter> <Opcode : 'read' 'write' 'readreq' 'writereq' 'writeresp'>
ST_24 : Operation 289 [53/71] (4.66ns)   --->   "%empty_36 = readreq i1 @_ssdm_op_ReadReq.m_axi.p1i32, i32 %gmem_addr_1, i64 3" [cluster.cpp:183->cluster.cpp:19]   --->   Operation 289 'readreq' 'empty_36' <Predicate = true> <Delay = 4.66> <CoreInst = "m_axi">   --->   Core 119 'm_axi' <Latency = 6> <II = 1> <Delay = 1.00> <Adapter> <Opcode : 'read' 'write' 'readreq' 'writereq' 'writeresp'>
ST_24 : Operation 290 [56/71] (4.66ns)   --->   "%empty_38 = readreq i1 @_ssdm_op_ReadReq.m_axi.p1i32, i32 %gmem_addr_2, i64 3" [cluster.cpp:183->cluster.cpp:19]   --->   Operation 290 'readreq' 'empty_38' <Predicate = true> <Delay = 4.66> <CoreInst = "m_axi">   --->   Core 119 'm_axi' <Latency = 6> <II = 1> <Delay = 1.00> <Adapter> <Opcode : 'read' 'write' 'readreq' 'writereq' 'writeresp'>

State 25 <SV = 24> <Delay = 4.66>
ST_25 : Operation 291 [49/71] (4.66ns)   --->   "%empty_34 = readreq i1 @_ssdm_op_ReadReq.m_axi.p1i32, i32 %gmem_addr, i64 3" [cluster.cpp:183->cluster.cpp:19]   --->   Operation 291 'readreq' 'empty_34' <Predicate = true> <Delay = 4.66> <CoreInst = "m_axi">   --->   Core 119 'm_axi' <Latency = 6> <II = 1> <Delay = 1.00> <Adapter> <Opcode : 'read' 'write' 'readreq' 'writereq' 'writeresp'>
ST_25 : Operation 292 [52/71] (4.66ns)   --->   "%empty_36 = readreq i1 @_ssdm_op_ReadReq.m_axi.p1i32, i32 %gmem_addr_1, i64 3" [cluster.cpp:183->cluster.cpp:19]   --->   Operation 292 'readreq' 'empty_36' <Predicate = true> <Delay = 4.66> <CoreInst = "m_axi">   --->   Core 119 'm_axi' <Latency = 6> <II = 1> <Delay = 1.00> <Adapter> <Opcode : 'read' 'write' 'readreq' 'writereq' 'writeresp'>
ST_25 : Operation 293 [55/71] (4.66ns)   --->   "%empty_38 = readreq i1 @_ssdm_op_ReadReq.m_axi.p1i32, i32 %gmem_addr_2, i64 3" [cluster.cpp:183->cluster.cpp:19]   --->   Operation 293 'readreq' 'empty_38' <Predicate = true> <Delay = 4.66> <CoreInst = "m_axi">   --->   Core 119 'm_axi' <Latency = 6> <II = 1> <Delay = 1.00> <Adapter> <Opcode : 'read' 'write' 'readreq' 'writereq' 'writeresp'>

State 26 <SV = 25> <Delay = 4.66>
ST_26 : Operation 294 [48/71] (4.66ns)   --->   "%empty_34 = readreq i1 @_ssdm_op_ReadReq.m_axi.p1i32, i32 %gmem_addr, i64 3" [cluster.cpp:183->cluster.cpp:19]   --->   Operation 294 'readreq' 'empty_34' <Predicate = true> <Delay = 4.66> <CoreInst = "m_axi">   --->   Core 119 'm_axi' <Latency = 6> <II = 1> <Delay = 1.00> <Adapter> <Opcode : 'read' 'write' 'readreq' 'writereq' 'writeresp'>
ST_26 : Operation 295 [51/71] (4.66ns)   --->   "%empty_36 = readreq i1 @_ssdm_op_ReadReq.m_axi.p1i32, i32 %gmem_addr_1, i64 3" [cluster.cpp:183->cluster.cpp:19]   --->   Operation 295 'readreq' 'empty_36' <Predicate = true> <Delay = 4.66> <CoreInst = "m_axi">   --->   Core 119 'm_axi' <Latency = 6> <II = 1> <Delay = 1.00> <Adapter> <Opcode : 'read' 'write' 'readreq' 'writereq' 'writeresp'>
ST_26 : Operation 296 [54/71] (4.66ns)   --->   "%empty_38 = readreq i1 @_ssdm_op_ReadReq.m_axi.p1i32, i32 %gmem_addr_2, i64 3" [cluster.cpp:183->cluster.cpp:19]   --->   Operation 296 'readreq' 'empty_38' <Predicate = true> <Delay = 4.66> <CoreInst = "m_axi">   --->   Core 119 'm_axi' <Latency = 6> <II = 1> <Delay = 1.00> <Adapter> <Opcode : 'read' 'write' 'readreq' 'writereq' 'writeresp'>

State 27 <SV = 26> <Delay = 4.66>
ST_27 : Operation 297 [47/71] (4.66ns)   --->   "%empty_34 = readreq i1 @_ssdm_op_ReadReq.m_axi.p1i32, i32 %gmem_addr, i64 3" [cluster.cpp:183->cluster.cpp:19]   --->   Operation 297 'readreq' 'empty_34' <Predicate = true> <Delay = 4.66> <CoreInst = "m_axi">   --->   Core 119 'm_axi' <Latency = 6> <II = 1> <Delay = 1.00> <Adapter> <Opcode : 'read' 'write' 'readreq' 'writereq' 'writeresp'>
ST_27 : Operation 298 [50/71] (4.66ns)   --->   "%empty_36 = readreq i1 @_ssdm_op_ReadReq.m_axi.p1i32, i32 %gmem_addr_1, i64 3" [cluster.cpp:183->cluster.cpp:19]   --->   Operation 298 'readreq' 'empty_36' <Predicate = true> <Delay = 4.66> <CoreInst = "m_axi">   --->   Core 119 'm_axi' <Latency = 6> <II = 1> <Delay = 1.00> <Adapter> <Opcode : 'read' 'write' 'readreq' 'writereq' 'writeresp'>
ST_27 : Operation 299 [53/71] (4.66ns)   --->   "%empty_38 = readreq i1 @_ssdm_op_ReadReq.m_axi.p1i32, i32 %gmem_addr_2, i64 3" [cluster.cpp:183->cluster.cpp:19]   --->   Operation 299 'readreq' 'empty_38' <Predicate = true> <Delay = 4.66> <CoreInst = "m_axi">   --->   Core 119 'm_axi' <Latency = 6> <II = 1> <Delay = 1.00> <Adapter> <Opcode : 'read' 'write' 'readreq' 'writereq' 'writeresp'>

State 28 <SV = 27> <Delay = 4.66>
ST_28 : Operation 300 [46/71] (4.66ns)   --->   "%empty_34 = readreq i1 @_ssdm_op_ReadReq.m_axi.p1i32, i32 %gmem_addr, i64 3" [cluster.cpp:183->cluster.cpp:19]   --->   Operation 300 'readreq' 'empty_34' <Predicate = true> <Delay = 4.66> <CoreInst = "m_axi">   --->   Core 119 'm_axi' <Latency = 6> <II = 1> <Delay = 1.00> <Adapter> <Opcode : 'read' 'write' 'readreq' 'writereq' 'writeresp'>
ST_28 : Operation 301 [49/71] (4.66ns)   --->   "%empty_36 = readreq i1 @_ssdm_op_ReadReq.m_axi.p1i32, i32 %gmem_addr_1, i64 3" [cluster.cpp:183->cluster.cpp:19]   --->   Operation 301 'readreq' 'empty_36' <Predicate = true> <Delay = 4.66> <CoreInst = "m_axi">   --->   Core 119 'm_axi' <Latency = 6> <II = 1> <Delay = 1.00> <Adapter> <Opcode : 'read' 'write' 'readreq' 'writereq' 'writeresp'>
ST_28 : Operation 302 [52/71] (4.66ns)   --->   "%empty_38 = readreq i1 @_ssdm_op_ReadReq.m_axi.p1i32, i32 %gmem_addr_2, i64 3" [cluster.cpp:183->cluster.cpp:19]   --->   Operation 302 'readreq' 'empty_38' <Predicate = true> <Delay = 4.66> <CoreInst = "m_axi">   --->   Core 119 'm_axi' <Latency = 6> <II = 1> <Delay = 1.00> <Adapter> <Opcode : 'read' 'write' 'readreq' 'writereq' 'writeresp'>

State 29 <SV = 28> <Delay = 4.66>
ST_29 : Operation 303 [45/71] (4.66ns)   --->   "%empty_34 = readreq i1 @_ssdm_op_ReadReq.m_axi.p1i32, i32 %gmem_addr, i64 3" [cluster.cpp:183->cluster.cpp:19]   --->   Operation 303 'readreq' 'empty_34' <Predicate = true> <Delay = 4.66> <CoreInst = "m_axi">   --->   Core 119 'm_axi' <Latency = 6> <II = 1> <Delay = 1.00> <Adapter> <Opcode : 'read' 'write' 'readreq' 'writereq' 'writeresp'>
ST_29 : Operation 304 [48/71] (4.66ns)   --->   "%empty_36 = readreq i1 @_ssdm_op_ReadReq.m_axi.p1i32, i32 %gmem_addr_1, i64 3" [cluster.cpp:183->cluster.cpp:19]   --->   Operation 304 'readreq' 'empty_36' <Predicate = true> <Delay = 4.66> <CoreInst = "m_axi">   --->   Core 119 'm_axi' <Latency = 6> <II = 1> <Delay = 1.00> <Adapter> <Opcode : 'read' 'write' 'readreq' 'writereq' 'writeresp'>
ST_29 : Operation 305 [51/71] (4.66ns)   --->   "%empty_38 = readreq i1 @_ssdm_op_ReadReq.m_axi.p1i32, i32 %gmem_addr_2, i64 3" [cluster.cpp:183->cluster.cpp:19]   --->   Operation 305 'readreq' 'empty_38' <Predicate = true> <Delay = 4.66> <CoreInst = "m_axi">   --->   Core 119 'm_axi' <Latency = 6> <II = 1> <Delay = 1.00> <Adapter> <Opcode : 'read' 'write' 'readreq' 'writereq' 'writeresp'>

State 30 <SV = 29> <Delay = 4.66>
ST_30 : Operation 306 [44/71] (4.66ns)   --->   "%empty_34 = readreq i1 @_ssdm_op_ReadReq.m_axi.p1i32, i32 %gmem_addr, i64 3" [cluster.cpp:183->cluster.cpp:19]   --->   Operation 306 'readreq' 'empty_34' <Predicate = true> <Delay = 4.66> <CoreInst = "m_axi">   --->   Core 119 'm_axi' <Latency = 6> <II = 1> <Delay = 1.00> <Adapter> <Opcode : 'read' 'write' 'readreq' 'writereq' 'writeresp'>
ST_30 : Operation 307 [47/71] (4.66ns)   --->   "%empty_36 = readreq i1 @_ssdm_op_ReadReq.m_axi.p1i32, i32 %gmem_addr_1, i64 3" [cluster.cpp:183->cluster.cpp:19]   --->   Operation 307 'readreq' 'empty_36' <Predicate = true> <Delay = 4.66> <CoreInst = "m_axi">   --->   Core 119 'm_axi' <Latency = 6> <II = 1> <Delay = 1.00> <Adapter> <Opcode : 'read' 'write' 'readreq' 'writereq' 'writeresp'>
ST_30 : Operation 308 [50/71] (4.66ns)   --->   "%empty_38 = readreq i1 @_ssdm_op_ReadReq.m_axi.p1i32, i32 %gmem_addr_2, i64 3" [cluster.cpp:183->cluster.cpp:19]   --->   Operation 308 'readreq' 'empty_38' <Predicate = true> <Delay = 4.66> <CoreInst = "m_axi">   --->   Core 119 'm_axi' <Latency = 6> <II = 1> <Delay = 1.00> <Adapter> <Opcode : 'read' 'write' 'readreq' 'writereq' 'writeresp'>

State 31 <SV = 30> <Delay = 4.66>
ST_31 : Operation 309 [43/71] (4.66ns)   --->   "%empty_34 = readreq i1 @_ssdm_op_ReadReq.m_axi.p1i32, i32 %gmem_addr, i64 3" [cluster.cpp:183->cluster.cpp:19]   --->   Operation 309 'readreq' 'empty_34' <Predicate = true> <Delay = 4.66> <CoreInst = "m_axi">   --->   Core 119 'm_axi' <Latency = 6> <II = 1> <Delay = 1.00> <Adapter> <Opcode : 'read' 'write' 'readreq' 'writereq' 'writeresp'>
ST_31 : Operation 310 [46/71] (4.66ns)   --->   "%empty_36 = readreq i1 @_ssdm_op_ReadReq.m_axi.p1i32, i32 %gmem_addr_1, i64 3" [cluster.cpp:183->cluster.cpp:19]   --->   Operation 310 'readreq' 'empty_36' <Predicate = true> <Delay = 4.66> <CoreInst = "m_axi">   --->   Core 119 'm_axi' <Latency = 6> <II = 1> <Delay = 1.00> <Adapter> <Opcode : 'read' 'write' 'readreq' 'writereq' 'writeresp'>
ST_31 : Operation 311 [49/71] (4.66ns)   --->   "%empty_38 = readreq i1 @_ssdm_op_ReadReq.m_axi.p1i32, i32 %gmem_addr_2, i64 3" [cluster.cpp:183->cluster.cpp:19]   --->   Operation 311 'readreq' 'empty_38' <Predicate = true> <Delay = 4.66> <CoreInst = "m_axi">   --->   Core 119 'm_axi' <Latency = 6> <II = 1> <Delay = 1.00> <Adapter> <Opcode : 'read' 'write' 'readreq' 'writereq' 'writeresp'>

State 32 <SV = 31> <Delay = 4.66>
ST_32 : Operation 312 [42/71] (4.66ns)   --->   "%empty_34 = readreq i1 @_ssdm_op_ReadReq.m_axi.p1i32, i32 %gmem_addr, i64 3" [cluster.cpp:183->cluster.cpp:19]   --->   Operation 312 'readreq' 'empty_34' <Predicate = true> <Delay = 4.66> <CoreInst = "m_axi">   --->   Core 119 'm_axi' <Latency = 6> <II = 1> <Delay = 1.00> <Adapter> <Opcode : 'read' 'write' 'readreq' 'writereq' 'writeresp'>
ST_32 : Operation 313 [45/71] (4.66ns)   --->   "%empty_36 = readreq i1 @_ssdm_op_ReadReq.m_axi.p1i32, i32 %gmem_addr_1, i64 3" [cluster.cpp:183->cluster.cpp:19]   --->   Operation 313 'readreq' 'empty_36' <Predicate = true> <Delay = 4.66> <CoreInst = "m_axi">   --->   Core 119 'm_axi' <Latency = 6> <II = 1> <Delay = 1.00> <Adapter> <Opcode : 'read' 'write' 'readreq' 'writereq' 'writeresp'>
ST_32 : Operation 314 [48/71] (4.66ns)   --->   "%empty_38 = readreq i1 @_ssdm_op_ReadReq.m_axi.p1i32, i32 %gmem_addr_2, i64 3" [cluster.cpp:183->cluster.cpp:19]   --->   Operation 314 'readreq' 'empty_38' <Predicate = true> <Delay = 4.66> <CoreInst = "m_axi">   --->   Core 119 'm_axi' <Latency = 6> <II = 1> <Delay = 1.00> <Adapter> <Opcode : 'read' 'write' 'readreq' 'writereq' 'writeresp'>

State 33 <SV = 32> <Delay = 4.66>
ST_33 : Operation 315 [41/71] (4.66ns)   --->   "%empty_34 = readreq i1 @_ssdm_op_ReadReq.m_axi.p1i32, i32 %gmem_addr, i64 3" [cluster.cpp:183->cluster.cpp:19]   --->   Operation 315 'readreq' 'empty_34' <Predicate = true> <Delay = 4.66> <CoreInst = "m_axi">   --->   Core 119 'm_axi' <Latency = 6> <II = 1> <Delay = 1.00> <Adapter> <Opcode : 'read' 'write' 'readreq' 'writereq' 'writeresp'>
ST_33 : Operation 316 [44/71] (4.66ns)   --->   "%empty_36 = readreq i1 @_ssdm_op_ReadReq.m_axi.p1i32, i32 %gmem_addr_1, i64 3" [cluster.cpp:183->cluster.cpp:19]   --->   Operation 316 'readreq' 'empty_36' <Predicate = true> <Delay = 4.66> <CoreInst = "m_axi">   --->   Core 119 'm_axi' <Latency = 6> <II = 1> <Delay = 1.00> <Adapter> <Opcode : 'read' 'write' 'readreq' 'writereq' 'writeresp'>
ST_33 : Operation 317 [47/71] (4.66ns)   --->   "%empty_38 = readreq i1 @_ssdm_op_ReadReq.m_axi.p1i32, i32 %gmem_addr_2, i64 3" [cluster.cpp:183->cluster.cpp:19]   --->   Operation 317 'readreq' 'empty_38' <Predicate = true> <Delay = 4.66> <CoreInst = "m_axi">   --->   Core 119 'm_axi' <Latency = 6> <II = 1> <Delay = 1.00> <Adapter> <Opcode : 'read' 'write' 'readreq' 'writereq' 'writeresp'>

State 34 <SV = 33> <Delay = 4.66>
ST_34 : Operation 318 [40/71] (4.66ns)   --->   "%empty_34 = readreq i1 @_ssdm_op_ReadReq.m_axi.p1i32, i32 %gmem_addr, i64 3" [cluster.cpp:183->cluster.cpp:19]   --->   Operation 318 'readreq' 'empty_34' <Predicate = true> <Delay = 4.66> <CoreInst = "m_axi">   --->   Core 119 'm_axi' <Latency = 6> <II = 1> <Delay = 1.00> <Adapter> <Opcode : 'read' 'write' 'readreq' 'writereq' 'writeresp'>
ST_34 : Operation 319 [43/71] (4.66ns)   --->   "%empty_36 = readreq i1 @_ssdm_op_ReadReq.m_axi.p1i32, i32 %gmem_addr_1, i64 3" [cluster.cpp:183->cluster.cpp:19]   --->   Operation 319 'readreq' 'empty_36' <Predicate = true> <Delay = 4.66> <CoreInst = "m_axi">   --->   Core 119 'm_axi' <Latency = 6> <II = 1> <Delay = 1.00> <Adapter> <Opcode : 'read' 'write' 'readreq' 'writereq' 'writeresp'>
ST_34 : Operation 320 [46/71] (4.66ns)   --->   "%empty_38 = readreq i1 @_ssdm_op_ReadReq.m_axi.p1i32, i32 %gmem_addr_2, i64 3" [cluster.cpp:183->cluster.cpp:19]   --->   Operation 320 'readreq' 'empty_38' <Predicate = true> <Delay = 4.66> <CoreInst = "m_axi">   --->   Core 119 'm_axi' <Latency = 6> <II = 1> <Delay = 1.00> <Adapter> <Opcode : 'read' 'write' 'readreq' 'writereq' 'writeresp'>

State 35 <SV = 34> <Delay = 4.66>
ST_35 : Operation 321 [39/71] (4.66ns)   --->   "%empty_34 = readreq i1 @_ssdm_op_ReadReq.m_axi.p1i32, i32 %gmem_addr, i64 3" [cluster.cpp:183->cluster.cpp:19]   --->   Operation 321 'readreq' 'empty_34' <Predicate = true> <Delay = 4.66> <CoreInst = "m_axi">   --->   Core 119 'm_axi' <Latency = 6> <II = 1> <Delay = 1.00> <Adapter> <Opcode : 'read' 'write' 'readreq' 'writereq' 'writeresp'>
ST_35 : Operation 322 [42/71] (4.66ns)   --->   "%empty_36 = readreq i1 @_ssdm_op_ReadReq.m_axi.p1i32, i32 %gmem_addr_1, i64 3" [cluster.cpp:183->cluster.cpp:19]   --->   Operation 322 'readreq' 'empty_36' <Predicate = true> <Delay = 4.66> <CoreInst = "m_axi">   --->   Core 119 'm_axi' <Latency = 6> <II = 1> <Delay = 1.00> <Adapter> <Opcode : 'read' 'write' 'readreq' 'writereq' 'writeresp'>
ST_35 : Operation 323 [45/71] (4.66ns)   --->   "%empty_38 = readreq i1 @_ssdm_op_ReadReq.m_axi.p1i32, i32 %gmem_addr_2, i64 3" [cluster.cpp:183->cluster.cpp:19]   --->   Operation 323 'readreq' 'empty_38' <Predicate = true> <Delay = 4.66> <CoreInst = "m_axi">   --->   Core 119 'm_axi' <Latency = 6> <II = 1> <Delay = 1.00> <Adapter> <Opcode : 'read' 'write' 'readreq' 'writereq' 'writeresp'>

State 36 <SV = 35> <Delay = 4.66>
ST_36 : Operation 324 [38/71] (4.66ns)   --->   "%empty_34 = readreq i1 @_ssdm_op_ReadReq.m_axi.p1i32, i32 %gmem_addr, i64 3" [cluster.cpp:183->cluster.cpp:19]   --->   Operation 324 'readreq' 'empty_34' <Predicate = true> <Delay = 4.66> <CoreInst = "m_axi">   --->   Core 119 'm_axi' <Latency = 6> <II = 1> <Delay = 1.00> <Adapter> <Opcode : 'read' 'write' 'readreq' 'writereq' 'writeresp'>
ST_36 : Operation 325 [41/71] (4.66ns)   --->   "%empty_36 = readreq i1 @_ssdm_op_ReadReq.m_axi.p1i32, i32 %gmem_addr_1, i64 3" [cluster.cpp:183->cluster.cpp:19]   --->   Operation 325 'readreq' 'empty_36' <Predicate = true> <Delay = 4.66> <CoreInst = "m_axi">   --->   Core 119 'm_axi' <Latency = 6> <II = 1> <Delay = 1.00> <Adapter> <Opcode : 'read' 'write' 'readreq' 'writereq' 'writeresp'>
ST_36 : Operation 326 [44/71] (4.66ns)   --->   "%empty_38 = readreq i1 @_ssdm_op_ReadReq.m_axi.p1i32, i32 %gmem_addr_2, i64 3" [cluster.cpp:183->cluster.cpp:19]   --->   Operation 326 'readreq' 'empty_38' <Predicate = true> <Delay = 4.66> <CoreInst = "m_axi">   --->   Core 119 'm_axi' <Latency = 6> <II = 1> <Delay = 1.00> <Adapter> <Opcode : 'read' 'write' 'readreq' 'writereq' 'writeresp'>

State 37 <SV = 36> <Delay = 4.66>
ST_37 : Operation 327 [37/71] (4.66ns)   --->   "%empty_34 = readreq i1 @_ssdm_op_ReadReq.m_axi.p1i32, i32 %gmem_addr, i64 3" [cluster.cpp:183->cluster.cpp:19]   --->   Operation 327 'readreq' 'empty_34' <Predicate = true> <Delay = 4.66> <CoreInst = "m_axi">   --->   Core 119 'm_axi' <Latency = 6> <II = 1> <Delay = 1.00> <Adapter> <Opcode : 'read' 'write' 'readreq' 'writereq' 'writeresp'>
ST_37 : Operation 328 [40/71] (4.66ns)   --->   "%empty_36 = readreq i1 @_ssdm_op_ReadReq.m_axi.p1i32, i32 %gmem_addr_1, i64 3" [cluster.cpp:183->cluster.cpp:19]   --->   Operation 328 'readreq' 'empty_36' <Predicate = true> <Delay = 4.66> <CoreInst = "m_axi">   --->   Core 119 'm_axi' <Latency = 6> <II = 1> <Delay = 1.00> <Adapter> <Opcode : 'read' 'write' 'readreq' 'writereq' 'writeresp'>
ST_37 : Operation 329 [43/71] (4.66ns)   --->   "%empty_38 = readreq i1 @_ssdm_op_ReadReq.m_axi.p1i32, i32 %gmem_addr_2, i64 3" [cluster.cpp:183->cluster.cpp:19]   --->   Operation 329 'readreq' 'empty_38' <Predicate = true> <Delay = 4.66> <CoreInst = "m_axi">   --->   Core 119 'm_axi' <Latency = 6> <II = 1> <Delay = 1.00> <Adapter> <Opcode : 'read' 'write' 'readreq' 'writereq' 'writeresp'>

State 38 <SV = 37> <Delay = 4.66>
ST_38 : Operation 330 [36/71] (4.66ns)   --->   "%empty_34 = readreq i1 @_ssdm_op_ReadReq.m_axi.p1i32, i32 %gmem_addr, i64 3" [cluster.cpp:183->cluster.cpp:19]   --->   Operation 330 'readreq' 'empty_34' <Predicate = true> <Delay = 4.66> <CoreInst = "m_axi">   --->   Core 119 'm_axi' <Latency = 6> <II = 1> <Delay = 1.00> <Adapter> <Opcode : 'read' 'write' 'readreq' 'writereq' 'writeresp'>
ST_38 : Operation 331 [39/71] (4.66ns)   --->   "%empty_36 = readreq i1 @_ssdm_op_ReadReq.m_axi.p1i32, i32 %gmem_addr_1, i64 3" [cluster.cpp:183->cluster.cpp:19]   --->   Operation 331 'readreq' 'empty_36' <Predicate = true> <Delay = 4.66> <CoreInst = "m_axi">   --->   Core 119 'm_axi' <Latency = 6> <II = 1> <Delay = 1.00> <Adapter> <Opcode : 'read' 'write' 'readreq' 'writereq' 'writeresp'>
ST_38 : Operation 332 [42/71] (4.66ns)   --->   "%empty_38 = readreq i1 @_ssdm_op_ReadReq.m_axi.p1i32, i32 %gmem_addr_2, i64 3" [cluster.cpp:183->cluster.cpp:19]   --->   Operation 332 'readreq' 'empty_38' <Predicate = true> <Delay = 4.66> <CoreInst = "m_axi">   --->   Core 119 'm_axi' <Latency = 6> <II = 1> <Delay = 1.00> <Adapter> <Opcode : 'read' 'write' 'readreq' 'writereq' 'writeresp'>

State 39 <SV = 38> <Delay = 4.66>
ST_39 : Operation 333 [35/71] (4.66ns)   --->   "%empty_34 = readreq i1 @_ssdm_op_ReadReq.m_axi.p1i32, i32 %gmem_addr, i64 3" [cluster.cpp:183->cluster.cpp:19]   --->   Operation 333 'readreq' 'empty_34' <Predicate = true> <Delay = 4.66> <CoreInst = "m_axi">   --->   Core 119 'm_axi' <Latency = 6> <II = 1> <Delay = 1.00> <Adapter> <Opcode : 'read' 'write' 'readreq' 'writereq' 'writeresp'>
ST_39 : Operation 334 [38/71] (4.66ns)   --->   "%empty_36 = readreq i1 @_ssdm_op_ReadReq.m_axi.p1i32, i32 %gmem_addr_1, i64 3" [cluster.cpp:183->cluster.cpp:19]   --->   Operation 334 'readreq' 'empty_36' <Predicate = true> <Delay = 4.66> <CoreInst = "m_axi">   --->   Core 119 'm_axi' <Latency = 6> <II = 1> <Delay = 1.00> <Adapter> <Opcode : 'read' 'write' 'readreq' 'writereq' 'writeresp'>
ST_39 : Operation 335 [41/71] (4.66ns)   --->   "%empty_38 = readreq i1 @_ssdm_op_ReadReq.m_axi.p1i32, i32 %gmem_addr_2, i64 3" [cluster.cpp:183->cluster.cpp:19]   --->   Operation 335 'readreq' 'empty_38' <Predicate = true> <Delay = 4.66> <CoreInst = "m_axi">   --->   Core 119 'm_axi' <Latency = 6> <II = 1> <Delay = 1.00> <Adapter> <Opcode : 'read' 'write' 'readreq' 'writereq' 'writeresp'>

State 40 <SV = 39> <Delay = 4.66>
ST_40 : Operation 336 [34/71] (4.66ns)   --->   "%empty_34 = readreq i1 @_ssdm_op_ReadReq.m_axi.p1i32, i32 %gmem_addr, i64 3" [cluster.cpp:183->cluster.cpp:19]   --->   Operation 336 'readreq' 'empty_34' <Predicate = true> <Delay = 4.66> <CoreInst = "m_axi">   --->   Core 119 'm_axi' <Latency = 6> <II = 1> <Delay = 1.00> <Adapter> <Opcode : 'read' 'write' 'readreq' 'writereq' 'writeresp'>
ST_40 : Operation 337 [37/71] (4.66ns)   --->   "%empty_36 = readreq i1 @_ssdm_op_ReadReq.m_axi.p1i32, i32 %gmem_addr_1, i64 3" [cluster.cpp:183->cluster.cpp:19]   --->   Operation 337 'readreq' 'empty_36' <Predicate = true> <Delay = 4.66> <CoreInst = "m_axi">   --->   Core 119 'm_axi' <Latency = 6> <II = 1> <Delay = 1.00> <Adapter> <Opcode : 'read' 'write' 'readreq' 'writereq' 'writeresp'>
ST_40 : Operation 338 [40/71] (4.66ns)   --->   "%empty_38 = readreq i1 @_ssdm_op_ReadReq.m_axi.p1i32, i32 %gmem_addr_2, i64 3" [cluster.cpp:183->cluster.cpp:19]   --->   Operation 338 'readreq' 'empty_38' <Predicate = true> <Delay = 4.66> <CoreInst = "m_axi">   --->   Core 119 'm_axi' <Latency = 6> <II = 1> <Delay = 1.00> <Adapter> <Opcode : 'read' 'write' 'readreq' 'writereq' 'writeresp'>

State 41 <SV = 40> <Delay = 4.66>
ST_41 : Operation 339 [33/71] (4.66ns)   --->   "%empty_34 = readreq i1 @_ssdm_op_ReadReq.m_axi.p1i32, i32 %gmem_addr, i64 3" [cluster.cpp:183->cluster.cpp:19]   --->   Operation 339 'readreq' 'empty_34' <Predicate = true> <Delay = 4.66> <CoreInst = "m_axi">   --->   Core 119 'm_axi' <Latency = 6> <II = 1> <Delay = 1.00> <Adapter> <Opcode : 'read' 'write' 'readreq' 'writereq' 'writeresp'>
ST_41 : Operation 340 [36/71] (4.66ns)   --->   "%empty_36 = readreq i1 @_ssdm_op_ReadReq.m_axi.p1i32, i32 %gmem_addr_1, i64 3" [cluster.cpp:183->cluster.cpp:19]   --->   Operation 340 'readreq' 'empty_36' <Predicate = true> <Delay = 4.66> <CoreInst = "m_axi">   --->   Core 119 'm_axi' <Latency = 6> <II = 1> <Delay = 1.00> <Adapter> <Opcode : 'read' 'write' 'readreq' 'writereq' 'writeresp'>
ST_41 : Operation 341 [39/71] (4.66ns)   --->   "%empty_38 = readreq i1 @_ssdm_op_ReadReq.m_axi.p1i32, i32 %gmem_addr_2, i64 3" [cluster.cpp:183->cluster.cpp:19]   --->   Operation 341 'readreq' 'empty_38' <Predicate = true> <Delay = 4.66> <CoreInst = "m_axi">   --->   Core 119 'm_axi' <Latency = 6> <II = 1> <Delay = 1.00> <Adapter> <Opcode : 'read' 'write' 'readreq' 'writereq' 'writeresp'>

State 42 <SV = 41> <Delay = 4.66>
ST_42 : Operation 342 [32/71] (4.66ns)   --->   "%empty_34 = readreq i1 @_ssdm_op_ReadReq.m_axi.p1i32, i32 %gmem_addr, i64 3" [cluster.cpp:183->cluster.cpp:19]   --->   Operation 342 'readreq' 'empty_34' <Predicate = true> <Delay = 4.66> <CoreInst = "m_axi">   --->   Core 119 'm_axi' <Latency = 6> <II = 1> <Delay = 1.00> <Adapter> <Opcode : 'read' 'write' 'readreq' 'writereq' 'writeresp'>
ST_42 : Operation 343 [35/71] (4.66ns)   --->   "%empty_36 = readreq i1 @_ssdm_op_ReadReq.m_axi.p1i32, i32 %gmem_addr_1, i64 3" [cluster.cpp:183->cluster.cpp:19]   --->   Operation 343 'readreq' 'empty_36' <Predicate = true> <Delay = 4.66> <CoreInst = "m_axi">   --->   Core 119 'm_axi' <Latency = 6> <II = 1> <Delay = 1.00> <Adapter> <Opcode : 'read' 'write' 'readreq' 'writereq' 'writeresp'>
ST_42 : Operation 344 [38/71] (4.66ns)   --->   "%empty_38 = readreq i1 @_ssdm_op_ReadReq.m_axi.p1i32, i32 %gmem_addr_2, i64 3" [cluster.cpp:183->cluster.cpp:19]   --->   Operation 344 'readreq' 'empty_38' <Predicate = true> <Delay = 4.66> <CoreInst = "m_axi">   --->   Core 119 'm_axi' <Latency = 6> <II = 1> <Delay = 1.00> <Adapter> <Opcode : 'read' 'write' 'readreq' 'writereq' 'writeresp'>

State 43 <SV = 42> <Delay = 4.66>
ST_43 : Operation 345 [31/71] (4.66ns)   --->   "%empty_34 = readreq i1 @_ssdm_op_ReadReq.m_axi.p1i32, i32 %gmem_addr, i64 3" [cluster.cpp:183->cluster.cpp:19]   --->   Operation 345 'readreq' 'empty_34' <Predicate = true> <Delay = 4.66> <CoreInst = "m_axi">   --->   Core 119 'm_axi' <Latency = 6> <II = 1> <Delay = 1.00> <Adapter> <Opcode : 'read' 'write' 'readreq' 'writereq' 'writeresp'>
ST_43 : Operation 346 [34/71] (4.66ns)   --->   "%empty_36 = readreq i1 @_ssdm_op_ReadReq.m_axi.p1i32, i32 %gmem_addr_1, i64 3" [cluster.cpp:183->cluster.cpp:19]   --->   Operation 346 'readreq' 'empty_36' <Predicate = true> <Delay = 4.66> <CoreInst = "m_axi">   --->   Core 119 'm_axi' <Latency = 6> <II = 1> <Delay = 1.00> <Adapter> <Opcode : 'read' 'write' 'readreq' 'writereq' 'writeresp'>
ST_43 : Operation 347 [37/71] (4.66ns)   --->   "%empty_38 = readreq i1 @_ssdm_op_ReadReq.m_axi.p1i32, i32 %gmem_addr_2, i64 3" [cluster.cpp:183->cluster.cpp:19]   --->   Operation 347 'readreq' 'empty_38' <Predicate = true> <Delay = 4.66> <CoreInst = "m_axi">   --->   Core 119 'm_axi' <Latency = 6> <II = 1> <Delay = 1.00> <Adapter> <Opcode : 'read' 'write' 'readreq' 'writereq' 'writeresp'>

State 44 <SV = 43> <Delay = 4.66>
ST_44 : Operation 348 [30/71] (4.66ns)   --->   "%empty_34 = readreq i1 @_ssdm_op_ReadReq.m_axi.p1i32, i32 %gmem_addr, i64 3" [cluster.cpp:183->cluster.cpp:19]   --->   Operation 348 'readreq' 'empty_34' <Predicate = true> <Delay = 4.66> <CoreInst = "m_axi">   --->   Core 119 'm_axi' <Latency = 6> <II = 1> <Delay = 1.00> <Adapter> <Opcode : 'read' 'write' 'readreq' 'writereq' 'writeresp'>
ST_44 : Operation 349 [33/71] (4.66ns)   --->   "%empty_36 = readreq i1 @_ssdm_op_ReadReq.m_axi.p1i32, i32 %gmem_addr_1, i64 3" [cluster.cpp:183->cluster.cpp:19]   --->   Operation 349 'readreq' 'empty_36' <Predicate = true> <Delay = 4.66> <CoreInst = "m_axi">   --->   Core 119 'm_axi' <Latency = 6> <II = 1> <Delay = 1.00> <Adapter> <Opcode : 'read' 'write' 'readreq' 'writereq' 'writeresp'>
ST_44 : Operation 350 [36/71] (4.66ns)   --->   "%empty_38 = readreq i1 @_ssdm_op_ReadReq.m_axi.p1i32, i32 %gmem_addr_2, i64 3" [cluster.cpp:183->cluster.cpp:19]   --->   Operation 350 'readreq' 'empty_38' <Predicate = true> <Delay = 4.66> <CoreInst = "m_axi">   --->   Core 119 'm_axi' <Latency = 6> <II = 1> <Delay = 1.00> <Adapter> <Opcode : 'read' 'write' 'readreq' 'writereq' 'writeresp'>

State 45 <SV = 44> <Delay = 4.66>
ST_45 : Operation 351 [29/71] (4.66ns)   --->   "%empty_34 = readreq i1 @_ssdm_op_ReadReq.m_axi.p1i32, i32 %gmem_addr, i64 3" [cluster.cpp:183->cluster.cpp:19]   --->   Operation 351 'readreq' 'empty_34' <Predicate = true> <Delay = 4.66> <CoreInst = "m_axi">   --->   Core 119 'm_axi' <Latency = 6> <II = 1> <Delay = 1.00> <Adapter> <Opcode : 'read' 'write' 'readreq' 'writereq' 'writeresp'>
ST_45 : Operation 352 [32/71] (4.66ns)   --->   "%empty_36 = readreq i1 @_ssdm_op_ReadReq.m_axi.p1i32, i32 %gmem_addr_1, i64 3" [cluster.cpp:183->cluster.cpp:19]   --->   Operation 352 'readreq' 'empty_36' <Predicate = true> <Delay = 4.66> <CoreInst = "m_axi">   --->   Core 119 'm_axi' <Latency = 6> <II = 1> <Delay = 1.00> <Adapter> <Opcode : 'read' 'write' 'readreq' 'writereq' 'writeresp'>
ST_45 : Operation 353 [35/71] (4.66ns)   --->   "%empty_38 = readreq i1 @_ssdm_op_ReadReq.m_axi.p1i32, i32 %gmem_addr_2, i64 3" [cluster.cpp:183->cluster.cpp:19]   --->   Operation 353 'readreq' 'empty_38' <Predicate = true> <Delay = 4.66> <CoreInst = "m_axi">   --->   Core 119 'm_axi' <Latency = 6> <II = 1> <Delay = 1.00> <Adapter> <Opcode : 'read' 'write' 'readreq' 'writereq' 'writeresp'>

State 46 <SV = 45> <Delay = 4.66>
ST_46 : Operation 354 [28/71] (4.66ns)   --->   "%empty_34 = readreq i1 @_ssdm_op_ReadReq.m_axi.p1i32, i32 %gmem_addr, i64 3" [cluster.cpp:183->cluster.cpp:19]   --->   Operation 354 'readreq' 'empty_34' <Predicate = true> <Delay = 4.66> <CoreInst = "m_axi">   --->   Core 119 'm_axi' <Latency = 6> <II = 1> <Delay = 1.00> <Adapter> <Opcode : 'read' 'write' 'readreq' 'writereq' 'writeresp'>
ST_46 : Operation 355 [31/71] (4.66ns)   --->   "%empty_36 = readreq i1 @_ssdm_op_ReadReq.m_axi.p1i32, i32 %gmem_addr_1, i64 3" [cluster.cpp:183->cluster.cpp:19]   --->   Operation 355 'readreq' 'empty_36' <Predicate = true> <Delay = 4.66> <CoreInst = "m_axi">   --->   Core 119 'm_axi' <Latency = 6> <II = 1> <Delay = 1.00> <Adapter> <Opcode : 'read' 'write' 'readreq' 'writereq' 'writeresp'>
ST_46 : Operation 356 [34/71] (4.66ns)   --->   "%empty_38 = readreq i1 @_ssdm_op_ReadReq.m_axi.p1i32, i32 %gmem_addr_2, i64 3" [cluster.cpp:183->cluster.cpp:19]   --->   Operation 356 'readreq' 'empty_38' <Predicate = true> <Delay = 4.66> <CoreInst = "m_axi">   --->   Core 119 'm_axi' <Latency = 6> <II = 1> <Delay = 1.00> <Adapter> <Opcode : 'read' 'write' 'readreq' 'writereq' 'writeresp'>

State 47 <SV = 46> <Delay = 4.66>
ST_47 : Operation 357 [27/71] (4.66ns)   --->   "%empty_34 = readreq i1 @_ssdm_op_ReadReq.m_axi.p1i32, i32 %gmem_addr, i64 3" [cluster.cpp:183->cluster.cpp:19]   --->   Operation 357 'readreq' 'empty_34' <Predicate = true> <Delay = 4.66> <CoreInst = "m_axi">   --->   Core 119 'm_axi' <Latency = 6> <II = 1> <Delay = 1.00> <Adapter> <Opcode : 'read' 'write' 'readreq' 'writereq' 'writeresp'>
ST_47 : Operation 358 [30/71] (4.66ns)   --->   "%empty_36 = readreq i1 @_ssdm_op_ReadReq.m_axi.p1i32, i32 %gmem_addr_1, i64 3" [cluster.cpp:183->cluster.cpp:19]   --->   Operation 358 'readreq' 'empty_36' <Predicate = true> <Delay = 4.66> <CoreInst = "m_axi">   --->   Core 119 'm_axi' <Latency = 6> <II = 1> <Delay = 1.00> <Adapter> <Opcode : 'read' 'write' 'readreq' 'writereq' 'writeresp'>
ST_47 : Operation 359 [33/71] (4.66ns)   --->   "%empty_38 = readreq i1 @_ssdm_op_ReadReq.m_axi.p1i32, i32 %gmem_addr_2, i64 3" [cluster.cpp:183->cluster.cpp:19]   --->   Operation 359 'readreq' 'empty_38' <Predicate = true> <Delay = 4.66> <CoreInst = "m_axi">   --->   Core 119 'm_axi' <Latency = 6> <II = 1> <Delay = 1.00> <Adapter> <Opcode : 'read' 'write' 'readreq' 'writereq' 'writeresp'>

State 48 <SV = 47> <Delay = 4.66>
ST_48 : Operation 360 [26/71] (4.66ns)   --->   "%empty_34 = readreq i1 @_ssdm_op_ReadReq.m_axi.p1i32, i32 %gmem_addr, i64 3" [cluster.cpp:183->cluster.cpp:19]   --->   Operation 360 'readreq' 'empty_34' <Predicate = true> <Delay = 4.66> <CoreInst = "m_axi">   --->   Core 119 'm_axi' <Latency = 6> <II = 1> <Delay = 1.00> <Adapter> <Opcode : 'read' 'write' 'readreq' 'writereq' 'writeresp'>
ST_48 : Operation 361 [29/71] (4.66ns)   --->   "%empty_36 = readreq i1 @_ssdm_op_ReadReq.m_axi.p1i32, i32 %gmem_addr_1, i64 3" [cluster.cpp:183->cluster.cpp:19]   --->   Operation 361 'readreq' 'empty_36' <Predicate = true> <Delay = 4.66> <CoreInst = "m_axi">   --->   Core 119 'm_axi' <Latency = 6> <II = 1> <Delay = 1.00> <Adapter> <Opcode : 'read' 'write' 'readreq' 'writereq' 'writeresp'>
ST_48 : Operation 362 [32/71] (4.66ns)   --->   "%empty_38 = readreq i1 @_ssdm_op_ReadReq.m_axi.p1i32, i32 %gmem_addr_2, i64 3" [cluster.cpp:183->cluster.cpp:19]   --->   Operation 362 'readreq' 'empty_38' <Predicate = true> <Delay = 4.66> <CoreInst = "m_axi">   --->   Core 119 'm_axi' <Latency = 6> <II = 1> <Delay = 1.00> <Adapter> <Opcode : 'read' 'write' 'readreq' 'writereq' 'writeresp'>

State 49 <SV = 48> <Delay = 4.66>
ST_49 : Operation 363 [25/71] (4.66ns)   --->   "%empty_34 = readreq i1 @_ssdm_op_ReadReq.m_axi.p1i32, i32 %gmem_addr, i64 3" [cluster.cpp:183->cluster.cpp:19]   --->   Operation 363 'readreq' 'empty_34' <Predicate = true> <Delay = 4.66> <CoreInst = "m_axi">   --->   Core 119 'm_axi' <Latency = 6> <II = 1> <Delay = 1.00> <Adapter> <Opcode : 'read' 'write' 'readreq' 'writereq' 'writeresp'>
ST_49 : Operation 364 [28/71] (4.66ns)   --->   "%empty_36 = readreq i1 @_ssdm_op_ReadReq.m_axi.p1i32, i32 %gmem_addr_1, i64 3" [cluster.cpp:183->cluster.cpp:19]   --->   Operation 364 'readreq' 'empty_36' <Predicate = true> <Delay = 4.66> <CoreInst = "m_axi">   --->   Core 119 'm_axi' <Latency = 6> <II = 1> <Delay = 1.00> <Adapter> <Opcode : 'read' 'write' 'readreq' 'writereq' 'writeresp'>
ST_49 : Operation 365 [31/71] (4.66ns)   --->   "%empty_38 = readreq i1 @_ssdm_op_ReadReq.m_axi.p1i32, i32 %gmem_addr_2, i64 3" [cluster.cpp:183->cluster.cpp:19]   --->   Operation 365 'readreq' 'empty_38' <Predicate = true> <Delay = 4.66> <CoreInst = "m_axi">   --->   Core 119 'm_axi' <Latency = 6> <II = 1> <Delay = 1.00> <Adapter> <Opcode : 'read' 'write' 'readreq' 'writereq' 'writeresp'>

State 50 <SV = 49> <Delay = 4.66>
ST_50 : Operation 366 [24/71] (4.66ns)   --->   "%empty_34 = readreq i1 @_ssdm_op_ReadReq.m_axi.p1i32, i32 %gmem_addr, i64 3" [cluster.cpp:183->cluster.cpp:19]   --->   Operation 366 'readreq' 'empty_34' <Predicate = true> <Delay = 4.66> <CoreInst = "m_axi">   --->   Core 119 'm_axi' <Latency = 6> <II = 1> <Delay = 1.00> <Adapter> <Opcode : 'read' 'write' 'readreq' 'writereq' 'writeresp'>
ST_50 : Operation 367 [27/71] (4.66ns)   --->   "%empty_36 = readreq i1 @_ssdm_op_ReadReq.m_axi.p1i32, i32 %gmem_addr_1, i64 3" [cluster.cpp:183->cluster.cpp:19]   --->   Operation 367 'readreq' 'empty_36' <Predicate = true> <Delay = 4.66> <CoreInst = "m_axi">   --->   Core 119 'm_axi' <Latency = 6> <II = 1> <Delay = 1.00> <Adapter> <Opcode : 'read' 'write' 'readreq' 'writereq' 'writeresp'>
ST_50 : Operation 368 [30/71] (4.66ns)   --->   "%empty_38 = readreq i1 @_ssdm_op_ReadReq.m_axi.p1i32, i32 %gmem_addr_2, i64 3" [cluster.cpp:183->cluster.cpp:19]   --->   Operation 368 'readreq' 'empty_38' <Predicate = true> <Delay = 4.66> <CoreInst = "m_axi">   --->   Core 119 'm_axi' <Latency = 6> <II = 1> <Delay = 1.00> <Adapter> <Opcode : 'read' 'write' 'readreq' 'writereq' 'writeresp'>

State 51 <SV = 50> <Delay = 4.66>
ST_51 : Operation 369 [23/71] (4.66ns)   --->   "%empty_34 = readreq i1 @_ssdm_op_ReadReq.m_axi.p1i32, i32 %gmem_addr, i64 3" [cluster.cpp:183->cluster.cpp:19]   --->   Operation 369 'readreq' 'empty_34' <Predicate = true> <Delay = 4.66> <CoreInst = "m_axi">   --->   Core 119 'm_axi' <Latency = 6> <II = 1> <Delay = 1.00> <Adapter> <Opcode : 'read' 'write' 'readreq' 'writereq' 'writeresp'>
ST_51 : Operation 370 [26/71] (4.66ns)   --->   "%empty_36 = readreq i1 @_ssdm_op_ReadReq.m_axi.p1i32, i32 %gmem_addr_1, i64 3" [cluster.cpp:183->cluster.cpp:19]   --->   Operation 370 'readreq' 'empty_36' <Predicate = true> <Delay = 4.66> <CoreInst = "m_axi">   --->   Core 119 'm_axi' <Latency = 6> <II = 1> <Delay = 1.00> <Adapter> <Opcode : 'read' 'write' 'readreq' 'writereq' 'writeresp'>
ST_51 : Operation 371 [29/71] (4.66ns)   --->   "%empty_38 = readreq i1 @_ssdm_op_ReadReq.m_axi.p1i32, i32 %gmem_addr_2, i64 3" [cluster.cpp:183->cluster.cpp:19]   --->   Operation 371 'readreq' 'empty_38' <Predicate = true> <Delay = 4.66> <CoreInst = "m_axi">   --->   Core 119 'm_axi' <Latency = 6> <II = 1> <Delay = 1.00> <Adapter> <Opcode : 'read' 'write' 'readreq' 'writereq' 'writeresp'>

State 52 <SV = 51> <Delay = 4.66>
ST_52 : Operation 372 [22/71] (4.66ns)   --->   "%empty_34 = readreq i1 @_ssdm_op_ReadReq.m_axi.p1i32, i32 %gmem_addr, i64 3" [cluster.cpp:183->cluster.cpp:19]   --->   Operation 372 'readreq' 'empty_34' <Predicate = true> <Delay = 4.66> <CoreInst = "m_axi">   --->   Core 119 'm_axi' <Latency = 6> <II = 1> <Delay = 1.00> <Adapter> <Opcode : 'read' 'write' 'readreq' 'writereq' 'writeresp'>
ST_52 : Operation 373 [25/71] (4.66ns)   --->   "%empty_36 = readreq i1 @_ssdm_op_ReadReq.m_axi.p1i32, i32 %gmem_addr_1, i64 3" [cluster.cpp:183->cluster.cpp:19]   --->   Operation 373 'readreq' 'empty_36' <Predicate = true> <Delay = 4.66> <CoreInst = "m_axi">   --->   Core 119 'm_axi' <Latency = 6> <II = 1> <Delay = 1.00> <Adapter> <Opcode : 'read' 'write' 'readreq' 'writereq' 'writeresp'>
ST_52 : Operation 374 [28/71] (4.66ns)   --->   "%empty_38 = readreq i1 @_ssdm_op_ReadReq.m_axi.p1i32, i32 %gmem_addr_2, i64 3" [cluster.cpp:183->cluster.cpp:19]   --->   Operation 374 'readreq' 'empty_38' <Predicate = true> <Delay = 4.66> <CoreInst = "m_axi">   --->   Core 119 'm_axi' <Latency = 6> <II = 1> <Delay = 1.00> <Adapter> <Opcode : 'read' 'write' 'readreq' 'writereq' 'writeresp'>

State 53 <SV = 52> <Delay = 4.66>
ST_53 : Operation 375 [21/71] (4.66ns)   --->   "%empty_34 = readreq i1 @_ssdm_op_ReadReq.m_axi.p1i32, i32 %gmem_addr, i64 3" [cluster.cpp:183->cluster.cpp:19]   --->   Operation 375 'readreq' 'empty_34' <Predicate = true> <Delay = 4.66> <CoreInst = "m_axi">   --->   Core 119 'm_axi' <Latency = 6> <II = 1> <Delay = 1.00> <Adapter> <Opcode : 'read' 'write' 'readreq' 'writereq' 'writeresp'>
ST_53 : Operation 376 [24/71] (4.66ns)   --->   "%empty_36 = readreq i1 @_ssdm_op_ReadReq.m_axi.p1i32, i32 %gmem_addr_1, i64 3" [cluster.cpp:183->cluster.cpp:19]   --->   Operation 376 'readreq' 'empty_36' <Predicate = true> <Delay = 4.66> <CoreInst = "m_axi">   --->   Core 119 'm_axi' <Latency = 6> <II = 1> <Delay = 1.00> <Adapter> <Opcode : 'read' 'write' 'readreq' 'writereq' 'writeresp'>
ST_53 : Operation 377 [27/71] (4.66ns)   --->   "%empty_38 = readreq i1 @_ssdm_op_ReadReq.m_axi.p1i32, i32 %gmem_addr_2, i64 3" [cluster.cpp:183->cluster.cpp:19]   --->   Operation 377 'readreq' 'empty_38' <Predicate = true> <Delay = 4.66> <CoreInst = "m_axi">   --->   Core 119 'm_axi' <Latency = 6> <II = 1> <Delay = 1.00> <Adapter> <Opcode : 'read' 'write' 'readreq' 'writereq' 'writeresp'>

State 54 <SV = 53> <Delay = 4.66>
ST_54 : Operation 378 [20/71] (4.66ns)   --->   "%empty_34 = readreq i1 @_ssdm_op_ReadReq.m_axi.p1i32, i32 %gmem_addr, i64 3" [cluster.cpp:183->cluster.cpp:19]   --->   Operation 378 'readreq' 'empty_34' <Predicate = true> <Delay = 4.66> <CoreInst = "m_axi">   --->   Core 119 'm_axi' <Latency = 6> <II = 1> <Delay = 1.00> <Adapter> <Opcode : 'read' 'write' 'readreq' 'writereq' 'writeresp'>
ST_54 : Operation 379 [23/71] (4.66ns)   --->   "%empty_36 = readreq i1 @_ssdm_op_ReadReq.m_axi.p1i32, i32 %gmem_addr_1, i64 3" [cluster.cpp:183->cluster.cpp:19]   --->   Operation 379 'readreq' 'empty_36' <Predicate = true> <Delay = 4.66> <CoreInst = "m_axi">   --->   Core 119 'm_axi' <Latency = 6> <II = 1> <Delay = 1.00> <Adapter> <Opcode : 'read' 'write' 'readreq' 'writereq' 'writeresp'>
ST_54 : Operation 380 [26/71] (4.66ns)   --->   "%empty_38 = readreq i1 @_ssdm_op_ReadReq.m_axi.p1i32, i32 %gmem_addr_2, i64 3" [cluster.cpp:183->cluster.cpp:19]   --->   Operation 380 'readreq' 'empty_38' <Predicate = true> <Delay = 4.66> <CoreInst = "m_axi">   --->   Core 119 'm_axi' <Latency = 6> <II = 1> <Delay = 1.00> <Adapter> <Opcode : 'read' 'write' 'readreq' 'writereq' 'writeresp'>

State 55 <SV = 54> <Delay = 4.66>
ST_55 : Operation 381 [19/71] (4.66ns)   --->   "%empty_34 = readreq i1 @_ssdm_op_ReadReq.m_axi.p1i32, i32 %gmem_addr, i64 3" [cluster.cpp:183->cluster.cpp:19]   --->   Operation 381 'readreq' 'empty_34' <Predicate = true> <Delay = 4.66> <CoreInst = "m_axi">   --->   Core 119 'm_axi' <Latency = 6> <II = 1> <Delay = 1.00> <Adapter> <Opcode : 'read' 'write' 'readreq' 'writereq' 'writeresp'>
ST_55 : Operation 382 [22/71] (4.66ns)   --->   "%empty_36 = readreq i1 @_ssdm_op_ReadReq.m_axi.p1i32, i32 %gmem_addr_1, i64 3" [cluster.cpp:183->cluster.cpp:19]   --->   Operation 382 'readreq' 'empty_36' <Predicate = true> <Delay = 4.66> <CoreInst = "m_axi">   --->   Core 119 'm_axi' <Latency = 6> <II = 1> <Delay = 1.00> <Adapter> <Opcode : 'read' 'write' 'readreq' 'writereq' 'writeresp'>
ST_55 : Operation 383 [25/71] (4.66ns)   --->   "%empty_38 = readreq i1 @_ssdm_op_ReadReq.m_axi.p1i32, i32 %gmem_addr_2, i64 3" [cluster.cpp:183->cluster.cpp:19]   --->   Operation 383 'readreq' 'empty_38' <Predicate = true> <Delay = 4.66> <CoreInst = "m_axi">   --->   Core 119 'm_axi' <Latency = 6> <II = 1> <Delay = 1.00> <Adapter> <Opcode : 'read' 'write' 'readreq' 'writereq' 'writeresp'>

State 56 <SV = 55> <Delay = 4.66>
ST_56 : Operation 384 [18/71] (4.66ns)   --->   "%empty_34 = readreq i1 @_ssdm_op_ReadReq.m_axi.p1i32, i32 %gmem_addr, i64 3" [cluster.cpp:183->cluster.cpp:19]   --->   Operation 384 'readreq' 'empty_34' <Predicate = true> <Delay = 4.66> <CoreInst = "m_axi">   --->   Core 119 'm_axi' <Latency = 6> <II = 1> <Delay = 1.00> <Adapter> <Opcode : 'read' 'write' 'readreq' 'writereq' 'writeresp'>
ST_56 : Operation 385 [21/71] (4.66ns)   --->   "%empty_36 = readreq i1 @_ssdm_op_ReadReq.m_axi.p1i32, i32 %gmem_addr_1, i64 3" [cluster.cpp:183->cluster.cpp:19]   --->   Operation 385 'readreq' 'empty_36' <Predicate = true> <Delay = 4.66> <CoreInst = "m_axi">   --->   Core 119 'm_axi' <Latency = 6> <II = 1> <Delay = 1.00> <Adapter> <Opcode : 'read' 'write' 'readreq' 'writereq' 'writeresp'>
ST_56 : Operation 386 [24/71] (4.66ns)   --->   "%empty_38 = readreq i1 @_ssdm_op_ReadReq.m_axi.p1i32, i32 %gmem_addr_2, i64 3" [cluster.cpp:183->cluster.cpp:19]   --->   Operation 386 'readreq' 'empty_38' <Predicate = true> <Delay = 4.66> <CoreInst = "m_axi">   --->   Core 119 'm_axi' <Latency = 6> <II = 1> <Delay = 1.00> <Adapter> <Opcode : 'read' 'write' 'readreq' 'writereq' 'writeresp'>

State 57 <SV = 56> <Delay = 4.66>
ST_57 : Operation 387 [17/71] (4.66ns)   --->   "%empty_34 = readreq i1 @_ssdm_op_ReadReq.m_axi.p1i32, i32 %gmem_addr, i64 3" [cluster.cpp:183->cluster.cpp:19]   --->   Operation 387 'readreq' 'empty_34' <Predicate = true> <Delay = 4.66> <CoreInst = "m_axi">   --->   Core 119 'm_axi' <Latency = 6> <II = 1> <Delay = 1.00> <Adapter> <Opcode : 'read' 'write' 'readreq' 'writereq' 'writeresp'>
ST_57 : Operation 388 [20/71] (4.66ns)   --->   "%empty_36 = readreq i1 @_ssdm_op_ReadReq.m_axi.p1i32, i32 %gmem_addr_1, i64 3" [cluster.cpp:183->cluster.cpp:19]   --->   Operation 388 'readreq' 'empty_36' <Predicate = true> <Delay = 4.66> <CoreInst = "m_axi">   --->   Core 119 'm_axi' <Latency = 6> <II = 1> <Delay = 1.00> <Adapter> <Opcode : 'read' 'write' 'readreq' 'writereq' 'writeresp'>
ST_57 : Operation 389 [23/71] (4.66ns)   --->   "%empty_38 = readreq i1 @_ssdm_op_ReadReq.m_axi.p1i32, i32 %gmem_addr_2, i64 3" [cluster.cpp:183->cluster.cpp:19]   --->   Operation 389 'readreq' 'empty_38' <Predicate = true> <Delay = 4.66> <CoreInst = "m_axi">   --->   Core 119 'm_axi' <Latency = 6> <II = 1> <Delay = 1.00> <Adapter> <Opcode : 'read' 'write' 'readreq' 'writereq' 'writeresp'>

State 58 <SV = 57> <Delay = 4.66>
ST_58 : Operation 390 [16/71] (4.66ns)   --->   "%empty_34 = readreq i1 @_ssdm_op_ReadReq.m_axi.p1i32, i32 %gmem_addr, i64 3" [cluster.cpp:183->cluster.cpp:19]   --->   Operation 390 'readreq' 'empty_34' <Predicate = true> <Delay = 4.66> <CoreInst = "m_axi">   --->   Core 119 'm_axi' <Latency = 6> <II = 1> <Delay = 1.00> <Adapter> <Opcode : 'read' 'write' 'readreq' 'writereq' 'writeresp'>
ST_58 : Operation 391 [19/71] (4.66ns)   --->   "%empty_36 = readreq i1 @_ssdm_op_ReadReq.m_axi.p1i32, i32 %gmem_addr_1, i64 3" [cluster.cpp:183->cluster.cpp:19]   --->   Operation 391 'readreq' 'empty_36' <Predicate = true> <Delay = 4.66> <CoreInst = "m_axi">   --->   Core 119 'm_axi' <Latency = 6> <II = 1> <Delay = 1.00> <Adapter> <Opcode : 'read' 'write' 'readreq' 'writereq' 'writeresp'>
ST_58 : Operation 392 [22/71] (4.66ns)   --->   "%empty_38 = readreq i1 @_ssdm_op_ReadReq.m_axi.p1i32, i32 %gmem_addr_2, i64 3" [cluster.cpp:183->cluster.cpp:19]   --->   Operation 392 'readreq' 'empty_38' <Predicate = true> <Delay = 4.66> <CoreInst = "m_axi">   --->   Core 119 'm_axi' <Latency = 6> <II = 1> <Delay = 1.00> <Adapter> <Opcode : 'read' 'write' 'readreq' 'writereq' 'writeresp'>

State 59 <SV = 58> <Delay = 4.66>
ST_59 : Operation 393 [15/71] (4.66ns)   --->   "%empty_34 = readreq i1 @_ssdm_op_ReadReq.m_axi.p1i32, i32 %gmem_addr, i64 3" [cluster.cpp:183->cluster.cpp:19]   --->   Operation 393 'readreq' 'empty_34' <Predicate = true> <Delay = 4.66> <CoreInst = "m_axi">   --->   Core 119 'm_axi' <Latency = 6> <II = 1> <Delay = 1.00> <Adapter> <Opcode : 'read' 'write' 'readreq' 'writereq' 'writeresp'>
ST_59 : Operation 394 [18/71] (4.66ns)   --->   "%empty_36 = readreq i1 @_ssdm_op_ReadReq.m_axi.p1i32, i32 %gmem_addr_1, i64 3" [cluster.cpp:183->cluster.cpp:19]   --->   Operation 394 'readreq' 'empty_36' <Predicate = true> <Delay = 4.66> <CoreInst = "m_axi">   --->   Core 119 'm_axi' <Latency = 6> <II = 1> <Delay = 1.00> <Adapter> <Opcode : 'read' 'write' 'readreq' 'writereq' 'writeresp'>
ST_59 : Operation 395 [21/71] (4.66ns)   --->   "%empty_38 = readreq i1 @_ssdm_op_ReadReq.m_axi.p1i32, i32 %gmem_addr_2, i64 3" [cluster.cpp:183->cluster.cpp:19]   --->   Operation 395 'readreq' 'empty_38' <Predicate = true> <Delay = 4.66> <CoreInst = "m_axi">   --->   Core 119 'm_axi' <Latency = 6> <II = 1> <Delay = 1.00> <Adapter> <Opcode : 'read' 'write' 'readreq' 'writereq' 'writeresp'>

State 60 <SV = 59> <Delay = 4.66>
ST_60 : Operation 396 [14/71] (4.66ns)   --->   "%empty_34 = readreq i1 @_ssdm_op_ReadReq.m_axi.p1i32, i32 %gmem_addr, i64 3" [cluster.cpp:183->cluster.cpp:19]   --->   Operation 396 'readreq' 'empty_34' <Predicate = true> <Delay = 4.66> <CoreInst = "m_axi">   --->   Core 119 'm_axi' <Latency = 6> <II = 1> <Delay = 1.00> <Adapter> <Opcode : 'read' 'write' 'readreq' 'writereq' 'writeresp'>
ST_60 : Operation 397 [17/71] (4.66ns)   --->   "%empty_36 = readreq i1 @_ssdm_op_ReadReq.m_axi.p1i32, i32 %gmem_addr_1, i64 3" [cluster.cpp:183->cluster.cpp:19]   --->   Operation 397 'readreq' 'empty_36' <Predicate = true> <Delay = 4.66> <CoreInst = "m_axi">   --->   Core 119 'm_axi' <Latency = 6> <II = 1> <Delay = 1.00> <Adapter> <Opcode : 'read' 'write' 'readreq' 'writereq' 'writeresp'>
ST_60 : Operation 398 [20/71] (4.66ns)   --->   "%empty_38 = readreq i1 @_ssdm_op_ReadReq.m_axi.p1i32, i32 %gmem_addr_2, i64 3" [cluster.cpp:183->cluster.cpp:19]   --->   Operation 398 'readreq' 'empty_38' <Predicate = true> <Delay = 4.66> <CoreInst = "m_axi">   --->   Core 119 'm_axi' <Latency = 6> <II = 1> <Delay = 1.00> <Adapter> <Opcode : 'read' 'write' 'readreq' 'writereq' 'writeresp'>

State 61 <SV = 60> <Delay = 4.66>
ST_61 : Operation 399 [13/71] (4.66ns)   --->   "%empty_34 = readreq i1 @_ssdm_op_ReadReq.m_axi.p1i32, i32 %gmem_addr, i64 3" [cluster.cpp:183->cluster.cpp:19]   --->   Operation 399 'readreq' 'empty_34' <Predicate = true> <Delay = 4.66> <CoreInst = "m_axi">   --->   Core 119 'm_axi' <Latency = 6> <II = 1> <Delay = 1.00> <Adapter> <Opcode : 'read' 'write' 'readreq' 'writereq' 'writeresp'>
ST_61 : Operation 400 [16/71] (4.66ns)   --->   "%empty_36 = readreq i1 @_ssdm_op_ReadReq.m_axi.p1i32, i32 %gmem_addr_1, i64 3" [cluster.cpp:183->cluster.cpp:19]   --->   Operation 400 'readreq' 'empty_36' <Predicate = true> <Delay = 4.66> <CoreInst = "m_axi">   --->   Core 119 'm_axi' <Latency = 6> <II = 1> <Delay = 1.00> <Adapter> <Opcode : 'read' 'write' 'readreq' 'writereq' 'writeresp'>
ST_61 : Operation 401 [19/71] (4.66ns)   --->   "%empty_38 = readreq i1 @_ssdm_op_ReadReq.m_axi.p1i32, i32 %gmem_addr_2, i64 3" [cluster.cpp:183->cluster.cpp:19]   --->   Operation 401 'readreq' 'empty_38' <Predicate = true> <Delay = 4.66> <CoreInst = "m_axi">   --->   Core 119 'm_axi' <Latency = 6> <II = 1> <Delay = 1.00> <Adapter> <Opcode : 'read' 'write' 'readreq' 'writereq' 'writeresp'>

State 62 <SV = 61> <Delay = 4.66>
ST_62 : Operation 402 [12/71] (4.66ns)   --->   "%empty_34 = readreq i1 @_ssdm_op_ReadReq.m_axi.p1i32, i32 %gmem_addr, i64 3" [cluster.cpp:183->cluster.cpp:19]   --->   Operation 402 'readreq' 'empty_34' <Predicate = true> <Delay = 4.66> <CoreInst = "m_axi">   --->   Core 119 'm_axi' <Latency = 6> <II = 1> <Delay = 1.00> <Adapter> <Opcode : 'read' 'write' 'readreq' 'writereq' 'writeresp'>
ST_62 : Operation 403 [15/71] (4.66ns)   --->   "%empty_36 = readreq i1 @_ssdm_op_ReadReq.m_axi.p1i32, i32 %gmem_addr_1, i64 3" [cluster.cpp:183->cluster.cpp:19]   --->   Operation 403 'readreq' 'empty_36' <Predicate = true> <Delay = 4.66> <CoreInst = "m_axi">   --->   Core 119 'm_axi' <Latency = 6> <II = 1> <Delay = 1.00> <Adapter> <Opcode : 'read' 'write' 'readreq' 'writereq' 'writeresp'>
ST_62 : Operation 404 [18/71] (4.66ns)   --->   "%empty_38 = readreq i1 @_ssdm_op_ReadReq.m_axi.p1i32, i32 %gmem_addr_2, i64 3" [cluster.cpp:183->cluster.cpp:19]   --->   Operation 404 'readreq' 'empty_38' <Predicate = true> <Delay = 4.66> <CoreInst = "m_axi">   --->   Core 119 'm_axi' <Latency = 6> <II = 1> <Delay = 1.00> <Adapter> <Opcode : 'read' 'write' 'readreq' 'writereq' 'writeresp'>

State 63 <SV = 62> <Delay = 4.66>
ST_63 : Operation 405 [11/71] (4.66ns)   --->   "%empty_34 = readreq i1 @_ssdm_op_ReadReq.m_axi.p1i32, i32 %gmem_addr, i64 3" [cluster.cpp:183->cluster.cpp:19]   --->   Operation 405 'readreq' 'empty_34' <Predicate = true> <Delay = 4.66> <CoreInst = "m_axi">   --->   Core 119 'm_axi' <Latency = 6> <II = 1> <Delay = 1.00> <Adapter> <Opcode : 'read' 'write' 'readreq' 'writereq' 'writeresp'>
ST_63 : Operation 406 [14/71] (4.66ns)   --->   "%empty_36 = readreq i1 @_ssdm_op_ReadReq.m_axi.p1i32, i32 %gmem_addr_1, i64 3" [cluster.cpp:183->cluster.cpp:19]   --->   Operation 406 'readreq' 'empty_36' <Predicate = true> <Delay = 4.66> <CoreInst = "m_axi">   --->   Core 119 'm_axi' <Latency = 6> <II = 1> <Delay = 1.00> <Adapter> <Opcode : 'read' 'write' 'readreq' 'writereq' 'writeresp'>
ST_63 : Operation 407 [17/71] (4.66ns)   --->   "%empty_38 = readreq i1 @_ssdm_op_ReadReq.m_axi.p1i32, i32 %gmem_addr_2, i64 3" [cluster.cpp:183->cluster.cpp:19]   --->   Operation 407 'readreq' 'empty_38' <Predicate = true> <Delay = 4.66> <CoreInst = "m_axi">   --->   Core 119 'm_axi' <Latency = 6> <II = 1> <Delay = 1.00> <Adapter> <Opcode : 'read' 'write' 'readreq' 'writereq' 'writeresp'>

State 64 <SV = 63> <Delay = 4.66>
ST_64 : Operation 408 [10/71] (4.66ns)   --->   "%empty_34 = readreq i1 @_ssdm_op_ReadReq.m_axi.p1i32, i32 %gmem_addr, i64 3" [cluster.cpp:183->cluster.cpp:19]   --->   Operation 408 'readreq' 'empty_34' <Predicate = true> <Delay = 4.66> <CoreInst = "m_axi">   --->   Core 119 'm_axi' <Latency = 6> <II = 1> <Delay = 1.00> <Adapter> <Opcode : 'read' 'write' 'readreq' 'writereq' 'writeresp'>
ST_64 : Operation 409 [13/71] (4.66ns)   --->   "%empty_36 = readreq i1 @_ssdm_op_ReadReq.m_axi.p1i32, i32 %gmem_addr_1, i64 3" [cluster.cpp:183->cluster.cpp:19]   --->   Operation 409 'readreq' 'empty_36' <Predicate = true> <Delay = 4.66> <CoreInst = "m_axi">   --->   Core 119 'm_axi' <Latency = 6> <II = 1> <Delay = 1.00> <Adapter> <Opcode : 'read' 'write' 'readreq' 'writereq' 'writeresp'>
ST_64 : Operation 410 [16/71] (4.66ns)   --->   "%empty_38 = readreq i1 @_ssdm_op_ReadReq.m_axi.p1i32, i32 %gmem_addr_2, i64 3" [cluster.cpp:183->cluster.cpp:19]   --->   Operation 410 'readreq' 'empty_38' <Predicate = true> <Delay = 4.66> <CoreInst = "m_axi">   --->   Core 119 'm_axi' <Latency = 6> <II = 1> <Delay = 1.00> <Adapter> <Opcode : 'read' 'write' 'readreq' 'writereq' 'writeresp'>

State 65 <SV = 64> <Delay = 4.66>
ST_65 : Operation 411 [9/71] (4.66ns)   --->   "%empty_34 = readreq i1 @_ssdm_op_ReadReq.m_axi.p1i32, i32 %gmem_addr, i64 3" [cluster.cpp:183->cluster.cpp:19]   --->   Operation 411 'readreq' 'empty_34' <Predicate = true> <Delay = 4.66> <CoreInst = "m_axi">   --->   Core 119 'm_axi' <Latency = 6> <II = 1> <Delay = 1.00> <Adapter> <Opcode : 'read' 'write' 'readreq' 'writereq' 'writeresp'>
ST_65 : Operation 412 [12/71] (4.66ns)   --->   "%empty_36 = readreq i1 @_ssdm_op_ReadReq.m_axi.p1i32, i32 %gmem_addr_1, i64 3" [cluster.cpp:183->cluster.cpp:19]   --->   Operation 412 'readreq' 'empty_36' <Predicate = true> <Delay = 4.66> <CoreInst = "m_axi">   --->   Core 119 'm_axi' <Latency = 6> <II = 1> <Delay = 1.00> <Adapter> <Opcode : 'read' 'write' 'readreq' 'writereq' 'writeresp'>
ST_65 : Operation 413 [15/71] (4.66ns)   --->   "%empty_38 = readreq i1 @_ssdm_op_ReadReq.m_axi.p1i32, i32 %gmem_addr_2, i64 3" [cluster.cpp:183->cluster.cpp:19]   --->   Operation 413 'readreq' 'empty_38' <Predicate = true> <Delay = 4.66> <CoreInst = "m_axi">   --->   Core 119 'm_axi' <Latency = 6> <II = 1> <Delay = 1.00> <Adapter> <Opcode : 'read' 'write' 'readreq' 'writereq' 'writeresp'>

State 66 <SV = 65> <Delay = 4.66>
ST_66 : Operation 414 [8/71] (4.66ns)   --->   "%empty_34 = readreq i1 @_ssdm_op_ReadReq.m_axi.p1i32, i32 %gmem_addr, i64 3" [cluster.cpp:183->cluster.cpp:19]   --->   Operation 414 'readreq' 'empty_34' <Predicate = true> <Delay = 4.66> <CoreInst = "m_axi">   --->   Core 119 'm_axi' <Latency = 6> <II = 1> <Delay = 1.00> <Adapter> <Opcode : 'read' 'write' 'readreq' 'writereq' 'writeresp'>
ST_66 : Operation 415 [11/71] (4.66ns)   --->   "%empty_36 = readreq i1 @_ssdm_op_ReadReq.m_axi.p1i32, i32 %gmem_addr_1, i64 3" [cluster.cpp:183->cluster.cpp:19]   --->   Operation 415 'readreq' 'empty_36' <Predicate = true> <Delay = 4.66> <CoreInst = "m_axi">   --->   Core 119 'm_axi' <Latency = 6> <II = 1> <Delay = 1.00> <Adapter> <Opcode : 'read' 'write' 'readreq' 'writereq' 'writeresp'>
ST_66 : Operation 416 [14/71] (4.66ns)   --->   "%empty_38 = readreq i1 @_ssdm_op_ReadReq.m_axi.p1i32, i32 %gmem_addr_2, i64 3" [cluster.cpp:183->cluster.cpp:19]   --->   Operation 416 'readreq' 'empty_38' <Predicate = true> <Delay = 4.66> <CoreInst = "m_axi">   --->   Core 119 'm_axi' <Latency = 6> <II = 1> <Delay = 1.00> <Adapter> <Opcode : 'read' 'write' 'readreq' 'writereq' 'writeresp'>

State 67 <SV = 66> <Delay = 4.66>
ST_67 : Operation 417 [7/71] (4.66ns)   --->   "%empty_34 = readreq i1 @_ssdm_op_ReadReq.m_axi.p1i32, i32 %gmem_addr, i64 3" [cluster.cpp:183->cluster.cpp:19]   --->   Operation 417 'readreq' 'empty_34' <Predicate = true> <Delay = 4.66> <CoreInst = "m_axi">   --->   Core 119 'm_axi' <Latency = 6> <II = 1> <Delay = 1.00> <Adapter> <Opcode : 'read' 'write' 'readreq' 'writereq' 'writeresp'>
ST_67 : Operation 418 [10/71] (4.66ns)   --->   "%empty_36 = readreq i1 @_ssdm_op_ReadReq.m_axi.p1i32, i32 %gmem_addr_1, i64 3" [cluster.cpp:183->cluster.cpp:19]   --->   Operation 418 'readreq' 'empty_36' <Predicate = true> <Delay = 4.66> <CoreInst = "m_axi">   --->   Core 119 'm_axi' <Latency = 6> <II = 1> <Delay = 1.00> <Adapter> <Opcode : 'read' 'write' 'readreq' 'writereq' 'writeresp'>
ST_67 : Operation 419 [13/71] (4.66ns)   --->   "%empty_38 = readreq i1 @_ssdm_op_ReadReq.m_axi.p1i32, i32 %gmem_addr_2, i64 3" [cluster.cpp:183->cluster.cpp:19]   --->   Operation 419 'readreq' 'empty_38' <Predicate = true> <Delay = 4.66> <CoreInst = "m_axi">   --->   Core 119 'm_axi' <Latency = 6> <II = 1> <Delay = 1.00> <Adapter> <Opcode : 'read' 'write' 'readreq' 'writereq' 'writeresp'>

State 68 <SV = 67> <Delay = 4.66>
ST_68 : Operation 420 [6/71] (4.66ns)   --->   "%empty_34 = readreq i1 @_ssdm_op_ReadReq.m_axi.p1i32, i32 %gmem_addr, i64 3" [cluster.cpp:183->cluster.cpp:19]   --->   Operation 420 'readreq' 'empty_34' <Predicate = true> <Delay = 4.66> <CoreInst = "m_axi">   --->   Core 119 'm_axi' <Latency = 6> <II = 1> <Delay = 1.00> <Adapter> <Opcode : 'read' 'write' 'readreq' 'writereq' 'writeresp'>
ST_68 : Operation 421 [9/71] (4.66ns)   --->   "%empty_36 = readreq i1 @_ssdm_op_ReadReq.m_axi.p1i32, i32 %gmem_addr_1, i64 3" [cluster.cpp:183->cluster.cpp:19]   --->   Operation 421 'readreq' 'empty_36' <Predicate = true> <Delay = 4.66> <CoreInst = "m_axi">   --->   Core 119 'm_axi' <Latency = 6> <II = 1> <Delay = 1.00> <Adapter> <Opcode : 'read' 'write' 'readreq' 'writereq' 'writeresp'>
ST_68 : Operation 422 [12/71] (4.66ns)   --->   "%empty_38 = readreq i1 @_ssdm_op_ReadReq.m_axi.p1i32, i32 %gmem_addr_2, i64 3" [cluster.cpp:183->cluster.cpp:19]   --->   Operation 422 'readreq' 'empty_38' <Predicate = true> <Delay = 4.66> <CoreInst = "m_axi">   --->   Core 119 'm_axi' <Latency = 6> <II = 1> <Delay = 1.00> <Adapter> <Opcode : 'read' 'write' 'readreq' 'writereq' 'writeresp'>

State 69 <SV = 68> <Delay = 4.66>
ST_69 : Operation 423 [5/71] (4.66ns)   --->   "%empty_34 = readreq i1 @_ssdm_op_ReadReq.m_axi.p1i32, i32 %gmem_addr, i64 3" [cluster.cpp:183->cluster.cpp:19]   --->   Operation 423 'readreq' 'empty_34' <Predicate = true> <Delay = 4.66> <CoreInst = "m_axi">   --->   Core 119 'm_axi' <Latency = 6> <II = 1> <Delay = 1.00> <Adapter> <Opcode : 'read' 'write' 'readreq' 'writereq' 'writeresp'>
ST_69 : Operation 424 [8/71] (4.66ns)   --->   "%empty_36 = readreq i1 @_ssdm_op_ReadReq.m_axi.p1i32, i32 %gmem_addr_1, i64 3" [cluster.cpp:183->cluster.cpp:19]   --->   Operation 424 'readreq' 'empty_36' <Predicate = true> <Delay = 4.66> <CoreInst = "m_axi">   --->   Core 119 'm_axi' <Latency = 6> <II = 1> <Delay = 1.00> <Adapter> <Opcode : 'read' 'write' 'readreq' 'writereq' 'writeresp'>
ST_69 : Operation 425 [11/71] (4.66ns)   --->   "%empty_38 = readreq i1 @_ssdm_op_ReadReq.m_axi.p1i32, i32 %gmem_addr_2, i64 3" [cluster.cpp:183->cluster.cpp:19]   --->   Operation 425 'readreq' 'empty_38' <Predicate = true> <Delay = 4.66> <CoreInst = "m_axi">   --->   Core 119 'm_axi' <Latency = 6> <II = 1> <Delay = 1.00> <Adapter> <Opcode : 'read' 'write' 'readreq' 'writereq' 'writeresp'>

State 70 <SV = 69> <Delay = 4.66>
ST_70 : Operation 426 [4/71] (4.66ns)   --->   "%empty_34 = readreq i1 @_ssdm_op_ReadReq.m_axi.p1i32, i32 %gmem_addr, i64 3" [cluster.cpp:183->cluster.cpp:19]   --->   Operation 426 'readreq' 'empty_34' <Predicate = true> <Delay = 4.66> <CoreInst = "m_axi">   --->   Core 119 'm_axi' <Latency = 6> <II = 1> <Delay = 1.00> <Adapter> <Opcode : 'read' 'write' 'readreq' 'writereq' 'writeresp'>
ST_70 : Operation 427 [7/71] (4.66ns)   --->   "%empty_36 = readreq i1 @_ssdm_op_ReadReq.m_axi.p1i32, i32 %gmem_addr_1, i64 3" [cluster.cpp:183->cluster.cpp:19]   --->   Operation 427 'readreq' 'empty_36' <Predicate = true> <Delay = 4.66> <CoreInst = "m_axi">   --->   Core 119 'm_axi' <Latency = 6> <II = 1> <Delay = 1.00> <Adapter> <Opcode : 'read' 'write' 'readreq' 'writereq' 'writeresp'>
ST_70 : Operation 428 [10/71] (4.66ns)   --->   "%empty_38 = readreq i1 @_ssdm_op_ReadReq.m_axi.p1i32, i32 %gmem_addr_2, i64 3" [cluster.cpp:183->cluster.cpp:19]   --->   Operation 428 'readreq' 'empty_38' <Predicate = true> <Delay = 4.66> <CoreInst = "m_axi">   --->   Core 119 'm_axi' <Latency = 6> <II = 1> <Delay = 1.00> <Adapter> <Opcode : 'read' 'write' 'readreq' 'writereq' 'writeresp'>

State 71 <SV = 70> <Delay = 4.66>
ST_71 : Operation 429 [3/71] (4.66ns)   --->   "%empty_34 = readreq i1 @_ssdm_op_ReadReq.m_axi.p1i32, i32 %gmem_addr, i64 3" [cluster.cpp:183->cluster.cpp:19]   --->   Operation 429 'readreq' 'empty_34' <Predicate = true> <Delay = 4.66> <CoreInst = "m_axi">   --->   Core 119 'm_axi' <Latency = 6> <II = 1> <Delay = 1.00> <Adapter> <Opcode : 'read' 'write' 'readreq' 'writereq' 'writeresp'>
ST_71 : Operation 430 [6/71] (4.66ns)   --->   "%empty_36 = readreq i1 @_ssdm_op_ReadReq.m_axi.p1i32, i32 %gmem_addr_1, i64 3" [cluster.cpp:183->cluster.cpp:19]   --->   Operation 430 'readreq' 'empty_36' <Predicate = true> <Delay = 4.66> <CoreInst = "m_axi">   --->   Core 119 'm_axi' <Latency = 6> <II = 1> <Delay = 1.00> <Adapter> <Opcode : 'read' 'write' 'readreq' 'writereq' 'writeresp'>
ST_71 : Operation 431 [9/71] (4.66ns)   --->   "%empty_38 = readreq i1 @_ssdm_op_ReadReq.m_axi.p1i32, i32 %gmem_addr_2, i64 3" [cluster.cpp:183->cluster.cpp:19]   --->   Operation 431 'readreq' 'empty_38' <Predicate = true> <Delay = 4.66> <CoreInst = "m_axi">   --->   Core 119 'm_axi' <Latency = 6> <II = 1> <Delay = 1.00> <Adapter> <Opcode : 'read' 'write' 'readreq' 'writereq' 'writeresp'>

State 72 <SV = 71> <Delay = 4.66>
ST_72 : Operation 432 [2/71] (4.66ns)   --->   "%empty_34 = readreq i1 @_ssdm_op_ReadReq.m_axi.p1i32, i32 %gmem_addr, i64 3" [cluster.cpp:183->cluster.cpp:19]   --->   Operation 432 'readreq' 'empty_34' <Predicate = true> <Delay = 4.66> <CoreInst = "m_axi">   --->   Core 119 'm_axi' <Latency = 6> <II = 1> <Delay = 1.00> <Adapter> <Opcode : 'read' 'write' 'readreq' 'writereq' 'writeresp'>
ST_72 : Operation 433 [5/71] (4.66ns)   --->   "%empty_36 = readreq i1 @_ssdm_op_ReadReq.m_axi.p1i32, i32 %gmem_addr_1, i64 3" [cluster.cpp:183->cluster.cpp:19]   --->   Operation 433 'readreq' 'empty_36' <Predicate = true> <Delay = 4.66> <CoreInst = "m_axi">   --->   Core 119 'm_axi' <Latency = 6> <II = 1> <Delay = 1.00> <Adapter> <Opcode : 'read' 'write' 'readreq' 'writereq' 'writeresp'>
ST_72 : Operation 434 [8/71] (4.66ns)   --->   "%empty_38 = readreq i1 @_ssdm_op_ReadReq.m_axi.p1i32, i32 %gmem_addr_2, i64 3" [cluster.cpp:183->cluster.cpp:19]   --->   Operation 434 'readreq' 'empty_38' <Predicate = true> <Delay = 4.66> <CoreInst = "m_axi">   --->   Core 119 'm_axi' <Latency = 6> <II = 1> <Delay = 1.00> <Adapter> <Opcode : 'read' 'write' 'readreq' 'writereq' 'writeresp'>

State 73 <SV = 72> <Delay = 4.66>
ST_73 : Operation 435 [1/71] (4.66ns)   --->   "%empty_34 = readreq i1 @_ssdm_op_ReadReq.m_axi.p1i32, i32 %gmem_addr, i64 3" [cluster.cpp:183->cluster.cpp:19]   --->   Operation 435 'readreq' 'empty_34' <Predicate = true> <Delay = 4.66> <CoreInst = "m_axi">   --->   Core 119 'm_axi' <Latency = 6> <II = 1> <Delay = 1.00> <Adapter> <Opcode : 'read' 'write' 'readreq' 'writereq' 'writeresp'>
ST_73 : Operation 436 [4/71] (4.66ns)   --->   "%empty_36 = readreq i1 @_ssdm_op_ReadReq.m_axi.p1i32, i32 %gmem_addr_1, i64 3" [cluster.cpp:183->cluster.cpp:19]   --->   Operation 436 'readreq' 'empty_36' <Predicate = true> <Delay = 4.66> <CoreInst = "m_axi">   --->   Core 119 'm_axi' <Latency = 6> <II = 1> <Delay = 1.00> <Adapter> <Opcode : 'read' 'write' 'readreq' 'writereq' 'writeresp'>
ST_73 : Operation 437 [7/71] (4.66ns)   --->   "%empty_38 = readreq i1 @_ssdm_op_ReadReq.m_axi.p1i32, i32 %gmem_addr_2, i64 3" [cluster.cpp:183->cluster.cpp:19]   --->   Operation 437 'readreq' 'empty_38' <Predicate = true> <Delay = 4.66> <CoreInst = "m_axi">   --->   Core 119 'm_axi' <Latency = 6> <II = 1> <Delay = 1.00> <Adapter> <Opcode : 'read' 'write' 'readreq' 'writereq' 'writeresp'>

State 74 <SV = 73> <Delay = 4.66>
ST_74 : Operation 438 [1/1] (4.66ns)   --->   "%gmem_addr_read = read i32 @_ssdm_op_Read.m_axi.p1i32, i32 %gmem_addr" [cluster.cpp:185->cluster.cpp:19]   --->   Operation 438 'read' 'gmem_addr_read' <Predicate = true> <Delay = 4.66> <CoreInst = "m_axi">   --->   Core 119 'm_axi' <Latency = 3> <II = 1> <Delay = 1.00> <Adapter> <Opcode : 'read' 'write' 'readreq' 'writereq' 'writeresp'>
ST_74 : Operation 439 [3/71] (4.66ns)   --->   "%empty_36 = readreq i1 @_ssdm_op_ReadReq.m_axi.p1i32, i32 %gmem_addr_1, i64 3" [cluster.cpp:183->cluster.cpp:19]   --->   Operation 439 'readreq' 'empty_36' <Predicate = true> <Delay = 4.66> <CoreInst = "m_axi">   --->   Core 119 'm_axi' <Latency = 6> <II = 1> <Delay = 1.00> <Adapter> <Opcode : 'read' 'write' 'readreq' 'writereq' 'writeresp'>
ST_74 : Operation 440 [6/71] (4.66ns)   --->   "%empty_38 = readreq i1 @_ssdm_op_ReadReq.m_axi.p1i32, i32 %gmem_addr_2, i64 3" [cluster.cpp:183->cluster.cpp:19]   --->   Operation 440 'readreq' 'empty_38' <Predicate = true> <Delay = 4.66> <CoreInst = "m_axi">   --->   Core 119 'm_axi' <Latency = 6> <II = 1> <Delay = 1.00> <Adapter> <Opcode : 'read' 'write' 'readreq' 'writereq' 'writeresp'>

State 75 <SV = 74> <Delay = 4.66>
ST_75 : Operation 441 [1/1] (4.66ns)   --->   "%gmem_addr_read_1 = read i32 @_ssdm_op_Read.m_axi.p1i32, i32 %gmem_addr" [cluster.cpp:185->cluster.cpp:19]   --->   Operation 441 'read' 'gmem_addr_read_1' <Predicate = true> <Delay = 4.66> <CoreInst = "m_axi">   --->   Core 119 'm_axi' <Latency = 3> <II = 1> <Delay = 1.00> <Adapter> <Opcode : 'read' 'write' 'readreq' 'writereq' 'writeresp'>
ST_75 : Operation 442 [2/71] (4.66ns)   --->   "%empty_36 = readreq i1 @_ssdm_op_ReadReq.m_axi.p1i32, i32 %gmem_addr_1, i64 3" [cluster.cpp:183->cluster.cpp:19]   --->   Operation 442 'readreq' 'empty_36' <Predicate = true> <Delay = 4.66> <CoreInst = "m_axi">   --->   Core 119 'm_axi' <Latency = 6> <II = 1> <Delay = 1.00> <Adapter> <Opcode : 'read' 'write' 'readreq' 'writereq' 'writeresp'>
ST_75 : Operation 443 [5/71] (4.66ns)   --->   "%empty_38 = readreq i1 @_ssdm_op_ReadReq.m_axi.p1i32, i32 %gmem_addr_2, i64 3" [cluster.cpp:183->cluster.cpp:19]   --->   Operation 443 'readreq' 'empty_38' <Predicate = true> <Delay = 4.66> <CoreInst = "m_axi">   --->   Core 119 'm_axi' <Latency = 6> <II = 1> <Delay = 1.00> <Adapter> <Opcode : 'read' 'write' 'readreq' 'writereq' 'writeresp'>
ST_75 : Operation 444 [1/1] (0.00ns)   --->   "%empty_39 = trunc i32 %gmem_addr_read_1" [cluster.cpp:185->cluster.cpp:19]   --->   Operation 444 'trunc' 'empty_39' <Predicate = true> <Delay = 0.00>

State 76 <SV = 75> <Delay = 4.66>
ST_76 : Operation 445 [1/1] (4.66ns)   --->   "%gmem_addr_read_2 = read i32 @_ssdm_op_Read.m_axi.p1i32, i32 %gmem_addr" [cluster.cpp:185->cluster.cpp:19]   --->   Operation 445 'read' 'gmem_addr_read_2' <Predicate = true> <Delay = 4.66> <CoreInst = "m_axi">   --->   Core 119 'm_axi' <Latency = 3> <II = 1> <Delay = 1.00> <Adapter> <Opcode : 'read' 'write' 'readreq' 'writereq' 'writeresp'>
ST_76 : Operation 446 [1/71] (4.66ns)   --->   "%empty_36 = readreq i1 @_ssdm_op_ReadReq.m_axi.p1i32, i32 %gmem_addr_1, i64 3" [cluster.cpp:183->cluster.cpp:19]   --->   Operation 446 'readreq' 'empty_36' <Predicate = true> <Delay = 4.66> <CoreInst = "m_axi">   --->   Core 119 'm_axi' <Latency = 6> <II = 1> <Delay = 1.00> <Adapter> <Opcode : 'read' 'write' 'readreq' 'writereq' 'writeresp'>
ST_76 : Operation 447 [4/71] (4.66ns)   --->   "%empty_38 = readreq i1 @_ssdm_op_ReadReq.m_axi.p1i32, i32 %gmem_addr_2, i64 3" [cluster.cpp:183->cluster.cpp:19]   --->   Operation 447 'readreq' 'empty_38' <Predicate = true> <Delay = 4.66> <CoreInst = "m_axi">   --->   Core 119 'm_axi' <Latency = 6> <II = 1> <Delay = 1.00> <Adapter> <Opcode : 'read' 'write' 'readreq' 'writereq' 'writeresp'>

State 77 <SV = 76> <Delay = 4.66>
ST_77 : Operation 448 [1/1] (4.66ns)   --->   "%gmem_addr_1_read = read i32 @_ssdm_op_Read.m_axi.p1i32, i32 %gmem_addr_1" [cluster.cpp:185->cluster.cpp:19]   --->   Operation 448 'read' 'gmem_addr_1_read' <Predicate = true> <Delay = 4.66> <CoreInst = "m_axi">   --->   Core 119 'm_axi' <Latency = 3> <II = 1> <Delay = 1.00> <Adapter> <Opcode : 'read' 'write' 'readreq' 'writereq' 'writeresp'>
ST_77 : Operation 449 [3/71] (4.66ns)   --->   "%empty_38 = readreq i1 @_ssdm_op_ReadReq.m_axi.p1i32, i32 %gmem_addr_2, i64 3" [cluster.cpp:183->cluster.cpp:19]   --->   Operation 449 'readreq' 'empty_38' <Predicate = true> <Delay = 4.66> <CoreInst = "m_axi">   --->   Core 119 'm_axi' <Latency = 6> <II = 1> <Delay = 1.00> <Adapter> <Opcode : 'read' 'write' 'readreq' 'writereq' 'writeresp'>
ST_77 : Operation 450 [1/1] (0.00ns)   --->   "%empty_40 = trunc i32 %gmem_addr_1_read" [cluster.cpp:185->cluster.cpp:19]   --->   Operation 450 'trunc' 'empty_40' <Predicate = true> <Delay = 0.00>

State 78 <SV = 77> <Delay = 4.66>
ST_78 : Operation 451 [1/1] (4.66ns)   --->   "%gmem_addr_1_read_1 = read i32 @_ssdm_op_Read.m_axi.p1i32, i32 %gmem_addr_1" [cluster.cpp:185->cluster.cpp:19]   --->   Operation 451 'read' 'gmem_addr_1_read_1' <Predicate = true> <Delay = 4.66> <CoreInst = "m_axi">   --->   Core 119 'm_axi' <Latency = 3> <II = 1> <Delay = 1.00> <Adapter> <Opcode : 'read' 'write' 'readreq' 'writereq' 'writeresp'>
ST_78 : Operation 452 [2/71] (4.66ns)   --->   "%empty_38 = readreq i1 @_ssdm_op_ReadReq.m_axi.p1i32, i32 %gmem_addr_2, i64 3" [cluster.cpp:183->cluster.cpp:19]   --->   Operation 452 'readreq' 'empty_38' <Predicate = true> <Delay = 4.66> <CoreInst = "m_axi">   --->   Core 119 'm_axi' <Latency = 6> <II = 1> <Delay = 1.00> <Adapter> <Opcode : 'read' 'write' 'readreq' 'writereq' 'writeresp'>

State 79 <SV = 78> <Delay = 4.66>
ST_79 : Operation 453 [1/1] (4.66ns)   --->   "%gmem_addr_1_read_2 = read i32 @_ssdm_op_Read.m_axi.p1i32, i32 %gmem_addr_1" [cluster.cpp:185->cluster.cpp:19]   --->   Operation 453 'read' 'gmem_addr_1_read_2' <Predicate = true> <Delay = 4.66> <CoreInst = "m_axi">   --->   Core 119 'm_axi' <Latency = 3> <II = 1> <Delay = 1.00> <Adapter> <Opcode : 'read' 'write' 'readreq' 'writereq' 'writeresp'>
ST_79 : Operation 454 [1/71] (4.66ns)   --->   "%empty_38 = readreq i1 @_ssdm_op_ReadReq.m_axi.p1i32, i32 %gmem_addr_2, i64 3" [cluster.cpp:183->cluster.cpp:19]   --->   Operation 454 'readreq' 'empty_38' <Predicate = true> <Delay = 4.66> <CoreInst = "m_axi">   --->   Core 119 'm_axi' <Latency = 6> <II = 1> <Delay = 1.00> <Adapter> <Opcode : 'read' 'write' 'readreq' 'writereq' 'writeresp'>
ST_79 : Operation 455 [1/1] (0.00ns) (grouped into LUT with out node add_ln184)   --->   "%shl_ln184 = shl i32 %gmem_addr_1_read_1, i32 2" [cluster.cpp:184->cluster.cpp:19]   --->   Operation 455 'shl' 'shl_ln184' <Predicate = true> <Delay = 0.00>
ST_79 : Operation 456 [1/1] (0.00ns)   --->   "%empty_41 = trunc i32 %gmem_addr_1_read_2" [cluster.cpp:185->cluster.cpp:19]   --->   Operation 456 'trunc' 'empty_41' <Predicate = true> <Delay = 0.00>
ST_79 : Operation 457 [1/1] (1.01ns) (out node of the LUT)   --->   "%add_ln184 = add i32 %gmem_addr_read, i32 %shl_ln184" [cluster.cpp:184->cluster.cpp:19]   --->   Operation 457 'add' 'add_ln184' <Predicate = true> <Delay = 1.01> <CoreInst = "Adder">   --->   Core 1 'Adder' <Latency = 0> <II = 1> <Delay = 1.01> <FuncUnit> <Opcode : 'add' 'sub'> <InPorts = 2> <OutPorts = 1>

State 80 <SV = 79> <Delay = 4.66>
ST_80 : Operation 458 [1/1] (4.66ns)   --->   "%gmem_addr_2_read = read i32 @_ssdm_op_Read.m_axi.p1i32, i32 %gmem_addr_2" [cluster.cpp:185->cluster.cpp:19]   --->   Operation 458 'read' 'gmem_addr_2_read' <Predicate = true> <Delay = 4.66> <CoreInst = "m_axi">   --->   Core 119 'm_axi' <Latency = 3> <II = 1> <Delay = 1.00> <Adapter> <Opcode : 'read' 'write' 'readreq' 'writereq' 'writeresp'>

State 81 <SV = 80> <Delay = 4.66>
ST_81 : Operation 459 [1/1] (4.66ns)   --->   "%gmem_addr_2_read_1 = read i32 @_ssdm_op_Read.m_axi.p1i32, i32 %gmem_addr_2" [cluster.cpp:185->cluster.cpp:19]   --->   Operation 459 'read' 'gmem_addr_2_read_1' <Predicate = true> <Delay = 4.66> <CoreInst = "m_axi">   --->   Core 119 'm_axi' <Latency = 3> <II = 1> <Delay = 1.00> <Adapter> <Opcode : 'read' 'write' 'readreq' 'writereq' 'writeresp'>
ST_81 : Operation 460 [1/1] (0.00ns)   --->   "%empty_42 = trunc i32 %gmem_addr_2_read_1" [cluster.cpp:185->cluster.cpp:19]   --->   Operation 460 'trunc' 'empty_42' <Predicate = true> <Delay = 0.00>

State 82 <SV = 81> <Delay = 4.66>
ST_82 : Operation 461 [1/1] (4.66ns)   --->   "%gmem_addr_2_read_2 = read i32 @_ssdm_op_Read.m_axi.p1i32, i32 %gmem_addr_2" [cluster.cpp:185->cluster.cpp:19]   --->   Operation 461 'read' 'gmem_addr_2_read_2' <Predicate = true> <Delay = 4.66> <CoreInst = "m_axi">   --->   Core 119 'm_axi' <Latency = 3> <II = 1> <Delay = 1.00> <Adapter> <Opcode : 'read' 'write' 'readreq' 'writereq' 'writeresp'>
ST_82 : Operation 462 [1/1] (0.00ns) (grouped into TernaryAdder)   --->   "%tmp2 = add i31 %empty_40, i31 %empty_39" [cluster.cpp:185->cluster.cpp:19]   --->   Operation 462 'add' 'tmp2' <Predicate = true> <Delay = 0.00> <CoreInst = "TAddSub">   --->   Core 10 'TAddSub' <Latency = 0> <II = 1> <Delay = 0.36> <IPBlock> <Opcode : '' 'add' 'sub'> <InPorts = 3> <OutPorts = 1> <Sync> <CReg>
ST_82 : Operation 463 [1/1] (1.00ns)   --->   "%tmp4 = add i31 %empty_41, i31 %empty_42" [cluster.cpp:185->cluster.cpp:19]   --->   Operation 463 'add' 'tmp4' <Predicate = true> <Delay = 1.00> <CoreInst = "Adder">   --->   Core 1 'Adder' <Latency = 0> <II = 1> <Delay = 1.00> <FuncUnit> <Opcode : 'add' 'sub'> <InPorts = 2> <OutPorts = 1>
ST_82 : Operation 464 [1/1] (0.72ns) (root node of TernaryAdder)   --->   "%tmp23 = add i31 %tmp4, i31 %tmp2" [cluster.cpp:185->cluster.cpp:19]   --->   Operation 464 'add' 'tmp23' <Predicate = true> <Delay = 0.72> <CoreInst = "TAddSub">   --->   Core 10 'TAddSub' <Latency = 0> <II = 1> <Delay = 0.36> <IPBlock> <Opcode : '' 'add' 'sub'> <InPorts = 3> <OutPorts = 1> <Sync> <CReg>

State 83 <SV = 82> <Delay = 2.91>
ST_83 : Operation 465 [1/1] (0.00ns)   --->   "%tmp3 = bitconcatenate i32 @_ssdm_op_BitConcatenate.i32.i31.i1, i31 %tmp23, i1 0" [cluster.cpp:185->cluster.cpp:19]   --->   Operation 465 'bitconcatenate' 'tmp3' <Predicate = true> <Delay = 0.00>
ST_83 : Operation 466 [1/1] (0.00ns) (grouped into TernaryAdder)   --->   "%add_ln184_1 = add i32 %add_ln184, i32 %gmem_addr_read_2" [cluster.cpp:184->cluster.cpp:19]   --->   Operation 466 'add' 'add_ln184_1' <Predicate = true> <Delay = 0.00> <CoreInst = "TAddSub">   --->   Core 10 'TAddSub' <Latency = 0> <II = 1> <Delay = 0.36> <IPBlock> <Opcode : '' 'add' 'sub'> <InPorts = 3> <OutPorts = 1> <Sync> <CReg>
ST_83 : Operation 467 [1/1] (0.00ns) (grouped into TernaryAdder)   --->   "%add_ln184_2 = add i32 %gmem_addr_2_read_2, i32 %tmp3" [cluster.cpp:184->cluster.cpp:19]   --->   Operation 467 'add' 'add_ln184_2' <Predicate = true> <Delay = 0.00> <CoreInst = "TAddSub">   --->   Core 10 'TAddSub' <Latency = 0> <II = 1> <Delay = 0.36> <IPBlock> <Opcode : '' 'add' 'sub'> <InPorts = 3> <OutPorts = 1> <Sync> <CReg>
ST_83 : Operation 468 [1/1] (0.73ns) (root node of TernaryAdder)   --->   "%add_ln184_3 = add i32 %add_ln184_2, i32 %gmem_addr_2_read" [cluster.cpp:184->cluster.cpp:19]   --->   Operation 468 'add' 'add_ln184_3' <Predicate = true> <Delay = 0.73> <CoreInst = "TAddSub">   --->   Core 10 'TAddSub' <Latency = 0> <II = 1> <Delay = 0.36> <IPBlock> <Opcode : '' 'add' 'sub'> <InPorts = 3> <OutPorts = 1> <Sync> <CReg>
ST_83 : Operation 469 [1/1] (0.73ns) (root node of TernaryAdder)   --->   "%sum = add i32 %add_ln184_3, i32 %add_ln184_1" [cluster.cpp:184->cluster.cpp:19]   --->   Operation 469 'add' 'sum' <Predicate = true> <Delay = 0.73> <CoreInst = "TAddSub">   --->   Core 10 'TAddSub' <Latency = 0> <II = 1> <Delay = 0.36> <IPBlock> <Opcode : '' 'add' 'sub'> <InPorts = 3> <OutPorts = 1> <Sync> <CReg>
ST_83 : Operation 470 [36/36] (1.45ns)   --->   "%sdiv_ln189 = sdiv i32 %sum, i32 %normal_factor_1_reload_cast" [cluster.cpp:189->cluster.cpp:19]   --->   Operation 470 'sdiv' 'sdiv_ln189' <Predicate = true> <Delay = 1.45> <CoreInst = "Divider">   --->   Core 6 'Divider' <Latency = 35> <II = 1> <Delay = 1.45> <FuncUnit> <Opcode : 'udiv' 'sdiv' 'urem' 'srem'> <InPorts = 2> <OutPorts = 1>

State 84 <SV = 83> <Delay = 1.45>
ST_84 : Operation 471 [35/36] (1.45ns)   --->   "%sdiv_ln189 = sdiv i32 %sum, i32 %normal_factor_1_reload_cast" [cluster.cpp:189->cluster.cpp:19]   --->   Operation 471 'sdiv' 'sdiv_ln189' <Predicate = true> <Delay = 1.45> <CoreInst = "Divider">   --->   Core 6 'Divider' <Latency = 35> <II = 1> <Delay = 1.45> <FuncUnit> <Opcode : 'udiv' 'sdiv' 'urem' 'srem'> <InPorts = 2> <OutPorts = 1>

State 85 <SV = 84> <Delay = 1.45>
ST_85 : Operation 472 [34/36] (1.45ns)   --->   "%sdiv_ln189 = sdiv i32 %sum, i32 %normal_factor_1_reload_cast" [cluster.cpp:189->cluster.cpp:19]   --->   Operation 472 'sdiv' 'sdiv_ln189' <Predicate = true> <Delay = 1.45> <CoreInst = "Divider">   --->   Core 6 'Divider' <Latency = 35> <II = 1> <Delay = 1.45> <FuncUnit> <Opcode : 'udiv' 'sdiv' 'urem' 'srem'> <InPorts = 2> <OutPorts = 1>

State 86 <SV = 85> <Delay = 1.45>
ST_86 : Operation 473 [33/36] (1.45ns)   --->   "%sdiv_ln189 = sdiv i32 %sum, i32 %normal_factor_1_reload_cast" [cluster.cpp:189->cluster.cpp:19]   --->   Operation 473 'sdiv' 'sdiv_ln189' <Predicate = true> <Delay = 1.45> <CoreInst = "Divider">   --->   Core 6 'Divider' <Latency = 35> <II = 1> <Delay = 1.45> <FuncUnit> <Opcode : 'udiv' 'sdiv' 'urem' 'srem'> <InPorts = 2> <OutPorts = 1>

State 87 <SV = 86> <Delay = 1.45>
ST_87 : Operation 474 [32/36] (1.45ns)   --->   "%sdiv_ln189 = sdiv i32 %sum, i32 %normal_factor_1_reload_cast" [cluster.cpp:189->cluster.cpp:19]   --->   Operation 474 'sdiv' 'sdiv_ln189' <Predicate = true> <Delay = 1.45> <CoreInst = "Divider">   --->   Core 6 'Divider' <Latency = 35> <II = 1> <Delay = 1.45> <FuncUnit> <Opcode : 'udiv' 'sdiv' 'urem' 'srem'> <InPorts = 2> <OutPorts = 1>

State 88 <SV = 87> <Delay = 1.45>
ST_88 : Operation 475 [31/36] (1.45ns)   --->   "%sdiv_ln189 = sdiv i32 %sum, i32 %normal_factor_1_reload_cast" [cluster.cpp:189->cluster.cpp:19]   --->   Operation 475 'sdiv' 'sdiv_ln189' <Predicate = true> <Delay = 1.45> <CoreInst = "Divider">   --->   Core 6 'Divider' <Latency = 35> <II = 1> <Delay = 1.45> <FuncUnit> <Opcode : 'udiv' 'sdiv' 'urem' 'srem'> <InPorts = 2> <OutPorts = 1>

State 89 <SV = 88> <Delay = 1.45>
ST_89 : Operation 476 [30/36] (1.45ns)   --->   "%sdiv_ln189 = sdiv i32 %sum, i32 %normal_factor_1_reload_cast" [cluster.cpp:189->cluster.cpp:19]   --->   Operation 476 'sdiv' 'sdiv_ln189' <Predicate = true> <Delay = 1.45> <CoreInst = "Divider">   --->   Core 6 'Divider' <Latency = 35> <II = 1> <Delay = 1.45> <FuncUnit> <Opcode : 'udiv' 'sdiv' 'urem' 'srem'> <InPorts = 2> <OutPorts = 1>

State 90 <SV = 89> <Delay = 1.45>
ST_90 : Operation 477 [29/36] (1.45ns)   --->   "%sdiv_ln189 = sdiv i32 %sum, i32 %normal_factor_1_reload_cast" [cluster.cpp:189->cluster.cpp:19]   --->   Operation 477 'sdiv' 'sdiv_ln189' <Predicate = true> <Delay = 1.45> <CoreInst = "Divider">   --->   Core 6 'Divider' <Latency = 35> <II = 1> <Delay = 1.45> <FuncUnit> <Opcode : 'udiv' 'sdiv' 'urem' 'srem'> <InPorts = 2> <OutPorts = 1>

State 91 <SV = 90> <Delay = 1.45>
ST_91 : Operation 478 [28/36] (1.45ns)   --->   "%sdiv_ln189 = sdiv i32 %sum, i32 %normal_factor_1_reload_cast" [cluster.cpp:189->cluster.cpp:19]   --->   Operation 478 'sdiv' 'sdiv_ln189' <Predicate = true> <Delay = 1.45> <CoreInst = "Divider">   --->   Core 6 'Divider' <Latency = 35> <II = 1> <Delay = 1.45> <FuncUnit> <Opcode : 'udiv' 'sdiv' 'urem' 'srem'> <InPorts = 2> <OutPorts = 1>

State 92 <SV = 91> <Delay = 1.45>
ST_92 : Operation 479 [27/36] (1.45ns)   --->   "%sdiv_ln189 = sdiv i32 %sum, i32 %normal_factor_1_reload_cast" [cluster.cpp:189->cluster.cpp:19]   --->   Operation 479 'sdiv' 'sdiv_ln189' <Predicate = true> <Delay = 1.45> <CoreInst = "Divider">   --->   Core 6 'Divider' <Latency = 35> <II = 1> <Delay = 1.45> <FuncUnit> <Opcode : 'udiv' 'sdiv' 'urem' 'srem'> <InPorts = 2> <OutPorts = 1>

State 93 <SV = 92> <Delay = 1.45>
ST_93 : Operation 480 [26/36] (1.45ns)   --->   "%sdiv_ln189 = sdiv i32 %sum, i32 %normal_factor_1_reload_cast" [cluster.cpp:189->cluster.cpp:19]   --->   Operation 480 'sdiv' 'sdiv_ln189' <Predicate = true> <Delay = 1.45> <CoreInst = "Divider">   --->   Core 6 'Divider' <Latency = 35> <II = 1> <Delay = 1.45> <FuncUnit> <Opcode : 'udiv' 'sdiv' 'urem' 'srem'> <InPorts = 2> <OutPorts = 1>

State 94 <SV = 93> <Delay = 1.45>
ST_94 : Operation 481 [25/36] (1.45ns)   --->   "%sdiv_ln189 = sdiv i32 %sum, i32 %normal_factor_1_reload_cast" [cluster.cpp:189->cluster.cpp:19]   --->   Operation 481 'sdiv' 'sdiv_ln189' <Predicate = true> <Delay = 1.45> <CoreInst = "Divider">   --->   Core 6 'Divider' <Latency = 35> <II = 1> <Delay = 1.45> <FuncUnit> <Opcode : 'udiv' 'sdiv' 'urem' 'srem'> <InPorts = 2> <OutPorts = 1>

State 95 <SV = 94> <Delay = 1.45>
ST_95 : Operation 482 [24/36] (1.45ns)   --->   "%sdiv_ln189 = sdiv i32 %sum, i32 %normal_factor_1_reload_cast" [cluster.cpp:189->cluster.cpp:19]   --->   Operation 482 'sdiv' 'sdiv_ln189' <Predicate = true> <Delay = 1.45> <CoreInst = "Divider">   --->   Core 6 'Divider' <Latency = 35> <II = 1> <Delay = 1.45> <FuncUnit> <Opcode : 'udiv' 'sdiv' 'urem' 'srem'> <InPorts = 2> <OutPorts = 1>

State 96 <SV = 95> <Delay = 1.45>
ST_96 : Operation 483 [23/36] (1.45ns)   --->   "%sdiv_ln189 = sdiv i32 %sum, i32 %normal_factor_1_reload_cast" [cluster.cpp:189->cluster.cpp:19]   --->   Operation 483 'sdiv' 'sdiv_ln189' <Predicate = true> <Delay = 1.45> <CoreInst = "Divider">   --->   Core 6 'Divider' <Latency = 35> <II = 1> <Delay = 1.45> <FuncUnit> <Opcode : 'udiv' 'sdiv' 'urem' 'srem'> <InPorts = 2> <OutPorts = 1>

State 97 <SV = 96> <Delay = 1.45>
ST_97 : Operation 484 [22/36] (1.45ns)   --->   "%sdiv_ln189 = sdiv i32 %sum, i32 %normal_factor_1_reload_cast" [cluster.cpp:189->cluster.cpp:19]   --->   Operation 484 'sdiv' 'sdiv_ln189' <Predicate = true> <Delay = 1.45> <CoreInst = "Divider">   --->   Core 6 'Divider' <Latency = 35> <II = 1> <Delay = 1.45> <FuncUnit> <Opcode : 'udiv' 'sdiv' 'urem' 'srem'> <InPorts = 2> <OutPorts = 1>

State 98 <SV = 97> <Delay = 1.45>
ST_98 : Operation 485 [21/36] (1.45ns)   --->   "%sdiv_ln189 = sdiv i32 %sum, i32 %normal_factor_1_reload_cast" [cluster.cpp:189->cluster.cpp:19]   --->   Operation 485 'sdiv' 'sdiv_ln189' <Predicate = true> <Delay = 1.45> <CoreInst = "Divider">   --->   Core 6 'Divider' <Latency = 35> <II = 1> <Delay = 1.45> <FuncUnit> <Opcode : 'udiv' 'sdiv' 'urem' 'srem'> <InPorts = 2> <OutPorts = 1>

State 99 <SV = 98> <Delay = 1.45>
ST_99 : Operation 486 [20/36] (1.45ns)   --->   "%sdiv_ln189 = sdiv i32 %sum, i32 %normal_factor_1_reload_cast" [cluster.cpp:189->cluster.cpp:19]   --->   Operation 486 'sdiv' 'sdiv_ln189' <Predicate = true> <Delay = 1.45> <CoreInst = "Divider">   --->   Core 6 'Divider' <Latency = 35> <II = 1> <Delay = 1.45> <FuncUnit> <Opcode : 'udiv' 'sdiv' 'urem' 'srem'> <InPorts = 2> <OutPorts = 1>

State 100 <SV = 99> <Delay = 1.45>
ST_100 : Operation 487 [19/36] (1.45ns)   --->   "%sdiv_ln189 = sdiv i32 %sum, i32 %normal_factor_1_reload_cast" [cluster.cpp:189->cluster.cpp:19]   --->   Operation 487 'sdiv' 'sdiv_ln189' <Predicate = true> <Delay = 1.45> <CoreInst = "Divider">   --->   Core 6 'Divider' <Latency = 35> <II = 1> <Delay = 1.45> <FuncUnit> <Opcode : 'udiv' 'sdiv' 'urem' 'srem'> <InPorts = 2> <OutPorts = 1>

State 101 <SV = 100> <Delay = 1.45>
ST_101 : Operation 488 [18/36] (1.45ns)   --->   "%sdiv_ln189 = sdiv i32 %sum, i32 %normal_factor_1_reload_cast" [cluster.cpp:189->cluster.cpp:19]   --->   Operation 488 'sdiv' 'sdiv_ln189' <Predicate = true> <Delay = 1.45> <CoreInst = "Divider">   --->   Core 6 'Divider' <Latency = 35> <II = 1> <Delay = 1.45> <FuncUnit> <Opcode : 'udiv' 'sdiv' 'urem' 'srem'> <InPorts = 2> <OutPorts = 1>

State 102 <SV = 101> <Delay = 1.45>
ST_102 : Operation 489 [17/36] (1.45ns)   --->   "%sdiv_ln189 = sdiv i32 %sum, i32 %normal_factor_1_reload_cast" [cluster.cpp:189->cluster.cpp:19]   --->   Operation 489 'sdiv' 'sdiv_ln189' <Predicate = true> <Delay = 1.45> <CoreInst = "Divider">   --->   Core 6 'Divider' <Latency = 35> <II = 1> <Delay = 1.45> <FuncUnit> <Opcode : 'udiv' 'sdiv' 'urem' 'srem'> <InPorts = 2> <OutPorts = 1>

State 103 <SV = 102> <Delay = 1.45>
ST_103 : Operation 490 [16/36] (1.45ns)   --->   "%sdiv_ln189 = sdiv i32 %sum, i32 %normal_factor_1_reload_cast" [cluster.cpp:189->cluster.cpp:19]   --->   Operation 490 'sdiv' 'sdiv_ln189' <Predicate = true> <Delay = 1.45> <CoreInst = "Divider">   --->   Core 6 'Divider' <Latency = 35> <II = 1> <Delay = 1.45> <FuncUnit> <Opcode : 'udiv' 'sdiv' 'urem' 'srem'> <InPorts = 2> <OutPorts = 1>

State 104 <SV = 103> <Delay = 1.45>
ST_104 : Operation 491 [15/36] (1.45ns)   --->   "%sdiv_ln189 = sdiv i32 %sum, i32 %normal_factor_1_reload_cast" [cluster.cpp:189->cluster.cpp:19]   --->   Operation 491 'sdiv' 'sdiv_ln189' <Predicate = true> <Delay = 1.45> <CoreInst = "Divider">   --->   Core 6 'Divider' <Latency = 35> <II = 1> <Delay = 1.45> <FuncUnit> <Opcode : 'udiv' 'sdiv' 'urem' 'srem'> <InPorts = 2> <OutPorts = 1>

State 105 <SV = 104> <Delay = 1.45>
ST_105 : Operation 492 [14/36] (1.45ns)   --->   "%sdiv_ln189 = sdiv i32 %sum, i32 %normal_factor_1_reload_cast" [cluster.cpp:189->cluster.cpp:19]   --->   Operation 492 'sdiv' 'sdiv_ln189' <Predicate = true> <Delay = 1.45> <CoreInst = "Divider">   --->   Core 6 'Divider' <Latency = 35> <II = 1> <Delay = 1.45> <FuncUnit> <Opcode : 'udiv' 'sdiv' 'urem' 'srem'> <InPorts = 2> <OutPorts = 1>

State 106 <SV = 105> <Delay = 1.45>
ST_106 : Operation 493 [13/36] (1.45ns)   --->   "%sdiv_ln189 = sdiv i32 %sum, i32 %normal_factor_1_reload_cast" [cluster.cpp:189->cluster.cpp:19]   --->   Operation 493 'sdiv' 'sdiv_ln189' <Predicate = true> <Delay = 1.45> <CoreInst = "Divider">   --->   Core 6 'Divider' <Latency = 35> <II = 1> <Delay = 1.45> <FuncUnit> <Opcode : 'udiv' 'sdiv' 'urem' 'srem'> <InPorts = 2> <OutPorts = 1>

State 107 <SV = 106> <Delay = 1.45>
ST_107 : Operation 494 [12/36] (1.45ns)   --->   "%sdiv_ln189 = sdiv i32 %sum, i32 %normal_factor_1_reload_cast" [cluster.cpp:189->cluster.cpp:19]   --->   Operation 494 'sdiv' 'sdiv_ln189' <Predicate = true> <Delay = 1.45> <CoreInst = "Divider">   --->   Core 6 'Divider' <Latency = 35> <II = 1> <Delay = 1.45> <FuncUnit> <Opcode : 'udiv' 'sdiv' 'urem' 'srem'> <InPorts = 2> <OutPorts = 1>

State 108 <SV = 107> <Delay = 1.45>
ST_108 : Operation 495 [11/36] (1.45ns)   --->   "%sdiv_ln189 = sdiv i32 %sum, i32 %normal_factor_1_reload_cast" [cluster.cpp:189->cluster.cpp:19]   --->   Operation 495 'sdiv' 'sdiv_ln189' <Predicate = true> <Delay = 1.45> <CoreInst = "Divider">   --->   Core 6 'Divider' <Latency = 35> <II = 1> <Delay = 1.45> <FuncUnit> <Opcode : 'udiv' 'sdiv' 'urem' 'srem'> <InPorts = 2> <OutPorts = 1>

State 109 <SV = 108> <Delay = 1.45>
ST_109 : Operation 496 [10/36] (1.45ns)   --->   "%sdiv_ln189 = sdiv i32 %sum, i32 %normal_factor_1_reload_cast" [cluster.cpp:189->cluster.cpp:19]   --->   Operation 496 'sdiv' 'sdiv_ln189' <Predicate = true> <Delay = 1.45> <CoreInst = "Divider">   --->   Core 6 'Divider' <Latency = 35> <II = 1> <Delay = 1.45> <FuncUnit> <Opcode : 'udiv' 'sdiv' 'urem' 'srem'> <InPorts = 2> <OutPorts = 1>

State 110 <SV = 109> <Delay = 1.45>
ST_110 : Operation 497 [9/36] (1.45ns)   --->   "%sdiv_ln189 = sdiv i32 %sum, i32 %normal_factor_1_reload_cast" [cluster.cpp:189->cluster.cpp:19]   --->   Operation 497 'sdiv' 'sdiv_ln189' <Predicate = true> <Delay = 1.45> <CoreInst = "Divider">   --->   Core 6 'Divider' <Latency = 35> <II = 1> <Delay = 1.45> <FuncUnit> <Opcode : 'udiv' 'sdiv' 'urem' 'srem'> <InPorts = 2> <OutPorts = 1>

State 111 <SV = 110> <Delay = 1.45>
ST_111 : Operation 498 [8/36] (1.45ns)   --->   "%sdiv_ln189 = sdiv i32 %sum, i32 %normal_factor_1_reload_cast" [cluster.cpp:189->cluster.cpp:19]   --->   Operation 498 'sdiv' 'sdiv_ln189' <Predicate = true> <Delay = 1.45> <CoreInst = "Divider">   --->   Core 6 'Divider' <Latency = 35> <II = 1> <Delay = 1.45> <FuncUnit> <Opcode : 'udiv' 'sdiv' 'urem' 'srem'> <InPorts = 2> <OutPorts = 1>

State 112 <SV = 111> <Delay = 1.45>
ST_112 : Operation 499 [7/36] (1.45ns)   --->   "%sdiv_ln189 = sdiv i32 %sum, i32 %normal_factor_1_reload_cast" [cluster.cpp:189->cluster.cpp:19]   --->   Operation 499 'sdiv' 'sdiv_ln189' <Predicate = true> <Delay = 1.45> <CoreInst = "Divider">   --->   Core 6 'Divider' <Latency = 35> <II = 1> <Delay = 1.45> <FuncUnit> <Opcode : 'udiv' 'sdiv' 'urem' 'srem'> <InPorts = 2> <OutPorts = 1>

State 113 <SV = 112> <Delay = 1.45>
ST_113 : Operation 500 [6/36] (1.45ns)   --->   "%sdiv_ln189 = sdiv i32 %sum, i32 %normal_factor_1_reload_cast" [cluster.cpp:189->cluster.cpp:19]   --->   Operation 500 'sdiv' 'sdiv_ln189' <Predicate = true> <Delay = 1.45> <CoreInst = "Divider">   --->   Core 6 'Divider' <Latency = 35> <II = 1> <Delay = 1.45> <FuncUnit> <Opcode : 'udiv' 'sdiv' 'urem' 'srem'> <InPorts = 2> <OutPorts = 1>

State 114 <SV = 113> <Delay = 1.45>
ST_114 : Operation 501 [5/36] (1.45ns)   --->   "%sdiv_ln189 = sdiv i32 %sum, i32 %normal_factor_1_reload_cast" [cluster.cpp:189->cluster.cpp:19]   --->   Operation 501 'sdiv' 'sdiv_ln189' <Predicate = true> <Delay = 1.45> <CoreInst = "Divider">   --->   Core 6 'Divider' <Latency = 35> <II = 1> <Delay = 1.45> <FuncUnit> <Opcode : 'udiv' 'sdiv' 'urem' 'srem'> <InPorts = 2> <OutPorts = 1>

State 115 <SV = 114> <Delay = 1.45>
ST_115 : Operation 502 [4/36] (1.45ns)   --->   "%sdiv_ln189 = sdiv i32 %sum, i32 %normal_factor_1_reload_cast" [cluster.cpp:189->cluster.cpp:19]   --->   Operation 502 'sdiv' 'sdiv_ln189' <Predicate = true> <Delay = 1.45> <CoreInst = "Divider">   --->   Core 6 'Divider' <Latency = 35> <II = 1> <Delay = 1.45> <FuncUnit> <Opcode : 'udiv' 'sdiv' 'urem' 'srem'> <InPorts = 2> <OutPorts = 1>

State 116 <SV = 115> <Delay = 1.45>
ST_116 : Operation 503 [3/36] (1.45ns)   --->   "%sdiv_ln189 = sdiv i32 %sum, i32 %normal_factor_1_reload_cast" [cluster.cpp:189->cluster.cpp:19]   --->   Operation 503 'sdiv' 'sdiv_ln189' <Predicate = true> <Delay = 1.45> <CoreInst = "Divider">   --->   Core 6 'Divider' <Latency = 35> <II = 1> <Delay = 1.45> <FuncUnit> <Opcode : 'udiv' 'sdiv' 'urem' 'srem'> <InPorts = 2> <OutPorts = 1>

State 117 <SV = 116> <Delay = 1.95>
ST_117 : Operation 504 [1/1] (0.00ns)   --->   "%shl_ln = bitconcatenate i18 @_ssdm_op_BitConcatenate.i18.i9.i9, i9 %select_ln179, i9 0" [cluster.cpp:182->cluster.cpp:19]   --->   Operation 504 'bitconcatenate' 'shl_ln' <Predicate = true> <Delay = 0.00>
ST_117 : Operation 505 [2/36] (1.45ns)   --->   "%sdiv_ln189 = sdiv i32 %sum, i32 %normal_factor_1_reload_cast" [cluster.cpp:189->cluster.cpp:19]   --->   Operation 505 'sdiv' 'sdiv_ln189' <Predicate = true> <Delay = 1.45> <CoreInst = "Divider">   --->   Core 6 'Divider' <Latency = 35> <II = 1> <Delay = 1.45> <FuncUnit> <Opcode : 'udiv' 'sdiv' 'urem' 'srem'> <InPorts = 2> <OutPorts = 1>
ST_117 : Operation 506 [1/1] (0.00ns)   --->   "%zext_ln188_cast = bitconcatenate i10 @_ssdm_op_BitConcatenate.i10.i1.i9, i1 1, i9 %add_ln188" [cluster.cpp:188->cluster.cpp:19]   --->   Operation 506 'bitconcatenate' 'zext_ln188_cast' <Predicate = true> <Delay = 0.00>
ST_117 : Operation 507 [1/1] (0.00ns)   --->   "%zext_ln188 = zext i10 %zext_ln188_cast" [cluster.cpp:188->cluster.cpp:19]   --->   Operation 507 'zext' 'zext_ln188' <Predicate = true> <Delay = 0.00>
ST_117 : Operation 508 [1/1] (0.87ns)   --->   "%add_ln188_1 = add i18 %zext_ln188, i18 %shl_ln" [cluster.cpp:188->cluster.cpp:19]   --->   Operation 508 'add' 'add_ln188_1' <Predicate = true> <Delay = 0.87> <CoreInst = "Adder">   --->   Core 1 'Adder' <Latency = 0> <II = 1> <Delay = 0.87> <FuncUnit> <Opcode : 'add' 'sub'> <InPorts = 2> <OutPorts = 1>
ST_117 : Operation 509 [1/1] (0.00ns)   --->   "%shl_ln2 = bitconcatenate i20 @_ssdm_op_BitConcatenate.i20.i18.i2, i18 %add_ln188_1, i2 0" [cluster.cpp:188->cluster.cpp:19]   --->   Operation 509 'bitconcatenate' 'shl_ln2' <Predicate = true> <Delay = 0.00>
ST_117 : Operation 510 [1/1] (0.00ns)   --->   "%zext_ln188_1 = zext i20 %shl_ln2" [cluster.cpp:188->cluster.cpp:19]   --->   Operation 510 'zext' 'zext_ln188_1' <Predicate = true> <Delay = 0.00>
ST_117 : Operation 511 [1/1] (1.08ns)   --->   "%add_ln188_2 = add i64 %zext_ln188_1, i64 %output_r_read" [cluster.cpp:188->cluster.cpp:19]   --->   Operation 511 'add' 'add_ln188_2' <Predicate = true> <Delay = 1.08> <CoreInst = "Adder">   --->   Core 1 'Adder' <Latency = 0> <II = 1> <Delay = 1.08> <FuncUnit> <Opcode : 'add' 'sub'> <InPorts = 2> <OutPorts = 1>
ST_117 : Operation 512 [1/1] (0.00ns)   --->   "%trunc_ln1 = partselect i62 @_ssdm_op_PartSelect.i62.i64.i32.i32, i64 %add_ln188_2, i32 2, i32 63" [cluster.cpp:188->cluster.cpp:19]   --->   Operation 512 'partselect' 'trunc_ln1' <Predicate = true> <Delay = 0.00>
ST_117 : Operation 513 [1/1] (0.00ns)   --->   "%sext_ln188 = sext i62 %trunc_ln1" [cluster.cpp:188->cluster.cpp:19]   --->   Operation 513 'sext' 'sext_ln188' <Predicate = true> <Delay = 0.00>
ST_117 : Operation 514 [1/1] (0.00ns)   --->   "%gmem_addr_3 = getelementptr i32 %gmem, i64 %sext_ln188" [cluster.cpp:188->cluster.cpp:19]   --->   Operation 514 'getelementptr' 'gmem_addr_3' <Predicate = true> <Delay = 0.00>

State 118 <SV = 117> <Delay = 4.66>
ST_118 : Operation 515 [1/36] (1.45ns)   --->   "%sdiv_ln189 = sdiv i32 %sum, i32 %normal_factor_1_reload_cast" [cluster.cpp:189->cluster.cpp:19]   --->   Operation 515 'sdiv' 'sdiv_ln189' <Predicate = true> <Delay = 1.45> <CoreInst = "Divider">   --->   Core 6 'Divider' <Latency = 35> <II = 1> <Delay = 1.45> <FuncUnit> <Opcode : 'udiv' 'sdiv' 'urem' 'srem'> <InPorts = 2> <OutPorts = 1>
ST_118 : Operation 516 [1/1] (4.66ns)   --->   "%gmem_addr_3_req = writereq i1 @_ssdm_op_WriteReq.m_axi.i32P1A, i32 %gmem_addr_3, i64 1" [cluster.cpp:188->cluster.cpp:19]   --->   Operation 516 'writereq' 'gmem_addr_3_req' <Predicate = true> <Delay = 4.66> <CoreInst = "m_axi">   --->   Core 119 'm_axi' <Latency = 9> <II = 1> <Delay = 1.00> <Adapter> <Opcode : 'read' 'write' 'readreq' 'writereq' 'writeresp'>

State 119 <SV = 118> <Delay = 4.66>
ST_119 : Operation 517 [1/1] (4.66ns)   --->   "%write_ln188 = write void @_ssdm_op_Write.m_axi.i32P1A, i32 %gmem_addr_3, i32 %sdiv_ln189, i4 15" [cluster.cpp:188->cluster.cpp:19]   --->   Operation 517 'write' 'write_ln188' <Predicate = true> <Delay = 4.66> <CoreInst = "m_axi">   --->   Core 119 'm_axi' <Latency = 5> <II = 1> <Delay = 1.00> <Adapter> <Opcode : 'read' 'write' 'readreq' 'writereq' 'writeresp'>

State 120 <SV = 119> <Delay = 4.66>
ST_120 : Operation 518 [68/68] (4.66ns)   --->   "%gmem_addr_3_resp = writeresp i1 @_ssdm_op_WriteResp.m_axi.i32P1A, i32 %gmem_addr_3" [cluster.cpp:188->cluster.cpp:19]   --->   Operation 518 'writeresp' 'gmem_addr_3_resp' <Predicate = true> <Delay = 4.66> <CoreInst = "m_axi">   --->   Core 119 'm_axi' <Latency = 3> <II = 1> <Delay = 1.00> <Adapter> <Opcode : 'read' 'write' 'readreq' 'writereq' 'writeresp'>

State 121 <SV = 120> <Delay = 4.66>
ST_121 : Operation 519 [67/68] (4.66ns)   --->   "%gmem_addr_3_resp = writeresp i1 @_ssdm_op_WriteResp.m_axi.i32P1A, i32 %gmem_addr_3" [cluster.cpp:188->cluster.cpp:19]   --->   Operation 519 'writeresp' 'gmem_addr_3_resp' <Predicate = true> <Delay = 4.66> <CoreInst = "m_axi">   --->   Core 119 'm_axi' <Latency = 3> <II = 1> <Delay = 1.00> <Adapter> <Opcode : 'read' 'write' 'readreq' 'writereq' 'writeresp'>

State 122 <SV = 121> <Delay = 4.66>
ST_122 : Operation 520 [66/68] (4.66ns)   --->   "%gmem_addr_3_resp = writeresp i1 @_ssdm_op_WriteResp.m_axi.i32P1A, i32 %gmem_addr_3" [cluster.cpp:188->cluster.cpp:19]   --->   Operation 520 'writeresp' 'gmem_addr_3_resp' <Predicate = true> <Delay = 4.66> <CoreInst = "m_axi">   --->   Core 119 'm_axi' <Latency = 3> <II = 1> <Delay = 1.00> <Adapter> <Opcode : 'read' 'write' 'readreq' 'writereq' 'writeresp'>

State 123 <SV = 122> <Delay = 4.66>
ST_123 : Operation 521 [65/68] (4.66ns)   --->   "%gmem_addr_3_resp = writeresp i1 @_ssdm_op_WriteResp.m_axi.i32P1A, i32 %gmem_addr_3" [cluster.cpp:188->cluster.cpp:19]   --->   Operation 521 'writeresp' 'gmem_addr_3_resp' <Predicate = true> <Delay = 4.66> <CoreInst = "m_axi">   --->   Core 119 'm_axi' <Latency = 3> <II = 1> <Delay = 1.00> <Adapter> <Opcode : 'read' 'write' 'readreq' 'writereq' 'writeresp'>

State 124 <SV = 123> <Delay = 4.66>
ST_124 : Operation 522 [64/68] (4.66ns)   --->   "%gmem_addr_3_resp = writeresp i1 @_ssdm_op_WriteResp.m_axi.i32P1A, i32 %gmem_addr_3" [cluster.cpp:188->cluster.cpp:19]   --->   Operation 522 'writeresp' 'gmem_addr_3_resp' <Predicate = true> <Delay = 4.66> <CoreInst = "m_axi">   --->   Core 119 'm_axi' <Latency = 3> <II = 1> <Delay = 1.00> <Adapter> <Opcode : 'read' 'write' 'readreq' 'writereq' 'writeresp'>

State 125 <SV = 124> <Delay = 4.66>
ST_125 : Operation 523 [63/68] (4.66ns)   --->   "%gmem_addr_3_resp = writeresp i1 @_ssdm_op_WriteResp.m_axi.i32P1A, i32 %gmem_addr_3" [cluster.cpp:188->cluster.cpp:19]   --->   Operation 523 'writeresp' 'gmem_addr_3_resp' <Predicate = true> <Delay = 4.66> <CoreInst = "m_axi">   --->   Core 119 'm_axi' <Latency = 3> <II = 1> <Delay = 1.00> <Adapter> <Opcode : 'read' 'write' 'readreq' 'writereq' 'writeresp'>

State 126 <SV = 125> <Delay = 4.66>
ST_126 : Operation 524 [62/68] (4.66ns)   --->   "%gmem_addr_3_resp = writeresp i1 @_ssdm_op_WriteResp.m_axi.i32P1A, i32 %gmem_addr_3" [cluster.cpp:188->cluster.cpp:19]   --->   Operation 524 'writeresp' 'gmem_addr_3_resp' <Predicate = true> <Delay = 4.66> <CoreInst = "m_axi">   --->   Core 119 'm_axi' <Latency = 3> <II = 1> <Delay = 1.00> <Adapter> <Opcode : 'read' 'write' 'readreq' 'writereq' 'writeresp'>

State 127 <SV = 126> <Delay = 4.66>
ST_127 : Operation 525 [61/68] (4.66ns)   --->   "%gmem_addr_3_resp = writeresp i1 @_ssdm_op_WriteResp.m_axi.i32P1A, i32 %gmem_addr_3" [cluster.cpp:188->cluster.cpp:19]   --->   Operation 525 'writeresp' 'gmem_addr_3_resp' <Predicate = true> <Delay = 4.66> <CoreInst = "m_axi">   --->   Core 119 'm_axi' <Latency = 3> <II = 1> <Delay = 1.00> <Adapter> <Opcode : 'read' 'write' 'readreq' 'writereq' 'writeresp'>

State 128 <SV = 127> <Delay = 4.66>
ST_128 : Operation 526 [60/68] (4.66ns)   --->   "%gmem_addr_3_resp = writeresp i1 @_ssdm_op_WriteResp.m_axi.i32P1A, i32 %gmem_addr_3" [cluster.cpp:188->cluster.cpp:19]   --->   Operation 526 'writeresp' 'gmem_addr_3_resp' <Predicate = true> <Delay = 4.66> <CoreInst = "m_axi">   --->   Core 119 'm_axi' <Latency = 3> <II = 1> <Delay = 1.00> <Adapter> <Opcode : 'read' 'write' 'readreq' 'writereq' 'writeresp'>

State 129 <SV = 128> <Delay = 4.66>
ST_129 : Operation 527 [59/68] (4.66ns)   --->   "%gmem_addr_3_resp = writeresp i1 @_ssdm_op_WriteResp.m_axi.i32P1A, i32 %gmem_addr_3" [cluster.cpp:188->cluster.cpp:19]   --->   Operation 527 'writeresp' 'gmem_addr_3_resp' <Predicate = true> <Delay = 4.66> <CoreInst = "m_axi">   --->   Core 119 'm_axi' <Latency = 3> <II = 1> <Delay = 1.00> <Adapter> <Opcode : 'read' 'write' 'readreq' 'writereq' 'writeresp'>

State 130 <SV = 129> <Delay = 4.66>
ST_130 : Operation 528 [58/68] (4.66ns)   --->   "%gmem_addr_3_resp = writeresp i1 @_ssdm_op_WriteResp.m_axi.i32P1A, i32 %gmem_addr_3" [cluster.cpp:188->cluster.cpp:19]   --->   Operation 528 'writeresp' 'gmem_addr_3_resp' <Predicate = true> <Delay = 4.66> <CoreInst = "m_axi">   --->   Core 119 'm_axi' <Latency = 3> <II = 1> <Delay = 1.00> <Adapter> <Opcode : 'read' 'write' 'readreq' 'writereq' 'writeresp'>

State 131 <SV = 130> <Delay = 4.66>
ST_131 : Operation 529 [57/68] (4.66ns)   --->   "%gmem_addr_3_resp = writeresp i1 @_ssdm_op_WriteResp.m_axi.i32P1A, i32 %gmem_addr_3" [cluster.cpp:188->cluster.cpp:19]   --->   Operation 529 'writeresp' 'gmem_addr_3_resp' <Predicate = true> <Delay = 4.66> <CoreInst = "m_axi">   --->   Core 119 'm_axi' <Latency = 3> <II = 1> <Delay = 1.00> <Adapter> <Opcode : 'read' 'write' 'readreq' 'writereq' 'writeresp'>

State 132 <SV = 131> <Delay = 4.66>
ST_132 : Operation 530 [56/68] (4.66ns)   --->   "%gmem_addr_3_resp = writeresp i1 @_ssdm_op_WriteResp.m_axi.i32P1A, i32 %gmem_addr_3" [cluster.cpp:188->cluster.cpp:19]   --->   Operation 530 'writeresp' 'gmem_addr_3_resp' <Predicate = true> <Delay = 4.66> <CoreInst = "m_axi">   --->   Core 119 'm_axi' <Latency = 3> <II = 1> <Delay = 1.00> <Adapter> <Opcode : 'read' 'write' 'readreq' 'writereq' 'writeresp'>

State 133 <SV = 132> <Delay = 4.66>
ST_133 : Operation 531 [55/68] (4.66ns)   --->   "%gmem_addr_3_resp = writeresp i1 @_ssdm_op_WriteResp.m_axi.i32P1A, i32 %gmem_addr_3" [cluster.cpp:188->cluster.cpp:19]   --->   Operation 531 'writeresp' 'gmem_addr_3_resp' <Predicate = true> <Delay = 4.66> <CoreInst = "m_axi">   --->   Core 119 'm_axi' <Latency = 3> <II = 1> <Delay = 1.00> <Adapter> <Opcode : 'read' 'write' 'readreq' 'writereq' 'writeresp'>

State 134 <SV = 133> <Delay = 4.66>
ST_134 : Operation 532 [54/68] (4.66ns)   --->   "%gmem_addr_3_resp = writeresp i1 @_ssdm_op_WriteResp.m_axi.i32P1A, i32 %gmem_addr_3" [cluster.cpp:188->cluster.cpp:19]   --->   Operation 532 'writeresp' 'gmem_addr_3_resp' <Predicate = true> <Delay = 4.66> <CoreInst = "m_axi">   --->   Core 119 'm_axi' <Latency = 3> <II = 1> <Delay = 1.00> <Adapter> <Opcode : 'read' 'write' 'readreq' 'writereq' 'writeresp'>

State 135 <SV = 134> <Delay = 4.66>
ST_135 : Operation 533 [53/68] (4.66ns)   --->   "%gmem_addr_3_resp = writeresp i1 @_ssdm_op_WriteResp.m_axi.i32P1A, i32 %gmem_addr_3" [cluster.cpp:188->cluster.cpp:19]   --->   Operation 533 'writeresp' 'gmem_addr_3_resp' <Predicate = true> <Delay = 4.66> <CoreInst = "m_axi">   --->   Core 119 'm_axi' <Latency = 3> <II = 1> <Delay = 1.00> <Adapter> <Opcode : 'read' 'write' 'readreq' 'writereq' 'writeresp'>

State 136 <SV = 135> <Delay = 4.66>
ST_136 : Operation 534 [52/68] (4.66ns)   --->   "%gmem_addr_3_resp = writeresp i1 @_ssdm_op_WriteResp.m_axi.i32P1A, i32 %gmem_addr_3" [cluster.cpp:188->cluster.cpp:19]   --->   Operation 534 'writeresp' 'gmem_addr_3_resp' <Predicate = true> <Delay = 4.66> <CoreInst = "m_axi">   --->   Core 119 'm_axi' <Latency = 3> <II = 1> <Delay = 1.00> <Adapter> <Opcode : 'read' 'write' 'readreq' 'writereq' 'writeresp'>

State 137 <SV = 136> <Delay = 4.66>
ST_137 : Operation 535 [51/68] (4.66ns)   --->   "%gmem_addr_3_resp = writeresp i1 @_ssdm_op_WriteResp.m_axi.i32P1A, i32 %gmem_addr_3" [cluster.cpp:188->cluster.cpp:19]   --->   Operation 535 'writeresp' 'gmem_addr_3_resp' <Predicate = true> <Delay = 4.66> <CoreInst = "m_axi">   --->   Core 119 'm_axi' <Latency = 3> <II = 1> <Delay = 1.00> <Adapter> <Opcode : 'read' 'write' 'readreq' 'writereq' 'writeresp'>

State 138 <SV = 137> <Delay = 4.66>
ST_138 : Operation 536 [50/68] (4.66ns)   --->   "%gmem_addr_3_resp = writeresp i1 @_ssdm_op_WriteResp.m_axi.i32P1A, i32 %gmem_addr_3" [cluster.cpp:188->cluster.cpp:19]   --->   Operation 536 'writeresp' 'gmem_addr_3_resp' <Predicate = true> <Delay = 4.66> <CoreInst = "m_axi">   --->   Core 119 'm_axi' <Latency = 3> <II = 1> <Delay = 1.00> <Adapter> <Opcode : 'read' 'write' 'readreq' 'writereq' 'writeresp'>

State 139 <SV = 138> <Delay = 4.66>
ST_139 : Operation 537 [49/68] (4.66ns)   --->   "%gmem_addr_3_resp = writeresp i1 @_ssdm_op_WriteResp.m_axi.i32P1A, i32 %gmem_addr_3" [cluster.cpp:188->cluster.cpp:19]   --->   Operation 537 'writeresp' 'gmem_addr_3_resp' <Predicate = true> <Delay = 4.66> <CoreInst = "m_axi">   --->   Core 119 'm_axi' <Latency = 3> <II = 1> <Delay = 1.00> <Adapter> <Opcode : 'read' 'write' 'readreq' 'writereq' 'writeresp'>

State 140 <SV = 139> <Delay = 4.66>
ST_140 : Operation 538 [48/68] (4.66ns)   --->   "%gmem_addr_3_resp = writeresp i1 @_ssdm_op_WriteResp.m_axi.i32P1A, i32 %gmem_addr_3" [cluster.cpp:188->cluster.cpp:19]   --->   Operation 538 'writeresp' 'gmem_addr_3_resp' <Predicate = true> <Delay = 4.66> <CoreInst = "m_axi">   --->   Core 119 'm_axi' <Latency = 3> <II = 1> <Delay = 1.00> <Adapter> <Opcode : 'read' 'write' 'readreq' 'writereq' 'writeresp'>

State 141 <SV = 140> <Delay = 4.66>
ST_141 : Operation 539 [47/68] (4.66ns)   --->   "%gmem_addr_3_resp = writeresp i1 @_ssdm_op_WriteResp.m_axi.i32P1A, i32 %gmem_addr_3" [cluster.cpp:188->cluster.cpp:19]   --->   Operation 539 'writeresp' 'gmem_addr_3_resp' <Predicate = true> <Delay = 4.66> <CoreInst = "m_axi">   --->   Core 119 'm_axi' <Latency = 3> <II = 1> <Delay = 1.00> <Adapter> <Opcode : 'read' 'write' 'readreq' 'writereq' 'writeresp'>

State 142 <SV = 141> <Delay = 4.66>
ST_142 : Operation 540 [46/68] (4.66ns)   --->   "%gmem_addr_3_resp = writeresp i1 @_ssdm_op_WriteResp.m_axi.i32P1A, i32 %gmem_addr_3" [cluster.cpp:188->cluster.cpp:19]   --->   Operation 540 'writeresp' 'gmem_addr_3_resp' <Predicate = true> <Delay = 4.66> <CoreInst = "m_axi">   --->   Core 119 'm_axi' <Latency = 3> <II = 1> <Delay = 1.00> <Adapter> <Opcode : 'read' 'write' 'readreq' 'writereq' 'writeresp'>

State 143 <SV = 142> <Delay = 4.66>
ST_143 : Operation 541 [45/68] (4.66ns)   --->   "%gmem_addr_3_resp = writeresp i1 @_ssdm_op_WriteResp.m_axi.i32P1A, i32 %gmem_addr_3" [cluster.cpp:188->cluster.cpp:19]   --->   Operation 541 'writeresp' 'gmem_addr_3_resp' <Predicate = true> <Delay = 4.66> <CoreInst = "m_axi">   --->   Core 119 'm_axi' <Latency = 3> <II = 1> <Delay = 1.00> <Adapter> <Opcode : 'read' 'write' 'readreq' 'writereq' 'writeresp'>

State 144 <SV = 143> <Delay = 4.66>
ST_144 : Operation 542 [44/68] (4.66ns)   --->   "%gmem_addr_3_resp = writeresp i1 @_ssdm_op_WriteResp.m_axi.i32P1A, i32 %gmem_addr_3" [cluster.cpp:188->cluster.cpp:19]   --->   Operation 542 'writeresp' 'gmem_addr_3_resp' <Predicate = true> <Delay = 4.66> <CoreInst = "m_axi">   --->   Core 119 'm_axi' <Latency = 3> <II = 1> <Delay = 1.00> <Adapter> <Opcode : 'read' 'write' 'readreq' 'writereq' 'writeresp'>

State 145 <SV = 144> <Delay = 4.66>
ST_145 : Operation 543 [43/68] (4.66ns)   --->   "%gmem_addr_3_resp = writeresp i1 @_ssdm_op_WriteResp.m_axi.i32P1A, i32 %gmem_addr_3" [cluster.cpp:188->cluster.cpp:19]   --->   Operation 543 'writeresp' 'gmem_addr_3_resp' <Predicate = true> <Delay = 4.66> <CoreInst = "m_axi">   --->   Core 119 'm_axi' <Latency = 3> <II = 1> <Delay = 1.00> <Adapter> <Opcode : 'read' 'write' 'readreq' 'writereq' 'writeresp'>

State 146 <SV = 145> <Delay = 4.66>
ST_146 : Operation 544 [42/68] (4.66ns)   --->   "%gmem_addr_3_resp = writeresp i1 @_ssdm_op_WriteResp.m_axi.i32P1A, i32 %gmem_addr_3" [cluster.cpp:188->cluster.cpp:19]   --->   Operation 544 'writeresp' 'gmem_addr_3_resp' <Predicate = true> <Delay = 4.66> <CoreInst = "m_axi">   --->   Core 119 'm_axi' <Latency = 3> <II = 1> <Delay = 1.00> <Adapter> <Opcode : 'read' 'write' 'readreq' 'writereq' 'writeresp'>

State 147 <SV = 146> <Delay = 4.66>
ST_147 : Operation 545 [41/68] (4.66ns)   --->   "%gmem_addr_3_resp = writeresp i1 @_ssdm_op_WriteResp.m_axi.i32P1A, i32 %gmem_addr_3" [cluster.cpp:188->cluster.cpp:19]   --->   Operation 545 'writeresp' 'gmem_addr_3_resp' <Predicate = true> <Delay = 4.66> <CoreInst = "m_axi">   --->   Core 119 'm_axi' <Latency = 3> <II = 1> <Delay = 1.00> <Adapter> <Opcode : 'read' 'write' 'readreq' 'writereq' 'writeresp'>

State 148 <SV = 147> <Delay = 4.66>
ST_148 : Operation 546 [40/68] (4.66ns)   --->   "%gmem_addr_3_resp = writeresp i1 @_ssdm_op_WriteResp.m_axi.i32P1A, i32 %gmem_addr_3" [cluster.cpp:188->cluster.cpp:19]   --->   Operation 546 'writeresp' 'gmem_addr_3_resp' <Predicate = true> <Delay = 4.66> <CoreInst = "m_axi">   --->   Core 119 'm_axi' <Latency = 3> <II = 1> <Delay = 1.00> <Adapter> <Opcode : 'read' 'write' 'readreq' 'writereq' 'writeresp'>

State 149 <SV = 148> <Delay = 4.66>
ST_149 : Operation 547 [39/68] (4.66ns)   --->   "%gmem_addr_3_resp = writeresp i1 @_ssdm_op_WriteResp.m_axi.i32P1A, i32 %gmem_addr_3" [cluster.cpp:188->cluster.cpp:19]   --->   Operation 547 'writeresp' 'gmem_addr_3_resp' <Predicate = true> <Delay = 4.66> <CoreInst = "m_axi">   --->   Core 119 'm_axi' <Latency = 3> <II = 1> <Delay = 1.00> <Adapter> <Opcode : 'read' 'write' 'readreq' 'writereq' 'writeresp'>

State 150 <SV = 149> <Delay = 4.66>
ST_150 : Operation 548 [38/68] (4.66ns)   --->   "%gmem_addr_3_resp = writeresp i1 @_ssdm_op_WriteResp.m_axi.i32P1A, i32 %gmem_addr_3" [cluster.cpp:188->cluster.cpp:19]   --->   Operation 548 'writeresp' 'gmem_addr_3_resp' <Predicate = true> <Delay = 4.66> <CoreInst = "m_axi">   --->   Core 119 'm_axi' <Latency = 3> <II = 1> <Delay = 1.00> <Adapter> <Opcode : 'read' 'write' 'readreq' 'writereq' 'writeresp'>

State 151 <SV = 150> <Delay = 4.66>
ST_151 : Operation 549 [37/68] (4.66ns)   --->   "%gmem_addr_3_resp = writeresp i1 @_ssdm_op_WriteResp.m_axi.i32P1A, i32 %gmem_addr_3" [cluster.cpp:188->cluster.cpp:19]   --->   Operation 549 'writeresp' 'gmem_addr_3_resp' <Predicate = true> <Delay = 4.66> <CoreInst = "m_axi">   --->   Core 119 'm_axi' <Latency = 3> <II = 1> <Delay = 1.00> <Adapter> <Opcode : 'read' 'write' 'readreq' 'writereq' 'writeresp'>

State 152 <SV = 151> <Delay = 4.66>
ST_152 : Operation 550 [36/68] (4.66ns)   --->   "%gmem_addr_3_resp = writeresp i1 @_ssdm_op_WriteResp.m_axi.i32P1A, i32 %gmem_addr_3" [cluster.cpp:188->cluster.cpp:19]   --->   Operation 550 'writeresp' 'gmem_addr_3_resp' <Predicate = true> <Delay = 4.66> <CoreInst = "m_axi">   --->   Core 119 'm_axi' <Latency = 3> <II = 1> <Delay = 1.00> <Adapter> <Opcode : 'read' 'write' 'readreq' 'writereq' 'writeresp'>

State 153 <SV = 152> <Delay = 4.66>
ST_153 : Operation 551 [35/68] (4.66ns)   --->   "%gmem_addr_3_resp = writeresp i1 @_ssdm_op_WriteResp.m_axi.i32P1A, i32 %gmem_addr_3" [cluster.cpp:188->cluster.cpp:19]   --->   Operation 551 'writeresp' 'gmem_addr_3_resp' <Predicate = true> <Delay = 4.66> <CoreInst = "m_axi">   --->   Core 119 'm_axi' <Latency = 3> <II = 1> <Delay = 1.00> <Adapter> <Opcode : 'read' 'write' 'readreq' 'writereq' 'writeresp'>

State 154 <SV = 153> <Delay = 4.66>
ST_154 : Operation 552 [34/68] (4.66ns)   --->   "%gmem_addr_3_resp = writeresp i1 @_ssdm_op_WriteResp.m_axi.i32P1A, i32 %gmem_addr_3" [cluster.cpp:188->cluster.cpp:19]   --->   Operation 552 'writeresp' 'gmem_addr_3_resp' <Predicate = true> <Delay = 4.66> <CoreInst = "m_axi">   --->   Core 119 'm_axi' <Latency = 3> <II = 1> <Delay = 1.00> <Adapter> <Opcode : 'read' 'write' 'readreq' 'writereq' 'writeresp'>

State 155 <SV = 154> <Delay = 4.66>
ST_155 : Operation 553 [33/68] (4.66ns)   --->   "%gmem_addr_3_resp = writeresp i1 @_ssdm_op_WriteResp.m_axi.i32P1A, i32 %gmem_addr_3" [cluster.cpp:188->cluster.cpp:19]   --->   Operation 553 'writeresp' 'gmem_addr_3_resp' <Predicate = true> <Delay = 4.66> <CoreInst = "m_axi">   --->   Core 119 'm_axi' <Latency = 3> <II = 1> <Delay = 1.00> <Adapter> <Opcode : 'read' 'write' 'readreq' 'writereq' 'writeresp'>

State 156 <SV = 155> <Delay = 4.66>
ST_156 : Operation 554 [32/68] (4.66ns)   --->   "%gmem_addr_3_resp = writeresp i1 @_ssdm_op_WriteResp.m_axi.i32P1A, i32 %gmem_addr_3" [cluster.cpp:188->cluster.cpp:19]   --->   Operation 554 'writeresp' 'gmem_addr_3_resp' <Predicate = true> <Delay = 4.66> <CoreInst = "m_axi">   --->   Core 119 'm_axi' <Latency = 3> <II = 1> <Delay = 1.00> <Adapter> <Opcode : 'read' 'write' 'readreq' 'writereq' 'writeresp'>

State 157 <SV = 156> <Delay = 4.66>
ST_157 : Operation 555 [31/68] (4.66ns)   --->   "%gmem_addr_3_resp = writeresp i1 @_ssdm_op_WriteResp.m_axi.i32P1A, i32 %gmem_addr_3" [cluster.cpp:188->cluster.cpp:19]   --->   Operation 555 'writeresp' 'gmem_addr_3_resp' <Predicate = true> <Delay = 4.66> <CoreInst = "m_axi">   --->   Core 119 'm_axi' <Latency = 3> <II = 1> <Delay = 1.00> <Adapter> <Opcode : 'read' 'write' 'readreq' 'writereq' 'writeresp'>

State 158 <SV = 157> <Delay = 4.66>
ST_158 : Operation 556 [30/68] (4.66ns)   --->   "%gmem_addr_3_resp = writeresp i1 @_ssdm_op_WriteResp.m_axi.i32P1A, i32 %gmem_addr_3" [cluster.cpp:188->cluster.cpp:19]   --->   Operation 556 'writeresp' 'gmem_addr_3_resp' <Predicate = true> <Delay = 4.66> <CoreInst = "m_axi">   --->   Core 119 'm_axi' <Latency = 3> <II = 1> <Delay = 1.00> <Adapter> <Opcode : 'read' 'write' 'readreq' 'writereq' 'writeresp'>

State 159 <SV = 158> <Delay = 4.66>
ST_159 : Operation 557 [29/68] (4.66ns)   --->   "%gmem_addr_3_resp = writeresp i1 @_ssdm_op_WriteResp.m_axi.i32P1A, i32 %gmem_addr_3" [cluster.cpp:188->cluster.cpp:19]   --->   Operation 557 'writeresp' 'gmem_addr_3_resp' <Predicate = true> <Delay = 4.66> <CoreInst = "m_axi">   --->   Core 119 'm_axi' <Latency = 3> <II = 1> <Delay = 1.00> <Adapter> <Opcode : 'read' 'write' 'readreq' 'writereq' 'writeresp'>

State 160 <SV = 159> <Delay = 4.66>
ST_160 : Operation 558 [28/68] (4.66ns)   --->   "%gmem_addr_3_resp = writeresp i1 @_ssdm_op_WriteResp.m_axi.i32P1A, i32 %gmem_addr_3" [cluster.cpp:188->cluster.cpp:19]   --->   Operation 558 'writeresp' 'gmem_addr_3_resp' <Predicate = true> <Delay = 4.66> <CoreInst = "m_axi">   --->   Core 119 'm_axi' <Latency = 3> <II = 1> <Delay = 1.00> <Adapter> <Opcode : 'read' 'write' 'readreq' 'writereq' 'writeresp'>

State 161 <SV = 160> <Delay = 4.66>
ST_161 : Operation 559 [27/68] (4.66ns)   --->   "%gmem_addr_3_resp = writeresp i1 @_ssdm_op_WriteResp.m_axi.i32P1A, i32 %gmem_addr_3" [cluster.cpp:188->cluster.cpp:19]   --->   Operation 559 'writeresp' 'gmem_addr_3_resp' <Predicate = true> <Delay = 4.66> <CoreInst = "m_axi">   --->   Core 119 'm_axi' <Latency = 3> <II = 1> <Delay = 1.00> <Adapter> <Opcode : 'read' 'write' 'readreq' 'writereq' 'writeresp'>

State 162 <SV = 161> <Delay = 4.66>
ST_162 : Operation 560 [26/68] (4.66ns)   --->   "%gmem_addr_3_resp = writeresp i1 @_ssdm_op_WriteResp.m_axi.i32P1A, i32 %gmem_addr_3" [cluster.cpp:188->cluster.cpp:19]   --->   Operation 560 'writeresp' 'gmem_addr_3_resp' <Predicate = true> <Delay = 4.66> <CoreInst = "m_axi">   --->   Core 119 'm_axi' <Latency = 3> <II = 1> <Delay = 1.00> <Adapter> <Opcode : 'read' 'write' 'readreq' 'writereq' 'writeresp'>

State 163 <SV = 162> <Delay = 4.66>
ST_163 : Operation 561 [25/68] (4.66ns)   --->   "%gmem_addr_3_resp = writeresp i1 @_ssdm_op_WriteResp.m_axi.i32P1A, i32 %gmem_addr_3" [cluster.cpp:188->cluster.cpp:19]   --->   Operation 561 'writeresp' 'gmem_addr_3_resp' <Predicate = true> <Delay = 4.66> <CoreInst = "m_axi">   --->   Core 119 'm_axi' <Latency = 3> <II = 1> <Delay = 1.00> <Adapter> <Opcode : 'read' 'write' 'readreq' 'writereq' 'writeresp'>

State 164 <SV = 163> <Delay = 4.66>
ST_164 : Operation 562 [24/68] (4.66ns)   --->   "%gmem_addr_3_resp = writeresp i1 @_ssdm_op_WriteResp.m_axi.i32P1A, i32 %gmem_addr_3" [cluster.cpp:188->cluster.cpp:19]   --->   Operation 562 'writeresp' 'gmem_addr_3_resp' <Predicate = true> <Delay = 4.66> <CoreInst = "m_axi">   --->   Core 119 'm_axi' <Latency = 3> <II = 1> <Delay = 1.00> <Adapter> <Opcode : 'read' 'write' 'readreq' 'writereq' 'writeresp'>

State 165 <SV = 164> <Delay = 4.66>
ST_165 : Operation 563 [23/68] (4.66ns)   --->   "%gmem_addr_3_resp = writeresp i1 @_ssdm_op_WriteResp.m_axi.i32P1A, i32 %gmem_addr_3" [cluster.cpp:188->cluster.cpp:19]   --->   Operation 563 'writeresp' 'gmem_addr_3_resp' <Predicate = true> <Delay = 4.66> <CoreInst = "m_axi">   --->   Core 119 'm_axi' <Latency = 3> <II = 1> <Delay = 1.00> <Adapter> <Opcode : 'read' 'write' 'readreq' 'writereq' 'writeresp'>

State 166 <SV = 165> <Delay = 4.66>
ST_166 : Operation 564 [22/68] (4.66ns)   --->   "%gmem_addr_3_resp = writeresp i1 @_ssdm_op_WriteResp.m_axi.i32P1A, i32 %gmem_addr_3" [cluster.cpp:188->cluster.cpp:19]   --->   Operation 564 'writeresp' 'gmem_addr_3_resp' <Predicate = true> <Delay = 4.66> <CoreInst = "m_axi">   --->   Core 119 'm_axi' <Latency = 3> <II = 1> <Delay = 1.00> <Adapter> <Opcode : 'read' 'write' 'readreq' 'writereq' 'writeresp'>

State 167 <SV = 166> <Delay = 4.66>
ST_167 : Operation 565 [21/68] (4.66ns)   --->   "%gmem_addr_3_resp = writeresp i1 @_ssdm_op_WriteResp.m_axi.i32P1A, i32 %gmem_addr_3" [cluster.cpp:188->cluster.cpp:19]   --->   Operation 565 'writeresp' 'gmem_addr_3_resp' <Predicate = true> <Delay = 4.66> <CoreInst = "m_axi">   --->   Core 119 'm_axi' <Latency = 3> <II = 1> <Delay = 1.00> <Adapter> <Opcode : 'read' 'write' 'readreq' 'writereq' 'writeresp'>

State 168 <SV = 167> <Delay = 4.66>
ST_168 : Operation 566 [20/68] (4.66ns)   --->   "%gmem_addr_3_resp = writeresp i1 @_ssdm_op_WriteResp.m_axi.i32P1A, i32 %gmem_addr_3" [cluster.cpp:188->cluster.cpp:19]   --->   Operation 566 'writeresp' 'gmem_addr_3_resp' <Predicate = true> <Delay = 4.66> <CoreInst = "m_axi">   --->   Core 119 'm_axi' <Latency = 3> <II = 1> <Delay = 1.00> <Adapter> <Opcode : 'read' 'write' 'readreq' 'writereq' 'writeresp'>

State 169 <SV = 168> <Delay = 4.66>
ST_169 : Operation 567 [19/68] (4.66ns)   --->   "%gmem_addr_3_resp = writeresp i1 @_ssdm_op_WriteResp.m_axi.i32P1A, i32 %gmem_addr_3" [cluster.cpp:188->cluster.cpp:19]   --->   Operation 567 'writeresp' 'gmem_addr_3_resp' <Predicate = true> <Delay = 4.66> <CoreInst = "m_axi">   --->   Core 119 'm_axi' <Latency = 3> <II = 1> <Delay = 1.00> <Adapter> <Opcode : 'read' 'write' 'readreq' 'writereq' 'writeresp'>

State 170 <SV = 169> <Delay = 4.66>
ST_170 : Operation 568 [18/68] (4.66ns)   --->   "%gmem_addr_3_resp = writeresp i1 @_ssdm_op_WriteResp.m_axi.i32P1A, i32 %gmem_addr_3" [cluster.cpp:188->cluster.cpp:19]   --->   Operation 568 'writeresp' 'gmem_addr_3_resp' <Predicate = true> <Delay = 4.66> <CoreInst = "m_axi">   --->   Core 119 'm_axi' <Latency = 3> <II = 1> <Delay = 1.00> <Adapter> <Opcode : 'read' 'write' 'readreq' 'writereq' 'writeresp'>

State 171 <SV = 170> <Delay = 4.66>
ST_171 : Operation 569 [17/68] (4.66ns)   --->   "%gmem_addr_3_resp = writeresp i1 @_ssdm_op_WriteResp.m_axi.i32P1A, i32 %gmem_addr_3" [cluster.cpp:188->cluster.cpp:19]   --->   Operation 569 'writeresp' 'gmem_addr_3_resp' <Predicate = true> <Delay = 4.66> <CoreInst = "m_axi">   --->   Core 119 'm_axi' <Latency = 3> <II = 1> <Delay = 1.00> <Adapter> <Opcode : 'read' 'write' 'readreq' 'writereq' 'writeresp'>

State 172 <SV = 171> <Delay = 4.66>
ST_172 : Operation 570 [16/68] (4.66ns)   --->   "%gmem_addr_3_resp = writeresp i1 @_ssdm_op_WriteResp.m_axi.i32P1A, i32 %gmem_addr_3" [cluster.cpp:188->cluster.cpp:19]   --->   Operation 570 'writeresp' 'gmem_addr_3_resp' <Predicate = true> <Delay = 4.66> <CoreInst = "m_axi">   --->   Core 119 'm_axi' <Latency = 3> <II = 1> <Delay = 1.00> <Adapter> <Opcode : 'read' 'write' 'readreq' 'writereq' 'writeresp'>

State 173 <SV = 172> <Delay = 4.66>
ST_173 : Operation 571 [15/68] (4.66ns)   --->   "%gmem_addr_3_resp = writeresp i1 @_ssdm_op_WriteResp.m_axi.i32P1A, i32 %gmem_addr_3" [cluster.cpp:188->cluster.cpp:19]   --->   Operation 571 'writeresp' 'gmem_addr_3_resp' <Predicate = true> <Delay = 4.66> <CoreInst = "m_axi">   --->   Core 119 'm_axi' <Latency = 3> <II = 1> <Delay = 1.00> <Adapter> <Opcode : 'read' 'write' 'readreq' 'writereq' 'writeresp'>

State 174 <SV = 173> <Delay = 4.66>
ST_174 : Operation 572 [14/68] (4.66ns)   --->   "%gmem_addr_3_resp = writeresp i1 @_ssdm_op_WriteResp.m_axi.i32P1A, i32 %gmem_addr_3" [cluster.cpp:188->cluster.cpp:19]   --->   Operation 572 'writeresp' 'gmem_addr_3_resp' <Predicate = true> <Delay = 4.66> <CoreInst = "m_axi">   --->   Core 119 'm_axi' <Latency = 3> <II = 1> <Delay = 1.00> <Adapter> <Opcode : 'read' 'write' 'readreq' 'writereq' 'writeresp'>

State 175 <SV = 174> <Delay = 4.66>
ST_175 : Operation 573 [13/68] (4.66ns)   --->   "%gmem_addr_3_resp = writeresp i1 @_ssdm_op_WriteResp.m_axi.i32P1A, i32 %gmem_addr_3" [cluster.cpp:188->cluster.cpp:19]   --->   Operation 573 'writeresp' 'gmem_addr_3_resp' <Predicate = true> <Delay = 4.66> <CoreInst = "m_axi">   --->   Core 119 'm_axi' <Latency = 3> <II = 1> <Delay = 1.00> <Adapter> <Opcode : 'read' 'write' 'readreq' 'writereq' 'writeresp'>

State 176 <SV = 175> <Delay = 4.66>
ST_176 : Operation 574 [12/68] (4.66ns)   --->   "%gmem_addr_3_resp = writeresp i1 @_ssdm_op_WriteResp.m_axi.i32P1A, i32 %gmem_addr_3" [cluster.cpp:188->cluster.cpp:19]   --->   Operation 574 'writeresp' 'gmem_addr_3_resp' <Predicate = true> <Delay = 4.66> <CoreInst = "m_axi">   --->   Core 119 'm_axi' <Latency = 3> <II = 1> <Delay = 1.00> <Adapter> <Opcode : 'read' 'write' 'readreq' 'writereq' 'writeresp'>

State 177 <SV = 176> <Delay = 4.66>
ST_177 : Operation 575 [11/68] (4.66ns)   --->   "%gmem_addr_3_resp = writeresp i1 @_ssdm_op_WriteResp.m_axi.i32P1A, i32 %gmem_addr_3" [cluster.cpp:188->cluster.cpp:19]   --->   Operation 575 'writeresp' 'gmem_addr_3_resp' <Predicate = true> <Delay = 4.66> <CoreInst = "m_axi">   --->   Core 119 'm_axi' <Latency = 3> <II = 1> <Delay = 1.00> <Adapter> <Opcode : 'read' 'write' 'readreq' 'writereq' 'writeresp'>

State 178 <SV = 177> <Delay = 4.66>
ST_178 : Operation 576 [10/68] (4.66ns)   --->   "%gmem_addr_3_resp = writeresp i1 @_ssdm_op_WriteResp.m_axi.i32P1A, i32 %gmem_addr_3" [cluster.cpp:188->cluster.cpp:19]   --->   Operation 576 'writeresp' 'gmem_addr_3_resp' <Predicate = true> <Delay = 4.66> <CoreInst = "m_axi">   --->   Core 119 'm_axi' <Latency = 3> <II = 1> <Delay = 1.00> <Adapter> <Opcode : 'read' 'write' 'readreq' 'writereq' 'writeresp'>
ST_178 : Operation 589 [1/1] (0.42ns)   --->   "%ret_ln0 = ret"   --->   Operation 589 'ret' 'ret_ln0' <Predicate = (icmp_ln179)> <Delay = 0.42>

State 179 <SV = 178> <Delay = 4.66>
ST_179 : Operation 577 [9/68] (4.66ns)   --->   "%gmem_addr_3_resp = writeresp i1 @_ssdm_op_WriteResp.m_axi.i32P1A, i32 %gmem_addr_3" [cluster.cpp:188->cluster.cpp:19]   --->   Operation 577 'writeresp' 'gmem_addr_3_resp' <Predicate = true> <Delay = 4.66> <CoreInst = "m_axi">   --->   Core 119 'm_axi' <Latency = 3> <II = 1> <Delay = 1.00> <Adapter> <Opcode : 'read' 'write' 'readreq' 'writereq' 'writeresp'>

State 180 <SV = 179> <Delay = 4.66>
ST_180 : Operation 578 [8/68] (4.66ns)   --->   "%gmem_addr_3_resp = writeresp i1 @_ssdm_op_WriteResp.m_axi.i32P1A, i32 %gmem_addr_3" [cluster.cpp:188->cluster.cpp:19]   --->   Operation 578 'writeresp' 'gmem_addr_3_resp' <Predicate = true> <Delay = 4.66> <CoreInst = "m_axi">   --->   Core 119 'm_axi' <Latency = 3> <II = 1> <Delay = 1.00> <Adapter> <Opcode : 'read' 'write' 'readreq' 'writereq' 'writeresp'>

State 181 <SV = 180> <Delay = 4.66>
ST_181 : Operation 579 [7/68] (4.66ns)   --->   "%gmem_addr_3_resp = writeresp i1 @_ssdm_op_WriteResp.m_axi.i32P1A, i32 %gmem_addr_3" [cluster.cpp:188->cluster.cpp:19]   --->   Operation 579 'writeresp' 'gmem_addr_3_resp' <Predicate = true> <Delay = 4.66> <CoreInst = "m_axi">   --->   Core 119 'm_axi' <Latency = 3> <II = 1> <Delay = 1.00> <Adapter> <Opcode : 'read' 'write' 'readreq' 'writereq' 'writeresp'>

State 182 <SV = 181> <Delay = 4.66>
ST_182 : Operation 580 [6/68] (4.66ns)   --->   "%gmem_addr_3_resp = writeresp i1 @_ssdm_op_WriteResp.m_axi.i32P1A, i32 %gmem_addr_3" [cluster.cpp:188->cluster.cpp:19]   --->   Operation 580 'writeresp' 'gmem_addr_3_resp' <Predicate = true> <Delay = 4.66> <CoreInst = "m_axi">   --->   Core 119 'm_axi' <Latency = 3> <II = 1> <Delay = 1.00> <Adapter> <Opcode : 'read' 'write' 'readreq' 'writereq' 'writeresp'>

State 183 <SV = 182> <Delay = 4.66>
ST_183 : Operation 581 [5/68] (4.66ns)   --->   "%gmem_addr_3_resp = writeresp i1 @_ssdm_op_WriteResp.m_axi.i32P1A, i32 %gmem_addr_3" [cluster.cpp:188->cluster.cpp:19]   --->   Operation 581 'writeresp' 'gmem_addr_3_resp' <Predicate = true> <Delay = 4.66> <CoreInst = "m_axi">   --->   Core 119 'm_axi' <Latency = 3> <II = 1> <Delay = 1.00> <Adapter> <Opcode : 'read' 'write' 'readreq' 'writereq' 'writeresp'>

State 184 <SV = 183> <Delay = 4.66>
ST_184 : Operation 582 [4/68] (4.66ns)   --->   "%gmem_addr_3_resp = writeresp i1 @_ssdm_op_WriteResp.m_axi.i32P1A, i32 %gmem_addr_3" [cluster.cpp:188->cluster.cpp:19]   --->   Operation 582 'writeresp' 'gmem_addr_3_resp' <Predicate = true> <Delay = 4.66> <CoreInst = "m_axi">   --->   Core 119 'm_axi' <Latency = 3> <II = 1> <Delay = 1.00> <Adapter> <Opcode : 'read' 'write' 'readreq' 'writereq' 'writeresp'>

State 185 <SV = 184> <Delay = 4.66>
ST_185 : Operation 583 [3/68] (4.66ns)   --->   "%gmem_addr_3_resp = writeresp i1 @_ssdm_op_WriteResp.m_axi.i32P1A, i32 %gmem_addr_3" [cluster.cpp:188->cluster.cpp:19]   --->   Operation 583 'writeresp' 'gmem_addr_3_resp' <Predicate = true> <Delay = 4.66> <CoreInst = "m_axi">   --->   Core 119 'm_axi' <Latency = 3> <II = 1> <Delay = 1.00> <Adapter> <Opcode : 'read' 'write' 'readreq' 'writereq' 'writeresp'>

State 186 <SV = 185> <Delay = 4.66>
ST_186 : Operation 584 [2/68] (4.66ns)   --->   "%gmem_addr_3_resp = writeresp i1 @_ssdm_op_WriteResp.m_axi.i32P1A, i32 %gmem_addr_3" [cluster.cpp:188->cluster.cpp:19]   --->   Operation 584 'writeresp' 'gmem_addr_3_resp' <Predicate = true> <Delay = 4.66> <CoreInst = "m_axi">   --->   Core 119 'm_axi' <Latency = 3> <II = 1> <Delay = 1.00> <Adapter> <Opcode : 'read' 'write' 'readreq' 'writereq' 'writeresp'>

State 187 <SV = 186> <Delay = 4.66>
ST_187 : Operation 585 [1/1] (0.00ns)   --->   "%speclooptripcount_ln0 = speclooptripcount void @_ssdm_op_SpecLoopTripCount, i64 260100, i64 260100, i64 260100"   --->   Operation 585 'speclooptripcount' 'speclooptripcount_ln0' <Predicate = true> <Delay = 0.00>
ST_187 : Operation 586 [1/1] (0.00ns)   --->   "%specpipeline_ln156 = specpipeline void @_ssdm_op_SpecPipeline, i32 4294967295, i32 0, i32 0, i32 0, void @empty_0" [cluster.cpp:156->cluster.cpp:19]   --->   Operation 586 'specpipeline' 'specpipeline_ln156' <Predicate = true> <Delay = 0.00>
ST_187 : Operation 587 [1/68] (4.66ns)   --->   "%gmem_addr_3_resp = writeresp i1 @_ssdm_op_WriteResp.m_axi.i32P1A, i32 %gmem_addr_3" [cluster.cpp:188->cluster.cpp:19]   --->   Operation 587 'writeresp' 'gmem_addr_3_resp' <Predicate = true> <Delay = 4.66> <CoreInst = "m_axi">   --->   Core 119 'm_axi' <Latency = 3> <II = 1> <Delay = 1.00> <Adapter> <Opcode : 'read' 'write' 'readreq' 'writereq' 'writeresp'>
ST_187 : Operation 588 [1/1] (0.00ns)   --->   "%br_ln180 = br void %for.body13.i" [cluster.cpp:180->cluster.cpp:19]   --->   Operation 588 'br' 'br_ln180' <Predicate = true> <Delay = 0.00>


============================================================
+ Verbose Summary: Timing violations
============================================================
Target clock period: 6.667ns, clock uncertainty: 2.000ns.

 <State 1>: 0.427ns
The critical path consists of the following:
	'alloca' operation 18 bit ('indvar_flatten12') [7]  (0.000 ns)
	'store' operation 0 bit ('store_ln0') of constant 0 on local variable 'indvar_flatten12' [13]  (0.427 ns)

 <State 2>: 2.259ns
The critical path consists of the following:
	'load' operation 9 bit ('c_load', cluster.cpp:180->cluster.cpp:19) on local variable 'c', cluster.cpp:156->cluster.cpp:19 [24]  (0.000 ns)
	'icmp' operation 1 bit ('icmp_ln180', cluster.cpp:180->cluster.cpp:19) [27]  (0.776 ns)
	'select' operation 9 bit ('select_ln157', cluster.cpp:157->cluster.cpp:19) [28]  (0.398 ns)
	'add' operation 64 bit ('empty', cluster.cpp:179->cluster.cpp:19) [35]  (1.085 ns)

 <State 3>: 4.667ns
The critical path consists of the following:
	bus request operation ('empty_34', cluster.cpp:183->cluster.cpp:19) on port 'gmem' (cluster.cpp:183->cluster.cpp:19) [39]  (4.667 ns)

 <State 4>: 4.667ns
The critical path consists of the following:
	bus request operation ('empty_34', cluster.cpp:183->cluster.cpp:19) on port 'gmem' (cluster.cpp:183->cluster.cpp:19) [39]  (4.667 ns)

 <State 5>: 4.667ns
The critical path consists of the following:
	bus request operation ('empty_34', cluster.cpp:183->cluster.cpp:19) on port 'gmem' (cluster.cpp:183->cluster.cpp:19) [39]  (4.667 ns)

 <State 6>: 4.667ns
The critical path consists of the following:
	bus request operation ('empty_34', cluster.cpp:183->cluster.cpp:19) on port 'gmem' (cluster.cpp:183->cluster.cpp:19) [39]  (4.667 ns)

 <State 7>: 4.667ns
The critical path consists of the following:
	bus request operation ('empty_34', cluster.cpp:183->cluster.cpp:19) on port 'gmem' (cluster.cpp:183->cluster.cpp:19) [39]  (4.667 ns)

 <State 8>: 4.667ns
The critical path consists of the following:
	bus request operation ('empty_34', cluster.cpp:183->cluster.cpp:19) on port 'gmem' (cluster.cpp:183->cluster.cpp:19) [39]  (4.667 ns)

 <State 9>: 4.667ns
The critical path consists of the following:
	bus request operation ('empty_34', cluster.cpp:183->cluster.cpp:19) on port 'gmem' (cluster.cpp:183->cluster.cpp:19) [39]  (4.667 ns)

 <State 10>: 4.667ns
The critical path consists of the following:
	bus request operation ('empty_34', cluster.cpp:183->cluster.cpp:19) on port 'gmem' (cluster.cpp:183->cluster.cpp:19) [39]  (4.667 ns)

 <State 11>: 4.667ns
The critical path consists of the following:
	bus request operation ('empty_34', cluster.cpp:183->cluster.cpp:19) on port 'gmem' (cluster.cpp:183->cluster.cpp:19) [39]  (4.667 ns)

 <State 12>: 4.667ns
The critical path consists of the following:
	bus request operation ('empty_34', cluster.cpp:183->cluster.cpp:19) on port 'gmem' (cluster.cpp:183->cluster.cpp:19) [39]  (4.667 ns)

 <State 13>: 4.667ns
The critical path consists of the following:
	bus request operation ('empty_34', cluster.cpp:183->cluster.cpp:19) on port 'gmem' (cluster.cpp:183->cluster.cpp:19) [39]  (4.667 ns)

 <State 14>: 4.667ns
The critical path consists of the following:
	bus request operation ('empty_34', cluster.cpp:183->cluster.cpp:19) on port 'gmem' (cluster.cpp:183->cluster.cpp:19) [39]  (4.667 ns)

 <State 15>: 4.667ns
The critical path consists of the following:
	bus request operation ('empty_34', cluster.cpp:183->cluster.cpp:19) on port 'gmem' (cluster.cpp:183->cluster.cpp:19) [39]  (4.667 ns)

 <State 16>: 4.667ns
The critical path consists of the following:
	bus request operation ('empty_34', cluster.cpp:183->cluster.cpp:19) on port 'gmem' (cluster.cpp:183->cluster.cpp:19) [39]  (4.667 ns)

 <State 17>: 4.667ns
The critical path consists of the following:
	bus request operation ('empty_34', cluster.cpp:183->cluster.cpp:19) on port 'gmem' (cluster.cpp:183->cluster.cpp:19) [39]  (4.667 ns)

 <State 18>: 4.667ns
The critical path consists of the following:
	bus request operation ('empty_34', cluster.cpp:183->cluster.cpp:19) on port 'gmem' (cluster.cpp:183->cluster.cpp:19) [39]  (4.667 ns)

 <State 19>: 4.667ns
The critical path consists of the following:
	bus request operation ('empty_34', cluster.cpp:183->cluster.cpp:19) on port 'gmem' (cluster.cpp:183->cluster.cpp:19) [39]  (4.667 ns)

 <State 20>: 4.667ns
The critical path consists of the following:
	bus request operation ('empty_34', cluster.cpp:183->cluster.cpp:19) on port 'gmem' (cluster.cpp:183->cluster.cpp:19) [39]  (4.667 ns)

 <State 21>: 4.667ns
The critical path consists of the following:
	bus request operation ('empty_34', cluster.cpp:183->cluster.cpp:19) on port 'gmem' (cluster.cpp:183->cluster.cpp:19) [39]  (4.667 ns)

 <State 22>: 4.667ns
The critical path consists of the following:
	bus request operation ('empty_34', cluster.cpp:183->cluster.cpp:19) on port 'gmem' (cluster.cpp:183->cluster.cpp:19) [39]  (4.667 ns)

 <State 23>: 4.667ns
The critical path consists of the following:
	bus request operation ('empty_34', cluster.cpp:183->cluster.cpp:19) on port 'gmem' (cluster.cpp:183->cluster.cpp:19) [39]  (4.667 ns)

 <State 24>: 4.667ns
The critical path consists of the following:
	bus request operation ('empty_34', cluster.cpp:183->cluster.cpp:19) on port 'gmem' (cluster.cpp:183->cluster.cpp:19) [39]  (4.667 ns)

 <State 25>: 4.667ns
The critical path consists of the following:
	bus request operation ('empty_34', cluster.cpp:183->cluster.cpp:19) on port 'gmem' (cluster.cpp:183->cluster.cpp:19) [39]  (4.667 ns)

 <State 26>: 4.667ns
The critical path consists of the following:
	bus request operation ('empty_34', cluster.cpp:183->cluster.cpp:19) on port 'gmem' (cluster.cpp:183->cluster.cpp:19) [39]  (4.667 ns)

 <State 27>: 4.667ns
The critical path consists of the following:
	bus request operation ('empty_34', cluster.cpp:183->cluster.cpp:19) on port 'gmem' (cluster.cpp:183->cluster.cpp:19) [39]  (4.667 ns)

 <State 28>: 4.667ns
The critical path consists of the following:
	bus request operation ('empty_34', cluster.cpp:183->cluster.cpp:19) on port 'gmem' (cluster.cpp:183->cluster.cpp:19) [39]  (4.667 ns)

 <State 29>: 4.667ns
The critical path consists of the following:
	bus request operation ('empty_34', cluster.cpp:183->cluster.cpp:19) on port 'gmem' (cluster.cpp:183->cluster.cpp:19) [39]  (4.667 ns)

 <State 30>: 4.667ns
The critical path consists of the following:
	bus request operation ('empty_34', cluster.cpp:183->cluster.cpp:19) on port 'gmem' (cluster.cpp:183->cluster.cpp:19) [39]  (4.667 ns)

 <State 31>: 4.667ns
The critical path consists of the following:
	bus request operation ('empty_34', cluster.cpp:183->cluster.cpp:19) on port 'gmem' (cluster.cpp:183->cluster.cpp:19) [39]  (4.667 ns)

 <State 32>: 4.667ns
The critical path consists of the following:
	bus request operation ('empty_34', cluster.cpp:183->cluster.cpp:19) on port 'gmem' (cluster.cpp:183->cluster.cpp:19) [39]  (4.667 ns)

 <State 33>: 4.667ns
The critical path consists of the following:
	bus request operation ('empty_34', cluster.cpp:183->cluster.cpp:19) on port 'gmem' (cluster.cpp:183->cluster.cpp:19) [39]  (4.667 ns)

 <State 34>: 4.667ns
The critical path consists of the following:
	bus request operation ('empty_34', cluster.cpp:183->cluster.cpp:19) on port 'gmem' (cluster.cpp:183->cluster.cpp:19) [39]  (4.667 ns)

 <State 35>: 4.667ns
The critical path consists of the following:
	bus request operation ('empty_34', cluster.cpp:183->cluster.cpp:19) on port 'gmem' (cluster.cpp:183->cluster.cpp:19) [39]  (4.667 ns)

 <State 36>: 4.667ns
The critical path consists of the following:
	bus request operation ('empty_34', cluster.cpp:183->cluster.cpp:19) on port 'gmem' (cluster.cpp:183->cluster.cpp:19) [39]  (4.667 ns)

 <State 37>: 4.667ns
The critical path consists of the following:
	bus request operation ('empty_34', cluster.cpp:183->cluster.cpp:19) on port 'gmem' (cluster.cpp:183->cluster.cpp:19) [39]  (4.667 ns)

 <State 38>: 4.667ns
The critical path consists of the following:
	bus request operation ('empty_34', cluster.cpp:183->cluster.cpp:19) on port 'gmem' (cluster.cpp:183->cluster.cpp:19) [39]  (4.667 ns)

 <State 39>: 4.667ns
The critical path consists of the following:
	bus request operation ('empty_34', cluster.cpp:183->cluster.cpp:19) on port 'gmem' (cluster.cpp:183->cluster.cpp:19) [39]  (4.667 ns)

 <State 40>: 4.667ns
The critical path consists of the following:
	bus request operation ('empty_34', cluster.cpp:183->cluster.cpp:19) on port 'gmem' (cluster.cpp:183->cluster.cpp:19) [39]  (4.667 ns)

 <State 41>: 4.667ns
The critical path consists of the following:
	bus request operation ('empty_34', cluster.cpp:183->cluster.cpp:19) on port 'gmem' (cluster.cpp:183->cluster.cpp:19) [39]  (4.667 ns)

 <State 42>: 4.667ns
The critical path consists of the following:
	bus request operation ('empty_34', cluster.cpp:183->cluster.cpp:19) on port 'gmem' (cluster.cpp:183->cluster.cpp:19) [39]  (4.667 ns)

 <State 43>: 4.667ns
The critical path consists of the following:
	bus request operation ('empty_34', cluster.cpp:183->cluster.cpp:19) on port 'gmem' (cluster.cpp:183->cluster.cpp:19) [39]  (4.667 ns)

 <State 44>: 4.667ns
The critical path consists of the following:
	bus request operation ('empty_34', cluster.cpp:183->cluster.cpp:19) on port 'gmem' (cluster.cpp:183->cluster.cpp:19) [39]  (4.667 ns)

 <State 45>: 4.667ns
The critical path consists of the following:
	bus request operation ('empty_34', cluster.cpp:183->cluster.cpp:19) on port 'gmem' (cluster.cpp:183->cluster.cpp:19) [39]  (4.667 ns)

 <State 46>: 4.667ns
The critical path consists of the following:
	bus request operation ('empty_34', cluster.cpp:183->cluster.cpp:19) on port 'gmem' (cluster.cpp:183->cluster.cpp:19) [39]  (4.667 ns)

 <State 47>: 4.667ns
The critical path consists of the following:
	bus request operation ('empty_34', cluster.cpp:183->cluster.cpp:19) on port 'gmem' (cluster.cpp:183->cluster.cpp:19) [39]  (4.667 ns)

 <State 48>: 4.667ns
The critical path consists of the following:
	bus request operation ('empty_34', cluster.cpp:183->cluster.cpp:19) on port 'gmem' (cluster.cpp:183->cluster.cpp:19) [39]  (4.667 ns)

 <State 49>: 4.667ns
The critical path consists of the following:
	bus request operation ('empty_34', cluster.cpp:183->cluster.cpp:19) on port 'gmem' (cluster.cpp:183->cluster.cpp:19) [39]  (4.667 ns)

 <State 50>: 4.667ns
The critical path consists of the following:
	bus request operation ('empty_34', cluster.cpp:183->cluster.cpp:19) on port 'gmem' (cluster.cpp:183->cluster.cpp:19) [39]  (4.667 ns)

 <State 51>: 4.667ns
The critical path consists of the following:
	bus request operation ('empty_34', cluster.cpp:183->cluster.cpp:19) on port 'gmem' (cluster.cpp:183->cluster.cpp:19) [39]  (4.667 ns)

 <State 52>: 4.667ns
The critical path consists of the following:
	bus request operation ('empty_34', cluster.cpp:183->cluster.cpp:19) on port 'gmem' (cluster.cpp:183->cluster.cpp:19) [39]  (4.667 ns)

 <State 53>: 4.667ns
The critical path consists of the following:
	bus request operation ('empty_34', cluster.cpp:183->cluster.cpp:19) on port 'gmem' (cluster.cpp:183->cluster.cpp:19) [39]  (4.667 ns)

 <State 54>: 4.667ns
The critical path consists of the following:
	bus request operation ('empty_34', cluster.cpp:183->cluster.cpp:19) on port 'gmem' (cluster.cpp:183->cluster.cpp:19) [39]  (4.667 ns)

 <State 55>: 4.667ns
The critical path consists of the following:
	bus request operation ('empty_34', cluster.cpp:183->cluster.cpp:19) on port 'gmem' (cluster.cpp:183->cluster.cpp:19) [39]  (4.667 ns)

 <State 56>: 4.667ns
The critical path consists of the following:
	bus request operation ('empty_34', cluster.cpp:183->cluster.cpp:19) on port 'gmem' (cluster.cpp:183->cluster.cpp:19) [39]  (4.667 ns)

 <State 57>: 4.667ns
The critical path consists of the following:
	bus request operation ('empty_34', cluster.cpp:183->cluster.cpp:19) on port 'gmem' (cluster.cpp:183->cluster.cpp:19) [39]  (4.667 ns)

 <State 58>: 4.667ns
The critical path consists of the following:
	bus request operation ('empty_34', cluster.cpp:183->cluster.cpp:19) on port 'gmem' (cluster.cpp:183->cluster.cpp:19) [39]  (4.667 ns)

 <State 59>: 4.667ns
The critical path consists of the following:
	bus request operation ('empty_34', cluster.cpp:183->cluster.cpp:19) on port 'gmem' (cluster.cpp:183->cluster.cpp:19) [39]  (4.667 ns)

 <State 60>: 4.667ns
The critical path consists of the following:
	bus request operation ('empty_34', cluster.cpp:183->cluster.cpp:19) on port 'gmem' (cluster.cpp:183->cluster.cpp:19) [39]  (4.667 ns)

 <State 61>: 4.667ns
The critical path consists of the following:
	bus request operation ('empty_34', cluster.cpp:183->cluster.cpp:19) on port 'gmem' (cluster.cpp:183->cluster.cpp:19) [39]  (4.667 ns)

 <State 62>: 4.667ns
The critical path consists of the following:
	bus request operation ('empty_34', cluster.cpp:183->cluster.cpp:19) on port 'gmem' (cluster.cpp:183->cluster.cpp:19) [39]  (4.667 ns)

 <State 63>: 4.667ns
The critical path consists of the following:
	bus request operation ('empty_34', cluster.cpp:183->cluster.cpp:19) on port 'gmem' (cluster.cpp:183->cluster.cpp:19) [39]  (4.667 ns)

 <State 64>: 4.667ns
The critical path consists of the following:
	bus request operation ('empty_34', cluster.cpp:183->cluster.cpp:19) on port 'gmem' (cluster.cpp:183->cluster.cpp:19) [39]  (4.667 ns)

 <State 65>: 4.667ns
The critical path consists of the following:
	bus request operation ('empty_34', cluster.cpp:183->cluster.cpp:19) on port 'gmem' (cluster.cpp:183->cluster.cpp:19) [39]  (4.667 ns)

 <State 66>: 4.667ns
The critical path consists of the following:
	bus request operation ('empty_34', cluster.cpp:183->cluster.cpp:19) on port 'gmem' (cluster.cpp:183->cluster.cpp:19) [39]  (4.667 ns)

 <State 67>: 4.667ns
The critical path consists of the following:
	bus request operation ('empty_34', cluster.cpp:183->cluster.cpp:19) on port 'gmem' (cluster.cpp:183->cluster.cpp:19) [39]  (4.667 ns)

 <State 68>: 4.667ns
The critical path consists of the following:
	bus request operation ('empty_34', cluster.cpp:183->cluster.cpp:19) on port 'gmem' (cluster.cpp:183->cluster.cpp:19) [39]  (4.667 ns)

 <State 69>: 4.667ns
The critical path consists of the following:
	bus request operation ('empty_34', cluster.cpp:183->cluster.cpp:19) on port 'gmem' (cluster.cpp:183->cluster.cpp:19) [39]  (4.667 ns)

 <State 70>: 4.667ns
The critical path consists of the following:
	bus request operation ('empty_34', cluster.cpp:183->cluster.cpp:19) on port 'gmem' (cluster.cpp:183->cluster.cpp:19) [39]  (4.667 ns)

 <State 71>: 4.667ns
The critical path consists of the following:
	bus request operation ('empty_34', cluster.cpp:183->cluster.cpp:19) on port 'gmem' (cluster.cpp:183->cluster.cpp:19) [39]  (4.667 ns)

 <State 72>: 4.667ns
The critical path consists of the following:
	bus request operation ('empty_34', cluster.cpp:183->cluster.cpp:19) on port 'gmem' (cluster.cpp:183->cluster.cpp:19) [39]  (4.667 ns)

 <State 73>: 4.667ns
The critical path consists of the following:
	bus request operation ('empty_34', cluster.cpp:183->cluster.cpp:19) on port 'gmem' (cluster.cpp:183->cluster.cpp:19) [39]  (4.667 ns)

 <State 74>: 4.667ns
The critical path consists of the following:
	bus read operation ('gmem_addr_read', cluster.cpp:185->cluster.cpp:19) on port 'gmem' (cluster.cpp:185->cluster.cpp:19) [40]  (4.667 ns)

 <State 75>: 4.667ns
The critical path consists of the following:
	bus read operation ('gmem_addr_read_1', cluster.cpp:185->cluster.cpp:19) on port 'gmem' (cluster.cpp:185->cluster.cpp:19) [41]  (4.667 ns)

 <State 76>: 4.667ns
The critical path consists of the following:
	bus read operation ('gmem_addr_read_2', cluster.cpp:185->cluster.cpp:19) on port 'gmem' (cluster.cpp:185->cluster.cpp:19) [42]  (4.667 ns)

 <State 77>: 4.667ns
The critical path consists of the following:
	bus read operation ('gmem_addr_1_read', cluster.cpp:185->cluster.cpp:19) on port 'gmem' (cluster.cpp:185->cluster.cpp:19) [50]  (4.667 ns)

 <State 78>: 4.667ns
The critical path consists of the following:
	bus read operation ('gmem_addr_1_read_1', cluster.cpp:185->cluster.cpp:19) on port 'gmem' (cluster.cpp:185->cluster.cpp:19) [51]  (4.667 ns)

 <State 79>: 4.667ns
The critical path consists of the following:
	bus read operation ('gmem_addr_1_read_2', cluster.cpp:185->cluster.cpp:19) on port 'gmem' (cluster.cpp:185->cluster.cpp:19) [52]  (4.667 ns)

 <State 80>: 4.667ns
The critical path consists of the following:
	bus read operation ('gmem_addr_2_read', cluster.cpp:185->cluster.cpp:19) on port 'gmem' (cluster.cpp:185->cluster.cpp:19) [60]  (4.667 ns)

 <State 81>: 4.667ns
The critical path consists of the following:
	bus read operation ('gmem_addr_2_read_1', cluster.cpp:185->cluster.cpp:19) on port 'gmem' (cluster.cpp:185->cluster.cpp:19) [61]  (4.667 ns)

 <State 82>: 4.667ns
The critical path consists of the following:
	bus read operation ('gmem_addr_2_read_2', cluster.cpp:185->cluster.cpp:19) on port 'gmem' (cluster.cpp:185->cluster.cpp:19) [62]  (4.667 ns)

 <State 83>: 2.915ns
The critical path consists of the following:
	'add' operation 32 bit ('add_ln184_2', cluster.cpp:184->cluster.cpp:19) [74]  (0.000 ns)
	'add' operation 32 bit ('add_ln184_3', cluster.cpp:184->cluster.cpp:19) [75]  (0.731 ns)
	'add' operation 32 bit ('sum', cluster.cpp:184->cluster.cpp:19) [76]  (0.731 ns)
	'sdiv' operation 32 bit ('sdiv_ln189', cluster.cpp:189->cluster.cpp:19) [77]  (1.453 ns)

 <State 84>: 1.453ns
The critical path consists of the following:
	'sdiv' operation 32 bit ('sdiv_ln189', cluster.cpp:189->cluster.cpp:19) [77]  (1.453 ns)

 <State 85>: 1.453ns
The critical path consists of the following:
	'sdiv' operation 32 bit ('sdiv_ln189', cluster.cpp:189->cluster.cpp:19) [77]  (1.453 ns)

 <State 86>: 1.453ns
The critical path consists of the following:
	'sdiv' operation 32 bit ('sdiv_ln189', cluster.cpp:189->cluster.cpp:19) [77]  (1.453 ns)

 <State 87>: 1.453ns
The critical path consists of the following:
	'sdiv' operation 32 bit ('sdiv_ln189', cluster.cpp:189->cluster.cpp:19) [77]  (1.453 ns)

 <State 88>: 1.453ns
The critical path consists of the following:
	'sdiv' operation 32 bit ('sdiv_ln189', cluster.cpp:189->cluster.cpp:19) [77]  (1.453 ns)

 <State 89>: 1.453ns
The critical path consists of the following:
	'sdiv' operation 32 bit ('sdiv_ln189', cluster.cpp:189->cluster.cpp:19) [77]  (1.453 ns)

 <State 90>: 1.453ns
The critical path consists of the following:
	'sdiv' operation 32 bit ('sdiv_ln189', cluster.cpp:189->cluster.cpp:19) [77]  (1.453 ns)

 <State 91>: 1.453ns
The critical path consists of the following:
	'sdiv' operation 32 bit ('sdiv_ln189', cluster.cpp:189->cluster.cpp:19) [77]  (1.453 ns)

 <State 92>: 1.453ns
The critical path consists of the following:
	'sdiv' operation 32 bit ('sdiv_ln189', cluster.cpp:189->cluster.cpp:19) [77]  (1.453 ns)

 <State 93>: 1.453ns
The critical path consists of the following:
	'sdiv' operation 32 bit ('sdiv_ln189', cluster.cpp:189->cluster.cpp:19) [77]  (1.453 ns)

 <State 94>: 1.453ns
The critical path consists of the following:
	'sdiv' operation 32 bit ('sdiv_ln189', cluster.cpp:189->cluster.cpp:19) [77]  (1.453 ns)

 <State 95>: 1.453ns
The critical path consists of the following:
	'sdiv' operation 32 bit ('sdiv_ln189', cluster.cpp:189->cluster.cpp:19) [77]  (1.453 ns)

 <State 96>: 1.453ns
The critical path consists of the following:
	'sdiv' operation 32 bit ('sdiv_ln189', cluster.cpp:189->cluster.cpp:19) [77]  (1.453 ns)

 <State 97>: 1.453ns
The critical path consists of the following:
	'sdiv' operation 32 bit ('sdiv_ln189', cluster.cpp:189->cluster.cpp:19) [77]  (1.453 ns)

 <State 98>: 1.453ns
The critical path consists of the following:
	'sdiv' operation 32 bit ('sdiv_ln189', cluster.cpp:189->cluster.cpp:19) [77]  (1.453 ns)

 <State 99>: 1.453ns
The critical path consists of the following:
	'sdiv' operation 32 bit ('sdiv_ln189', cluster.cpp:189->cluster.cpp:19) [77]  (1.453 ns)

 <State 100>: 1.453ns
The critical path consists of the following:
	'sdiv' operation 32 bit ('sdiv_ln189', cluster.cpp:189->cluster.cpp:19) [77]  (1.453 ns)

 <State 101>: 1.453ns
The critical path consists of the following:
	'sdiv' operation 32 bit ('sdiv_ln189', cluster.cpp:189->cluster.cpp:19) [77]  (1.453 ns)

 <State 102>: 1.453ns
The critical path consists of the following:
	'sdiv' operation 32 bit ('sdiv_ln189', cluster.cpp:189->cluster.cpp:19) [77]  (1.453 ns)

 <State 103>: 1.453ns
The critical path consists of the following:
	'sdiv' operation 32 bit ('sdiv_ln189', cluster.cpp:189->cluster.cpp:19) [77]  (1.453 ns)

 <State 104>: 1.453ns
The critical path consists of the following:
	'sdiv' operation 32 bit ('sdiv_ln189', cluster.cpp:189->cluster.cpp:19) [77]  (1.453 ns)

 <State 105>: 1.453ns
The critical path consists of the following:
	'sdiv' operation 32 bit ('sdiv_ln189', cluster.cpp:189->cluster.cpp:19) [77]  (1.453 ns)

 <State 106>: 1.453ns
The critical path consists of the following:
	'sdiv' operation 32 bit ('sdiv_ln189', cluster.cpp:189->cluster.cpp:19) [77]  (1.453 ns)

 <State 107>: 1.453ns
The critical path consists of the following:
	'sdiv' operation 32 bit ('sdiv_ln189', cluster.cpp:189->cluster.cpp:19) [77]  (1.453 ns)

 <State 108>: 1.453ns
The critical path consists of the following:
	'sdiv' operation 32 bit ('sdiv_ln189', cluster.cpp:189->cluster.cpp:19) [77]  (1.453 ns)

 <State 109>: 1.453ns
The critical path consists of the following:
	'sdiv' operation 32 bit ('sdiv_ln189', cluster.cpp:189->cluster.cpp:19) [77]  (1.453 ns)

 <State 110>: 1.453ns
The critical path consists of the following:
	'sdiv' operation 32 bit ('sdiv_ln189', cluster.cpp:189->cluster.cpp:19) [77]  (1.453 ns)

 <State 111>: 1.453ns
The critical path consists of the following:
	'sdiv' operation 32 bit ('sdiv_ln189', cluster.cpp:189->cluster.cpp:19) [77]  (1.453 ns)

 <State 112>: 1.453ns
The critical path consists of the following:
	'sdiv' operation 32 bit ('sdiv_ln189', cluster.cpp:189->cluster.cpp:19) [77]  (1.453 ns)

 <State 113>: 1.453ns
The critical path consists of the following:
	'sdiv' operation 32 bit ('sdiv_ln189', cluster.cpp:189->cluster.cpp:19) [77]  (1.453 ns)

 <State 114>: 1.453ns
The critical path consists of the following:
	'sdiv' operation 32 bit ('sdiv_ln189', cluster.cpp:189->cluster.cpp:19) [77]  (1.453 ns)

 <State 115>: 1.453ns
The critical path consists of the following:
	'sdiv' operation 32 bit ('sdiv_ln189', cluster.cpp:189->cluster.cpp:19) [77]  (1.453 ns)

 <State 116>: 1.453ns
The critical path consists of the following:
	'sdiv' operation 32 bit ('sdiv_ln189', cluster.cpp:189->cluster.cpp:19) [77]  (1.453 ns)

 <State 117>: 1.958ns
The critical path consists of the following:
	'add' operation 18 bit ('add_ln188_1', cluster.cpp:188->cluster.cpp:19) [81]  (0.873 ns)
	'add' operation 64 bit ('add_ln188_2', cluster.cpp:188->cluster.cpp:19) [84]  (1.085 ns)

 <State 118>: 4.667ns
The critical path consists of the following:
	bus request operation ('gmem_addr_3_req', cluster.cpp:188->cluster.cpp:19) on port 'gmem' (cluster.cpp:188->cluster.cpp:19) [88]  (4.667 ns)

 <State 119>: 4.667ns
The critical path consists of the following:
	bus write operation ('write_ln188', cluster.cpp:188->cluster.cpp:19) on port 'gmem' (cluster.cpp:188->cluster.cpp:19) [89]  (4.667 ns)

 <State 120>: 4.667ns
The critical path consists of the following:
	bus response operation ('gmem_addr_3_resp', cluster.cpp:188->cluster.cpp:19) on port 'gmem' (cluster.cpp:188->cluster.cpp:19) [90]  (4.667 ns)

 <State 121>: 4.667ns
The critical path consists of the following:
	bus response operation ('gmem_addr_3_resp', cluster.cpp:188->cluster.cpp:19) on port 'gmem' (cluster.cpp:188->cluster.cpp:19) [90]  (4.667 ns)

 <State 122>: 4.667ns
The critical path consists of the following:
	bus response operation ('gmem_addr_3_resp', cluster.cpp:188->cluster.cpp:19) on port 'gmem' (cluster.cpp:188->cluster.cpp:19) [90]  (4.667 ns)

 <State 123>: 4.667ns
The critical path consists of the following:
	bus response operation ('gmem_addr_3_resp', cluster.cpp:188->cluster.cpp:19) on port 'gmem' (cluster.cpp:188->cluster.cpp:19) [90]  (4.667 ns)

 <State 124>: 4.667ns
The critical path consists of the following:
	bus response operation ('gmem_addr_3_resp', cluster.cpp:188->cluster.cpp:19) on port 'gmem' (cluster.cpp:188->cluster.cpp:19) [90]  (4.667 ns)

 <State 125>: 4.667ns
The critical path consists of the following:
	bus response operation ('gmem_addr_3_resp', cluster.cpp:188->cluster.cpp:19) on port 'gmem' (cluster.cpp:188->cluster.cpp:19) [90]  (4.667 ns)

 <State 126>: 4.667ns
The critical path consists of the following:
	bus response operation ('gmem_addr_3_resp', cluster.cpp:188->cluster.cpp:19) on port 'gmem' (cluster.cpp:188->cluster.cpp:19) [90]  (4.667 ns)

 <State 127>: 4.667ns
The critical path consists of the following:
	bus response operation ('gmem_addr_3_resp', cluster.cpp:188->cluster.cpp:19) on port 'gmem' (cluster.cpp:188->cluster.cpp:19) [90]  (4.667 ns)

 <State 128>: 4.667ns
The critical path consists of the following:
	bus response operation ('gmem_addr_3_resp', cluster.cpp:188->cluster.cpp:19) on port 'gmem' (cluster.cpp:188->cluster.cpp:19) [90]  (4.667 ns)

 <State 129>: 4.667ns
The critical path consists of the following:
	bus response operation ('gmem_addr_3_resp', cluster.cpp:188->cluster.cpp:19) on port 'gmem' (cluster.cpp:188->cluster.cpp:19) [90]  (4.667 ns)

 <State 130>: 4.667ns
The critical path consists of the following:
	bus response operation ('gmem_addr_3_resp', cluster.cpp:188->cluster.cpp:19) on port 'gmem' (cluster.cpp:188->cluster.cpp:19) [90]  (4.667 ns)

 <State 131>: 4.667ns
The critical path consists of the following:
	bus response operation ('gmem_addr_3_resp', cluster.cpp:188->cluster.cpp:19) on port 'gmem' (cluster.cpp:188->cluster.cpp:19) [90]  (4.667 ns)

 <State 132>: 4.667ns
The critical path consists of the following:
	bus response operation ('gmem_addr_3_resp', cluster.cpp:188->cluster.cpp:19) on port 'gmem' (cluster.cpp:188->cluster.cpp:19) [90]  (4.667 ns)

 <State 133>: 4.667ns
The critical path consists of the following:
	bus response operation ('gmem_addr_3_resp', cluster.cpp:188->cluster.cpp:19) on port 'gmem' (cluster.cpp:188->cluster.cpp:19) [90]  (4.667 ns)

 <State 134>: 4.667ns
The critical path consists of the following:
	bus response operation ('gmem_addr_3_resp', cluster.cpp:188->cluster.cpp:19) on port 'gmem' (cluster.cpp:188->cluster.cpp:19) [90]  (4.667 ns)

 <State 135>: 4.667ns
The critical path consists of the following:
	bus response operation ('gmem_addr_3_resp', cluster.cpp:188->cluster.cpp:19) on port 'gmem' (cluster.cpp:188->cluster.cpp:19) [90]  (4.667 ns)

 <State 136>: 4.667ns
The critical path consists of the following:
	bus response operation ('gmem_addr_3_resp', cluster.cpp:188->cluster.cpp:19) on port 'gmem' (cluster.cpp:188->cluster.cpp:19) [90]  (4.667 ns)

 <State 137>: 4.667ns
The critical path consists of the following:
	bus response operation ('gmem_addr_3_resp', cluster.cpp:188->cluster.cpp:19) on port 'gmem' (cluster.cpp:188->cluster.cpp:19) [90]  (4.667 ns)

 <State 138>: 4.667ns
The critical path consists of the following:
	bus response operation ('gmem_addr_3_resp', cluster.cpp:188->cluster.cpp:19) on port 'gmem' (cluster.cpp:188->cluster.cpp:19) [90]  (4.667 ns)

 <State 139>: 4.667ns
The critical path consists of the following:
	bus response operation ('gmem_addr_3_resp', cluster.cpp:188->cluster.cpp:19) on port 'gmem' (cluster.cpp:188->cluster.cpp:19) [90]  (4.667 ns)

 <State 140>: 4.667ns
The critical path consists of the following:
	bus response operation ('gmem_addr_3_resp', cluster.cpp:188->cluster.cpp:19) on port 'gmem' (cluster.cpp:188->cluster.cpp:19) [90]  (4.667 ns)

 <State 141>: 4.667ns
The critical path consists of the following:
	bus response operation ('gmem_addr_3_resp', cluster.cpp:188->cluster.cpp:19) on port 'gmem' (cluster.cpp:188->cluster.cpp:19) [90]  (4.667 ns)

 <State 142>: 4.667ns
The critical path consists of the following:
	bus response operation ('gmem_addr_3_resp', cluster.cpp:188->cluster.cpp:19) on port 'gmem' (cluster.cpp:188->cluster.cpp:19) [90]  (4.667 ns)

 <State 143>: 4.667ns
The critical path consists of the following:
	bus response operation ('gmem_addr_3_resp', cluster.cpp:188->cluster.cpp:19) on port 'gmem' (cluster.cpp:188->cluster.cpp:19) [90]  (4.667 ns)

 <State 144>: 4.667ns
The critical path consists of the following:
	bus response operation ('gmem_addr_3_resp', cluster.cpp:188->cluster.cpp:19) on port 'gmem' (cluster.cpp:188->cluster.cpp:19) [90]  (4.667 ns)

 <State 145>: 4.667ns
The critical path consists of the following:
	bus response operation ('gmem_addr_3_resp', cluster.cpp:188->cluster.cpp:19) on port 'gmem' (cluster.cpp:188->cluster.cpp:19) [90]  (4.667 ns)

 <State 146>: 4.667ns
The critical path consists of the following:
	bus response operation ('gmem_addr_3_resp', cluster.cpp:188->cluster.cpp:19) on port 'gmem' (cluster.cpp:188->cluster.cpp:19) [90]  (4.667 ns)

 <State 147>: 4.667ns
The critical path consists of the following:
	bus response operation ('gmem_addr_3_resp', cluster.cpp:188->cluster.cpp:19) on port 'gmem' (cluster.cpp:188->cluster.cpp:19) [90]  (4.667 ns)

 <State 148>: 4.667ns
The critical path consists of the following:
	bus response operation ('gmem_addr_3_resp', cluster.cpp:188->cluster.cpp:19) on port 'gmem' (cluster.cpp:188->cluster.cpp:19) [90]  (4.667 ns)

 <State 149>: 4.667ns
The critical path consists of the following:
	bus response operation ('gmem_addr_3_resp', cluster.cpp:188->cluster.cpp:19) on port 'gmem' (cluster.cpp:188->cluster.cpp:19) [90]  (4.667 ns)

 <State 150>: 4.667ns
The critical path consists of the following:
	bus response operation ('gmem_addr_3_resp', cluster.cpp:188->cluster.cpp:19) on port 'gmem' (cluster.cpp:188->cluster.cpp:19) [90]  (4.667 ns)

 <State 151>: 4.667ns
The critical path consists of the following:
	bus response operation ('gmem_addr_3_resp', cluster.cpp:188->cluster.cpp:19) on port 'gmem' (cluster.cpp:188->cluster.cpp:19) [90]  (4.667 ns)

 <State 152>: 4.667ns
The critical path consists of the following:
	bus response operation ('gmem_addr_3_resp', cluster.cpp:188->cluster.cpp:19) on port 'gmem' (cluster.cpp:188->cluster.cpp:19) [90]  (4.667 ns)

 <State 153>: 4.667ns
The critical path consists of the following:
	bus response operation ('gmem_addr_3_resp', cluster.cpp:188->cluster.cpp:19) on port 'gmem' (cluster.cpp:188->cluster.cpp:19) [90]  (4.667 ns)

 <State 154>: 4.667ns
The critical path consists of the following:
	bus response operation ('gmem_addr_3_resp', cluster.cpp:188->cluster.cpp:19) on port 'gmem' (cluster.cpp:188->cluster.cpp:19) [90]  (4.667 ns)

 <State 155>: 4.667ns
The critical path consists of the following:
	bus response operation ('gmem_addr_3_resp', cluster.cpp:188->cluster.cpp:19) on port 'gmem' (cluster.cpp:188->cluster.cpp:19) [90]  (4.667 ns)

 <State 156>: 4.667ns
The critical path consists of the following:
	bus response operation ('gmem_addr_3_resp', cluster.cpp:188->cluster.cpp:19) on port 'gmem' (cluster.cpp:188->cluster.cpp:19) [90]  (4.667 ns)

 <State 157>: 4.667ns
The critical path consists of the following:
	bus response operation ('gmem_addr_3_resp', cluster.cpp:188->cluster.cpp:19) on port 'gmem' (cluster.cpp:188->cluster.cpp:19) [90]  (4.667 ns)

 <State 158>: 4.667ns
The critical path consists of the following:
	bus response operation ('gmem_addr_3_resp', cluster.cpp:188->cluster.cpp:19) on port 'gmem' (cluster.cpp:188->cluster.cpp:19) [90]  (4.667 ns)

 <State 159>: 4.667ns
The critical path consists of the following:
	bus response operation ('gmem_addr_3_resp', cluster.cpp:188->cluster.cpp:19) on port 'gmem' (cluster.cpp:188->cluster.cpp:19) [90]  (4.667 ns)

 <State 160>: 4.667ns
The critical path consists of the following:
	bus response operation ('gmem_addr_3_resp', cluster.cpp:188->cluster.cpp:19) on port 'gmem' (cluster.cpp:188->cluster.cpp:19) [90]  (4.667 ns)

 <State 161>: 4.667ns
The critical path consists of the following:
	bus response operation ('gmem_addr_3_resp', cluster.cpp:188->cluster.cpp:19) on port 'gmem' (cluster.cpp:188->cluster.cpp:19) [90]  (4.667 ns)

 <State 162>: 4.667ns
The critical path consists of the following:
	bus response operation ('gmem_addr_3_resp', cluster.cpp:188->cluster.cpp:19) on port 'gmem' (cluster.cpp:188->cluster.cpp:19) [90]  (4.667 ns)

 <State 163>: 4.667ns
The critical path consists of the following:
	bus response operation ('gmem_addr_3_resp', cluster.cpp:188->cluster.cpp:19) on port 'gmem' (cluster.cpp:188->cluster.cpp:19) [90]  (4.667 ns)

 <State 164>: 4.667ns
The critical path consists of the following:
	bus response operation ('gmem_addr_3_resp', cluster.cpp:188->cluster.cpp:19) on port 'gmem' (cluster.cpp:188->cluster.cpp:19) [90]  (4.667 ns)

 <State 165>: 4.667ns
The critical path consists of the following:
	bus response operation ('gmem_addr_3_resp', cluster.cpp:188->cluster.cpp:19) on port 'gmem' (cluster.cpp:188->cluster.cpp:19) [90]  (4.667 ns)

 <State 166>: 4.667ns
The critical path consists of the following:
	bus response operation ('gmem_addr_3_resp', cluster.cpp:188->cluster.cpp:19) on port 'gmem' (cluster.cpp:188->cluster.cpp:19) [90]  (4.667 ns)

 <State 167>: 4.667ns
The critical path consists of the following:
	bus response operation ('gmem_addr_3_resp', cluster.cpp:188->cluster.cpp:19) on port 'gmem' (cluster.cpp:188->cluster.cpp:19) [90]  (4.667 ns)

 <State 168>: 4.667ns
The critical path consists of the following:
	bus response operation ('gmem_addr_3_resp', cluster.cpp:188->cluster.cpp:19) on port 'gmem' (cluster.cpp:188->cluster.cpp:19) [90]  (4.667 ns)

 <State 169>: 4.667ns
The critical path consists of the following:
	bus response operation ('gmem_addr_3_resp', cluster.cpp:188->cluster.cpp:19) on port 'gmem' (cluster.cpp:188->cluster.cpp:19) [90]  (4.667 ns)

 <State 170>: 4.667ns
The critical path consists of the following:
	bus response operation ('gmem_addr_3_resp', cluster.cpp:188->cluster.cpp:19) on port 'gmem' (cluster.cpp:188->cluster.cpp:19) [90]  (4.667 ns)

 <State 171>: 4.667ns
The critical path consists of the following:
	bus response operation ('gmem_addr_3_resp', cluster.cpp:188->cluster.cpp:19) on port 'gmem' (cluster.cpp:188->cluster.cpp:19) [90]  (4.667 ns)

 <State 172>: 4.667ns
The critical path consists of the following:
	bus response operation ('gmem_addr_3_resp', cluster.cpp:188->cluster.cpp:19) on port 'gmem' (cluster.cpp:188->cluster.cpp:19) [90]  (4.667 ns)

 <State 173>: 4.667ns
The critical path consists of the following:
	bus response operation ('gmem_addr_3_resp', cluster.cpp:188->cluster.cpp:19) on port 'gmem' (cluster.cpp:188->cluster.cpp:19) [90]  (4.667 ns)

 <State 174>: 4.667ns
The critical path consists of the following:
	bus response operation ('gmem_addr_3_resp', cluster.cpp:188->cluster.cpp:19) on port 'gmem' (cluster.cpp:188->cluster.cpp:19) [90]  (4.667 ns)

 <State 175>: 4.667ns
The critical path consists of the following:
	bus response operation ('gmem_addr_3_resp', cluster.cpp:188->cluster.cpp:19) on port 'gmem' (cluster.cpp:188->cluster.cpp:19) [90]  (4.667 ns)

 <State 176>: 4.667ns
The critical path consists of the following:
	bus response operation ('gmem_addr_3_resp', cluster.cpp:188->cluster.cpp:19) on port 'gmem' (cluster.cpp:188->cluster.cpp:19) [90]  (4.667 ns)

 <State 177>: 4.667ns
The critical path consists of the following:
	bus response operation ('gmem_addr_3_resp', cluster.cpp:188->cluster.cpp:19) on port 'gmem' (cluster.cpp:188->cluster.cpp:19) [90]  (4.667 ns)

 <State 178>: 4.667ns
The critical path consists of the following:
	bus response operation ('gmem_addr_3_resp', cluster.cpp:188->cluster.cpp:19) on port 'gmem' (cluster.cpp:188->cluster.cpp:19) [90]  (4.667 ns)

 <State 179>: 4.667ns
The critical path consists of the following:
	bus response operation ('gmem_addr_3_resp', cluster.cpp:188->cluster.cpp:19) on port 'gmem' (cluster.cpp:188->cluster.cpp:19) [90]  (4.667 ns)

 <State 180>: 4.667ns
The critical path consists of the following:
	bus response operation ('gmem_addr_3_resp', cluster.cpp:188->cluster.cpp:19) on port 'gmem' (cluster.cpp:188->cluster.cpp:19) [90]  (4.667 ns)

 <State 181>: 4.667ns
The critical path consists of the following:
	bus response operation ('gmem_addr_3_resp', cluster.cpp:188->cluster.cpp:19) on port 'gmem' (cluster.cpp:188->cluster.cpp:19) [90]  (4.667 ns)

 <State 182>: 4.667ns
The critical path consists of the following:
	bus response operation ('gmem_addr_3_resp', cluster.cpp:188->cluster.cpp:19) on port 'gmem' (cluster.cpp:188->cluster.cpp:19) [90]  (4.667 ns)

 <State 183>: 4.667ns
The critical path consists of the following:
	bus response operation ('gmem_addr_3_resp', cluster.cpp:188->cluster.cpp:19) on port 'gmem' (cluster.cpp:188->cluster.cpp:19) [90]  (4.667 ns)

 <State 184>: 4.667ns
The critical path consists of the following:
	bus response operation ('gmem_addr_3_resp', cluster.cpp:188->cluster.cpp:19) on port 'gmem' (cluster.cpp:188->cluster.cpp:19) [90]  (4.667 ns)

 <State 185>: 4.667ns
The critical path consists of the following:
	bus response operation ('gmem_addr_3_resp', cluster.cpp:188->cluster.cpp:19) on port 'gmem' (cluster.cpp:188->cluster.cpp:19) [90]  (4.667 ns)

 <State 186>: 4.667ns
The critical path consists of the following:
	bus response operation ('gmem_addr_3_resp', cluster.cpp:188->cluster.cpp:19) on port 'gmem' (cluster.cpp:188->cluster.cpp:19) [90]  (4.667 ns)

 <State 187>: 4.667ns
The critical path consists of the following:
	bus response operation ('gmem_addr_3_resp', cluster.cpp:188->cluster.cpp:19) on port 'gmem' (cluster.cpp:188->cluster.cpp:19) [90]  (4.667 ns)


============================================================
+ Verbose Summary: Binding
============================================================
N/A
* FSMD analyzer results:
  - Output states:
 - Input state : 
  - Chain level:
	State 1
	State 2
	State 3
	State 4
	State 5
	State 6
	State 7
	State 8
	State 9
	State 10
	State 11
	State 12
	State 13
	State 14
	State 15
	State 16
	State 17
	State 18
	State 19
	State 20
	State 21
	State 22
	State 23
	State 24
	State 25
	State 26
	State 27
	State 28
	State 29
	State 30
	State 31
	State 32
	State 33
	State 34
	State 35
	State 36
	State 37
	State 38
	State 39
	State 40
	State 41
	State 42
	State 43
	State 44
	State 45
	State 46
	State 47
	State 48
	State 49
	State 50
	State 51
	State 52
	State 53
	State 54
	State 55
	State 56
	State 57
	State 58
	State 59
	State 60
	State 61
	State 62
	State 63
	State 64
	State 65
	State 66
	State 67
	State 68
	State 69
	State 70
	State 71
	State 72
	State 73
	State 74
	State 75
	State 76
	State 77
	State 78
	State 79
	State 80
	State 81
	State 82
	State 83
	State 84
	State 85
	State 86
	State 87
	State 88
	State 89
	State 90
	State 91
	State 92
	State 93
	State 94
	State 95
	State 96
	State 97
	State 98
	State 99
	State 100
	State 101
	State 102
	State 103
	State 104
	State 105
	State 106
	State 107
	State 108
	State 109
	State 110
	State 111
	State 112
	State 113
	State 114
	State 115
	State 116
	State 117
	State 118
	State 119
	State 120
	State 121
	State 122
	State 123
	State 124
	State 125
	State 126
	State 127
	State 128
	State 129
	State 130
	State 131
	State 132
	State 133
	State 134
	State 135
	State 136
	State 137
	State 138
	State 139
	State 140
	State 141
	State 142
	State 143
	State 144
	State 145
	State 146
	State 147
	State 148
	State 149
	State 150
	State 151
	State 152
	State 153
	State 154
	State 155
	State 156
	State 157
	State 158
	State 159
	State 160
	State 161
	State 162
	State 163
	State 164
	State 165
	State 166
	State 167
	State 168
	State 169
	State 170
	State 171
	State 172
	State 173
	State 174
	State 175
	State 176
	State 177
	State 178
	State 179
	State 180
	State 181
	State 182
	State 183
	State 184
	State 185
	State 186
	State 187


============================================================
+ Verbose Summary: Datapath Resource usage 
============================================================
N/A
