

================================================================
== Vitis HLS Report for 'convolve2d_rep0_hw_Pipeline_VITIS_LOOP_29_3_VITIS_LOOP_30_4'
================================================================
* Date:           Tue Sep  8 13:52:57 2026

* Version:        2024.2.2 (Build 6049644 on Mar  5 2025)
* Project:        final
* Solution:       hls (Vitis Kernel Flow Target)
* Product family: zynquplus
* Target device:  xczu9eg-ffvb1156-2-e


================================================================
== Performance Estimates
================================================================
+ Timing: 
    * Summary: 
    +--------+---------+----------+------------+
    |  Clock |  Target | Estimated| Uncertainty|
    +--------+---------+----------+------------+
    |ap_clk  |  6.67 ns|  4.667 ns|     2.00 ns|
    +--------+---------+----------+------------+

+ Latency: 
    * Summary: 
    +---------+---------+-----------+-----------+---------+---------+------------------------------------------------+
    |  Latency (cycles) |   Latency (absolute)  |      Interval     |                    Pipeline                    |
    |   min   |   max   |    min    |    max    |   min   |   max   |                      Type                      |
    +---------+---------+-----------+-----------+---------+---------+------------------------------------------------+
    |  4681979|  4681979|  31.215 ms|  31.215 ms|  4681818|  4681818|  loop auto-rewind stp (delay=0 clock cycles(s))|
    +---------+---------+-----------+-----------+---------+---------+------------------------------------------------+

    + Detail: 
        * Instance: 
        N/A

        * Loop: 
        +-----------------------------------+---------+---------+----------+-----------+-----------+--------+----------+
        |                                   |  Latency (cycles) | Iteration|  Initiation Interval  |  Trip  |          |
        |             Loop Name             |   min   |   max   |  Latency |  achieved |   target  |  Count | Pipelined|
        +-----------------------------------+---------+---------+----------+-----------+-----------+--------+----------+
        |- VITIS_LOOP_29_3_VITIS_LOOP_30_4  |  4681977|  4681977|       196|         18|          1|  260100|       yes|
        +-----------------------------------+---------+---------+----------+-----------+-----------+--------+----------+

============================================================
+ Verbose Summary: Synthesis Manager
============================================================
InlineROM: 1
ExposeGlobal: 0
============================================================
+ Verbose Summary: CDFG Model
============================================================
IsTopModel: 0
ResetActiveHigh: 1
IsCombinational: 0
IsDatapathOnly: 0
HasWiredReturn: 1
HasMFsm: 2
HasVarLatency: 1
IsPipeline: 0
IsRtlPipelined: 0
IsInstanceOverlapped: 0
IsDontTouch: 0
HasImplIP: 0
IsGatedGlobalClock: 0

+ Individual pipeline summary: 
  * Pipeline-0: initiation interval (II) = 18, depth = 197


============================================================
+ Verbose Summary: Schedule
============================================================
* Number of FSM states : 197
* Pipeline : 1
  Pipeline-0 : II = 18, D = 197, States = { 1 2 3 4 5 6 7 8 9 10 11 12 13 14 15 16 17 18 19 20 21 22 23 24 25 26 27 28 29 30 31 32 33 34 35 36 37 38 39 40 41 42 43 44 45 46 47 48 49 50 51 52 53 54 55 56 57 58 59 60 61 62 63 64 65 66 67 68 69 70 71 72 73 74 75 76 77 78 79 80 81 82 83 84 85 86 87 88 89 90 91 92 93 94 95 96 97 98 99 100 101 102 103 104 105 106 107 108 109 110 111 112 113 114 115 116 117 118 119 120 121 122 123 124 125 126 127 128 129 130 131 132 133 134 135 136 137 138 139 140 141 142 143 144 145 146 147 148 149 150 151 152 153 154 155 156 157 158 159 160 161 162 163 164 165 166 167 168 169 170 171 172 173 174 175 176 177 178 179 180 181 182 183 184 185 186 187 188 189 190 191 192 193 194 195 196 197 }
* Dataflow Pipeline: 0

* FSM state transitions: 
1 --> 2 
2 --> 3 
3 --> 4 
4 --> 5 
5 --> 6 
6 --> 7 
7 --> 8 
8 --> 9 
9 --> 10 
10 --> 11 
11 --> 12 
12 --> 13 
13 --> 14 
14 --> 15 
15 --> 16 
16 --> 17 
17 --> 18 
18 --> 19 
19 --> 20 
20 --> 21 
21 --> 22 
22 --> 23 
23 --> 24 
24 --> 25 
25 --> 26 
26 --> 27 
27 --> 28 
28 --> 29 
29 --> 30 
30 --> 31 
31 --> 32 
32 --> 33 
33 --> 34 
34 --> 35 
35 --> 36 
36 --> 37 
37 --> 38 
38 --> 39 
39 --> 40 
40 --> 41 
41 --> 42 
42 --> 43 
43 --> 44 
44 --> 45 
45 --> 46 
46 --> 47 
47 --> 48 
48 --> 49 
49 --> 50 
50 --> 51 
51 --> 52 
52 --> 53 
53 --> 54 
54 --> 55 
55 --> 56 
56 --> 57 
57 --> 58 
58 --> 59 
59 --> 60 
60 --> 61 
61 --> 62 
62 --> 63 
63 --> 64 
64 --> 65 
65 --> 66 
66 --> 67 
67 --> 68 
68 --> 69 
69 --> 70 
70 --> 71 
71 --> 72 
72 --> 73 
73 --> 74 
74 --> 75 
75 --> 76 
76 --> 77 
77 --> 78 
78 --> 79 
79 --> 80 
80 --> 81 
81 --> 82 
82 --> 83 
83 --> 84 
84 --> 85 
85 --> 86 
86 --> 87 
87 --> 88 
88 --> 89 
89 --> 90 
90 --> 91 
91 --> 92 
92 --> 93 
93 --> 94 
94 --> 95 
95 --> 96 
96 --> 97 
97 --> 98 
98 --> 99 
99 --> 100 
100 --> 101 
101 --> 102 
102 --> 103 
103 --> 104 
104 --> 105 
105 --> 106 
106 --> 107 
107 --> 108 
108 --> 109 
109 --> 110 
110 --> 111 
111 --> 112 
112 --> 113 
113 --> 114 
114 --> 115 
115 --> 116 
116 --> 117 
117 --> 118 
118 --> 119 
119 --> 120 
120 --> 121 
121 --> 122 
122 --> 123 
123 --> 124 
124 --> 125 
125 --> 126 
126 --> 127 
127 --> 128 
128 --> 129 
129 --> 130 
130 --> 131 
131 --> 132 
132 --> 133 
133 --> 134 
134 --> 135 
135 --> 136 
136 --> 137 
137 --> 138 
138 --> 139 
139 --> 140 
140 --> 141 
141 --> 142 
142 --> 143 
143 --> 144 
144 --> 145 
145 --> 146 
146 --> 147 
147 --> 148 
148 --> 149 
149 --> 150 
150 --> 151 
151 --> 152 
152 --> 153 
153 --> 154 
154 --> 155 
155 --> 156 
156 --> 157 
157 --> 158 
158 --> 159 
159 --> 160 
160 --> 161 
161 --> 162 
162 --> 163 
163 --> 164 
164 --> 165 
165 --> 166 
166 --> 167 
167 --> 168 
168 --> 169 
169 --> 170 
170 --> 171 
171 --> 172 
172 --> 173 
173 --> 174 
174 --> 175 
175 --> 176 
176 --> 177 
177 --> 178 
178 --> 179 
179 --> 180 
180 --> 181 
181 --> 182 
182 --> 183 
183 --> 184 
184 --> 185 
185 --> 186 
186 --> 187 
187 --> 188 
188 --> 189 
189 --> 190 
190 --> 191 
191 --> 192 
192 --> 193 
193 --> 194 
194 --> 195 
195 --> 196 
196 --> 197 
197 --> 

* FSM state operations: 

State 1 <SV = 0> <Delay = 0.42>
ST_1 : Operation 199 [1/1] (0.00ns)   --->   "%c = alloca i32 1" [cluster.cpp:6]   --->   Operation 199 'alloca' 'c' <Predicate = true> <Delay = 0.00>
ST_1 : Operation 200 [1/1] (0.00ns)   --->   "%r = alloca i32 1" [cluster.cpp:7]   --->   Operation 200 'alloca' 'r' <Predicate = true> <Delay = 0.00>
ST_1 : Operation 201 [1/1] (0.00ns)   --->   "%indvar_flatten6 = alloca i32 1"   --->   Operation 201 'alloca' 'indvar_flatten6' <Predicate = true> <Delay = 0.00>
ST_1 : Operation 202 [1/1] (0.00ns)   --->   "%output_image_read = read i64 @_ssdm_op_Read.ap_auto.i64, i64 %output_image"   --->   Operation 202 'read' 'output_image_read' <Predicate = true> <Delay = 0.00>
ST_1 : Operation 203 [1/1] (0.00ns)   --->   "%p_cast18_read = read i63 @_ssdm_op_Read.ap_auto.i63, i63 %p_cast18"   --->   Operation 203 'read' 'p_cast18_read' <Predicate = true> <Delay = 0.00>
ST_1 : Operation 204 [1/1] (0.00ns)   --->   "%p_cast17_read = read i63 @_ssdm_op_Read.ap_auto.i63, i63 %p_cast17"   --->   Operation 204 'read' 'p_cast17_read' <Predicate = true> <Delay = 0.00>
ST_1 : Operation 205 [1/1] (0.00ns)   --->   "%p_cast16_read = read i63 @_ssdm_op_Read.ap_auto.i63, i63 %p_cast16"   --->   Operation 205 'read' 'p_cast16_read' <Predicate = true> <Delay = 0.00>
ST_1 : Operation 206 [1/1] (0.00ns)   --->   "%p_cast15_read = read i63 @_ssdm_op_Read.ap_auto.i63, i63 %p_cast15"   --->   Operation 206 'read' 'p_cast15_read' <Predicate = true> <Delay = 0.00>
ST_1 : Operation 207 [1/1] (0.00ns)   --->   "%p_cast14_read = read i63 @_ssdm_op_Read.ap_auto.i63, i63 %p_cast14"   --->   Operation 207 'read' 'p_cast14_read' <Predicate = true> <Delay = 0.00>
ST_1 : Operation 208 [1/1] (0.00ns)   --->   "%p_cast13_read = read i63 @_ssdm_op_Read.ap_auto.i63, i63 %p_cast13"   --->   Operation 208 'read' 'p_cast13_read' <Predicate = true> <Delay = 0.00>
ST_1 : Operation 209 [1/1] (0.00ns)   --->   "%p_cast12_read = read i63 @_ssdm_op_Read.ap_auto.i63, i63 %p_cast12"   --->   Operation 209 'read' 'p_cast12_read' <Predicate = true> <Delay = 0.00>
ST_1 : Operation 210 [1/1] (0.00ns)   --->   "%p_cast_read = read i63 @_ssdm_op_Read.ap_auto.i63, i63 %p_cast"   --->   Operation 210 'read' 'p_cast_read' <Predicate = true> <Delay = 0.00>
ST_1 : Operation 211 [1/1] (0.00ns)   --->   "%sext_ln16_read = read i62 @_ssdm_op_Read.ap_auto.i62, i62 %sext_ln16"   --->   Operation 211 'read' 'sext_ln16_read' <Predicate = true> <Delay = 0.00>
ST_1 : Operation 212 [1/1] (0.00ns)   --->   "%normal_factor_1_reload_read = read i32 @_ssdm_op_Read.ap_auto.i32, i32 %normal_factor_1_reload"   --->   Operation 212 'read' 'normal_factor_1_reload_read' <Predicate = true> <Delay = 0.00>
ST_1 : Operation 213 [1/1] (0.00ns)   --->   "%input_image_read = read i64 @_ssdm_op_Read.ap_auto.i64, i64 %input_image"   --->   Operation 213 'read' 'input_image_read' <Predicate = true> <Delay = 0.00>
ST_1 : Operation 214 [1/1] (0.00ns)   --->   "%p_cast18_cast = sext i63 %p_cast18_read"   --->   Operation 214 'sext' 'p_cast18_cast' <Predicate = true> <Delay = 0.00>
ST_1 : Operation 215 [1/1] (0.00ns)   --->   "%p_cast17_cast = sext i63 %p_cast17_read"   --->   Operation 215 'sext' 'p_cast17_cast' <Predicate = true> <Delay = 0.00>
ST_1 : Operation 216 [1/1] (0.00ns)   --->   "%p_cast16_cast = sext i63 %p_cast16_read"   --->   Operation 216 'sext' 'p_cast16_cast' <Predicate = true> <Delay = 0.00>
ST_1 : Operation 217 [1/1] (0.00ns)   --->   "%p_cast15_cast = sext i63 %p_cast15_read"   --->   Operation 217 'sext' 'p_cast15_cast' <Predicate = true> <Delay = 0.00>
ST_1 : Operation 218 [1/1] (0.00ns)   --->   "%p_cast14_cast = sext i63 %p_cast14_read"   --->   Operation 218 'sext' 'p_cast14_cast' <Predicate = true> <Delay = 0.00>
ST_1 : Operation 219 [1/1] (0.00ns)   --->   "%p_cast13_cast = sext i63 %p_cast13_read"   --->   Operation 219 'sext' 'p_cast13_cast' <Predicate = true> <Delay = 0.00>
ST_1 : Operation 220 [1/1] (0.00ns)   --->   "%p_cast12_cast = sext i63 %p_cast12_read"   --->   Operation 220 'sext' 'p_cast12_cast' <Predicate = true> <Delay = 0.00>
ST_1 : Operation 221 [1/1] (0.00ns)   --->   "%p_cast_cast = sext i63 %p_cast_read"   --->   Operation 221 'sext' 'p_cast_cast' <Predicate = true> <Delay = 0.00>
ST_1 : Operation 222 [1/1] (0.00ns)   --->   "%sext_ln16_cast = sext i62 %sext_ln16_read"   --->   Operation 222 'sext' 'sext_ln16_cast' <Predicate = true> <Delay = 0.00>
ST_1 : Operation 223 [1/1] (0.00ns)   --->   "%specinterface_ln0 = specinterface void @_ssdm_op_SpecInterface, i32 %gmem, void @empty_5, i32 0, i32 0, void @empty, i32 64, i32 0, void @empty_0, void @empty_1, void @empty, i32 16, i32 16, i32 16, i32 16, void @empty, void @empty, i32 4294967295, i32 0, i32 0"   --->   Operation 223 'specinterface' 'specinterface_ln0' <Predicate = true> <Delay = 0.00>
ST_1 : Operation 224 [1/1] (0.42ns)   --->   "%store_ln0 = store i18 0, i18 %indvar_flatten6"   --->   Operation 224 'store' 'store_ln0' <Predicate = true> <Delay = 0.42>
ST_1 : Operation 225 [1/1] (0.42ns)   --->   "%store_ln7 = store i9 0, i9 %r" [cluster.cpp:7]   --->   Operation 225 'store' 'store_ln7' <Predicate = true> <Delay = 0.42>
ST_1 : Operation 226 [1/1] (0.42ns)   --->   "%store_ln6 = store i9 0, i9 %c" [cluster.cpp:6]   --->   Operation 226 'store' 'store_ln6' <Predicate = true> <Delay = 0.42>
ST_1 : Operation 227 [1/1] (0.00ns)   --->   "%br_ln0 = br void %VITIS_LOOP_32_5"   --->   Operation 227 'br' 'br_ln0' <Predicate = true> <Delay = 0.00>

State 2 <SV = 1> <Delay = 3.15>
ST_2 : Operation 228 [1/1] (0.00ns)   --->   "%indvar_flatten6_load = load i18 %indvar_flatten6" [cluster.cpp:29]   --->   Operation 228 'load' 'indvar_flatten6_load' <Predicate = true> <Delay = 0.00>
ST_2 : Operation 229 [1/1] (0.00ns)   --->   "%specbitsmap_ln0 = specbitsmap void @_ssdm_op_SpecBitsMap, i32 %gmem"   --->   Operation 229 'specbitsmap' 'specbitsmap_ln0' <Predicate = true> <Delay = 0.00>
ST_2 : Operation 230 [1/1] (0.87ns)   --->   "%icmp_ln29 = icmp_eq  i18 %indvar_flatten6_load, i18 260100" [cluster.cpp:29]   --->   Operation 230 'icmp' 'icmp_ln29' <Predicate = true> <Delay = 0.87> <CoreInst = "Cmp">   --->   Core 9 'Cmp' <Latency = 0> <II = 1> <Delay = 0.87> <FuncUnit> <Opcode : 'seteq' 'setne' 'setle' 'setge' 'setlt' 'setgt'> <InPorts = 2> <OutPorts = 1>
ST_2 : Operation 231 [1/1] (0.87ns)   --->   "%add_ln29 = add i18 %indvar_flatten6_load, i18 1" [cluster.cpp:29]   --->   Operation 231 'add' 'add_ln29' <Predicate = true> <Delay = 0.87> <CoreInst = "Adder">   --->   Core 1 'Adder' <Latency = 0> <II = 1> <Delay = 0.87> <FuncUnit> <Opcode : 'add' 'sub'> <InPorts = 2> <OutPorts = 1>
ST_2 : Operation 232 [1/1] (0.00ns)   --->   "%br_ln29 = br i1 %icmp_ln29, void %for.inc47, void %for.end49.exitStub" [cluster.cpp:29]   --->   Operation 232 'br' 'br_ln29' <Predicate = true> <Delay = 0.00>
ST_2 : Operation 233 [1/1] (0.00ns)   --->   "%c_load = load i9 %c" [cluster.cpp:30]   --->   Operation 233 'load' 'c_load' <Predicate = (!icmp_ln29)> <Delay = 0.00>
ST_2 : Operation 234 [1/1] (0.00ns)   --->   "%r_load = load i9 %r" [cluster.cpp:29]   --->   Operation 234 'load' 'r_load' <Predicate = (!icmp_ln29)> <Delay = 0.00>
ST_2 : Operation 235 [1/1] (0.77ns)   --->   "%icmp_ln30 = icmp_eq  i9 %c_load, i9 510" [cluster.cpp:30]   --->   Operation 235 'icmp' 'icmp_ln30' <Predicate = (!icmp_ln29)> <Delay = 0.77> <CoreInst = "Cmp">   --->   Core 9 'Cmp' <Latency = 0> <II = 1> <Delay = 0.77> <FuncUnit> <Opcode : 'seteq' 'setne' 'setle' 'setge' 'setlt' 'setgt'> <InPorts = 2> <OutPorts = 1>
ST_2 : Operation 236 [1/1] (0.39ns)   --->   "%select_ln7 = select i1 %icmp_ln30, i9 0, i9 %c_load" [cluster.cpp:7]   --->   Operation 236 'select' 'select_ln7' <Predicate = (!icmp_ln29)> <Delay = 0.39> <CoreInst = "Sel">   --->   Core 73 'Sel' <Latency = 0> <II = 1> <Delay = 0.39> <FuncUnit> <Opcode : 'select'> <InPorts = 3> <OutPorts = 1>
ST_2 : Operation 237 [1/1] (0.77ns)   --->   "%add_ln29_1 = add i9 %r_load, i9 1" [cluster.cpp:29]   --->   Operation 237 'add' 'add_ln29_1' <Predicate = (!icmp_ln29)> <Delay = 0.77> <CoreInst = "Adder">   --->   Core 1 'Adder' <Latency = 0> <II = 1> <Delay = 0.77> <FuncUnit> <Opcode : 'add' 'sub'> <InPorts = 2> <OutPorts = 1>
ST_2 : Operation 238 [1/1] (0.39ns)   --->   "%select_ln29 = select i1 %icmp_ln30, i9 %add_ln29_1, i9 %r_load" [cluster.cpp:29]   --->   Operation 238 'select' 'select_ln29' <Predicate = (!icmp_ln29)> <Delay = 0.39> <CoreInst = "Sel">   --->   Core 73 'Sel' <Latency = 0> <II = 1> <Delay = 0.39> <FuncUnit> <Opcode : 'select'> <InPorts = 3> <OutPorts = 1>
ST_2 : Operation 239 [1/1] (0.77ns)   --->   "%first_iter_0 = icmp_eq  i9 %select_ln7, i9 0" [cluster.cpp:7]   --->   Operation 239 'icmp' 'first_iter_0' <Predicate = (!icmp_ln29)> <Delay = 0.77> <CoreInst = "Cmp">   --->   Core 9 'Cmp' <Latency = 0> <II = 1> <Delay = 0.77> <FuncUnit> <Opcode : 'seteq' 'setne' 'setle' 'setge' 'setlt' 'setgt'> <InPorts = 2> <OutPorts = 1>
ST_2 : Operation 240 [1/1] (0.00ns)   --->   "%tmp_1 = bitconcatenate i20 @_ssdm_op_BitConcatenate.i20.i9.i11, i9 %select_ln29, i11 0" [cluster.cpp:29]   --->   Operation 240 'bitconcatenate' 'tmp_1' <Predicate = (!icmp_ln29)> <Delay = 0.00>
ST_2 : Operation 241 [1/1] (0.89ns)   --->   "%tmp = add i20 %tmp_1, i20 2052" [cluster.cpp:29]   --->   Operation 241 'add' 'tmp' <Predicate = (!icmp_ln29)> <Delay = 0.89> <CoreInst = "Adder">   --->   Core 1 'Adder' <Latency = 0> <II = 1> <Delay = 0.89> <FuncUnit> <Opcode : 'add' 'sub'> <InPorts = 2> <OutPorts = 1>
ST_2 : Operation 242 [1/1] (0.00ns)   --->   "%tmp_cast = zext i20 %tmp" [cluster.cpp:29]   --->   Operation 242 'zext' 'tmp_cast' <Predicate = (!icmp_ln29)> <Delay = 0.00>
ST_2 : Operation 243 [1/1] (1.08ns)   --->   "%empty_23 = add i64 %tmp_cast, i64 %output_image_read" [cluster.cpp:29]   --->   Operation 243 'add' 'empty_23' <Predicate = (!icmp_ln29)> <Delay = 1.08> <CoreInst = "Adder">   --->   Core 1 'Adder' <Latency = 0> <II = 1> <Delay = 1.08> <FuncUnit> <Opcode : 'add' 'sub'> <InPorts = 2> <OutPorts = 1>
ST_2 : Operation 244 [1/1] (0.00ns)   --->   "%trunc_ln1 = partselect i62 @_ssdm_op_PartSelect.i62.i64.i32.i32, i64 %empty_23, i32 2, i32 63" [cluster.cpp:30]   --->   Operation 244 'partselect' 'trunc_ln1' <Predicate = (!icmp_ln29)> <Delay = 0.00>
ST_2 : Operation 245 [1/1] (0.00ns)   --->   "%sext_ln30 = sext i62 %trunc_ln1" [cluster.cpp:30]   --->   Operation 245 'sext' 'sext_ln30' <Predicate = (!icmp_ln29)> <Delay = 0.00>
ST_2 : Operation 246 [1/1] (0.00ns)   --->   "%gmem_addr_9 = getelementptr i32 %gmem, i64 %sext_ln30" [cluster.cpp:30]   --->   Operation 246 'getelementptr' 'gmem_addr_9' <Predicate = (!icmp_ln29)> <Delay = 0.00>
ST_2 : Operation 247 [1/1] (0.00ns)   --->   "%br_ln30 = br i1 %first_iter_0, void %VITIS_LOOP_32_5.split, void %for.first.iter.VITIS_LOOP_32_5" [cluster.cpp:30]   --->   Operation 247 'br' 'br_ln30' <Predicate = (!icmp_ln29)> <Delay = 0.00>
ST_2 : Operation 248 [1/1] (0.00ns)   --->   "%tmp_2 = bitconcatenate i20 @_ssdm_op_BitConcatenate.i20.i9.i9.i2, i9 %select_ln29, i9 %select_ln7, i2 0" [cluster.cpp:29]   --->   Operation 248 'bitconcatenate' 'tmp_2' <Predicate = (!icmp_ln29)> <Delay = 0.00>
ST_2 : Operation 249 [1/1] (0.00ns)   --->   "%p_cast19 = zext i20 %tmp_2" [cluster.cpp:29]   --->   Operation 249 'zext' 'p_cast19' <Predicate = (!icmp_ln29)> <Delay = 0.00>
ST_2 : Operation 250 [1/1] (1.08ns)   --->   "%empty_17 = add i64 %p_cast19, i64 %input_image_read" [cluster.cpp:29]   --->   Operation 250 'add' 'empty_17' <Predicate = (!icmp_ln29)> <Delay = 1.08> <CoreInst = "Adder">   --->   Core 1 'Adder' <Latency = 0> <II = 1> <Delay = 1.08> <FuncUnit> <Opcode : 'add' 'sub'> <InPorts = 2> <OutPorts = 1>
ST_2 : Operation 251 [1/1] (0.00ns)   --->   "%trunc_ln2 = partselect i62 @_ssdm_op_PartSelect.i62.i64.i32.i32, i64 %empty_17, i32 2, i32 63" [cluster.cpp:33]   --->   Operation 251 'partselect' 'trunc_ln2' <Predicate = (!icmp_ln29)> <Delay = 0.00>
ST_2 : Operation 252 [1/1] (0.77ns)   --->   "%add_ln37 = add i9 %select_ln7, i9 1" [cluster.cpp:37]   --->   Operation 252 'add' 'add_ln37' <Predicate = (!icmp_ln29)> <Delay = 0.77> <CoreInst = "Adder">   --->   Core 1 'Adder' <Latency = 0> <II = 1> <Delay = 0.77> <FuncUnit> <Opcode : 'add' 'sub'> <InPorts = 2> <OutPorts = 1>
ST_2 : Operation 253 [1/1] (0.77ns)   --->   "%icmp_ln30_1 = icmp_eq  i9 %add_ln37, i9 510" [cluster.cpp:30]   --->   Operation 253 'icmp' 'icmp_ln30_1' <Predicate = (!icmp_ln29)> <Delay = 0.77> <CoreInst = "Cmp">   --->   Core 9 'Cmp' <Latency = 0> <II = 1> <Delay = 0.77> <FuncUnit> <Opcode : 'seteq' 'setne' 'setle' 'setge' 'setlt' 'setgt'> <InPorts = 2> <OutPorts = 1>
ST_2 : Operation 254 [1/1] (0.00ns)   --->   "%br_ln30 = br i1 %icmp_ln30_1, void %new.latch.VITIS_LOOP_32_5.split, void %last.iter.VITIS_LOOP_32_5.split" [cluster.cpp:30]   --->   Operation 254 'br' 'br_ln30' <Predicate = (!icmp_ln29)> <Delay = 0.00>
ST_2 : Operation 255 [1/1] (0.42ns)   --->   "%store_ln29 = store i18 %add_ln29, i18 %indvar_flatten6" [cluster.cpp:29]   --->   Operation 255 'store' 'store_ln29' <Predicate = (!icmp_ln29)> <Delay = 0.42>
ST_2 : Operation 256 [1/1] (0.42ns)   --->   "%store_ln7 = store i9 %select_ln29, i9 %r" [cluster.cpp:7]   --->   Operation 256 'store' 'store_ln7' <Predicate = (!icmp_ln29)> <Delay = 0.42>
ST_2 : Operation 257 [1/1] (0.42ns)   --->   "%store_ln6 = store i9 %add_ln37, i9 %c" [cluster.cpp:6]   --->   Operation 257 'store' 'store_ln6' <Predicate = (!icmp_ln29)> <Delay = 0.42>
ST_2 : Operation 258 [1/1] (0.00ns)   --->   "%br_ln30 = br void %VITIS_LOOP_32_5" [cluster.cpp:30]   --->   Operation 258 'br' 'br_ln30' <Predicate = (!icmp_ln29)> <Delay = 0.00>

State 3 <SV = 2> <Delay = 4.66>
ST_3 : Operation 259 [1/1] (4.66ns)   --->   "%empty_22 = writereq i1 @_ssdm_op_WriteReq.m_axi.p1i32, i32 %gmem_addr_9, i64 510" [cluster.cpp:30]   --->   Operation 259 'writereq' 'empty_22' <Predicate = (!icmp_ln29 & first_iter_0)> <Delay = 4.66> <CoreInst = "m_axi">   --->   Core 119 'm_axi' <Latency = 9> <II = 1> <Delay = 1.00> <Adapter> <Opcode : 'read' 'write' 'readreq' 'writereq' 'writeresp'>
ST_3 : Operation 260 [1/1] (0.00ns)   --->   "%br_ln30 = br void %VITIS_LOOP_32_5.split" [cluster.cpp:30]   --->   Operation 260 'br' 'br_ln30' <Predicate = (!icmp_ln29 & first_iter_0)> <Delay = 0.00>
ST_3 : Operation 261 [1/1] (0.00ns)   --->   "%sext_ln33 = sext i62 %trunc_ln2" [cluster.cpp:33]   --->   Operation 261 'sext' 'sext_ln33' <Predicate = (!icmp_ln29)> <Delay = 0.00>
ST_3 : Operation 262 [1/1] (0.00ns)   --->   "%gmem_addr_10 = getelementptr i32 %gmem, i64 %sext_ln33" [cluster.cpp:34]   --->   Operation 262 'getelementptr' 'gmem_addr_10' <Predicate = (!icmp_ln29)> <Delay = 0.00>
ST_3 : Operation 263 [71/71] (4.66ns)   --->   "%gmem_load_req = readreq i1 @_ssdm_op_ReadReq.m_axi.i32P1A, i32 %gmem_addr_10, i64 1" [cluster.cpp:34]   --->   Operation 263 'readreq' 'gmem_load_req' <Predicate = (!icmp_ln29)> <Delay = 4.66> <CoreInst = "m_axi">   --->   Core 119 'm_axi' <Latency = 6> <II = 1> <Delay = 1.00> <Adapter> <Opcode : 'read' 'write' 'readreq' 'writereq' 'writeresp'>

State 4 <SV = 3> <Delay = 4.66>
ST_4 : Operation 264 [1/1] (0.00ns)   --->   "%gmem_addr = getelementptr i32 %gmem, i64 %sext_ln16_cast" [cluster.cpp:16]   --->   Operation 264 'getelementptr' 'gmem_addr' <Predicate = (!icmp_ln29)> <Delay = 0.00>
ST_4 : Operation 265 [1/1] (0.00ns)   --->   "%sext_ln34 = sext i62 %trunc_ln2" [cluster.cpp:34]   --->   Operation 265 'sext' 'sext_ln34' <Predicate = (!icmp_ln29)> <Delay = 0.00>
ST_4 : Operation 266 [70/71] (4.66ns)   --->   "%gmem_load_req = readreq i1 @_ssdm_op_ReadReq.m_axi.i32P1A, i32 %gmem_addr_10, i64 1" [cluster.cpp:34]   --->   Operation 266 'readreq' 'gmem_load_req' <Predicate = (!icmp_ln29)> <Delay = 4.66> <CoreInst = "m_axi">   --->   Core 119 'm_axi' <Latency = 6> <II = 1> <Delay = 1.00> <Adapter> <Opcode : 'read' 'write' 'readreq' 'writereq' 'writeresp'>
ST_4 : Operation 267 [71/71] (4.66ns)   --->   "%gmem_load_1_req = readreq i1 @_ssdm_op_ReadReq.m_axi.i32P1A, i32 %gmem_addr, i64 1" [cluster.cpp:34]   --->   Operation 267 'readreq' 'gmem_load_1_req' <Predicate = (!icmp_ln29)> <Delay = 4.66> <CoreInst = "m_axi">   --->   Core 119 'm_axi' <Latency = 6> <II = 1> <Delay = 1.00> <Adapter> <Opcode : 'read' 'write' 'readreq' 'writereq' 'writeresp'>
ST_4 : Operation 268 [1/1] (1.08ns)   --->   "%add_ln34 = add i63 %sext_ln34, i63 1" [cluster.cpp:34]   --->   Operation 268 'add' 'add_ln34' <Predicate = (!icmp_ln29)> <Delay = 1.08> <CoreInst = "Adder">   --->   Core 1 'Adder' <Latency = 0> <II = 1> <Delay = 1.08> <FuncUnit> <Opcode : 'add' 'sub'> <InPorts = 2> <OutPorts = 1>
ST_4 : Operation 269 [1/1] (0.00ns)   --->   "%sext_ln34_1 = sext i63 %add_ln34" [cluster.cpp:34]   --->   Operation 269 'sext' 'sext_ln34_1' <Predicate = (!icmp_ln29)> <Delay = 0.00>
ST_4 : Operation 270 [1/1] (0.00ns)   --->   "%gmem_addr_11 = getelementptr i32 %gmem, i64 %sext_ln34_1" [cluster.cpp:34]   --->   Operation 270 'getelementptr' 'gmem_addr_11' <Predicate = (!icmp_ln29)> <Delay = 0.00>
ST_4 : Operation 271 [1/1] (1.08ns)   --->   "%add_ln34_1 = add i63 %sext_ln34, i63 2" [cluster.cpp:34]   --->   Operation 271 'add' 'add_ln34_1' <Predicate = (!icmp_ln29)> <Delay = 1.08> <CoreInst = "Adder">   --->   Core 1 'Adder' <Latency = 0> <II = 1> <Delay = 1.08> <FuncUnit> <Opcode : 'add' 'sub'> <InPorts = 2> <OutPorts = 1>
ST_4 : Operation 272 [1/1] (0.00ns)   --->   "%sext_ln34_2 = sext i63 %add_ln34_1" [cluster.cpp:34]   --->   Operation 272 'sext' 'sext_ln34_2' <Predicate = (!icmp_ln29)> <Delay = 0.00>
ST_4 : Operation 273 [1/1] (0.00ns)   --->   "%gmem_addr_12 = getelementptr i32 %gmem, i64 %sext_ln34_2" [cluster.cpp:34]   --->   Operation 273 'getelementptr' 'gmem_addr_12' <Predicate = (!icmp_ln29)> <Delay = 0.00>

State 5 <SV = 4> <Delay = 4.66>
ST_5 : Operation 274 [69/71] (4.66ns)   --->   "%gmem_load_req = readreq i1 @_ssdm_op_ReadReq.m_axi.i32P1A, i32 %gmem_addr_10, i64 1" [cluster.cpp:34]   --->   Operation 274 'readreq' 'gmem_load_req' <Predicate = (!icmp_ln29)> <Delay = 4.66> <CoreInst = "m_axi">   --->   Core 119 'm_axi' <Latency = 6> <II = 1> <Delay = 1.00> <Adapter> <Opcode : 'read' 'write' 'readreq' 'writereq' 'writeresp'>
ST_5 : Operation 275 [70/71] (4.66ns)   --->   "%gmem_load_1_req = readreq i1 @_ssdm_op_ReadReq.m_axi.i32P1A, i32 %gmem_addr, i64 1" [cluster.cpp:34]   --->   Operation 275 'readreq' 'gmem_load_1_req' <Predicate = (!icmp_ln29)> <Delay = 4.66> <CoreInst = "m_axi">   --->   Core 119 'm_axi' <Latency = 6> <II = 1> <Delay = 1.00> <Adapter> <Opcode : 'read' 'write' 'readreq' 'writereq' 'writeresp'>
ST_5 : Operation 276 [71/71] (4.66ns)   --->   "%gmem_load_2_req = readreq i1 @_ssdm_op_ReadReq.m_axi.i32P1A, i32 %gmem_addr_11, i64 1" [cluster.cpp:34]   --->   Operation 276 'readreq' 'gmem_load_2_req' <Predicate = (!icmp_ln29)> <Delay = 4.66> <CoreInst = "m_axi">   --->   Core 119 'm_axi' <Latency = 6> <II = 1> <Delay = 1.00> <Adapter> <Opcode : 'read' 'write' 'readreq' 'writereq' 'writeresp'>

State 6 <SV = 5> <Delay = 4.66>
ST_6 : Operation 277 [1/1] (0.00ns)   --->   "%gmem_addr_1 = getelementptr i32 %gmem, i64 %p_cast_cast"   --->   Operation 277 'getelementptr' 'gmem_addr_1' <Predicate = (!icmp_ln29)> <Delay = 0.00>
ST_6 : Operation 278 [68/71] (4.66ns)   --->   "%gmem_load_req = readreq i1 @_ssdm_op_ReadReq.m_axi.i32P1A, i32 %gmem_addr_10, i64 1" [cluster.cpp:34]   --->   Operation 278 'readreq' 'gmem_load_req' <Predicate = (!icmp_ln29)> <Delay = 4.66> <CoreInst = "m_axi">   --->   Core 119 'm_axi' <Latency = 6> <II = 1> <Delay = 1.00> <Adapter> <Opcode : 'read' 'write' 'readreq' 'writereq' 'writeresp'>
ST_6 : Operation 279 [69/71] (4.66ns)   --->   "%gmem_load_1_req = readreq i1 @_ssdm_op_ReadReq.m_axi.i32P1A, i32 %gmem_addr, i64 1" [cluster.cpp:34]   --->   Operation 279 'readreq' 'gmem_load_1_req' <Predicate = (!icmp_ln29)> <Delay = 4.66> <CoreInst = "m_axi">   --->   Core 119 'm_axi' <Latency = 6> <II = 1> <Delay = 1.00> <Adapter> <Opcode : 'read' 'write' 'readreq' 'writereq' 'writeresp'>
ST_6 : Operation 280 [70/71] (4.66ns)   --->   "%gmem_load_2_req = readreq i1 @_ssdm_op_ReadReq.m_axi.i32P1A, i32 %gmem_addr_11, i64 1" [cluster.cpp:34]   --->   Operation 280 'readreq' 'gmem_load_2_req' <Predicate = (!icmp_ln29)> <Delay = 4.66> <CoreInst = "m_axi">   --->   Core 119 'm_axi' <Latency = 6> <II = 1> <Delay = 1.00> <Adapter> <Opcode : 'read' 'write' 'readreq' 'writereq' 'writeresp'>
ST_6 : Operation 281 [71/71] (4.66ns)   --->   "%gmem_load_3_req = readreq i1 @_ssdm_op_ReadReq.m_axi.i32P1A, i32 %gmem_addr_1, i64 1" [cluster.cpp:34]   --->   Operation 281 'readreq' 'gmem_load_3_req' <Predicate = (!icmp_ln29)> <Delay = 4.66> <CoreInst = "m_axi">   --->   Core 119 'm_axi' <Latency = 6> <II = 1> <Delay = 1.00> <Adapter> <Opcode : 'read' 'write' 'readreq' 'writereq' 'writeresp'>

State 7 <SV = 6> <Delay = 4.66>
ST_7 : Operation 282 [67/71] (4.66ns)   --->   "%gmem_load_req = readreq i1 @_ssdm_op_ReadReq.m_axi.i32P1A, i32 %gmem_addr_10, i64 1" [cluster.cpp:34]   --->   Operation 282 'readreq' 'gmem_load_req' <Predicate = (!icmp_ln29)> <Delay = 4.66> <CoreInst = "m_axi">   --->   Core 119 'm_axi' <Latency = 6> <II = 1> <Delay = 1.00> <Adapter> <Opcode : 'read' 'write' 'readreq' 'writereq' 'writeresp'>
ST_7 : Operation 283 [68/71] (4.66ns)   --->   "%gmem_load_1_req = readreq i1 @_ssdm_op_ReadReq.m_axi.i32P1A, i32 %gmem_addr, i64 1" [cluster.cpp:34]   --->   Operation 283 'readreq' 'gmem_load_1_req' <Predicate = (!icmp_ln29)> <Delay = 4.66> <CoreInst = "m_axi">   --->   Core 119 'm_axi' <Latency = 6> <II = 1> <Delay = 1.00> <Adapter> <Opcode : 'read' 'write' 'readreq' 'writereq' 'writeresp'>
ST_7 : Operation 284 [69/71] (4.66ns)   --->   "%gmem_load_2_req = readreq i1 @_ssdm_op_ReadReq.m_axi.i32P1A, i32 %gmem_addr_11, i64 1" [cluster.cpp:34]   --->   Operation 284 'readreq' 'gmem_load_2_req' <Predicate = (!icmp_ln29)> <Delay = 4.66> <CoreInst = "m_axi">   --->   Core 119 'm_axi' <Latency = 6> <II = 1> <Delay = 1.00> <Adapter> <Opcode : 'read' 'write' 'readreq' 'writereq' 'writeresp'>
ST_7 : Operation 285 [70/71] (4.66ns)   --->   "%gmem_load_3_req = readreq i1 @_ssdm_op_ReadReq.m_axi.i32P1A, i32 %gmem_addr_1, i64 1" [cluster.cpp:34]   --->   Operation 285 'readreq' 'gmem_load_3_req' <Predicate = (!icmp_ln29)> <Delay = 4.66> <CoreInst = "m_axi">   --->   Core 119 'm_axi' <Latency = 6> <II = 1> <Delay = 1.00> <Adapter> <Opcode : 'read' 'write' 'readreq' 'writereq' 'writeresp'>
ST_7 : Operation 286 [71/71] (4.66ns)   --->   "%gmem_load_4_req = readreq i1 @_ssdm_op_ReadReq.m_axi.i32P1A, i32 %gmem_addr_12, i64 1" [cluster.cpp:34]   --->   Operation 286 'readreq' 'gmem_load_4_req' <Predicate = (!icmp_ln29)> <Delay = 4.66> <CoreInst = "m_axi">   --->   Core 119 'm_axi' <Latency = 6> <II = 1> <Delay = 1.00> <Adapter> <Opcode : 'read' 'write' 'readreq' 'writereq' 'writeresp'>

State 8 <SV = 7> <Delay = 4.66>
ST_8 : Operation 287 [1/1] (0.00ns)   --->   "%gmem_addr_2 = getelementptr i32 %gmem, i64 %p_cast12_cast"   --->   Operation 287 'getelementptr' 'gmem_addr_2' <Predicate = (!icmp_ln29)> <Delay = 0.00>
ST_8 : Operation 288 [66/71] (4.66ns)   --->   "%gmem_load_req = readreq i1 @_ssdm_op_ReadReq.m_axi.i32P1A, i32 %gmem_addr_10, i64 1" [cluster.cpp:34]   --->   Operation 288 'readreq' 'gmem_load_req' <Predicate = (!icmp_ln29)> <Delay = 4.66> <CoreInst = "m_axi">   --->   Core 119 'm_axi' <Latency = 6> <II = 1> <Delay = 1.00> <Adapter> <Opcode : 'read' 'write' 'readreq' 'writereq' 'writeresp'>
ST_8 : Operation 289 [67/71] (4.66ns)   --->   "%gmem_load_1_req = readreq i1 @_ssdm_op_ReadReq.m_axi.i32P1A, i32 %gmem_addr, i64 1" [cluster.cpp:34]   --->   Operation 289 'readreq' 'gmem_load_1_req' <Predicate = (!icmp_ln29)> <Delay = 4.66> <CoreInst = "m_axi">   --->   Core 119 'm_axi' <Latency = 6> <II = 1> <Delay = 1.00> <Adapter> <Opcode : 'read' 'write' 'readreq' 'writereq' 'writeresp'>
ST_8 : Operation 290 [68/71] (4.66ns)   --->   "%gmem_load_2_req = readreq i1 @_ssdm_op_ReadReq.m_axi.i32P1A, i32 %gmem_addr_11, i64 1" [cluster.cpp:34]   --->   Operation 290 'readreq' 'gmem_load_2_req' <Predicate = (!icmp_ln29)> <Delay = 4.66> <CoreInst = "m_axi">   --->   Core 119 'm_axi' <Latency = 6> <II = 1> <Delay = 1.00> <Adapter> <Opcode : 'read' 'write' 'readreq' 'writereq' 'writeresp'>
ST_8 : Operation 291 [69/71] (4.66ns)   --->   "%gmem_load_3_req = readreq i1 @_ssdm_op_ReadReq.m_axi.i32P1A, i32 %gmem_addr_1, i64 1" [cluster.cpp:34]   --->   Operation 291 'readreq' 'gmem_load_3_req' <Predicate = (!icmp_ln29)> <Delay = 4.66> <CoreInst = "m_axi">   --->   Core 119 'm_axi' <Latency = 6> <II = 1> <Delay = 1.00> <Adapter> <Opcode : 'read' 'write' 'readreq' 'writereq' 'writeresp'>
ST_8 : Operation 292 [70/71] (4.66ns)   --->   "%gmem_load_4_req = readreq i1 @_ssdm_op_ReadReq.m_axi.i32P1A, i32 %gmem_addr_12, i64 1" [cluster.cpp:34]   --->   Operation 292 'readreq' 'gmem_load_4_req' <Predicate = (!icmp_ln29)> <Delay = 4.66> <CoreInst = "m_axi">   --->   Core 119 'm_axi' <Latency = 6> <II = 1> <Delay = 1.00> <Adapter> <Opcode : 'read' 'write' 'readreq' 'writereq' 'writeresp'>
ST_8 : Operation 293 [71/71] (4.66ns)   --->   "%gmem_load_5_req = readreq i1 @_ssdm_op_ReadReq.m_axi.i32P1A, i32 %gmem_addr_2, i64 1" [cluster.cpp:34]   --->   Operation 293 'readreq' 'gmem_load_5_req' <Predicate = (!icmp_ln29)> <Delay = 4.66> <CoreInst = "m_axi">   --->   Core 119 'm_axi' <Latency = 6> <II = 1> <Delay = 1.00> <Adapter> <Opcode : 'read' 'write' 'readreq' 'writereq' 'writeresp'>
ST_8 : Operation 294 [1/1] (0.89ns)   --->   "%tmp1 = add i20 %tmp_2, i20 2048" [cluster.cpp:29]   --->   Operation 294 'add' 'tmp1' <Predicate = (!icmp_ln29)> <Delay = 0.89> <CoreInst = "Adder">   --->   Core 1 'Adder' <Latency = 0> <II = 1> <Delay = 0.89> <FuncUnit> <Opcode : 'add' 'sub'> <InPorts = 2> <OutPorts = 1>
ST_8 : Operation 295 [1/1] (0.00ns)   --->   "%tmp1_cast = zext i20 %tmp1" [cluster.cpp:29]   --->   Operation 295 'zext' 'tmp1_cast' <Predicate = (!icmp_ln29)> <Delay = 0.00>
ST_8 : Operation 296 [1/1] (1.08ns)   --->   "%empty_18 = add i64 %tmp1_cast, i64 %input_image_read" [cluster.cpp:29]   --->   Operation 296 'add' 'empty_18' <Predicate = (!icmp_ln29)> <Delay = 1.08> <CoreInst = "Adder">   --->   Core 1 'Adder' <Latency = 0> <II = 1> <Delay = 1.08> <FuncUnit> <Opcode : 'add' 'sub'> <InPorts = 2> <OutPorts = 1>
ST_8 : Operation 297 [1/1] (0.00ns)   --->   "%trunc_ln33_1 = partselect i62 @_ssdm_op_PartSelect.i62.i64.i32.i32, i64 %empty_18, i32 2, i32 63" [cluster.cpp:33]   --->   Operation 297 'partselect' 'trunc_ln33_1' <Predicate = (!icmp_ln29)> <Delay = 0.00>
ST_8 : Operation 298 [1/1] (0.00ns)   --->   "%sext_ln33_1 = sext i62 %trunc_ln33_1" [cluster.cpp:33]   --->   Operation 298 'sext' 'sext_ln33_1' <Predicate = (!icmp_ln29)> <Delay = 0.00>
ST_8 : Operation 299 [1/1] (0.00ns)   --->   "%gmem_addr_13 = getelementptr i32 %gmem, i64 %sext_ln33_1" [cluster.cpp:33]   --->   Operation 299 'getelementptr' 'gmem_addr_13' <Predicate = (!icmp_ln29)> <Delay = 0.00>

State 9 <SV = 8> <Delay = 4.66>
ST_9 : Operation 300 [65/71] (4.66ns)   --->   "%gmem_load_req = readreq i1 @_ssdm_op_ReadReq.m_axi.i32P1A, i32 %gmem_addr_10, i64 1" [cluster.cpp:34]   --->   Operation 300 'readreq' 'gmem_load_req' <Predicate = (!icmp_ln29)> <Delay = 4.66> <CoreInst = "m_axi">   --->   Core 119 'm_axi' <Latency = 6> <II = 1> <Delay = 1.00> <Adapter> <Opcode : 'read' 'write' 'readreq' 'writereq' 'writeresp'>
ST_9 : Operation 301 [66/71] (4.66ns)   --->   "%gmem_load_1_req = readreq i1 @_ssdm_op_ReadReq.m_axi.i32P1A, i32 %gmem_addr, i64 1" [cluster.cpp:34]   --->   Operation 301 'readreq' 'gmem_load_1_req' <Predicate = (!icmp_ln29)> <Delay = 4.66> <CoreInst = "m_axi">   --->   Core 119 'm_axi' <Latency = 6> <II = 1> <Delay = 1.00> <Adapter> <Opcode : 'read' 'write' 'readreq' 'writereq' 'writeresp'>
ST_9 : Operation 302 [67/71] (4.66ns)   --->   "%gmem_load_2_req = readreq i1 @_ssdm_op_ReadReq.m_axi.i32P1A, i32 %gmem_addr_11, i64 1" [cluster.cpp:34]   --->   Operation 302 'readreq' 'gmem_load_2_req' <Predicate = (!icmp_ln29)> <Delay = 4.66> <CoreInst = "m_axi">   --->   Core 119 'm_axi' <Latency = 6> <II = 1> <Delay = 1.00> <Adapter> <Opcode : 'read' 'write' 'readreq' 'writereq' 'writeresp'>
ST_9 : Operation 303 [68/71] (4.66ns)   --->   "%gmem_load_3_req = readreq i1 @_ssdm_op_ReadReq.m_axi.i32P1A, i32 %gmem_addr_1, i64 1" [cluster.cpp:34]   --->   Operation 303 'readreq' 'gmem_load_3_req' <Predicate = (!icmp_ln29)> <Delay = 4.66> <CoreInst = "m_axi">   --->   Core 119 'm_axi' <Latency = 6> <II = 1> <Delay = 1.00> <Adapter> <Opcode : 'read' 'write' 'readreq' 'writereq' 'writeresp'>
ST_9 : Operation 304 [69/71] (4.66ns)   --->   "%gmem_load_4_req = readreq i1 @_ssdm_op_ReadReq.m_axi.i32P1A, i32 %gmem_addr_12, i64 1" [cluster.cpp:34]   --->   Operation 304 'readreq' 'gmem_load_4_req' <Predicate = (!icmp_ln29)> <Delay = 4.66> <CoreInst = "m_axi">   --->   Core 119 'm_axi' <Latency = 6> <II = 1> <Delay = 1.00> <Adapter> <Opcode : 'read' 'write' 'readreq' 'writereq' 'writeresp'>
ST_9 : Operation 305 [70/71] (4.66ns)   --->   "%gmem_load_5_req = readreq i1 @_ssdm_op_ReadReq.m_axi.i32P1A, i32 %gmem_addr_2, i64 1" [cluster.cpp:34]   --->   Operation 305 'readreq' 'gmem_load_5_req' <Predicate = (!icmp_ln29)> <Delay = 4.66> <CoreInst = "m_axi">   --->   Core 119 'm_axi' <Latency = 6> <II = 1> <Delay = 1.00> <Adapter> <Opcode : 'read' 'write' 'readreq' 'writereq' 'writeresp'>
ST_9 : Operation 306 [71/71] (4.66ns)   --->   "%empty_19 = readreq i1 @_ssdm_op_ReadReq.m_axi.p1i32, i32 %gmem_addr_13, i64 3" [cluster.cpp:33]   --->   Operation 306 'readreq' 'empty_19' <Predicate = (!icmp_ln29)> <Delay = 4.66> <CoreInst = "m_axi">   --->   Core 119 'm_axi' <Latency = 6> <II = 1> <Delay = 1.00> <Adapter> <Opcode : 'read' 'write' 'readreq' 'writereq' 'writeresp'>

State 10 <SV = 9> <Delay = 4.66>
ST_10 : Operation 307 [1/1] (0.00ns)   --->   "%gmem_addr_3 = getelementptr i32 %gmem, i64 %p_cast13_cast"   --->   Operation 307 'getelementptr' 'gmem_addr_3' <Predicate = (!icmp_ln29)> <Delay = 0.00>
ST_10 : Operation 308 [64/71] (4.66ns)   --->   "%gmem_load_req = readreq i1 @_ssdm_op_ReadReq.m_axi.i32P1A, i32 %gmem_addr_10, i64 1" [cluster.cpp:34]   --->   Operation 308 'readreq' 'gmem_load_req' <Predicate = (!icmp_ln29)> <Delay = 4.66> <CoreInst = "m_axi">   --->   Core 119 'm_axi' <Latency = 6> <II = 1> <Delay = 1.00> <Adapter> <Opcode : 'read' 'write' 'readreq' 'writereq' 'writeresp'>
ST_10 : Operation 309 [65/71] (4.66ns)   --->   "%gmem_load_1_req = readreq i1 @_ssdm_op_ReadReq.m_axi.i32P1A, i32 %gmem_addr, i64 1" [cluster.cpp:34]   --->   Operation 309 'readreq' 'gmem_load_1_req' <Predicate = (!icmp_ln29)> <Delay = 4.66> <CoreInst = "m_axi">   --->   Core 119 'm_axi' <Latency = 6> <II = 1> <Delay = 1.00> <Adapter> <Opcode : 'read' 'write' 'readreq' 'writereq' 'writeresp'>
ST_10 : Operation 310 [66/71] (4.66ns)   --->   "%gmem_load_2_req = readreq i1 @_ssdm_op_ReadReq.m_axi.i32P1A, i32 %gmem_addr_11, i64 1" [cluster.cpp:34]   --->   Operation 310 'readreq' 'gmem_load_2_req' <Predicate = (!icmp_ln29)> <Delay = 4.66> <CoreInst = "m_axi">   --->   Core 119 'm_axi' <Latency = 6> <II = 1> <Delay = 1.00> <Adapter> <Opcode : 'read' 'write' 'readreq' 'writereq' 'writeresp'>
ST_10 : Operation 311 [67/71] (4.66ns)   --->   "%gmem_load_3_req = readreq i1 @_ssdm_op_ReadReq.m_axi.i32P1A, i32 %gmem_addr_1, i64 1" [cluster.cpp:34]   --->   Operation 311 'readreq' 'gmem_load_3_req' <Predicate = (!icmp_ln29)> <Delay = 4.66> <CoreInst = "m_axi">   --->   Core 119 'm_axi' <Latency = 6> <II = 1> <Delay = 1.00> <Adapter> <Opcode : 'read' 'write' 'readreq' 'writereq' 'writeresp'>
ST_10 : Operation 312 [68/71] (4.66ns)   --->   "%gmem_load_4_req = readreq i1 @_ssdm_op_ReadReq.m_axi.i32P1A, i32 %gmem_addr_12, i64 1" [cluster.cpp:34]   --->   Operation 312 'readreq' 'gmem_load_4_req' <Predicate = (!icmp_ln29)> <Delay = 4.66> <CoreInst = "m_axi">   --->   Core 119 'm_axi' <Latency = 6> <II = 1> <Delay = 1.00> <Adapter> <Opcode : 'read' 'write' 'readreq' 'writereq' 'writeresp'>
ST_10 : Operation 313 [69/71] (4.66ns)   --->   "%gmem_load_5_req = readreq i1 @_ssdm_op_ReadReq.m_axi.i32P1A, i32 %gmem_addr_2, i64 1" [cluster.cpp:34]   --->   Operation 313 'readreq' 'gmem_load_5_req' <Predicate = (!icmp_ln29)> <Delay = 4.66> <CoreInst = "m_axi">   --->   Core 119 'm_axi' <Latency = 6> <II = 1> <Delay = 1.00> <Adapter> <Opcode : 'read' 'write' 'readreq' 'writereq' 'writeresp'>
ST_10 : Operation 314 [70/71] (4.66ns)   --->   "%empty_19 = readreq i1 @_ssdm_op_ReadReq.m_axi.p1i32, i32 %gmem_addr_13, i64 3" [cluster.cpp:33]   --->   Operation 314 'readreq' 'empty_19' <Predicate = (!icmp_ln29)> <Delay = 4.66> <CoreInst = "m_axi">   --->   Core 119 'm_axi' <Latency = 6> <II = 1> <Delay = 1.00> <Adapter> <Opcode : 'read' 'write' 'readreq' 'writereq' 'writeresp'>
ST_10 : Operation 315 [71/71] (4.66ns)   --->   "%gmem_load_6_req = readreq i1 @_ssdm_op_ReadReq.m_axi.i32P1A, i32 %gmem_addr_3, i64 1" [cluster.cpp:34]   --->   Operation 315 'readreq' 'gmem_load_6_req' <Predicate = (!icmp_ln29)> <Delay = 4.66> <CoreInst = "m_axi">   --->   Core 119 'm_axi' <Latency = 6> <II = 1> <Delay = 1.00> <Adapter> <Opcode : 'read' 'write' 'readreq' 'writereq' 'writeresp'>

State 11 <SV = 10> <Delay = 4.66>
ST_11 : Operation 316 [63/71] (4.66ns)   --->   "%gmem_load_req = readreq i1 @_ssdm_op_ReadReq.m_axi.i32P1A, i32 %gmem_addr_10, i64 1" [cluster.cpp:34]   --->   Operation 316 'readreq' 'gmem_load_req' <Predicate = (!icmp_ln29)> <Delay = 4.66> <CoreInst = "m_axi">   --->   Core 119 'm_axi' <Latency = 6> <II = 1> <Delay = 1.00> <Adapter> <Opcode : 'read' 'write' 'readreq' 'writereq' 'writeresp'>
ST_11 : Operation 317 [64/71] (4.66ns)   --->   "%gmem_load_1_req = readreq i1 @_ssdm_op_ReadReq.m_axi.i32P1A, i32 %gmem_addr, i64 1" [cluster.cpp:34]   --->   Operation 317 'readreq' 'gmem_load_1_req' <Predicate = (!icmp_ln29)> <Delay = 4.66> <CoreInst = "m_axi">   --->   Core 119 'm_axi' <Latency = 6> <II = 1> <Delay = 1.00> <Adapter> <Opcode : 'read' 'write' 'readreq' 'writereq' 'writeresp'>
ST_11 : Operation 318 [65/71] (4.66ns)   --->   "%gmem_load_2_req = readreq i1 @_ssdm_op_ReadReq.m_axi.i32P1A, i32 %gmem_addr_11, i64 1" [cluster.cpp:34]   --->   Operation 318 'readreq' 'gmem_load_2_req' <Predicate = (!icmp_ln29)> <Delay = 4.66> <CoreInst = "m_axi">   --->   Core 119 'm_axi' <Latency = 6> <II = 1> <Delay = 1.00> <Adapter> <Opcode : 'read' 'write' 'readreq' 'writereq' 'writeresp'>
ST_11 : Operation 319 [66/71] (4.66ns)   --->   "%gmem_load_3_req = readreq i1 @_ssdm_op_ReadReq.m_axi.i32P1A, i32 %gmem_addr_1, i64 1" [cluster.cpp:34]   --->   Operation 319 'readreq' 'gmem_load_3_req' <Predicate = (!icmp_ln29)> <Delay = 4.66> <CoreInst = "m_axi">   --->   Core 119 'm_axi' <Latency = 6> <II = 1> <Delay = 1.00> <Adapter> <Opcode : 'read' 'write' 'readreq' 'writereq' 'writeresp'>
ST_11 : Operation 320 [67/71] (4.66ns)   --->   "%gmem_load_4_req = readreq i1 @_ssdm_op_ReadReq.m_axi.i32P1A, i32 %gmem_addr_12, i64 1" [cluster.cpp:34]   --->   Operation 320 'readreq' 'gmem_load_4_req' <Predicate = (!icmp_ln29)> <Delay = 4.66> <CoreInst = "m_axi">   --->   Core 119 'm_axi' <Latency = 6> <II = 1> <Delay = 1.00> <Adapter> <Opcode : 'read' 'write' 'readreq' 'writereq' 'writeresp'>
ST_11 : Operation 321 [68/71] (4.66ns)   --->   "%gmem_load_5_req = readreq i1 @_ssdm_op_ReadReq.m_axi.i32P1A, i32 %gmem_addr_2, i64 1" [cluster.cpp:34]   --->   Operation 321 'readreq' 'gmem_load_5_req' <Predicate = (!icmp_ln29)> <Delay = 4.66> <CoreInst = "m_axi">   --->   Core 119 'm_axi' <Latency = 6> <II = 1> <Delay = 1.00> <Adapter> <Opcode : 'read' 'write' 'readreq' 'writereq' 'writeresp'>
ST_11 : Operation 322 [69/71] (4.66ns)   --->   "%empty_19 = readreq i1 @_ssdm_op_ReadReq.m_axi.p1i32, i32 %gmem_addr_13, i64 3" [cluster.cpp:33]   --->   Operation 322 'readreq' 'empty_19' <Predicate = (!icmp_ln29)> <Delay = 4.66> <CoreInst = "m_axi">   --->   Core 119 'm_axi' <Latency = 6> <II = 1> <Delay = 1.00> <Adapter> <Opcode : 'read' 'write' 'readreq' 'writereq' 'writeresp'>
ST_11 : Operation 323 [70/71] (4.66ns)   --->   "%gmem_load_6_req = readreq i1 @_ssdm_op_ReadReq.m_axi.i32P1A, i32 %gmem_addr_3, i64 1" [cluster.cpp:34]   --->   Operation 323 'readreq' 'gmem_load_6_req' <Predicate = (!icmp_ln29)> <Delay = 4.66> <CoreInst = "m_axi">   --->   Core 119 'm_axi' <Latency = 6> <II = 1> <Delay = 1.00> <Adapter> <Opcode : 'read' 'write' 'readreq' 'writereq' 'writeresp'>

State 12 <SV = 11> <Delay = 4.66>
ST_12 : Operation 324 [1/1] (0.00ns)   --->   "%gmem_addr_4 = getelementptr i32 %gmem, i64 %p_cast14_cast"   --->   Operation 324 'getelementptr' 'gmem_addr_4' <Predicate = (!icmp_ln29)> <Delay = 0.00>
ST_12 : Operation 325 [62/71] (4.66ns)   --->   "%gmem_load_req = readreq i1 @_ssdm_op_ReadReq.m_axi.i32P1A, i32 %gmem_addr_10, i64 1" [cluster.cpp:34]   --->   Operation 325 'readreq' 'gmem_load_req' <Predicate = (!icmp_ln29)> <Delay = 4.66> <CoreInst = "m_axi">   --->   Core 119 'm_axi' <Latency = 6> <II = 1> <Delay = 1.00> <Adapter> <Opcode : 'read' 'write' 'readreq' 'writereq' 'writeresp'>
ST_12 : Operation 326 [63/71] (4.66ns)   --->   "%gmem_load_1_req = readreq i1 @_ssdm_op_ReadReq.m_axi.i32P1A, i32 %gmem_addr, i64 1" [cluster.cpp:34]   --->   Operation 326 'readreq' 'gmem_load_1_req' <Predicate = (!icmp_ln29)> <Delay = 4.66> <CoreInst = "m_axi">   --->   Core 119 'm_axi' <Latency = 6> <II = 1> <Delay = 1.00> <Adapter> <Opcode : 'read' 'write' 'readreq' 'writereq' 'writeresp'>
ST_12 : Operation 327 [64/71] (4.66ns)   --->   "%gmem_load_2_req = readreq i1 @_ssdm_op_ReadReq.m_axi.i32P1A, i32 %gmem_addr_11, i64 1" [cluster.cpp:34]   --->   Operation 327 'readreq' 'gmem_load_2_req' <Predicate = (!icmp_ln29)> <Delay = 4.66> <CoreInst = "m_axi">   --->   Core 119 'm_axi' <Latency = 6> <II = 1> <Delay = 1.00> <Adapter> <Opcode : 'read' 'write' 'readreq' 'writereq' 'writeresp'>
ST_12 : Operation 328 [65/71] (4.66ns)   --->   "%gmem_load_3_req = readreq i1 @_ssdm_op_ReadReq.m_axi.i32P1A, i32 %gmem_addr_1, i64 1" [cluster.cpp:34]   --->   Operation 328 'readreq' 'gmem_load_3_req' <Predicate = (!icmp_ln29)> <Delay = 4.66> <CoreInst = "m_axi">   --->   Core 119 'm_axi' <Latency = 6> <II = 1> <Delay = 1.00> <Adapter> <Opcode : 'read' 'write' 'readreq' 'writereq' 'writeresp'>
ST_12 : Operation 329 [66/71] (4.66ns)   --->   "%gmem_load_4_req = readreq i1 @_ssdm_op_ReadReq.m_axi.i32P1A, i32 %gmem_addr_12, i64 1" [cluster.cpp:34]   --->   Operation 329 'readreq' 'gmem_load_4_req' <Predicate = (!icmp_ln29)> <Delay = 4.66> <CoreInst = "m_axi">   --->   Core 119 'm_axi' <Latency = 6> <II = 1> <Delay = 1.00> <Adapter> <Opcode : 'read' 'write' 'readreq' 'writereq' 'writeresp'>
ST_12 : Operation 330 [67/71] (4.66ns)   --->   "%gmem_load_5_req = readreq i1 @_ssdm_op_ReadReq.m_axi.i32P1A, i32 %gmem_addr_2, i64 1" [cluster.cpp:34]   --->   Operation 330 'readreq' 'gmem_load_5_req' <Predicate = (!icmp_ln29)> <Delay = 4.66> <CoreInst = "m_axi">   --->   Core 119 'm_axi' <Latency = 6> <II = 1> <Delay = 1.00> <Adapter> <Opcode : 'read' 'write' 'readreq' 'writereq' 'writeresp'>
ST_12 : Operation 331 [68/71] (4.66ns)   --->   "%empty_19 = readreq i1 @_ssdm_op_ReadReq.m_axi.p1i32, i32 %gmem_addr_13, i64 3" [cluster.cpp:33]   --->   Operation 331 'readreq' 'empty_19' <Predicate = (!icmp_ln29)> <Delay = 4.66> <CoreInst = "m_axi">   --->   Core 119 'm_axi' <Latency = 6> <II = 1> <Delay = 1.00> <Adapter> <Opcode : 'read' 'write' 'readreq' 'writereq' 'writeresp'>
ST_12 : Operation 332 [69/71] (4.66ns)   --->   "%gmem_load_6_req = readreq i1 @_ssdm_op_ReadReq.m_axi.i32P1A, i32 %gmem_addr_3, i64 1" [cluster.cpp:34]   --->   Operation 332 'readreq' 'gmem_load_6_req' <Predicate = (!icmp_ln29)> <Delay = 4.66> <CoreInst = "m_axi">   --->   Core 119 'm_axi' <Latency = 6> <II = 1> <Delay = 1.00> <Adapter> <Opcode : 'read' 'write' 'readreq' 'writereq' 'writeresp'>
ST_12 : Operation 333 [71/71] (4.66ns)   --->   "%gmem_load_7_req = readreq i1 @_ssdm_op_ReadReq.m_axi.i32P1A, i32 %gmem_addr_4, i64 1" [cluster.cpp:34]   --->   Operation 333 'readreq' 'gmem_load_7_req' <Predicate = (!icmp_ln29)> <Delay = 4.66> <CoreInst = "m_axi">   --->   Core 119 'm_axi' <Latency = 6> <II = 1> <Delay = 1.00> <Adapter> <Opcode : 'read' 'write' 'readreq' 'writereq' 'writeresp'>

State 13 <SV = 12> <Delay = 4.66>
ST_13 : Operation 334 [61/71] (4.66ns)   --->   "%gmem_load_req = readreq i1 @_ssdm_op_ReadReq.m_axi.i32P1A, i32 %gmem_addr_10, i64 1" [cluster.cpp:34]   --->   Operation 334 'readreq' 'gmem_load_req' <Predicate = (!icmp_ln29)> <Delay = 4.66> <CoreInst = "m_axi">   --->   Core 119 'm_axi' <Latency = 6> <II = 1> <Delay = 1.00> <Adapter> <Opcode : 'read' 'write' 'readreq' 'writereq' 'writeresp'>
ST_13 : Operation 335 [62/71] (4.66ns)   --->   "%gmem_load_1_req = readreq i1 @_ssdm_op_ReadReq.m_axi.i32P1A, i32 %gmem_addr, i64 1" [cluster.cpp:34]   --->   Operation 335 'readreq' 'gmem_load_1_req' <Predicate = (!icmp_ln29)> <Delay = 4.66> <CoreInst = "m_axi">   --->   Core 119 'm_axi' <Latency = 6> <II = 1> <Delay = 1.00> <Adapter> <Opcode : 'read' 'write' 'readreq' 'writereq' 'writeresp'>
ST_13 : Operation 336 [63/71] (4.66ns)   --->   "%gmem_load_2_req = readreq i1 @_ssdm_op_ReadReq.m_axi.i32P1A, i32 %gmem_addr_11, i64 1" [cluster.cpp:34]   --->   Operation 336 'readreq' 'gmem_load_2_req' <Predicate = (!icmp_ln29)> <Delay = 4.66> <CoreInst = "m_axi">   --->   Core 119 'm_axi' <Latency = 6> <II = 1> <Delay = 1.00> <Adapter> <Opcode : 'read' 'write' 'readreq' 'writereq' 'writeresp'>
ST_13 : Operation 337 [64/71] (4.66ns)   --->   "%gmem_load_3_req = readreq i1 @_ssdm_op_ReadReq.m_axi.i32P1A, i32 %gmem_addr_1, i64 1" [cluster.cpp:34]   --->   Operation 337 'readreq' 'gmem_load_3_req' <Predicate = (!icmp_ln29)> <Delay = 4.66> <CoreInst = "m_axi">   --->   Core 119 'm_axi' <Latency = 6> <II = 1> <Delay = 1.00> <Adapter> <Opcode : 'read' 'write' 'readreq' 'writereq' 'writeresp'>
ST_13 : Operation 338 [65/71] (4.66ns)   --->   "%gmem_load_4_req = readreq i1 @_ssdm_op_ReadReq.m_axi.i32P1A, i32 %gmem_addr_12, i64 1" [cluster.cpp:34]   --->   Operation 338 'readreq' 'gmem_load_4_req' <Predicate = (!icmp_ln29)> <Delay = 4.66> <CoreInst = "m_axi">   --->   Core 119 'm_axi' <Latency = 6> <II = 1> <Delay = 1.00> <Adapter> <Opcode : 'read' 'write' 'readreq' 'writereq' 'writeresp'>
ST_13 : Operation 339 [66/71] (4.66ns)   --->   "%gmem_load_5_req = readreq i1 @_ssdm_op_ReadReq.m_axi.i32P1A, i32 %gmem_addr_2, i64 1" [cluster.cpp:34]   --->   Operation 339 'readreq' 'gmem_load_5_req' <Predicate = (!icmp_ln29)> <Delay = 4.66> <CoreInst = "m_axi">   --->   Core 119 'm_axi' <Latency = 6> <II = 1> <Delay = 1.00> <Adapter> <Opcode : 'read' 'write' 'readreq' 'writereq' 'writeresp'>
ST_13 : Operation 340 [67/71] (4.66ns)   --->   "%empty_19 = readreq i1 @_ssdm_op_ReadReq.m_axi.p1i32, i32 %gmem_addr_13, i64 3" [cluster.cpp:33]   --->   Operation 340 'readreq' 'empty_19' <Predicate = (!icmp_ln29)> <Delay = 4.66> <CoreInst = "m_axi">   --->   Core 119 'm_axi' <Latency = 6> <II = 1> <Delay = 1.00> <Adapter> <Opcode : 'read' 'write' 'readreq' 'writereq' 'writeresp'>
ST_13 : Operation 341 [68/71] (4.66ns)   --->   "%gmem_load_6_req = readreq i1 @_ssdm_op_ReadReq.m_axi.i32P1A, i32 %gmem_addr_3, i64 1" [cluster.cpp:34]   --->   Operation 341 'readreq' 'gmem_load_6_req' <Predicate = (!icmp_ln29)> <Delay = 4.66> <CoreInst = "m_axi">   --->   Core 119 'm_axi' <Latency = 6> <II = 1> <Delay = 1.00> <Adapter> <Opcode : 'read' 'write' 'readreq' 'writereq' 'writeresp'>
ST_13 : Operation 342 [70/71] (4.66ns)   --->   "%gmem_load_7_req = readreq i1 @_ssdm_op_ReadReq.m_axi.i32P1A, i32 %gmem_addr_4, i64 1" [cluster.cpp:34]   --->   Operation 342 'readreq' 'gmem_load_7_req' <Predicate = (!icmp_ln29)> <Delay = 4.66> <CoreInst = "m_axi">   --->   Core 119 'm_axi' <Latency = 6> <II = 1> <Delay = 1.00> <Adapter> <Opcode : 'read' 'write' 'readreq' 'writereq' 'writeresp'>

State 14 <SV = 13> <Delay = 4.66>
ST_14 : Operation 343 [1/1] (0.00ns)   --->   "%gmem_addr_5 = getelementptr i32 %gmem, i64 %p_cast15_cast"   --->   Operation 343 'getelementptr' 'gmem_addr_5' <Predicate = (!icmp_ln29)> <Delay = 0.00>
ST_14 : Operation 344 [60/71] (4.66ns)   --->   "%gmem_load_req = readreq i1 @_ssdm_op_ReadReq.m_axi.i32P1A, i32 %gmem_addr_10, i64 1" [cluster.cpp:34]   --->   Operation 344 'readreq' 'gmem_load_req' <Predicate = (!icmp_ln29)> <Delay = 4.66> <CoreInst = "m_axi">   --->   Core 119 'm_axi' <Latency = 6> <II = 1> <Delay = 1.00> <Adapter> <Opcode : 'read' 'write' 'readreq' 'writereq' 'writeresp'>
ST_14 : Operation 345 [61/71] (4.66ns)   --->   "%gmem_load_1_req = readreq i1 @_ssdm_op_ReadReq.m_axi.i32P1A, i32 %gmem_addr, i64 1" [cluster.cpp:34]   --->   Operation 345 'readreq' 'gmem_load_1_req' <Predicate = (!icmp_ln29)> <Delay = 4.66> <CoreInst = "m_axi">   --->   Core 119 'm_axi' <Latency = 6> <II = 1> <Delay = 1.00> <Adapter> <Opcode : 'read' 'write' 'readreq' 'writereq' 'writeresp'>
ST_14 : Operation 346 [62/71] (4.66ns)   --->   "%gmem_load_2_req = readreq i1 @_ssdm_op_ReadReq.m_axi.i32P1A, i32 %gmem_addr_11, i64 1" [cluster.cpp:34]   --->   Operation 346 'readreq' 'gmem_load_2_req' <Predicate = (!icmp_ln29)> <Delay = 4.66> <CoreInst = "m_axi">   --->   Core 119 'm_axi' <Latency = 6> <II = 1> <Delay = 1.00> <Adapter> <Opcode : 'read' 'write' 'readreq' 'writereq' 'writeresp'>
ST_14 : Operation 347 [63/71] (4.66ns)   --->   "%gmem_load_3_req = readreq i1 @_ssdm_op_ReadReq.m_axi.i32P1A, i32 %gmem_addr_1, i64 1" [cluster.cpp:34]   --->   Operation 347 'readreq' 'gmem_load_3_req' <Predicate = (!icmp_ln29)> <Delay = 4.66> <CoreInst = "m_axi">   --->   Core 119 'm_axi' <Latency = 6> <II = 1> <Delay = 1.00> <Adapter> <Opcode : 'read' 'write' 'readreq' 'writereq' 'writeresp'>
ST_14 : Operation 348 [64/71] (4.66ns)   --->   "%gmem_load_4_req = readreq i1 @_ssdm_op_ReadReq.m_axi.i32P1A, i32 %gmem_addr_12, i64 1" [cluster.cpp:34]   --->   Operation 348 'readreq' 'gmem_load_4_req' <Predicate = (!icmp_ln29)> <Delay = 4.66> <CoreInst = "m_axi">   --->   Core 119 'm_axi' <Latency = 6> <II = 1> <Delay = 1.00> <Adapter> <Opcode : 'read' 'write' 'readreq' 'writereq' 'writeresp'>
ST_14 : Operation 349 [65/71] (4.66ns)   --->   "%gmem_load_5_req = readreq i1 @_ssdm_op_ReadReq.m_axi.i32P1A, i32 %gmem_addr_2, i64 1" [cluster.cpp:34]   --->   Operation 349 'readreq' 'gmem_load_5_req' <Predicate = (!icmp_ln29)> <Delay = 4.66> <CoreInst = "m_axi">   --->   Core 119 'm_axi' <Latency = 6> <II = 1> <Delay = 1.00> <Adapter> <Opcode : 'read' 'write' 'readreq' 'writereq' 'writeresp'>
ST_14 : Operation 350 [66/71] (4.66ns)   --->   "%empty_19 = readreq i1 @_ssdm_op_ReadReq.m_axi.p1i32, i32 %gmem_addr_13, i64 3" [cluster.cpp:33]   --->   Operation 350 'readreq' 'empty_19' <Predicate = (!icmp_ln29)> <Delay = 4.66> <CoreInst = "m_axi">   --->   Core 119 'm_axi' <Latency = 6> <II = 1> <Delay = 1.00> <Adapter> <Opcode : 'read' 'write' 'readreq' 'writereq' 'writeresp'>
ST_14 : Operation 351 [67/71] (4.66ns)   --->   "%gmem_load_6_req = readreq i1 @_ssdm_op_ReadReq.m_axi.i32P1A, i32 %gmem_addr_3, i64 1" [cluster.cpp:34]   --->   Operation 351 'readreq' 'gmem_load_6_req' <Predicate = (!icmp_ln29)> <Delay = 4.66> <CoreInst = "m_axi">   --->   Core 119 'm_axi' <Latency = 6> <II = 1> <Delay = 1.00> <Adapter> <Opcode : 'read' 'write' 'readreq' 'writereq' 'writeresp'>
ST_14 : Operation 352 [69/71] (4.66ns)   --->   "%gmem_load_7_req = readreq i1 @_ssdm_op_ReadReq.m_axi.i32P1A, i32 %gmem_addr_4, i64 1" [cluster.cpp:34]   --->   Operation 352 'readreq' 'gmem_load_7_req' <Predicate = (!icmp_ln29)> <Delay = 4.66> <CoreInst = "m_axi">   --->   Core 119 'm_axi' <Latency = 6> <II = 1> <Delay = 1.00> <Adapter> <Opcode : 'read' 'write' 'readreq' 'writereq' 'writeresp'>
ST_14 : Operation 353 [71/71] (4.66ns)   --->   "%gmem_load_8_req = readreq i1 @_ssdm_op_ReadReq.m_axi.i32P1A, i32 %gmem_addr_5, i64 1" [cluster.cpp:34]   --->   Operation 353 'readreq' 'gmem_load_8_req' <Predicate = (!icmp_ln29)> <Delay = 4.66> <CoreInst = "m_axi">   --->   Core 119 'm_axi' <Latency = 6> <II = 1> <Delay = 1.00> <Adapter> <Opcode : 'read' 'write' 'readreq' 'writereq' 'writeresp'>
ST_14 : Operation 354 [1/1] (0.89ns)   --->   "%tmp2 = add i20 %tmp_2, i20 4096" [cluster.cpp:29]   --->   Operation 354 'add' 'tmp2' <Predicate = (!icmp_ln29)> <Delay = 0.89> <CoreInst = "Adder">   --->   Core 1 'Adder' <Latency = 0> <II = 1> <Delay = 0.89> <FuncUnit> <Opcode : 'add' 'sub'> <InPorts = 2> <OutPorts = 1>
ST_14 : Operation 355 [1/1] (0.00ns)   --->   "%tmp2_cast = zext i20 %tmp2" [cluster.cpp:29]   --->   Operation 355 'zext' 'tmp2_cast' <Predicate = (!icmp_ln29)> <Delay = 0.00>
ST_14 : Operation 356 [1/1] (1.08ns)   --->   "%empty_20 = add i64 %tmp2_cast, i64 %input_image_read" [cluster.cpp:29]   --->   Operation 356 'add' 'empty_20' <Predicate = (!icmp_ln29)> <Delay = 1.08> <CoreInst = "Adder">   --->   Core 1 'Adder' <Latency = 0> <II = 1> <Delay = 1.08> <FuncUnit> <Opcode : 'add' 'sub'> <InPorts = 2> <OutPorts = 1>
ST_14 : Operation 357 [1/1] (0.00ns)   --->   "%trunc_ln33_2 = partselect i62 @_ssdm_op_PartSelect.i62.i64.i32.i32, i64 %empty_20, i32 2, i32 63" [cluster.cpp:33]   --->   Operation 357 'partselect' 'trunc_ln33_2' <Predicate = (!icmp_ln29)> <Delay = 0.00>
ST_14 : Operation 358 [1/1] (0.00ns)   --->   "%sext_ln33_2 = sext i62 %trunc_ln33_2" [cluster.cpp:33]   --->   Operation 358 'sext' 'sext_ln33_2' <Predicate = (!icmp_ln29)> <Delay = 0.00>
ST_14 : Operation 359 [1/1] (0.00ns)   --->   "%gmem_addr_14 = getelementptr i32 %gmem, i64 %sext_ln33_2" [cluster.cpp:33]   --->   Operation 359 'getelementptr' 'gmem_addr_14' <Predicate = (!icmp_ln29)> <Delay = 0.00>

State 15 <SV = 14> <Delay = 4.66>
ST_15 : Operation 360 [59/71] (4.66ns)   --->   "%gmem_load_req = readreq i1 @_ssdm_op_ReadReq.m_axi.i32P1A, i32 %gmem_addr_10, i64 1" [cluster.cpp:34]   --->   Operation 360 'readreq' 'gmem_load_req' <Predicate = (!icmp_ln29)> <Delay = 4.66> <CoreInst = "m_axi">   --->   Core 119 'm_axi' <Latency = 6> <II = 1> <Delay = 1.00> <Adapter> <Opcode : 'read' 'write' 'readreq' 'writereq' 'writeresp'>
ST_15 : Operation 361 [60/71] (4.66ns)   --->   "%gmem_load_1_req = readreq i1 @_ssdm_op_ReadReq.m_axi.i32P1A, i32 %gmem_addr, i64 1" [cluster.cpp:34]   --->   Operation 361 'readreq' 'gmem_load_1_req' <Predicate = (!icmp_ln29)> <Delay = 4.66> <CoreInst = "m_axi">   --->   Core 119 'm_axi' <Latency = 6> <II = 1> <Delay = 1.00> <Adapter> <Opcode : 'read' 'write' 'readreq' 'writereq' 'writeresp'>
ST_15 : Operation 362 [61/71] (4.66ns)   --->   "%gmem_load_2_req = readreq i1 @_ssdm_op_ReadReq.m_axi.i32P1A, i32 %gmem_addr_11, i64 1" [cluster.cpp:34]   --->   Operation 362 'readreq' 'gmem_load_2_req' <Predicate = (!icmp_ln29)> <Delay = 4.66> <CoreInst = "m_axi">   --->   Core 119 'm_axi' <Latency = 6> <II = 1> <Delay = 1.00> <Adapter> <Opcode : 'read' 'write' 'readreq' 'writereq' 'writeresp'>
ST_15 : Operation 363 [62/71] (4.66ns)   --->   "%gmem_load_3_req = readreq i1 @_ssdm_op_ReadReq.m_axi.i32P1A, i32 %gmem_addr_1, i64 1" [cluster.cpp:34]   --->   Operation 363 'readreq' 'gmem_load_3_req' <Predicate = (!icmp_ln29)> <Delay = 4.66> <CoreInst = "m_axi">   --->   Core 119 'm_axi' <Latency = 6> <II = 1> <Delay = 1.00> <Adapter> <Opcode : 'read' 'write' 'readreq' 'writereq' 'writeresp'>
ST_15 : Operation 364 [63/71] (4.66ns)   --->   "%gmem_load_4_req = readreq i1 @_ssdm_op_ReadReq.m_axi.i32P1A, i32 %gmem_addr_12, i64 1" [cluster.cpp:34]   --->   Operation 364 'readreq' 'gmem_load_4_req' <Predicate = (!icmp_ln29)> <Delay = 4.66> <CoreInst = "m_axi">   --->   Core 119 'm_axi' <Latency = 6> <II = 1> <Delay = 1.00> <Adapter> <Opcode : 'read' 'write' 'readreq' 'writereq' 'writeresp'>
ST_15 : Operation 365 [64/71] (4.66ns)   --->   "%gmem_load_5_req = readreq i1 @_ssdm_op_ReadReq.m_axi.i32P1A, i32 %gmem_addr_2, i64 1" [cluster.cpp:34]   --->   Operation 365 'readreq' 'gmem_load_5_req' <Predicate = (!icmp_ln29)> <Delay = 4.66> <CoreInst = "m_axi">   --->   Core 119 'm_axi' <Latency = 6> <II = 1> <Delay = 1.00> <Adapter> <Opcode : 'read' 'write' 'readreq' 'writereq' 'writeresp'>
ST_15 : Operation 366 [65/71] (4.66ns)   --->   "%empty_19 = readreq i1 @_ssdm_op_ReadReq.m_axi.p1i32, i32 %gmem_addr_13, i64 3" [cluster.cpp:33]   --->   Operation 366 'readreq' 'empty_19' <Predicate = (!icmp_ln29)> <Delay = 4.66> <CoreInst = "m_axi">   --->   Core 119 'm_axi' <Latency = 6> <II = 1> <Delay = 1.00> <Adapter> <Opcode : 'read' 'write' 'readreq' 'writereq' 'writeresp'>
ST_15 : Operation 367 [66/71] (4.66ns)   --->   "%gmem_load_6_req = readreq i1 @_ssdm_op_ReadReq.m_axi.i32P1A, i32 %gmem_addr_3, i64 1" [cluster.cpp:34]   --->   Operation 367 'readreq' 'gmem_load_6_req' <Predicate = (!icmp_ln29)> <Delay = 4.66> <CoreInst = "m_axi">   --->   Core 119 'm_axi' <Latency = 6> <II = 1> <Delay = 1.00> <Adapter> <Opcode : 'read' 'write' 'readreq' 'writereq' 'writeresp'>
ST_15 : Operation 368 [68/71] (4.66ns)   --->   "%gmem_load_7_req = readreq i1 @_ssdm_op_ReadReq.m_axi.i32P1A, i32 %gmem_addr_4, i64 1" [cluster.cpp:34]   --->   Operation 368 'readreq' 'gmem_load_7_req' <Predicate = (!icmp_ln29)> <Delay = 4.66> <CoreInst = "m_axi">   --->   Core 119 'm_axi' <Latency = 6> <II = 1> <Delay = 1.00> <Adapter> <Opcode : 'read' 'write' 'readreq' 'writereq' 'writeresp'>
ST_15 : Operation 369 [70/71] (4.66ns)   --->   "%gmem_load_8_req = readreq i1 @_ssdm_op_ReadReq.m_axi.i32P1A, i32 %gmem_addr_5, i64 1" [cluster.cpp:34]   --->   Operation 369 'readreq' 'gmem_load_8_req' <Predicate = (!icmp_ln29)> <Delay = 4.66> <CoreInst = "m_axi">   --->   Core 119 'm_axi' <Latency = 6> <II = 1> <Delay = 1.00> <Adapter> <Opcode : 'read' 'write' 'readreq' 'writereq' 'writeresp'>
ST_15 : Operation 370 [71/71] (4.66ns)   --->   "%empty_21 = readreq i1 @_ssdm_op_ReadReq.m_axi.p1i32, i32 %gmem_addr_14, i64 3" [cluster.cpp:33]   --->   Operation 370 'readreq' 'empty_21' <Predicate = (!icmp_ln29)> <Delay = 4.66> <CoreInst = "m_axi">   --->   Core 119 'm_axi' <Latency = 6> <II = 1> <Delay = 1.00> <Adapter> <Opcode : 'read' 'write' 'readreq' 'writereq' 'writeresp'>

State 16 <SV = 15> <Delay = 4.66>
ST_16 : Operation 371 [1/1] (0.00ns)   --->   "%gmem_addr_6 = getelementptr i32 %gmem, i64 %p_cast16_cast"   --->   Operation 371 'getelementptr' 'gmem_addr_6' <Predicate = (!icmp_ln29)> <Delay = 0.00>
ST_16 : Operation 372 [58/71] (4.66ns)   --->   "%gmem_load_req = readreq i1 @_ssdm_op_ReadReq.m_axi.i32P1A, i32 %gmem_addr_10, i64 1" [cluster.cpp:34]   --->   Operation 372 'readreq' 'gmem_load_req' <Predicate = (!icmp_ln29)> <Delay = 4.66> <CoreInst = "m_axi">   --->   Core 119 'm_axi' <Latency = 6> <II = 1> <Delay = 1.00> <Adapter> <Opcode : 'read' 'write' 'readreq' 'writereq' 'writeresp'>
ST_16 : Operation 373 [59/71] (4.66ns)   --->   "%gmem_load_1_req = readreq i1 @_ssdm_op_ReadReq.m_axi.i32P1A, i32 %gmem_addr, i64 1" [cluster.cpp:34]   --->   Operation 373 'readreq' 'gmem_load_1_req' <Predicate = (!icmp_ln29)> <Delay = 4.66> <CoreInst = "m_axi">   --->   Core 119 'm_axi' <Latency = 6> <II = 1> <Delay = 1.00> <Adapter> <Opcode : 'read' 'write' 'readreq' 'writereq' 'writeresp'>
ST_16 : Operation 374 [60/71] (4.66ns)   --->   "%gmem_load_2_req = readreq i1 @_ssdm_op_ReadReq.m_axi.i32P1A, i32 %gmem_addr_11, i64 1" [cluster.cpp:34]   --->   Operation 374 'readreq' 'gmem_load_2_req' <Predicate = (!icmp_ln29)> <Delay = 4.66> <CoreInst = "m_axi">   --->   Core 119 'm_axi' <Latency = 6> <II = 1> <Delay = 1.00> <Adapter> <Opcode : 'read' 'write' 'readreq' 'writereq' 'writeresp'>
ST_16 : Operation 375 [61/71] (4.66ns)   --->   "%gmem_load_3_req = readreq i1 @_ssdm_op_ReadReq.m_axi.i32P1A, i32 %gmem_addr_1, i64 1" [cluster.cpp:34]   --->   Operation 375 'readreq' 'gmem_load_3_req' <Predicate = (!icmp_ln29)> <Delay = 4.66> <CoreInst = "m_axi">   --->   Core 119 'm_axi' <Latency = 6> <II = 1> <Delay = 1.00> <Adapter> <Opcode : 'read' 'write' 'readreq' 'writereq' 'writeresp'>
ST_16 : Operation 376 [62/71] (4.66ns)   --->   "%gmem_load_4_req = readreq i1 @_ssdm_op_ReadReq.m_axi.i32P1A, i32 %gmem_addr_12, i64 1" [cluster.cpp:34]   --->   Operation 376 'readreq' 'gmem_load_4_req' <Predicate = (!icmp_ln29)> <Delay = 4.66> <CoreInst = "m_axi">   --->   Core 119 'm_axi' <Latency = 6> <II = 1> <Delay = 1.00> <Adapter> <Opcode : 'read' 'write' 'readreq' 'writereq' 'writeresp'>
ST_16 : Operation 377 [63/71] (4.66ns)   --->   "%gmem_load_5_req = readreq i1 @_ssdm_op_ReadReq.m_axi.i32P1A, i32 %gmem_addr_2, i64 1" [cluster.cpp:34]   --->   Operation 377 'readreq' 'gmem_load_5_req' <Predicate = (!icmp_ln29)> <Delay = 4.66> <CoreInst = "m_axi">   --->   Core 119 'm_axi' <Latency = 6> <II = 1> <Delay = 1.00> <Adapter> <Opcode : 'read' 'write' 'readreq' 'writereq' 'writeresp'>
ST_16 : Operation 378 [64/71] (4.66ns)   --->   "%empty_19 = readreq i1 @_ssdm_op_ReadReq.m_axi.p1i32, i32 %gmem_addr_13, i64 3" [cluster.cpp:33]   --->   Operation 378 'readreq' 'empty_19' <Predicate = (!icmp_ln29)> <Delay = 4.66> <CoreInst = "m_axi">   --->   Core 119 'm_axi' <Latency = 6> <II = 1> <Delay = 1.00> <Adapter> <Opcode : 'read' 'write' 'readreq' 'writereq' 'writeresp'>
ST_16 : Operation 379 [65/71] (4.66ns)   --->   "%gmem_load_6_req = readreq i1 @_ssdm_op_ReadReq.m_axi.i32P1A, i32 %gmem_addr_3, i64 1" [cluster.cpp:34]   --->   Operation 379 'readreq' 'gmem_load_6_req' <Predicate = (!icmp_ln29)> <Delay = 4.66> <CoreInst = "m_axi">   --->   Core 119 'm_axi' <Latency = 6> <II = 1> <Delay = 1.00> <Adapter> <Opcode : 'read' 'write' 'readreq' 'writereq' 'writeresp'>
ST_16 : Operation 380 [67/71] (4.66ns)   --->   "%gmem_load_7_req = readreq i1 @_ssdm_op_ReadReq.m_axi.i32P1A, i32 %gmem_addr_4, i64 1" [cluster.cpp:34]   --->   Operation 380 'readreq' 'gmem_load_7_req' <Predicate = (!icmp_ln29)> <Delay = 4.66> <CoreInst = "m_axi">   --->   Core 119 'm_axi' <Latency = 6> <II = 1> <Delay = 1.00> <Adapter> <Opcode : 'read' 'write' 'readreq' 'writereq' 'writeresp'>
ST_16 : Operation 381 [69/71] (4.66ns)   --->   "%gmem_load_8_req = readreq i1 @_ssdm_op_ReadReq.m_axi.i32P1A, i32 %gmem_addr_5, i64 1" [cluster.cpp:34]   --->   Operation 381 'readreq' 'gmem_load_8_req' <Predicate = (!icmp_ln29)> <Delay = 4.66> <CoreInst = "m_axi">   --->   Core 119 'm_axi' <Latency = 6> <II = 1> <Delay = 1.00> <Adapter> <Opcode : 'read' 'write' 'readreq' 'writereq' 'writeresp'>
ST_16 : Operation 382 [70/71] (4.66ns)   --->   "%empty_21 = readreq i1 @_ssdm_op_ReadReq.m_axi.p1i32, i32 %gmem_addr_14, i64 3" [cluster.cpp:33]   --->   Operation 382 'readreq' 'empty_21' <Predicate = (!icmp_ln29)> <Delay = 4.66> <CoreInst = "m_axi">   --->   Core 119 'm_axi' <Latency = 6> <II = 1> <Delay = 1.00> <Adapter> <Opcode : 'read' 'write' 'readreq' 'writereq' 'writeresp'>
ST_16 : Operation 383 [71/71] (4.66ns)   --->   "%gmem_load_9_req = readreq i1 @_ssdm_op_ReadReq.m_axi.i32P1A, i32 %gmem_addr_6, i64 1" [cluster.cpp:34]   --->   Operation 383 'readreq' 'gmem_load_9_req' <Predicate = (!icmp_ln29)> <Delay = 4.66> <CoreInst = "m_axi">   --->   Core 119 'm_axi' <Latency = 6> <II = 1> <Delay = 1.00> <Adapter> <Opcode : 'read' 'write' 'readreq' 'writereq' 'writeresp'>

State 17 <SV = 16> <Delay = 4.66>
ST_17 : Operation 384 [57/71] (4.66ns)   --->   "%gmem_load_req = readreq i1 @_ssdm_op_ReadReq.m_axi.i32P1A, i32 %gmem_addr_10, i64 1" [cluster.cpp:34]   --->   Operation 384 'readreq' 'gmem_load_req' <Predicate = (!icmp_ln29)> <Delay = 4.66> <CoreInst = "m_axi">   --->   Core 119 'm_axi' <Latency = 6> <II = 1> <Delay = 1.00> <Adapter> <Opcode : 'read' 'write' 'readreq' 'writereq' 'writeresp'>
ST_17 : Operation 385 [58/71] (4.66ns)   --->   "%gmem_load_1_req = readreq i1 @_ssdm_op_ReadReq.m_axi.i32P1A, i32 %gmem_addr, i64 1" [cluster.cpp:34]   --->   Operation 385 'readreq' 'gmem_load_1_req' <Predicate = (!icmp_ln29)> <Delay = 4.66> <CoreInst = "m_axi">   --->   Core 119 'm_axi' <Latency = 6> <II = 1> <Delay = 1.00> <Adapter> <Opcode : 'read' 'write' 'readreq' 'writereq' 'writeresp'>
ST_17 : Operation 386 [59/71] (4.66ns)   --->   "%gmem_load_2_req = readreq i1 @_ssdm_op_ReadReq.m_axi.i32P1A, i32 %gmem_addr_11, i64 1" [cluster.cpp:34]   --->   Operation 386 'readreq' 'gmem_load_2_req' <Predicate = (!icmp_ln29)> <Delay = 4.66> <CoreInst = "m_axi">   --->   Core 119 'm_axi' <Latency = 6> <II = 1> <Delay = 1.00> <Adapter> <Opcode : 'read' 'write' 'readreq' 'writereq' 'writeresp'>
ST_17 : Operation 387 [60/71] (4.66ns)   --->   "%gmem_load_3_req = readreq i1 @_ssdm_op_ReadReq.m_axi.i32P1A, i32 %gmem_addr_1, i64 1" [cluster.cpp:34]   --->   Operation 387 'readreq' 'gmem_load_3_req' <Predicate = (!icmp_ln29)> <Delay = 4.66> <CoreInst = "m_axi">   --->   Core 119 'm_axi' <Latency = 6> <II = 1> <Delay = 1.00> <Adapter> <Opcode : 'read' 'write' 'readreq' 'writereq' 'writeresp'>
ST_17 : Operation 388 [61/71] (4.66ns)   --->   "%gmem_load_4_req = readreq i1 @_ssdm_op_ReadReq.m_axi.i32P1A, i32 %gmem_addr_12, i64 1" [cluster.cpp:34]   --->   Operation 388 'readreq' 'gmem_load_4_req' <Predicate = (!icmp_ln29)> <Delay = 4.66> <CoreInst = "m_axi">   --->   Core 119 'm_axi' <Latency = 6> <II = 1> <Delay = 1.00> <Adapter> <Opcode : 'read' 'write' 'readreq' 'writereq' 'writeresp'>
ST_17 : Operation 389 [62/71] (4.66ns)   --->   "%gmem_load_5_req = readreq i1 @_ssdm_op_ReadReq.m_axi.i32P1A, i32 %gmem_addr_2, i64 1" [cluster.cpp:34]   --->   Operation 389 'readreq' 'gmem_load_5_req' <Predicate = (!icmp_ln29)> <Delay = 4.66> <CoreInst = "m_axi">   --->   Core 119 'm_axi' <Latency = 6> <II = 1> <Delay = 1.00> <Adapter> <Opcode : 'read' 'write' 'readreq' 'writereq' 'writeresp'>
ST_17 : Operation 390 [63/71] (4.66ns)   --->   "%empty_19 = readreq i1 @_ssdm_op_ReadReq.m_axi.p1i32, i32 %gmem_addr_13, i64 3" [cluster.cpp:33]   --->   Operation 390 'readreq' 'empty_19' <Predicate = (!icmp_ln29)> <Delay = 4.66> <CoreInst = "m_axi">   --->   Core 119 'm_axi' <Latency = 6> <II = 1> <Delay = 1.00> <Adapter> <Opcode : 'read' 'write' 'readreq' 'writereq' 'writeresp'>
ST_17 : Operation 391 [64/71] (4.66ns)   --->   "%gmem_load_6_req = readreq i1 @_ssdm_op_ReadReq.m_axi.i32P1A, i32 %gmem_addr_3, i64 1" [cluster.cpp:34]   --->   Operation 391 'readreq' 'gmem_load_6_req' <Predicate = (!icmp_ln29)> <Delay = 4.66> <CoreInst = "m_axi">   --->   Core 119 'm_axi' <Latency = 6> <II = 1> <Delay = 1.00> <Adapter> <Opcode : 'read' 'write' 'readreq' 'writereq' 'writeresp'>
ST_17 : Operation 392 [66/71] (4.66ns)   --->   "%gmem_load_7_req = readreq i1 @_ssdm_op_ReadReq.m_axi.i32P1A, i32 %gmem_addr_4, i64 1" [cluster.cpp:34]   --->   Operation 392 'readreq' 'gmem_load_7_req' <Predicate = (!icmp_ln29)> <Delay = 4.66> <CoreInst = "m_axi">   --->   Core 119 'm_axi' <Latency = 6> <II = 1> <Delay = 1.00> <Adapter> <Opcode : 'read' 'write' 'readreq' 'writereq' 'writeresp'>
ST_17 : Operation 393 [68/71] (4.66ns)   --->   "%gmem_load_8_req = readreq i1 @_ssdm_op_ReadReq.m_axi.i32P1A, i32 %gmem_addr_5, i64 1" [cluster.cpp:34]   --->   Operation 393 'readreq' 'gmem_load_8_req' <Predicate = (!icmp_ln29)> <Delay = 4.66> <CoreInst = "m_axi">   --->   Core 119 'm_axi' <Latency = 6> <II = 1> <Delay = 1.00> <Adapter> <Opcode : 'read' 'write' 'readreq' 'writereq' 'writeresp'>
ST_17 : Operation 394 [69/71] (4.66ns)   --->   "%empty_21 = readreq i1 @_ssdm_op_ReadReq.m_axi.p1i32, i32 %gmem_addr_14, i64 3" [cluster.cpp:33]   --->   Operation 394 'readreq' 'empty_21' <Predicate = (!icmp_ln29)> <Delay = 4.66> <CoreInst = "m_axi">   --->   Core 119 'm_axi' <Latency = 6> <II = 1> <Delay = 1.00> <Adapter> <Opcode : 'read' 'write' 'readreq' 'writereq' 'writeresp'>
ST_17 : Operation 395 [70/71] (4.66ns)   --->   "%gmem_load_9_req = readreq i1 @_ssdm_op_ReadReq.m_axi.i32P1A, i32 %gmem_addr_6, i64 1" [cluster.cpp:34]   --->   Operation 395 'readreq' 'gmem_load_9_req' <Predicate = (!icmp_ln29)> <Delay = 4.66> <CoreInst = "m_axi">   --->   Core 119 'm_axi' <Latency = 6> <II = 1> <Delay = 1.00> <Adapter> <Opcode : 'read' 'write' 'readreq' 'writereq' 'writeresp'>

State 18 <SV = 17> <Delay = 4.66>
ST_18 : Operation 396 [1/1] (0.00ns)   --->   "%gmem_addr_7 = getelementptr i32 %gmem, i64 %p_cast17_cast"   --->   Operation 396 'getelementptr' 'gmem_addr_7' <Predicate = (!icmp_ln29)> <Delay = 0.00>
ST_18 : Operation 397 [56/71] (4.66ns)   --->   "%gmem_load_req = readreq i1 @_ssdm_op_ReadReq.m_axi.i32P1A, i32 %gmem_addr_10, i64 1" [cluster.cpp:34]   --->   Operation 397 'readreq' 'gmem_load_req' <Predicate = (!icmp_ln29)> <Delay = 4.66> <CoreInst = "m_axi">   --->   Core 119 'm_axi' <Latency = 6> <II = 1> <Delay = 1.00> <Adapter> <Opcode : 'read' 'write' 'readreq' 'writereq' 'writeresp'>
ST_18 : Operation 398 [57/71] (4.66ns)   --->   "%gmem_load_1_req = readreq i1 @_ssdm_op_ReadReq.m_axi.i32P1A, i32 %gmem_addr, i64 1" [cluster.cpp:34]   --->   Operation 398 'readreq' 'gmem_load_1_req' <Predicate = (!icmp_ln29)> <Delay = 4.66> <CoreInst = "m_axi">   --->   Core 119 'm_axi' <Latency = 6> <II = 1> <Delay = 1.00> <Adapter> <Opcode : 'read' 'write' 'readreq' 'writereq' 'writeresp'>
ST_18 : Operation 399 [58/71] (4.66ns)   --->   "%gmem_load_2_req = readreq i1 @_ssdm_op_ReadReq.m_axi.i32P1A, i32 %gmem_addr_11, i64 1" [cluster.cpp:34]   --->   Operation 399 'readreq' 'gmem_load_2_req' <Predicate = (!icmp_ln29)> <Delay = 4.66> <CoreInst = "m_axi">   --->   Core 119 'm_axi' <Latency = 6> <II = 1> <Delay = 1.00> <Adapter> <Opcode : 'read' 'write' 'readreq' 'writereq' 'writeresp'>
ST_18 : Operation 400 [59/71] (4.66ns)   --->   "%gmem_load_3_req = readreq i1 @_ssdm_op_ReadReq.m_axi.i32P1A, i32 %gmem_addr_1, i64 1" [cluster.cpp:34]   --->   Operation 400 'readreq' 'gmem_load_3_req' <Predicate = (!icmp_ln29)> <Delay = 4.66> <CoreInst = "m_axi">   --->   Core 119 'm_axi' <Latency = 6> <II = 1> <Delay = 1.00> <Adapter> <Opcode : 'read' 'write' 'readreq' 'writereq' 'writeresp'>
ST_18 : Operation 401 [60/71] (4.66ns)   --->   "%gmem_load_4_req = readreq i1 @_ssdm_op_ReadReq.m_axi.i32P1A, i32 %gmem_addr_12, i64 1" [cluster.cpp:34]   --->   Operation 401 'readreq' 'gmem_load_4_req' <Predicate = (!icmp_ln29)> <Delay = 4.66> <CoreInst = "m_axi">   --->   Core 119 'm_axi' <Latency = 6> <II = 1> <Delay = 1.00> <Adapter> <Opcode : 'read' 'write' 'readreq' 'writereq' 'writeresp'>
ST_18 : Operation 402 [61/71] (4.66ns)   --->   "%gmem_load_5_req = readreq i1 @_ssdm_op_ReadReq.m_axi.i32P1A, i32 %gmem_addr_2, i64 1" [cluster.cpp:34]   --->   Operation 402 'readreq' 'gmem_load_5_req' <Predicate = (!icmp_ln29)> <Delay = 4.66> <CoreInst = "m_axi">   --->   Core 119 'm_axi' <Latency = 6> <II = 1> <Delay = 1.00> <Adapter> <Opcode : 'read' 'write' 'readreq' 'writereq' 'writeresp'>
ST_18 : Operation 403 [62/71] (4.66ns)   --->   "%empty_19 = readreq i1 @_ssdm_op_ReadReq.m_axi.p1i32, i32 %gmem_addr_13, i64 3" [cluster.cpp:33]   --->   Operation 403 'readreq' 'empty_19' <Predicate = (!icmp_ln29)> <Delay = 4.66> <CoreInst = "m_axi">   --->   Core 119 'm_axi' <Latency = 6> <II = 1> <Delay = 1.00> <Adapter> <Opcode : 'read' 'write' 'readreq' 'writereq' 'writeresp'>
ST_18 : Operation 404 [63/71] (4.66ns)   --->   "%gmem_load_6_req = readreq i1 @_ssdm_op_ReadReq.m_axi.i32P1A, i32 %gmem_addr_3, i64 1" [cluster.cpp:34]   --->   Operation 404 'readreq' 'gmem_load_6_req' <Predicate = (!icmp_ln29)> <Delay = 4.66> <CoreInst = "m_axi">   --->   Core 119 'm_axi' <Latency = 6> <II = 1> <Delay = 1.00> <Adapter> <Opcode : 'read' 'write' 'readreq' 'writereq' 'writeresp'>
ST_18 : Operation 405 [65/71] (4.66ns)   --->   "%gmem_load_7_req = readreq i1 @_ssdm_op_ReadReq.m_axi.i32P1A, i32 %gmem_addr_4, i64 1" [cluster.cpp:34]   --->   Operation 405 'readreq' 'gmem_load_7_req' <Predicate = (!icmp_ln29)> <Delay = 4.66> <CoreInst = "m_axi">   --->   Core 119 'm_axi' <Latency = 6> <II = 1> <Delay = 1.00> <Adapter> <Opcode : 'read' 'write' 'readreq' 'writereq' 'writeresp'>
ST_18 : Operation 406 [67/71] (4.66ns)   --->   "%gmem_load_8_req = readreq i1 @_ssdm_op_ReadReq.m_axi.i32P1A, i32 %gmem_addr_5, i64 1" [cluster.cpp:34]   --->   Operation 406 'readreq' 'gmem_load_8_req' <Predicate = (!icmp_ln29)> <Delay = 4.66> <CoreInst = "m_axi">   --->   Core 119 'm_axi' <Latency = 6> <II = 1> <Delay = 1.00> <Adapter> <Opcode : 'read' 'write' 'readreq' 'writereq' 'writeresp'>
ST_18 : Operation 407 [68/71] (4.66ns)   --->   "%empty_21 = readreq i1 @_ssdm_op_ReadReq.m_axi.p1i32, i32 %gmem_addr_14, i64 3" [cluster.cpp:33]   --->   Operation 407 'readreq' 'empty_21' <Predicate = (!icmp_ln29)> <Delay = 4.66> <CoreInst = "m_axi">   --->   Core 119 'm_axi' <Latency = 6> <II = 1> <Delay = 1.00> <Adapter> <Opcode : 'read' 'write' 'readreq' 'writereq' 'writeresp'>
ST_18 : Operation 408 [69/71] (4.66ns)   --->   "%gmem_load_9_req = readreq i1 @_ssdm_op_ReadReq.m_axi.i32P1A, i32 %gmem_addr_6, i64 1" [cluster.cpp:34]   --->   Operation 408 'readreq' 'gmem_load_9_req' <Predicate = (!icmp_ln29)> <Delay = 4.66> <CoreInst = "m_axi">   --->   Core 119 'm_axi' <Latency = 6> <II = 1> <Delay = 1.00> <Adapter> <Opcode : 'read' 'write' 'readreq' 'writereq' 'writeresp'>
ST_18 : Operation 409 [71/71] (4.66ns)   --->   "%gmem_load_10_req = readreq i1 @_ssdm_op_ReadReq.m_axi.i32P1A, i32 %gmem_addr_7, i64 1" [cluster.cpp:34]   --->   Operation 409 'readreq' 'gmem_load_10_req' <Predicate = (!icmp_ln29)> <Delay = 4.66> <CoreInst = "m_axi">   --->   Core 119 'm_axi' <Latency = 6> <II = 1> <Delay = 1.00> <Adapter> <Opcode : 'read' 'write' 'readreq' 'writereq' 'writeresp'>

State 19 <SV = 18> <Delay = 4.66>
ST_19 : Operation 410 [55/71] (4.66ns)   --->   "%gmem_load_req = readreq i1 @_ssdm_op_ReadReq.m_axi.i32P1A, i32 %gmem_addr_10, i64 1" [cluster.cpp:34]   --->   Operation 410 'readreq' 'gmem_load_req' <Predicate = (!icmp_ln29)> <Delay = 4.66> <CoreInst = "m_axi">   --->   Core 119 'm_axi' <Latency = 6> <II = 1> <Delay = 1.00> <Adapter> <Opcode : 'read' 'write' 'readreq' 'writereq' 'writeresp'>
ST_19 : Operation 411 [56/71] (4.66ns)   --->   "%gmem_load_1_req = readreq i1 @_ssdm_op_ReadReq.m_axi.i32P1A, i32 %gmem_addr, i64 1" [cluster.cpp:34]   --->   Operation 411 'readreq' 'gmem_load_1_req' <Predicate = (!icmp_ln29)> <Delay = 4.66> <CoreInst = "m_axi">   --->   Core 119 'm_axi' <Latency = 6> <II = 1> <Delay = 1.00> <Adapter> <Opcode : 'read' 'write' 'readreq' 'writereq' 'writeresp'>
ST_19 : Operation 412 [57/71] (4.66ns)   --->   "%gmem_load_2_req = readreq i1 @_ssdm_op_ReadReq.m_axi.i32P1A, i32 %gmem_addr_11, i64 1" [cluster.cpp:34]   --->   Operation 412 'readreq' 'gmem_load_2_req' <Predicate = (!icmp_ln29)> <Delay = 4.66> <CoreInst = "m_axi">   --->   Core 119 'm_axi' <Latency = 6> <II = 1> <Delay = 1.00> <Adapter> <Opcode : 'read' 'write' 'readreq' 'writereq' 'writeresp'>
ST_19 : Operation 413 [58/71] (4.66ns)   --->   "%gmem_load_3_req = readreq i1 @_ssdm_op_ReadReq.m_axi.i32P1A, i32 %gmem_addr_1, i64 1" [cluster.cpp:34]   --->   Operation 413 'readreq' 'gmem_load_3_req' <Predicate = (!icmp_ln29)> <Delay = 4.66> <CoreInst = "m_axi">   --->   Core 119 'm_axi' <Latency = 6> <II = 1> <Delay = 1.00> <Adapter> <Opcode : 'read' 'write' 'readreq' 'writereq' 'writeresp'>
ST_19 : Operation 414 [59/71] (4.66ns)   --->   "%gmem_load_4_req = readreq i1 @_ssdm_op_ReadReq.m_axi.i32P1A, i32 %gmem_addr_12, i64 1" [cluster.cpp:34]   --->   Operation 414 'readreq' 'gmem_load_4_req' <Predicate = (!icmp_ln29)> <Delay = 4.66> <CoreInst = "m_axi">   --->   Core 119 'm_axi' <Latency = 6> <II = 1> <Delay = 1.00> <Adapter> <Opcode : 'read' 'write' 'readreq' 'writereq' 'writeresp'>
ST_19 : Operation 415 [60/71] (4.66ns)   --->   "%gmem_load_5_req = readreq i1 @_ssdm_op_ReadReq.m_axi.i32P1A, i32 %gmem_addr_2, i64 1" [cluster.cpp:34]   --->   Operation 415 'readreq' 'gmem_load_5_req' <Predicate = (!icmp_ln29)> <Delay = 4.66> <CoreInst = "m_axi">   --->   Core 119 'm_axi' <Latency = 6> <II = 1> <Delay = 1.00> <Adapter> <Opcode : 'read' 'write' 'readreq' 'writereq' 'writeresp'>
ST_19 : Operation 416 [61/71] (4.66ns)   --->   "%empty_19 = readreq i1 @_ssdm_op_ReadReq.m_axi.p1i32, i32 %gmem_addr_13, i64 3" [cluster.cpp:33]   --->   Operation 416 'readreq' 'empty_19' <Predicate = (!icmp_ln29)> <Delay = 4.66> <CoreInst = "m_axi">   --->   Core 119 'm_axi' <Latency = 6> <II = 1> <Delay = 1.00> <Adapter> <Opcode : 'read' 'write' 'readreq' 'writereq' 'writeresp'>
ST_19 : Operation 417 [62/71] (4.66ns)   --->   "%gmem_load_6_req = readreq i1 @_ssdm_op_ReadReq.m_axi.i32P1A, i32 %gmem_addr_3, i64 1" [cluster.cpp:34]   --->   Operation 417 'readreq' 'gmem_load_6_req' <Predicate = (!icmp_ln29)> <Delay = 4.66> <CoreInst = "m_axi">   --->   Core 119 'm_axi' <Latency = 6> <II = 1> <Delay = 1.00> <Adapter> <Opcode : 'read' 'write' 'readreq' 'writereq' 'writeresp'>
ST_19 : Operation 418 [64/71] (4.66ns)   --->   "%gmem_load_7_req = readreq i1 @_ssdm_op_ReadReq.m_axi.i32P1A, i32 %gmem_addr_4, i64 1" [cluster.cpp:34]   --->   Operation 418 'readreq' 'gmem_load_7_req' <Predicate = (!icmp_ln29)> <Delay = 4.66> <CoreInst = "m_axi">   --->   Core 119 'm_axi' <Latency = 6> <II = 1> <Delay = 1.00> <Adapter> <Opcode : 'read' 'write' 'readreq' 'writereq' 'writeresp'>
ST_19 : Operation 419 [66/71] (4.66ns)   --->   "%gmem_load_8_req = readreq i1 @_ssdm_op_ReadReq.m_axi.i32P1A, i32 %gmem_addr_5, i64 1" [cluster.cpp:34]   --->   Operation 419 'readreq' 'gmem_load_8_req' <Predicate = (!icmp_ln29)> <Delay = 4.66> <CoreInst = "m_axi">   --->   Core 119 'm_axi' <Latency = 6> <II = 1> <Delay = 1.00> <Adapter> <Opcode : 'read' 'write' 'readreq' 'writereq' 'writeresp'>
ST_19 : Operation 420 [67/71] (4.66ns)   --->   "%empty_21 = readreq i1 @_ssdm_op_ReadReq.m_axi.p1i32, i32 %gmem_addr_14, i64 3" [cluster.cpp:33]   --->   Operation 420 'readreq' 'empty_21' <Predicate = (!icmp_ln29)> <Delay = 4.66> <CoreInst = "m_axi">   --->   Core 119 'm_axi' <Latency = 6> <II = 1> <Delay = 1.00> <Adapter> <Opcode : 'read' 'write' 'readreq' 'writereq' 'writeresp'>
ST_19 : Operation 421 [68/71] (4.66ns)   --->   "%gmem_load_9_req = readreq i1 @_ssdm_op_ReadReq.m_axi.i32P1A, i32 %gmem_addr_6, i64 1" [cluster.cpp:34]   --->   Operation 421 'readreq' 'gmem_load_9_req' <Predicate = (!icmp_ln29)> <Delay = 4.66> <CoreInst = "m_axi">   --->   Core 119 'm_axi' <Latency = 6> <II = 1> <Delay = 1.00> <Adapter> <Opcode : 'read' 'write' 'readreq' 'writereq' 'writeresp'>
ST_19 : Operation 422 [70/71] (4.66ns)   --->   "%gmem_load_10_req = readreq i1 @_ssdm_op_ReadReq.m_axi.i32P1A, i32 %gmem_addr_7, i64 1" [cluster.cpp:34]   --->   Operation 422 'readreq' 'gmem_load_10_req' <Predicate = (!icmp_ln29)> <Delay = 4.66> <CoreInst = "m_axi">   --->   Core 119 'm_axi' <Latency = 6> <II = 1> <Delay = 1.00> <Adapter> <Opcode : 'read' 'write' 'readreq' 'writereq' 'writeresp'>

State 20 <SV = 19> <Delay = 4.66>
ST_20 : Operation 423 [1/1] (0.00ns)   --->   "%gmem_addr_8 = getelementptr i32 %gmem, i64 %p_cast18_cast"   --->   Operation 423 'getelementptr' 'gmem_addr_8' <Predicate = true> <Delay = 0.00>
ST_20 : Operation 424 [1/1] (0.00ns)   --->   "%specloopname_ln0 = specloopname void @_ssdm_op_SpecLoopName, void @VITIS_LOOP_29_3_VITIS_LOOP_30_4_str"   --->   Operation 424 'specloopname' 'specloopname_ln0' <Predicate = true> <Delay = 0.00>
ST_20 : Operation 425 [1/1] (0.00ns)   --->   "%speclooptripcount_ln0 = speclooptripcount void @_ssdm_op_SpecLoopTripCount, i64 260100, i64 260100, i64 260100"   --->   Operation 425 'speclooptripcount' 'speclooptripcount_ln0' <Predicate = true> <Delay = 0.00>
ST_20 : Operation 426 [54/71] (4.66ns)   --->   "%gmem_load_req = readreq i1 @_ssdm_op_ReadReq.m_axi.i32P1A, i32 %gmem_addr_10, i64 1" [cluster.cpp:34]   --->   Operation 426 'readreq' 'gmem_load_req' <Predicate = true> <Delay = 4.66> <CoreInst = "m_axi">   --->   Core 119 'm_axi' <Latency = 6> <II = 1> <Delay = 1.00> <Adapter> <Opcode : 'read' 'write' 'readreq' 'writereq' 'writeresp'>
ST_20 : Operation 427 [55/71] (4.66ns)   --->   "%gmem_load_1_req = readreq i1 @_ssdm_op_ReadReq.m_axi.i32P1A, i32 %gmem_addr, i64 1" [cluster.cpp:34]   --->   Operation 427 'readreq' 'gmem_load_1_req' <Predicate = true> <Delay = 4.66> <CoreInst = "m_axi">   --->   Core 119 'm_axi' <Latency = 6> <II = 1> <Delay = 1.00> <Adapter> <Opcode : 'read' 'write' 'readreq' 'writereq' 'writeresp'>
ST_20 : Operation 428 [56/71] (4.66ns)   --->   "%gmem_load_2_req = readreq i1 @_ssdm_op_ReadReq.m_axi.i32P1A, i32 %gmem_addr_11, i64 1" [cluster.cpp:34]   --->   Operation 428 'readreq' 'gmem_load_2_req' <Predicate = true> <Delay = 4.66> <CoreInst = "m_axi">   --->   Core 119 'm_axi' <Latency = 6> <II = 1> <Delay = 1.00> <Adapter> <Opcode : 'read' 'write' 'readreq' 'writereq' 'writeresp'>
ST_20 : Operation 429 [57/71] (4.66ns)   --->   "%gmem_load_3_req = readreq i1 @_ssdm_op_ReadReq.m_axi.i32P1A, i32 %gmem_addr_1, i64 1" [cluster.cpp:34]   --->   Operation 429 'readreq' 'gmem_load_3_req' <Predicate = true> <Delay = 4.66> <CoreInst = "m_axi">   --->   Core 119 'm_axi' <Latency = 6> <II = 1> <Delay = 1.00> <Adapter> <Opcode : 'read' 'write' 'readreq' 'writereq' 'writeresp'>
ST_20 : Operation 430 [58/71] (4.66ns)   --->   "%gmem_load_4_req = readreq i1 @_ssdm_op_ReadReq.m_axi.i32P1A, i32 %gmem_addr_12, i64 1" [cluster.cpp:34]   --->   Operation 430 'readreq' 'gmem_load_4_req' <Predicate = true> <Delay = 4.66> <CoreInst = "m_axi">   --->   Core 119 'm_axi' <Latency = 6> <II = 1> <Delay = 1.00> <Adapter> <Opcode : 'read' 'write' 'readreq' 'writereq' 'writeresp'>
ST_20 : Operation 431 [59/71] (4.66ns)   --->   "%gmem_load_5_req = readreq i1 @_ssdm_op_ReadReq.m_axi.i32P1A, i32 %gmem_addr_2, i64 1" [cluster.cpp:34]   --->   Operation 431 'readreq' 'gmem_load_5_req' <Predicate = true> <Delay = 4.66> <CoreInst = "m_axi">   --->   Core 119 'm_axi' <Latency = 6> <II = 1> <Delay = 1.00> <Adapter> <Opcode : 'read' 'write' 'readreq' 'writereq' 'writeresp'>
ST_20 : Operation 432 [60/71] (4.66ns)   --->   "%empty_19 = readreq i1 @_ssdm_op_ReadReq.m_axi.p1i32, i32 %gmem_addr_13, i64 3" [cluster.cpp:33]   --->   Operation 432 'readreq' 'empty_19' <Predicate = true> <Delay = 4.66> <CoreInst = "m_axi">   --->   Core 119 'm_axi' <Latency = 6> <II = 1> <Delay = 1.00> <Adapter> <Opcode : 'read' 'write' 'readreq' 'writereq' 'writeresp'>
ST_20 : Operation 433 [61/71] (4.66ns)   --->   "%gmem_load_6_req = readreq i1 @_ssdm_op_ReadReq.m_axi.i32P1A, i32 %gmem_addr_3, i64 1" [cluster.cpp:34]   --->   Operation 433 'readreq' 'gmem_load_6_req' <Predicate = true> <Delay = 4.66> <CoreInst = "m_axi">   --->   Core 119 'm_axi' <Latency = 6> <II = 1> <Delay = 1.00> <Adapter> <Opcode : 'read' 'write' 'readreq' 'writereq' 'writeresp'>
ST_20 : Operation 434 [63/71] (4.66ns)   --->   "%gmem_load_7_req = readreq i1 @_ssdm_op_ReadReq.m_axi.i32P1A, i32 %gmem_addr_4, i64 1" [cluster.cpp:34]   --->   Operation 434 'readreq' 'gmem_load_7_req' <Predicate = true> <Delay = 4.66> <CoreInst = "m_axi">   --->   Core 119 'm_axi' <Latency = 6> <II = 1> <Delay = 1.00> <Adapter> <Opcode : 'read' 'write' 'readreq' 'writereq' 'writeresp'>
ST_20 : Operation 435 [65/71] (4.66ns)   --->   "%gmem_load_8_req = readreq i1 @_ssdm_op_ReadReq.m_axi.i32P1A, i32 %gmem_addr_5, i64 1" [cluster.cpp:34]   --->   Operation 435 'readreq' 'gmem_load_8_req' <Predicate = true> <Delay = 4.66> <CoreInst = "m_axi">   --->   Core 119 'm_axi' <Latency = 6> <II = 1> <Delay = 1.00> <Adapter> <Opcode : 'read' 'write' 'readreq' 'writereq' 'writeresp'>
ST_20 : Operation 436 [66/71] (4.66ns)   --->   "%empty_21 = readreq i1 @_ssdm_op_ReadReq.m_axi.p1i32, i32 %gmem_addr_14, i64 3" [cluster.cpp:33]   --->   Operation 436 'readreq' 'empty_21' <Predicate = true> <Delay = 4.66> <CoreInst = "m_axi">   --->   Core 119 'm_axi' <Latency = 6> <II = 1> <Delay = 1.00> <Adapter> <Opcode : 'read' 'write' 'readreq' 'writereq' 'writeresp'>
ST_20 : Operation 437 [67/71] (4.66ns)   --->   "%gmem_load_9_req = readreq i1 @_ssdm_op_ReadReq.m_axi.i32P1A, i32 %gmem_addr_6, i64 1" [cluster.cpp:34]   --->   Operation 437 'readreq' 'gmem_load_9_req' <Predicate = true> <Delay = 4.66> <CoreInst = "m_axi">   --->   Core 119 'm_axi' <Latency = 6> <II = 1> <Delay = 1.00> <Adapter> <Opcode : 'read' 'write' 'readreq' 'writereq' 'writeresp'>
ST_20 : Operation 438 [69/71] (4.66ns)   --->   "%gmem_load_10_req = readreq i1 @_ssdm_op_ReadReq.m_axi.i32P1A, i32 %gmem_addr_7, i64 1" [cluster.cpp:34]   --->   Operation 438 'readreq' 'gmem_load_10_req' <Predicate = true> <Delay = 4.66> <CoreInst = "m_axi">   --->   Core 119 'm_axi' <Latency = 6> <II = 1> <Delay = 1.00> <Adapter> <Opcode : 'read' 'write' 'readreq' 'writereq' 'writeresp'>
ST_20 : Operation 439 [71/71] (4.66ns)   --->   "%gmem_load_11_req = readreq i1 @_ssdm_op_ReadReq.m_axi.i32P1A, i32 %gmem_addr_8, i64 1" [cluster.cpp:34]   --->   Operation 439 'readreq' 'gmem_load_11_req' <Predicate = true> <Delay = 4.66> <CoreInst = "m_axi">   --->   Core 119 'm_axi' <Latency = 6> <II = 1> <Delay = 1.00> <Adapter> <Opcode : 'read' 'write' 'readreq' 'writereq' 'writeresp'>

State 21 <SV = 20> <Delay = 4.66>
ST_21 : Operation 440 [53/71] (4.66ns)   --->   "%gmem_load_req = readreq i1 @_ssdm_op_ReadReq.m_axi.i32P1A, i32 %gmem_addr_10, i64 1" [cluster.cpp:34]   --->   Operation 440 'readreq' 'gmem_load_req' <Predicate = true> <Delay = 4.66> <CoreInst = "m_axi">   --->   Core 119 'm_axi' <Latency = 6> <II = 1> <Delay = 1.00> <Adapter> <Opcode : 'read' 'write' 'readreq' 'writereq' 'writeresp'>
ST_21 : Operation 441 [54/71] (4.66ns)   --->   "%gmem_load_1_req = readreq i1 @_ssdm_op_ReadReq.m_axi.i32P1A, i32 %gmem_addr, i64 1" [cluster.cpp:34]   --->   Operation 441 'readreq' 'gmem_load_1_req' <Predicate = true> <Delay = 4.66> <CoreInst = "m_axi">   --->   Core 119 'm_axi' <Latency = 6> <II = 1> <Delay = 1.00> <Adapter> <Opcode : 'read' 'write' 'readreq' 'writereq' 'writeresp'>
ST_21 : Operation 442 [55/71] (4.66ns)   --->   "%gmem_load_2_req = readreq i1 @_ssdm_op_ReadReq.m_axi.i32P1A, i32 %gmem_addr_11, i64 1" [cluster.cpp:34]   --->   Operation 442 'readreq' 'gmem_load_2_req' <Predicate = true> <Delay = 4.66> <CoreInst = "m_axi">   --->   Core 119 'm_axi' <Latency = 6> <II = 1> <Delay = 1.00> <Adapter> <Opcode : 'read' 'write' 'readreq' 'writereq' 'writeresp'>
ST_21 : Operation 443 [56/71] (4.66ns)   --->   "%gmem_load_3_req = readreq i1 @_ssdm_op_ReadReq.m_axi.i32P1A, i32 %gmem_addr_1, i64 1" [cluster.cpp:34]   --->   Operation 443 'readreq' 'gmem_load_3_req' <Predicate = true> <Delay = 4.66> <CoreInst = "m_axi">   --->   Core 119 'm_axi' <Latency = 6> <II = 1> <Delay = 1.00> <Adapter> <Opcode : 'read' 'write' 'readreq' 'writereq' 'writeresp'>
ST_21 : Operation 444 [57/71] (4.66ns)   --->   "%gmem_load_4_req = readreq i1 @_ssdm_op_ReadReq.m_axi.i32P1A, i32 %gmem_addr_12, i64 1" [cluster.cpp:34]   --->   Operation 444 'readreq' 'gmem_load_4_req' <Predicate = true> <Delay = 4.66> <CoreInst = "m_axi">   --->   Core 119 'm_axi' <Latency = 6> <II = 1> <Delay = 1.00> <Adapter> <Opcode : 'read' 'write' 'readreq' 'writereq' 'writeresp'>
ST_21 : Operation 445 [58/71] (4.66ns)   --->   "%gmem_load_5_req = readreq i1 @_ssdm_op_ReadReq.m_axi.i32P1A, i32 %gmem_addr_2, i64 1" [cluster.cpp:34]   --->   Operation 445 'readreq' 'gmem_load_5_req' <Predicate = true> <Delay = 4.66> <CoreInst = "m_axi">   --->   Core 119 'm_axi' <Latency = 6> <II = 1> <Delay = 1.00> <Adapter> <Opcode : 'read' 'write' 'readreq' 'writereq' 'writeresp'>
ST_21 : Operation 446 [59/71] (4.66ns)   --->   "%empty_19 = readreq i1 @_ssdm_op_ReadReq.m_axi.p1i32, i32 %gmem_addr_13, i64 3" [cluster.cpp:33]   --->   Operation 446 'readreq' 'empty_19' <Predicate = true> <Delay = 4.66> <CoreInst = "m_axi">   --->   Core 119 'm_axi' <Latency = 6> <II = 1> <Delay = 1.00> <Adapter> <Opcode : 'read' 'write' 'readreq' 'writereq' 'writeresp'>
ST_21 : Operation 447 [60/71] (4.66ns)   --->   "%gmem_load_6_req = readreq i1 @_ssdm_op_ReadReq.m_axi.i32P1A, i32 %gmem_addr_3, i64 1" [cluster.cpp:34]   --->   Operation 447 'readreq' 'gmem_load_6_req' <Predicate = true> <Delay = 4.66> <CoreInst = "m_axi">   --->   Core 119 'm_axi' <Latency = 6> <II = 1> <Delay = 1.00> <Adapter> <Opcode : 'read' 'write' 'readreq' 'writereq' 'writeresp'>
ST_21 : Operation 448 [62/71] (4.66ns)   --->   "%gmem_load_7_req = readreq i1 @_ssdm_op_ReadReq.m_axi.i32P1A, i32 %gmem_addr_4, i64 1" [cluster.cpp:34]   --->   Operation 448 'readreq' 'gmem_load_7_req' <Predicate = true> <Delay = 4.66> <CoreInst = "m_axi">   --->   Core 119 'm_axi' <Latency = 6> <II = 1> <Delay = 1.00> <Adapter> <Opcode : 'read' 'write' 'readreq' 'writereq' 'writeresp'>
ST_21 : Operation 449 [64/71] (4.66ns)   --->   "%gmem_load_8_req = readreq i1 @_ssdm_op_ReadReq.m_axi.i32P1A, i32 %gmem_addr_5, i64 1" [cluster.cpp:34]   --->   Operation 449 'readreq' 'gmem_load_8_req' <Predicate = true> <Delay = 4.66> <CoreInst = "m_axi">   --->   Core 119 'm_axi' <Latency = 6> <II = 1> <Delay = 1.00> <Adapter> <Opcode : 'read' 'write' 'readreq' 'writereq' 'writeresp'>
ST_21 : Operation 450 [65/71] (4.66ns)   --->   "%empty_21 = readreq i1 @_ssdm_op_ReadReq.m_axi.p1i32, i32 %gmem_addr_14, i64 3" [cluster.cpp:33]   --->   Operation 450 'readreq' 'empty_21' <Predicate = true> <Delay = 4.66> <CoreInst = "m_axi">   --->   Core 119 'm_axi' <Latency = 6> <II = 1> <Delay = 1.00> <Adapter> <Opcode : 'read' 'write' 'readreq' 'writereq' 'writeresp'>
ST_21 : Operation 451 [66/71] (4.66ns)   --->   "%gmem_load_9_req = readreq i1 @_ssdm_op_ReadReq.m_axi.i32P1A, i32 %gmem_addr_6, i64 1" [cluster.cpp:34]   --->   Operation 451 'readreq' 'gmem_load_9_req' <Predicate = true> <Delay = 4.66> <CoreInst = "m_axi">   --->   Core 119 'm_axi' <Latency = 6> <II = 1> <Delay = 1.00> <Adapter> <Opcode : 'read' 'write' 'readreq' 'writereq' 'writeresp'>
ST_21 : Operation 452 [68/71] (4.66ns)   --->   "%gmem_load_10_req = readreq i1 @_ssdm_op_ReadReq.m_axi.i32P1A, i32 %gmem_addr_7, i64 1" [cluster.cpp:34]   --->   Operation 452 'readreq' 'gmem_load_10_req' <Predicate = true> <Delay = 4.66> <CoreInst = "m_axi">   --->   Core 119 'm_axi' <Latency = 6> <II = 1> <Delay = 1.00> <Adapter> <Opcode : 'read' 'write' 'readreq' 'writereq' 'writeresp'>
ST_21 : Operation 453 [70/71] (4.66ns)   --->   "%gmem_load_11_req = readreq i1 @_ssdm_op_ReadReq.m_axi.i32P1A, i32 %gmem_addr_8, i64 1" [cluster.cpp:34]   --->   Operation 453 'readreq' 'gmem_load_11_req' <Predicate = true> <Delay = 4.66> <CoreInst = "m_axi">   --->   Core 119 'm_axi' <Latency = 6> <II = 1> <Delay = 1.00> <Adapter> <Opcode : 'read' 'write' 'readreq' 'writereq' 'writeresp'>

State 22 <SV = 21> <Delay = 4.66>
ST_22 : Operation 454 [52/71] (4.66ns)   --->   "%gmem_load_req = readreq i1 @_ssdm_op_ReadReq.m_axi.i32P1A, i32 %gmem_addr_10, i64 1" [cluster.cpp:34]   --->   Operation 454 'readreq' 'gmem_load_req' <Predicate = true> <Delay = 4.66> <CoreInst = "m_axi">   --->   Core 119 'm_axi' <Latency = 6> <II = 1> <Delay = 1.00> <Adapter> <Opcode : 'read' 'write' 'readreq' 'writereq' 'writeresp'>
ST_22 : Operation 455 [53/71] (4.66ns)   --->   "%gmem_load_1_req = readreq i1 @_ssdm_op_ReadReq.m_axi.i32P1A, i32 %gmem_addr, i64 1" [cluster.cpp:34]   --->   Operation 455 'readreq' 'gmem_load_1_req' <Predicate = true> <Delay = 4.66> <CoreInst = "m_axi">   --->   Core 119 'm_axi' <Latency = 6> <II = 1> <Delay = 1.00> <Adapter> <Opcode : 'read' 'write' 'readreq' 'writereq' 'writeresp'>
ST_22 : Operation 456 [54/71] (4.66ns)   --->   "%gmem_load_2_req = readreq i1 @_ssdm_op_ReadReq.m_axi.i32P1A, i32 %gmem_addr_11, i64 1" [cluster.cpp:34]   --->   Operation 456 'readreq' 'gmem_load_2_req' <Predicate = true> <Delay = 4.66> <CoreInst = "m_axi">   --->   Core 119 'm_axi' <Latency = 6> <II = 1> <Delay = 1.00> <Adapter> <Opcode : 'read' 'write' 'readreq' 'writereq' 'writeresp'>
ST_22 : Operation 457 [55/71] (4.66ns)   --->   "%gmem_load_3_req = readreq i1 @_ssdm_op_ReadReq.m_axi.i32P1A, i32 %gmem_addr_1, i64 1" [cluster.cpp:34]   --->   Operation 457 'readreq' 'gmem_load_3_req' <Predicate = true> <Delay = 4.66> <CoreInst = "m_axi">   --->   Core 119 'm_axi' <Latency = 6> <II = 1> <Delay = 1.00> <Adapter> <Opcode : 'read' 'write' 'readreq' 'writereq' 'writeresp'>
ST_22 : Operation 458 [56/71] (4.66ns)   --->   "%gmem_load_4_req = readreq i1 @_ssdm_op_ReadReq.m_axi.i32P1A, i32 %gmem_addr_12, i64 1" [cluster.cpp:34]   --->   Operation 458 'readreq' 'gmem_load_4_req' <Predicate = true> <Delay = 4.66> <CoreInst = "m_axi">   --->   Core 119 'm_axi' <Latency = 6> <II = 1> <Delay = 1.00> <Adapter> <Opcode : 'read' 'write' 'readreq' 'writereq' 'writeresp'>
ST_22 : Operation 459 [57/71] (4.66ns)   --->   "%gmem_load_5_req = readreq i1 @_ssdm_op_ReadReq.m_axi.i32P1A, i32 %gmem_addr_2, i64 1" [cluster.cpp:34]   --->   Operation 459 'readreq' 'gmem_load_5_req' <Predicate = true> <Delay = 4.66> <CoreInst = "m_axi">   --->   Core 119 'm_axi' <Latency = 6> <II = 1> <Delay = 1.00> <Adapter> <Opcode : 'read' 'write' 'readreq' 'writereq' 'writeresp'>
ST_22 : Operation 460 [58/71] (4.66ns)   --->   "%empty_19 = readreq i1 @_ssdm_op_ReadReq.m_axi.p1i32, i32 %gmem_addr_13, i64 3" [cluster.cpp:33]   --->   Operation 460 'readreq' 'empty_19' <Predicate = true> <Delay = 4.66> <CoreInst = "m_axi">   --->   Core 119 'm_axi' <Latency = 6> <II = 1> <Delay = 1.00> <Adapter> <Opcode : 'read' 'write' 'readreq' 'writereq' 'writeresp'>
ST_22 : Operation 461 [59/71] (4.66ns)   --->   "%gmem_load_6_req = readreq i1 @_ssdm_op_ReadReq.m_axi.i32P1A, i32 %gmem_addr_3, i64 1" [cluster.cpp:34]   --->   Operation 461 'readreq' 'gmem_load_6_req' <Predicate = true> <Delay = 4.66> <CoreInst = "m_axi">   --->   Core 119 'm_axi' <Latency = 6> <II = 1> <Delay = 1.00> <Adapter> <Opcode : 'read' 'write' 'readreq' 'writereq' 'writeresp'>
ST_22 : Operation 462 [61/71] (4.66ns)   --->   "%gmem_load_7_req = readreq i1 @_ssdm_op_ReadReq.m_axi.i32P1A, i32 %gmem_addr_4, i64 1" [cluster.cpp:34]   --->   Operation 462 'readreq' 'gmem_load_7_req' <Predicate = true> <Delay = 4.66> <CoreInst = "m_axi">   --->   Core 119 'm_axi' <Latency = 6> <II = 1> <Delay = 1.00> <Adapter> <Opcode : 'read' 'write' 'readreq' 'writereq' 'writeresp'>
ST_22 : Operation 463 [63/71] (4.66ns)   --->   "%gmem_load_8_req = readreq i1 @_ssdm_op_ReadReq.m_axi.i32P1A, i32 %gmem_addr_5, i64 1" [cluster.cpp:34]   --->   Operation 463 'readreq' 'gmem_load_8_req' <Predicate = true> <Delay = 4.66> <CoreInst = "m_axi">   --->   Core 119 'm_axi' <Latency = 6> <II = 1> <Delay = 1.00> <Adapter> <Opcode : 'read' 'write' 'readreq' 'writereq' 'writeresp'>
ST_22 : Operation 464 [64/71] (4.66ns)   --->   "%empty_21 = readreq i1 @_ssdm_op_ReadReq.m_axi.p1i32, i32 %gmem_addr_14, i64 3" [cluster.cpp:33]   --->   Operation 464 'readreq' 'empty_21' <Predicate = true> <Delay = 4.66> <CoreInst = "m_axi">   --->   Core 119 'm_axi' <Latency = 6> <II = 1> <Delay = 1.00> <Adapter> <Opcode : 'read' 'write' 'readreq' 'writereq' 'writeresp'>
ST_22 : Operation 465 [65/71] (4.66ns)   --->   "%gmem_load_9_req = readreq i1 @_ssdm_op_ReadReq.m_axi.i32P1A, i32 %gmem_addr_6, i64 1" [cluster.cpp:34]   --->   Operation 465 'readreq' 'gmem_load_9_req' <Predicate = true> <Delay = 4.66> <CoreInst = "m_axi">   --->   Core 119 'm_axi' <Latency = 6> <II = 1> <Delay = 1.00> <Adapter> <Opcode : 'read' 'write' 'readreq' 'writereq' 'writeresp'>
ST_22 : Operation 466 [67/71] (4.66ns)   --->   "%gmem_load_10_req = readreq i1 @_ssdm_op_ReadReq.m_axi.i32P1A, i32 %gmem_addr_7, i64 1" [cluster.cpp:34]   --->   Operation 466 'readreq' 'gmem_load_10_req' <Predicate = true> <Delay = 4.66> <CoreInst = "m_axi">   --->   Core 119 'm_axi' <Latency = 6> <II = 1> <Delay = 1.00> <Adapter> <Opcode : 'read' 'write' 'readreq' 'writereq' 'writeresp'>
ST_22 : Operation 467 [69/71] (4.66ns)   --->   "%gmem_load_11_req = readreq i1 @_ssdm_op_ReadReq.m_axi.i32P1A, i32 %gmem_addr_8, i64 1" [cluster.cpp:34]   --->   Operation 467 'readreq' 'gmem_load_11_req' <Predicate = true> <Delay = 4.66> <CoreInst = "m_axi">   --->   Core 119 'm_axi' <Latency = 6> <II = 1> <Delay = 1.00> <Adapter> <Opcode : 'read' 'write' 'readreq' 'writereq' 'writeresp'>

State 23 <SV = 22> <Delay = 4.66>
ST_23 : Operation 468 [51/71] (4.66ns)   --->   "%gmem_load_req = readreq i1 @_ssdm_op_ReadReq.m_axi.i32P1A, i32 %gmem_addr_10, i64 1" [cluster.cpp:34]   --->   Operation 468 'readreq' 'gmem_load_req' <Predicate = true> <Delay = 4.66> <CoreInst = "m_axi">   --->   Core 119 'm_axi' <Latency = 6> <II = 1> <Delay = 1.00> <Adapter> <Opcode : 'read' 'write' 'readreq' 'writereq' 'writeresp'>
ST_23 : Operation 469 [52/71] (4.66ns)   --->   "%gmem_load_1_req = readreq i1 @_ssdm_op_ReadReq.m_axi.i32P1A, i32 %gmem_addr, i64 1" [cluster.cpp:34]   --->   Operation 469 'readreq' 'gmem_load_1_req' <Predicate = true> <Delay = 4.66> <CoreInst = "m_axi">   --->   Core 119 'm_axi' <Latency = 6> <II = 1> <Delay = 1.00> <Adapter> <Opcode : 'read' 'write' 'readreq' 'writereq' 'writeresp'>
ST_23 : Operation 470 [53/71] (4.66ns)   --->   "%gmem_load_2_req = readreq i1 @_ssdm_op_ReadReq.m_axi.i32P1A, i32 %gmem_addr_11, i64 1" [cluster.cpp:34]   --->   Operation 470 'readreq' 'gmem_load_2_req' <Predicate = true> <Delay = 4.66> <CoreInst = "m_axi">   --->   Core 119 'm_axi' <Latency = 6> <II = 1> <Delay = 1.00> <Adapter> <Opcode : 'read' 'write' 'readreq' 'writereq' 'writeresp'>
ST_23 : Operation 471 [54/71] (4.66ns)   --->   "%gmem_load_3_req = readreq i1 @_ssdm_op_ReadReq.m_axi.i32P1A, i32 %gmem_addr_1, i64 1" [cluster.cpp:34]   --->   Operation 471 'readreq' 'gmem_load_3_req' <Predicate = true> <Delay = 4.66> <CoreInst = "m_axi">   --->   Core 119 'm_axi' <Latency = 6> <II = 1> <Delay = 1.00> <Adapter> <Opcode : 'read' 'write' 'readreq' 'writereq' 'writeresp'>
ST_23 : Operation 472 [55/71] (4.66ns)   --->   "%gmem_load_4_req = readreq i1 @_ssdm_op_ReadReq.m_axi.i32P1A, i32 %gmem_addr_12, i64 1" [cluster.cpp:34]   --->   Operation 472 'readreq' 'gmem_load_4_req' <Predicate = true> <Delay = 4.66> <CoreInst = "m_axi">   --->   Core 119 'm_axi' <Latency = 6> <II = 1> <Delay = 1.00> <Adapter> <Opcode : 'read' 'write' 'readreq' 'writereq' 'writeresp'>
ST_23 : Operation 473 [56/71] (4.66ns)   --->   "%gmem_load_5_req = readreq i1 @_ssdm_op_ReadReq.m_axi.i32P1A, i32 %gmem_addr_2, i64 1" [cluster.cpp:34]   --->   Operation 473 'readreq' 'gmem_load_5_req' <Predicate = true> <Delay = 4.66> <CoreInst = "m_axi">   --->   Core 119 'm_axi' <Latency = 6> <II = 1> <Delay = 1.00> <Adapter> <Opcode : 'read' 'write' 'readreq' 'writereq' 'writeresp'>
ST_23 : Operation 474 [57/71] (4.66ns)   --->   "%empty_19 = readreq i1 @_ssdm_op_ReadReq.m_axi.p1i32, i32 %gmem_addr_13, i64 3" [cluster.cpp:33]   --->   Operation 474 'readreq' 'empty_19' <Predicate = true> <Delay = 4.66> <CoreInst = "m_axi">   --->   Core 119 'm_axi' <Latency = 6> <II = 1> <Delay = 1.00> <Adapter> <Opcode : 'read' 'write' 'readreq' 'writereq' 'writeresp'>
ST_23 : Operation 475 [58/71] (4.66ns)   --->   "%gmem_load_6_req = readreq i1 @_ssdm_op_ReadReq.m_axi.i32P1A, i32 %gmem_addr_3, i64 1" [cluster.cpp:34]   --->   Operation 475 'readreq' 'gmem_load_6_req' <Predicate = true> <Delay = 4.66> <CoreInst = "m_axi">   --->   Core 119 'm_axi' <Latency = 6> <II = 1> <Delay = 1.00> <Adapter> <Opcode : 'read' 'write' 'readreq' 'writereq' 'writeresp'>
ST_23 : Operation 476 [60/71] (4.66ns)   --->   "%gmem_load_7_req = readreq i1 @_ssdm_op_ReadReq.m_axi.i32P1A, i32 %gmem_addr_4, i64 1" [cluster.cpp:34]   --->   Operation 476 'readreq' 'gmem_load_7_req' <Predicate = true> <Delay = 4.66> <CoreInst = "m_axi">   --->   Core 119 'm_axi' <Latency = 6> <II = 1> <Delay = 1.00> <Adapter> <Opcode : 'read' 'write' 'readreq' 'writereq' 'writeresp'>
ST_23 : Operation 477 [62/71] (4.66ns)   --->   "%gmem_load_8_req = readreq i1 @_ssdm_op_ReadReq.m_axi.i32P1A, i32 %gmem_addr_5, i64 1" [cluster.cpp:34]   --->   Operation 477 'readreq' 'gmem_load_8_req' <Predicate = true> <Delay = 4.66> <CoreInst = "m_axi">   --->   Core 119 'm_axi' <Latency = 6> <II = 1> <Delay = 1.00> <Adapter> <Opcode : 'read' 'write' 'readreq' 'writereq' 'writeresp'>
ST_23 : Operation 478 [63/71] (4.66ns)   --->   "%empty_21 = readreq i1 @_ssdm_op_ReadReq.m_axi.p1i32, i32 %gmem_addr_14, i64 3" [cluster.cpp:33]   --->   Operation 478 'readreq' 'empty_21' <Predicate = true> <Delay = 4.66> <CoreInst = "m_axi">   --->   Core 119 'm_axi' <Latency = 6> <II = 1> <Delay = 1.00> <Adapter> <Opcode : 'read' 'write' 'readreq' 'writereq' 'writeresp'>
ST_23 : Operation 479 [64/71] (4.66ns)   --->   "%gmem_load_9_req = readreq i1 @_ssdm_op_ReadReq.m_axi.i32P1A, i32 %gmem_addr_6, i64 1" [cluster.cpp:34]   --->   Operation 479 'readreq' 'gmem_load_9_req' <Predicate = true> <Delay = 4.66> <CoreInst = "m_axi">   --->   Core 119 'm_axi' <Latency = 6> <II = 1> <Delay = 1.00> <Adapter> <Opcode : 'read' 'write' 'readreq' 'writereq' 'writeresp'>
ST_23 : Operation 480 [66/71] (4.66ns)   --->   "%gmem_load_10_req = readreq i1 @_ssdm_op_ReadReq.m_axi.i32P1A, i32 %gmem_addr_7, i64 1" [cluster.cpp:34]   --->   Operation 480 'readreq' 'gmem_load_10_req' <Predicate = true> <Delay = 4.66> <CoreInst = "m_axi">   --->   Core 119 'm_axi' <Latency = 6> <II = 1> <Delay = 1.00> <Adapter> <Opcode : 'read' 'write' 'readreq' 'writereq' 'writeresp'>
ST_23 : Operation 481 [68/71] (4.66ns)   --->   "%gmem_load_11_req = readreq i1 @_ssdm_op_ReadReq.m_axi.i32P1A, i32 %gmem_addr_8, i64 1" [cluster.cpp:34]   --->   Operation 481 'readreq' 'gmem_load_11_req' <Predicate = true> <Delay = 4.66> <CoreInst = "m_axi">   --->   Core 119 'm_axi' <Latency = 6> <II = 1> <Delay = 1.00> <Adapter> <Opcode : 'read' 'write' 'readreq' 'writereq' 'writeresp'>

State 24 <SV = 23> <Delay = 4.66>
ST_24 : Operation 482 [50/71] (4.66ns)   --->   "%gmem_load_req = readreq i1 @_ssdm_op_ReadReq.m_axi.i32P1A, i32 %gmem_addr_10, i64 1" [cluster.cpp:34]   --->   Operation 482 'readreq' 'gmem_load_req' <Predicate = true> <Delay = 4.66> <CoreInst = "m_axi">   --->   Core 119 'm_axi' <Latency = 6> <II = 1> <Delay = 1.00> <Adapter> <Opcode : 'read' 'write' 'readreq' 'writereq' 'writeresp'>
ST_24 : Operation 483 [51/71] (4.66ns)   --->   "%gmem_load_1_req = readreq i1 @_ssdm_op_ReadReq.m_axi.i32P1A, i32 %gmem_addr, i64 1" [cluster.cpp:34]   --->   Operation 483 'readreq' 'gmem_load_1_req' <Predicate = true> <Delay = 4.66> <CoreInst = "m_axi">   --->   Core 119 'm_axi' <Latency = 6> <II = 1> <Delay = 1.00> <Adapter> <Opcode : 'read' 'write' 'readreq' 'writereq' 'writeresp'>
ST_24 : Operation 484 [52/71] (4.66ns)   --->   "%gmem_load_2_req = readreq i1 @_ssdm_op_ReadReq.m_axi.i32P1A, i32 %gmem_addr_11, i64 1" [cluster.cpp:34]   --->   Operation 484 'readreq' 'gmem_load_2_req' <Predicate = true> <Delay = 4.66> <CoreInst = "m_axi">   --->   Core 119 'm_axi' <Latency = 6> <II = 1> <Delay = 1.00> <Adapter> <Opcode : 'read' 'write' 'readreq' 'writereq' 'writeresp'>
ST_24 : Operation 485 [53/71] (4.66ns)   --->   "%gmem_load_3_req = readreq i1 @_ssdm_op_ReadReq.m_axi.i32P1A, i32 %gmem_addr_1, i64 1" [cluster.cpp:34]   --->   Operation 485 'readreq' 'gmem_load_3_req' <Predicate = true> <Delay = 4.66> <CoreInst = "m_axi">   --->   Core 119 'm_axi' <Latency = 6> <II = 1> <Delay = 1.00> <Adapter> <Opcode : 'read' 'write' 'readreq' 'writereq' 'writeresp'>
ST_24 : Operation 486 [54/71] (4.66ns)   --->   "%gmem_load_4_req = readreq i1 @_ssdm_op_ReadReq.m_axi.i32P1A, i32 %gmem_addr_12, i64 1" [cluster.cpp:34]   --->   Operation 486 'readreq' 'gmem_load_4_req' <Predicate = true> <Delay = 4.66> <CoreInst = "m_axi">   --->   Core 119 'm_axi' <Latency = 6> <II = 1> <Delay = 1.00> <Adapter> <Opcode : 'read' 'write' 'readreq' 'writereq' 'writeresp'>
ST_24 : Operation 487 [55/71] (4.66ns)   --->   "%gmem_load_5_req = readreq i1 @_ssdm_op_ReadReq.m_axi.i32P1A, i32 %gmem_addr_2, i64 1" [cluster.cpp:34]   --->   Operation 487 'readreq' 'gmem_load_5_req' <Predicate = true> <Delay = 4.66> <CoreInst = "m_axi">   --->   Core 119 'm_axi' <Latency = 6> <II = 1> <Delay = 1.00> <Adapter> <Opcode : 'read' 'write' 'readreq' 'writereq' 'writeresp'>
ST_24 : Operation 488 [56/71] (4.66ns)   --->   "%empty_19 = readreq i1 @_ssdm_op_ReadReq.m_axi.p1i32, i32 %gmem_addr_13, i64 3" [cluster.cpp:33]   --->   Operation 488 'readreq' 'empty_19' <Predicate = true> <Delay = 4.66> <CoreInst = "m_axi">   --->   Core 119 'm_axi' <Latency = 6> <II = 1> <Delay = 1.00> <Adapter> <Opcode : 'read' 'write' 'readreq' 'writereq' 'writeresp'>
ST_24 : Operation 489 [57/71] (4.66ns)   --->   "%gmem_load_6_req = readreq i1 @_ssdm_op_ReadReq.m_axi.i32P1A, i32 %gmem_addr_3, i64 1" [cluster.cpp:34]   --->   Operation 489 'readreq' 'gmem_load_6_req' <Predicate = true> <Delay = 4.66> <CoreInst = "m_axi">   --->   Core 119 'm_axi' <Latency = 6> <II = 1> <Delay = 1.00> <Adapter> <Opcode : 'read' 'write' 'readreq' 'writereq' 'writeresp'>
ST_24 : Operation 490 [59/71] (4.66ns)   --->   "%gmem_load_7_req = readreq i1 @_ssdm_op_ReadReq.m_axi.i32P1A, i32 %gmem_addr_4, i64 1" [cluster.cpp:34]   --->   Operation 490 'readreq' 'gmem_load_7_req' <Predicate = true> <Delay = 4.66> <CoreInst = "m_axi">   --->   Core 119 'm_axi' <Latency = 6> <II = 1> <Delay = 1.00> <Adapter> <Opcode : 'read' 'write' 'readreq' 'writereq' 'writeresp'>
ST_24 : Operation 491 [61/71] (4.66ns)   --->   "%gmem_load_8_req = readreq i1 @_ssdm_op_ReadReq.m_axi.i32P1A, i32 %gmem_addr_5, i64 1" [cluster.cpp:34]   --->   Operation 491 'readreq' 'gmem_load_8_req' <Predicate = true> <Delay = 4.66> <CoreInst = "m_axi">   --->   Core 119 'm_axi' <Latency = 6> <II = 1> <Delay = 1.00> <Adapter> <Opcode : 'read' 'write' 'readreq' 'writereq' 'writeresp'>
ST_24 : Operation 492 [62/71] (4.66ns)   --->   "%empty_21 = readreq i1 @_ssdm_op_ReadReq.m_axi.p1i32, i32 %gmem_addr_14, i64 3" [cluster.cpp:33]   --->   Operation 492 'readreq' 'empty_21' <Predicate = true> <Delay = 4.66> <CoreInst = "m_axi">   --->   Core 119 'm_axi' <Latency = 6> <II = 1> <Delay = 1.00> <Adapter> <Opcode : 'read' 'write' 'readreq' 'writereq' 'writeresp'>
ST_24 : Operation 493 [63/71] (4.66ns)   --->   "%gmem_load_9_req = readreq i1 @_ssdm_op_ReadReq.m_axi.i32P1A, i32 %gmem_addr_6, i64 1" [cluster.cpp:34]   --->   Operation 493 'readreq' 'gmem_load_9_req' <Predicate = true> <Delay = 4.66> <CoreInst = "m_axi">   --->   Core 119 'm_axi' <Latency = 6> <II = 1> <Delay = 1.00> <Adapter> <Opcode : 'read' 'write' 'readreq' 'writereq' 'writeresp'>
ST_24 : Operation 494 [65/71] (4.66ns)   --->   "%gmem_load_10_req = readreq i1 @_ssdm_op_ReadReq.m_axi.i32P1A, i32 %gmem_addr_7, i64 1" [cluster.cpp:34]   --->   Operation 494 'readreq' 'gmem_load_10_req' <Predicate = true> <Delay = 4.66> <CoreInst = "m_axi">   --->   Core 119 'm_axi' <Latency = 6> <II = 1> <Delay = 1.00> <Adapter> <Opcode : 'read' 'write' 'readreq' 'writereq' 'writeresp'>
ST_24 : Operation 495 [67/71] (4.66ns)   --->   "%gmem_load_11_req = readreq i1 @_ssdm_op_ReadReq.m_axi.i32P1A, i32 %gmem_addr_8, i64 1" [cluster.cpp:34]   --->   Operation 495 'readreq' 'gmem_load_11_req' <Predicate = true> <Delay = 4.66> <CoreInst = "m_axi">   --->   Core 119 'm_axi' <Latency = 6> <II = 1> <Delay = 1.00> <Adapter> <Opcode : 'read' 'write' 'readreq' 'writereq' 'writeresp'>

State 25 <SV = 24> <Delay = 4.66>
ST_25 : Operation 496 [49/71] (4.66ns)   --->   "%gmem_load_req = readreq i1 @_ssdm_op_ReadReq.m_axi.i32P1A, i32 %gmem_addr_10, i64 1" [cluster.cpp:34]   --->   Operation 496 'readreq' 'gmem_load_req' <Predicate = true> <Delay = 4.66> <CoreInst = "m_axi">   --->   Core 119 'm_axi' <Latency = 6> <II = 1> <Delay = 1.00> <Adapter> <Opcode : 'read' 'write' 'readreq' 'writereq' 'writeresp'>
ST_25 : Operation 497 [50/71] (4.66ns)   --->   "%gmem_load_1_req = readreq i1 @_ssdm_op_ReadReq.m_axi.i32P1A, i32 %gmem_addr, i64 1" [cluster.cpp:34]   --->   Operation 497 'readreq' 'gmem_load_1_req' <Predicate = true> <Delay = 4.66> <CoreInst = "m_axi">   --->   Core 119 'm_axi' <Latency = 6> <II = 1> <Delay = 1.00> <Adapter> <Opcode : 'read' 'write' 'readreq' 'writereq' 'writeresp'>
ST_25 : Operation 498 [51/71] (4.66ns)   --->   "%gmem_load_2_req = readreq i1 @_ssdm_op_ReadReq.m_axi.i32P1A, i32 %gmem_addr_11, i64 1" [cluster.cpp:34]   --->   Operation 498 'readreq' 'gmem_load_2_req' <Predicate = true> <Delay = 4.66> <CoreInst = "m_axi">   --->   Core 119 'm_axi' <Latency = 6> <II = 1> <Delay = 1.00> <Adapter> <Opcode : 'read' 'write' 'readreq' 'writereq' 'writeresp'>
ST_25 : Operation 499 [52/71] (4.66ns)   --->   "%gmem_load_3_req = readreq i1 @_ssdm_op_ReadReq.m_axi.i32P1A, i32 %gmem_addr_1, i64 1" [cluster.cpp:34]   --->   Operation 499 'readreq' 'gmem_load_3_req' <Predicate = true> <Delay = 4.66> <CoreInst = "m_axi">   --->   Core 119 'm_axi' <Latency = 6> <II = 1> <Delay = 1.00> <Adapter> <Opcode : 'read' 'write' 'readreq' 'writereq' 'writeresp'>
ST_25 : Operation 500 [53/71] (4.66ns)   --->   "%gmem_load_4_req = readreq i1 @_ssdm_op_ReadReq.m_axi.i32P1A, i32 %gmem_addr_12, i64 1" [cluster.cpp:34]   --->   Operation 500 'readreq' 'gmem_load_4_req' <Predicate = true> <Delay = 4.66> <CoreInst = "m_axi">   --->   Core 119 'm_axi' <Latency = 6> <II = 1> <Delay = 1.00> <Adapter> <Opcode : 'read' 'write' 'readreq' 'writereq' 'writeresp'>
ST_25 : Operation 501 [54/71] (4.66ns)   --->   "%gmem_load_5_req = readreq i1 @_ssdm_op_ReadReq.m_axi.i32P1A, i32 %gmem_addr_2, i64 1" [cluster.cpp:34]   --->   Operation 501 'readreq' 'gmem_load_5_req' <Predicate = true> <Delay = 4.66> <CoreInst = "m_axi">   --->   Core 119 'm_axi' <Latency = 6> <II = 1> <Delay = 1.00> <Adapter> <Opcode : 'read' 'write' 'readreq' 'writereq' 'writeresp'>
ST_25 : Operation 502 [55/71] (4.66ns)   --->   "%empty_19 = readreq i1 @_ssdm_op_ReadReq.m_axi.p1i32, i32 %gmem_addr_13, i64 3" [cluster.cpp:33]   --->   Operation 502 'readreq' 'empty_19' <Predicate = true> <Delay = 4.66> <CoreInst = "m_axi">   --->   Core 119 'm_axi' <Latency = 6> <II = 1> <Delay = 1.00> <Adapter> <Opcode : 'read' 'write' 'readreq' 'writereq' 'writeresp'>
ST_25 : Operation 503 [56/71] (4.66ns)   --->   "%gmem_load_6_req = readreq i1 @_ssdm_op_ReadReq.m_axi.i32P1A, i32 %gmem_addr_3, i64 1" [cluster.cpp:34]   --->   Operation 503 'readreq' 'gmem_load_6_req' <Predicate = true> <Delay = 4.66> <CoreInst = "m_axi">   --->   Core 119 'm_axi' <Latency = 6> <II = 1> <Delay = 1.00> <Adapter> <Opcode : 'read' 'write' 'readreq' 'writereq' 'writeresp'>
ST_25 : Operation 504 [58/71] (4.66ns)   --->   "%gmem_load_7_req = readreq i1 @_ssdm_op_ReadReq.m_axi.i32P1A, i32 %gmem_addr_4, i64 1" [cluster.cpp:34]   --->   Operation 504 'readreq' 'gmem_load_7_req' <Predicate = true> <Delay = 4.66> <CoreInst = "m_axi">   --->   Core 119 'm_axi' <Latency = 6> <II = 1> <Delay = 1.00> <Adapter> <Opcode : 'read' 'write' 'readreq' 'writereq' 'writeresp'>
ST_25 : Operation 505 [60/71] (4.66ns)   --->   "%gmem_load_8_req = readreq i1 @_ssdm_op_ReadReq.m_axi.i32P1A, i32 %gmem_addr_5, i64 1" [cluster.cpp:34]   --->   Operation 505 'readreq' 'gmem_load_8_req' <Predicate = true> <Delay = 4.66> <CoreInst = "m_axi">   --->   Core 119 'm_axi' <Latency = 6> <II = 1> <Delay = 1.00> <Adapter> <Opcode : 'read' 'write' 'readreq' 'writereq' 'writeresp'>
ST_25 : Operation 506 [61/71] (4.66ns)   --->   "%empty_21 = readreq i1 @_ssdm_op_ReadReq.m_axi.p1i32, i32 %gmem_addr_14, i64 3" [cluster.cpp:33]   --->   Operation 506 'readreq' 'empty_21' <Predicate = true> <Delay = 4.66> <CoreInst = "m_axi">   --->   Core 119 'm_axi' <Latency = 6> <II = 1> <Delay = 1.00> <Adapter> <Opcode : 'read' 'write' 'readreq' 'writereq' 'writeresp'>
ST_25 : Operation 507 [62/71] (4.66ns)   --->   "%gmem_load_9_req = readreq i1 @_ssdm_op_ReadReq.m_axi.i32P1A, i32 %gmem_addr_6, i64 1" [cluster.cpp:34]   --->   Operation 507 'readreq' 'gmem_load_9_req' <Predicate = true> <Delay = 4.66> <CoreInst = "m_axi">   --->   Core 119 'm_axi' <Latency = 6> <II = 1> <Delay = 1.00> <Adapter> <Opcode : 'read' 'write' 'readreq' 'writereq' 'writeresp'>
ST_25 : Operation 508 [64/71] (4.66ns)   --->   "%gmem_load_10_req = readreq i1 @_ssdm_op_ReadReq.m_axi.i32P1A, i32 %gmem_addr_7, i64 1" [cluster.cpp:34]   --->   Operation 508 'readreq' 'gmem_load_10_req' <Predicate = true> <Delay = 4.66> <CoreInst = "m_axi">   --->   Core 119 'm_axi' <Latency = 6> <II = 1> <Delay = 1.00> <Adapter> <Opcode : 'read' 'write' 'readreq' 'writereq' 'writeresp'>
ST_25 : Operation 509 [66/71] (4.66ns)   --->   "%gmem_load_11_req = readreq i1 @_ssdm_op_ReadReq.m_axi.i32P1A, i32 %gmem_addr_8, i64 1" [cluster.cpp:34]   --->   Operation 509 'readreq' 'gmem_load_11_req' <Predicate = true> <Delay = 4.66> <CoreInst = "m_axi">   --->   Core 119 'm_axi' <Latency = 6> <II = 1> <Delay = 1.00> <Adapter> <Opcode : 'read' 'write' 'readreq' 'writereq' 'writeresp'>

State 26 <SV = 25> <Delay = 4.66>
ST_26 : Operation 510 [48/71] (4.66ns)   --->   "%gmem_load_req = readreq i1 @_ssdm_op_ReadReq.m_axi.i32P1A, i32 %gmem_addr_10, i64 1" [cluster.cpp:34]   --->   Operation 510 'readreq' 'gmem_load_req' <Predicate = true> <Delay = 4.66> <CoreInst = "m_axi">   --->   Core 119 'm_axi' <Latency = 6> <II = 1> <Delay = 1.00> <Adapter> <Opcode : 'read' 'write' 'readreq' 'writereq' 'writeresp'>
ST_26 : Operation 511 [49/71] (4.66ns)   --->   "%gmem_load_1_req = readreq i1 @_ssdm_op_ReadReq.m_axi.i32P1A, i32 %gmem_addr, i64 1" [cluster.cpp:34]   --->   Operation 511 'readreq' 'gmem_load_1_req' <Predicate = true> <Delay = 4.66> <CoreInst = "m_axi">   --->   Core 119 'm_axi' <Latency = 6> <II = 1> <Delay = 1.00> <Adapter> <Opcode : 'read' 'write' 'readreq' 'writereq' 'writeresp'>
ST_26 : Operation 512 [50/71] (4.66ns)   --->   "%gmem_load_2_req = readreq i1 @_ssdm_op_ReadReq.m_axi.i32P1A, i32 %gmem_addr_11, i64 1" [cluster.cpp:34]   --->   Operation 512 'readreq' 'gmem_load_2_req' <Predicate = true> <Delay = 4.66> <CoreInst = "m_axi">   --->   Core 119 'm_axi' <Latency = 6> <II = 1> <Delay = 1.00> <Adapter> <Opcode : 'read' 'write' 'readreq' 'writereq' 'writeresp'>
ST_26 : Operation 513 [51/71] (4.66ns)   --->   "%gmem_load_3_req = readreq i1 @_ssdm_op_ReadReq.m_axi.i32P1A, i32 %gmem_addr_1, i64 1" [cluster.cpp:34]   --->   Operation 513 'readreq' 'gmem_load_3_req' <Predicate = true> <Delay = 4.66> <CoreInst = "m_axi">   --->   Core 119 'm_axi' <Latency = 6> <II = 1> <Delay = 1.00> <Adapter> <Opcode : 'read' 'write' 'readreq' 'writereq' 'writeresp'>
ST_26 : Operation 514 [52/71] (4.66ns)   --->   "%gmem_load_4_req = readreq i1 @_ssdm_op_ReadReq.m_axi.i32P1A, i32 %gmem_addr_12, i64 1" [cluster.cpp:34]   --->   Operation 514 'readreq' 'gmem_load_4_req' <Predicate = true> <Delay = 4.66> <CoreInst = "m_axi">   --->   Core 119 'm_axi' <Latency = 6> <II = 1> <Delay = 1.00> <Adapter> <Opcode : 'read' 'write' 'readreq' 'writereq' 'writeresp'>
ST_26 : Operation 515 [53/71] (4.66ns)   --->   "%gmem_load_5_req = readreq i1 @_ssdm_op_ReadReq.m_axi.i32P1A, i32 %gmem_addr_2, i64 1" [cluster.cpp:34]   --->   Operation 515 'readreq' 'gmem_load_5_req' <Predicate = true> <Delay = 4.66> <CoreInst = "m_axi">   --->   Core 119 'm_axi' <Latency = 6> <II = 1> <Delay = 1.00> <Adapter> <Opcode : 'read' 'write' 'readreq' 'writereq' 'writeresp'>
ST_26 : Operation 516 [54/71] (4.66ns)   --->   "%empty_19 = readreq i1 @_ssdm_op_ReadReq.m_axi.p1i32, i32 %gmem_addr_13, i64 3" [cluster.cpp:33]   --->   Operation 516 'readreq' 'empty_19' <Predicate = true> <Delay = 4.66> <CoreInst = "m_axi">   --->   Core 119 'm_axi' <Latency = 6> <II = 1> <Delay = 1.00> <Adapter> <Opcode : 'read' 'write' 'readreq' 'writereq' 'writeresp'>
ST_26 : Operation 517 [55/71] (4.66ns)   --->   "%gmem_load_6_req = readreq i1 @_ssdm_op_ReadReq.m_axi.i32P1A, i32 %gmem_addr_3, i64 1" [cluster.cpp:34]   --->   Operation 517 'readreq' 'gmem_load_6_req' <Predicate = true> <Delay = 4.66> <CoreInst = "m_axi">   --->   Core 119 'm_axi' <Latency = 6> <II = 1> <Delay = 1.00> <Adapter> <Opcode : 'read' 'write' 'readreq' 'writereq' 'writeresp'>
ST_26 : Operation 518 [57/71] (4.66ns)   --->   "%gmem_load_7_req = readreq i1 @_ssdm_op_ReadReq.m_axi.i32P1A, i32 %gmem_addr_4, i64 1" [cluster.cpp:34]   --->   Operation 518 'readreq' 'gmem_load_7_req' <Predicate = true> <Delay = 4.66> <CoreInst = "m_axi">   --->   Core 119 'm_axi' <Latency = 6> <II = 1> <Delay = 1.00> <Adapter> <Opcode : 'read' 'write' 'readreq' 'writereq' 'writeresp'>
ST_26 : Operation 519 [59/71] (4.66ns)   --->   "%gmem_load_8_req = readreq i1 @_ssdm_op_ReadReq.m_axi.i32P1A, i32 %gmem_addr_5, i64 1" [cluster.cpp:34]   --->   Operation 519 'readreq' 'gmem_load_8_req' <Predicate = true> <Delay = 4.66> <CoreInst = "m_axi">   --->   Core 119 'm_axi' <Latency = 6> <II = 1> <Delay = 1.00> <Adapter> <Opcode : 'read' 'write' 'readreq' 'writereq' 'writeresp'>
ST_26 : Operation 520 [60/71] (4.66ns)   --->   "%empty_21 = readreq i1 @_ssdm_op_ReadReq.m_axi.p1i32, i32 %gmem_addr_14, i64 3" [cluster.cpp:33]   --->   Operation 520 'readreq' 'empty_21' <Predicate = true> <Delay = 4.66> <CoreInst = "m_axi">   --->   Core 119 'm_axi' <Latency = 6> <II = 1> <Delay = 1.00> <Adapter> <Opcode : 'read' 'write' 'readreq' 'writereq' 'writeresp'>
ST_26 : Operation 521 [61/71] (4.66ns)   --->   "%gmem_load_9_req = readreq i1 @_ssdm_op_ReadReq.m_axi.i32P1A, i32 %gmem_addr_6, i64 1" [cluster.cpp:34]   --->   Operation 521 'readreq' 'gmem_load_9_req' <Predicate = true> <Delay = 4.66> <CoreInst = "m_axi">   --->   Core 119 'm_axi' <Latency = 6> <II = 1> <Delay = 1.00> <Adapter> <Opcode : 'read' 'write' 'readreq' 'writereq' 'writeresp'>
ST_26 : Operation 522 [63/71] (4.66ns)   --->   "%gmem_load_10_req = readreq i1 @_ssdm_op_ReadReq.m_axi.i32P1A, i32 %gmem_addr_7, i64 1" [cluster.cpp:34]   --->   Operation 522 'readreq' 'gmem_load_10_req' <Predicate = true> <Delay = 4.66> <CoreInst = "m_axi">   --->   Core 119 'm_axi' <Latency = 6> <II = 1> <Delay = 1.00> <Adapter> <Opcode : 'read' 'write' 'readreq' 'writereq' 'writeresp'>
ST_26 : Operation 523 [65/71] (4.66ns)   --->   "%gmem_load_11_req = readreq i1 @_ssdm_op_ReadReq.m_axi.i32P1A, i32 %gmem_addr_8, i64 1" [cluster.cpp:34]   --->   Operation 523 'readreq' 'gmem_load_11_req' <Predicate = true> <Delay = 4.66> <CoreInst = "m_axi">   --->   Core 119 'm_axi' <Latency = 6> <II = 1> <Delay = 1.00> <Adapter> <Opcode : 'read' 'write' 'readreq' 'writereq' 'writeresp'>

State 27 <SV = 26> <Delay = 4.66>
ST_27 : Operation 524 [47/71] (4.66ns)   --->   "%gmem_load_req = readreq i1 @_ssdm_op_ReadReq.m_axi.i32P1A, i32 %gmem_addr_10, i64 1" [cluster.cpp:34]   --->   Operation 524 'readreq' 'gmem_load_req' <Predicate = true> <Delay = 4.66> <CoreInst = "m_axi">   --->   Core 119 'm_axi' <Latency = 6> <II = 1> <Delay = 1.00> <Adapter> <Opcode : 'read' 'write' 'readreq' 'writereq' 'writeresp'>
ST_27 : Operation 525 [48/71] (4.66ns)   --->   "%gmem_load_1_req = readreq i1 @_ssdm_op_ReadReq.m_axi.i32P1A, i32 %gmem_addr, i64 1" [cluster.cpp:34]   --->   Operation 525 'readreq' 'gmem_load_1_req' <Predicate = true> <Delay = 4.66> <CoreInst = "m_axi">   --->   Core 119 'm_axi' <Latency = 6> <II = 1> <Delay = 1.00> <Adapter> <Opcode : 'read' 'write' 'readreq' 'writereq' 'writeresp'>
ST_27 : Operation 526 [49/71] (4.66ns)   --->   "%gmem_load_2_req = readreq i1 @_ssdm_op_ReadReq.m_axi.i32P1A, i32 %gmem_addr_11, i64 1" [cluster.cpp:34]   --->   Operation 526 'readreq' 'gmem_load_2_req' <Predicate = true> <Delay = 4.66> <CoreInst = "m_axi">   --->   Core 119 'm_axi' <Latency = 6> <II = 1> <Delay = 1.00> <Adapter> <Opcode : 'read' 'write' 'readreq' 'writereq' 'writeresp'>
ST_27 : Operation 527 [50/71] (4.66ns)   --->   "%gmem_load_3_req = readreq i1 @_ssdm_op_ReadReq.m_axi.i32P1A, i32 %gmem_addr_1, i64 1" [cluster.cpp:34]   --->   Operation 527 'readreq' 'gmem_load_3_req' <Predicate = true> <Delay = 4.66> <CoreInst = "m_axi">   --->   Core 119 'm_axi' <Latency = 6> <II = 1> <Delay = 1.00> <Adapter> <Opcode : 'read' 'write' 'readreq' 'writereq' 'writeresp'>
ST_27 : Operation 528 [51/71] (4.66ns)   --->   "%gmem_load_4_req = readreq i1 @_ssdm_op_ReadReq.m_axi.i32P1A, i32 %gmem_addr_12, i64 1" [cluster.cpp:34]   --->   Operation 528 'readreq' 'gmem_load_4_req' <Predicate = true> <Delay = 4.66> <CoreInst = "m_axi">   --->   Core 119 'm_axi' <Latency = 6> <II = 1> <Delay = 1.00> <Adapter> <Opcode : 'read' 'write' 'readreq' 'writereq' 'writeresp'>
ST_27 : Operation 529 [52/71] (4.66ns)   --->   "%gmem_load_5_req = readreq i1 @_ssdm_op_ReadReq.m_axi.i32P1A, i32 %gmem_addr_2, i64 1" [cluster.cpp:34]   --->   Operation 529 'readreq' 'gmem_load_5_req' <Predicate = true> <Delay = 4.66> <CoreInst = "m_axi">   --->   Core 119 'm_axi' <Latency = 6> <II = 1> <Delay = 1.00> <Adapter> <Opcode : 'read' 'write' 'readreq' 'writereq' 'writeresp'>
ST_27 : Operation 530 [53/71] (4.66ns)   --->   "%empty_19 = readreq i1 @_ssdm_op_ReadReq.m_axi.p1i32, i32 %gmem_addr_13, i64 3" [cluster.cpp:33]   --->   Operation 530 'readreq' 'empty_19' <Predicate = true> <Delay = 4.66> <CoreInst = "m_axi">   --->   Core 119 'm_axi' <Latency = 6> <II = 1> <Delay = 1.00> <Adapter> <Opcode : 'read' 'write' 'readreq' 'writereq' 'writeresp'>
ST_27 : Operation 531 [54/71] (4.66ns)   --->   "%gmem_load_6_req = readreq i1 @_ssdm_op_ReadReq.m_axi.i32P1A, i32 %gmem_addr_3, i64 1" [cluster.cpp:34]   --->   Operation 531 'readreq' 'gmem_load_6_req' <Predicate = true> <Delay = 4.66> <CoreInst = "m_axi">   --->   Core 119 'm_axi' <Latency = 6> <II = 1> <Delay = 1.00> <Adapter> <Opcode : 'read' 'write' 'readreq' 'writereq' 'writeresp'>
ST_27 : Operation 532 [56/71] (4.66ns)   --->   "%gmem_load_7_req = readreq i1 @_ssdm_op_ReadReq.m_axi.i32P1A, i32 %gmem_addr_4, i64 1" [cluster.cpp:34]   --->   Operation 532 'readreq' 'gmem_load_7_req' <Predicate = true> <Delay = 4.66> <CoreInst = "m_axi">   --->   Core 119 'm_axi' <Latency = 6> <II = 1> <Delay = 1.00> <Adapter> <Opcode : 'read' 'write' 'readreq' 'writereq' 'writeresp'>
ST_27 : Operation 533 [58/71] (4.66ns)   --->   "%gmem_load_8_req = readreq i1 @_ssdm_op_ReadReq.m_axi.i32P1A, i32 %gmem_addr_5, i64 1" [cluster.cpp:34]   --->   Operation 533 'readreq' 'gmem_load_8_req' <Predicate = true> <Delay = 4.66> <CoreInst = "m_axi">   --->   Core 119 'm_axi' <Latency = 6> <II = 1> <Delay = 1.00> <Adapter> <Opcode : 'read' 'write' 'readreq' 'writereq' 'writeresp'>
ST_27 : Operation 534 [59/71] (4.66ns)   --->   "%empty_21 = readreq i1 @_ssdm_op_ReadReq.m_axi.p1i32, i32 %gmem_addr_14, i64 3" [cluster.cpp:33]   --->   Operation 534 'readreq' 'empty_21' <Predicate = true> <Delay = 4.66> <CoreInst = "m_axi">   --->   Core 119 'm_axi' <Latency = 6> <II = 1> <Delay = 1.00> <Adapter> <Opcode : 'read' 'write' 'readreq' 'writereq' 'writeresp'>
ST_27 : Operation 535 [60/71] (4.66ns)   --->   "%gmem_load_9_req = readreq i1 @_ssdm_op_ReadReq.m_axi.i32P1A, i32 %gmem_addr_6, i64 1" [cluster.cpp:34]   --->   Operation 535 'readreq' 'gmem_load_9_req' <Predicate = true> <Delay = 4.66> <CoreInst = "m_axi">   --->   Core 119 'm_axi' <Latency = 6> <II = 1> <Delay = 1.00> <Adapter> <Opcode : 'read' 'write' 'readreq' 'writereq' 'writeresp'>
ST_27 : Operation 536 [62/71] (4.66ns)   --->   "%gmem_load_10_req = readreq i1 @_ssdm_op_ReadReq.m_axi.i32P1A, i32 %gmem_addr_7, i64 1" [cluster.cpp:34]   --->   Operation 536 'readreq' 'gmem_load_10_req' <Predicate = true> <Delay = 4.66> <CoreInst = "m_axi">   --->   Core 119 'm_axi' <Latency = 6> <II = 1> <Delay = 1.00> <Adapter> <Opcode : 'read' 'write' 'readreq' 'writereq' 'writeresp'>
ST_27 : Operation 537 [64/71] (4.66ns)   --->   "%gmem_load_11_req = readreq i1 @_ssdm_op_ReadReq.m_axi.i32P1A, i32 %gmem_addr_8, i64 1" [cluster.cpp:34]   --->   Operation 537 'readreq' 'gmem_load_11_req' <Predicate = true> <Delay = 4.66> <CoreInst = "m_axi">   --->   Core 119 'm_axi' <Latency = 6> <II = 1> <Delay = 1.00> <Adapter> <Opcode : 'read' 'write' 'readreq' 'writereq' 'writeresp'>

State 28 <SV = 27> <Delay = 4.66>
ST_28 : Operation 538 [46/71] (4.66ns)   --->   "%gmem_load_req = readreq i1 @_ssdm_op_ReadReq.m_axi.i32P1A, i32 %gmem_addr_10, i64 1" [cluster.cpp:34]   --->   Operation 538 'readreq' 'gmem_load_req' <Predicate = true> <Delay = 4.66> <CoreInst = "m_axi">   --->   Core 119 'm_axi' <Latency = 6> <II = 1> <Delay = 1.00> <Adapter> <Opcode : 'read' 'write' 'readreq' 'writereq' 'writeresp'>
ST_28 : Operation 539 [47/71] (4.66ns)   --->   "%gmem_load_1_req = readreq i1 @_ssdm_op_ReadReq.m_axi.i32P1A, i32 %gmem_addr, i64 1" [cluster.cpp:34]   --->   Operation 539 'readreq' 'gmem_load_1_req' <Predicate = true> <Delay = 4.66> <CoreInst = "m_axi">   --->   Core 119 'm_axi' <Latency = 6> <II = 1> <Delay = 1.00> <Adapter> <Opcode : 'read' 'write' 'readreq' 'writereq' 'writeresp'>
ST_28 : Operation 540 [48/71] (4.66ns)   --->   "%gmem_load_2_req = readreq i1 @_ssdm_op_ReadReq.m_axi.i32P1A, i32 %gmem_addr_11, i64 1" [cluster.cpp:34]   --->   Operation 540 'readreq' 'gmem_load_2_req' <Predicate = true> <Delay = 4.66> <CoreInst = "m_axi">   --->   Core 119 'm_axi' <Latency = 6> <II = 1> <Delay = 1.00> <Adapter> <Opcode : 'read' 'write' 'readreq' 'writereq' 'writeresp'>
ST_28 : Operation 541 [49/71] (4.66ns)   --->   "%gmem_load_3_req = readreq i1 @_ssdm_op_ReadReq.m_axi.i32P1A, i32 %gmem_addr_1, i64 1" [cluster.cpp:34]   --->   Operation 541 'readreq' 'gmem_load_3_req' <Predicate = true> <Delay = 4.66> <CoreInst = "m_axi">   --->   Core 119 'm_axi' <Latency = 6> <II = 1> <Delay = 1.00> <Adapter> <Opcode : 'read' 'write' 'readreq' 'writereq' 'writeresp'>
ST_28 : Operation 542 [50/71] (4.66ns)   --->   "%gmem_load_4_req = readreq i1 @_ssdm_op_ReadReq.m_axi.i32P1A, i32 %gmem_addr_12, i64 1" [cluster.cpp:34]   --->   Operation 542 'readreq' 'gmem_load_4_req' <Predicate = true> <Delay = 4.66> <CoreInst = "m_axi">   --->   Core 119 'm_axi' <Latency = 6> <II = 1> <Delay = 1.00> <Adapter> <Opcode : 'read' 'write' 'readreq' 'writereq' 'writeresp'>
ST_28 : Operation 543 [51/71] (4.66ns)   --->   "%gmem_load_5_req = readreq i1 @_ssdm_op_ReadReq.m_axi.i32P1A, i32 %gmem_addr_2, i64 1" [cluster.cpp:34]   --->   Operation 543 'readreq' 'gmem_load_5_req' <Predicate = true> <Delay = 4.66> <CoreInst = "m_axi">   --->   Core 119 'm_axi' <Latency = 6> <II = 1> <Delay = 1.00> <Adapter> <Opcode : 'read' 'write' 'readreq' 'writereq' 'writeresp'>
ST_28 : Operation 544 [52/71] (4.66ns)   --->   "%empty_19 = readreq i1 @_ssdm_op_ReadReq.m_axi.p1i32, i32 %gmem_addr_13, i64 3" [cluster.cpp:33]   --->   Operation 544 'readreq' 'empty_19' <Predicate = true> <Delay = 4.66> <CoreInst = "m_axi">   --->   Core 119 'm_axi' <Latency = 6> <II = 1> <Delay = 1.00> <Adapter> <Opcode : 'read' 'write' 'readreq' 'writereq' 'writeresp'>
ST_28 : Operation 545 [53/71] (4.66ns)   --->   "%gmem_load_6_req = readreq i1 @_ssdm_op_ReadReq.m_axi.i32P1A, i32 %gmem_addr_3, i64 1" [cluster.cpp:34]   --->   Operation 545 'readreq' 'gmem_load_6_req' <Predicate = true> <Delay = 4.66> <CoreInst = "m_axi">   --->   Core 119 'm_axi' <Latency = 6> <II = 1> <Delay = 1.00> <Adapter> <Opcode : 'read' 'write' 'readreq' 'writereq' 'writeresp'>
ST_28 : Operation 546 [55/71] (4.66ns)   --->   "%gmem_load_7_req = readreq i1 @_ssdm_op_ReadReq.m_axi.i32P1A, i32 %gmem_addr_4, i64 1" [cluster.cpp:34]   --->   Operation 546 'readreq' 'gmem_load_7_req' <Predicate = true> <Delay = 4.66> <CoreInst = "m_axi">   --->   Core 119 'm_axi' <Latency = 6> <II = 1> <Delay = 1.00> <Adapter> <Opcode : 'read' 'write' 'readreq' 'writereq' 'writeresp'>
ST_28 : Operation 547 [57/71] (4.66ns)   --->   "%gmem_load_8_req = readreq i1 @_ssdm_op_ReadReq.m_axi.i32P1A, i32 %gmem_addr_5, i64 1" [cluster.cpp:34]   --->   Operation 547 'readreq' 'gmem_load_8_req' <Predicate = true> <Delay = 4.66> <CoreInst = "m_axi">   --->   Core 119 'm_axi' <Latency = 6> <II = 1> <Delay = 1.00> <Adapter> <Opcode : 'read' 'write' 'readreq' 'writereq' 'writeresp'>
ST_28 : Operation 548 [58/71] (4.66ns)   --->   "%empty_21 = readreq i1 @_ssdm_op_ReadReq.m_axi.p1i32, i32 %gmem_addr_14, i64 3" [cluster.cpp:33]   --->   Operation 548 'readreq' 'empty_21' <Predicate = true> <Delay = 4.66> <CoreInst = "m_axi">   --->   Core 119 'm_axi' <Latency = 6> <II = 1> <Delay = 1.00> <Adapter> <Opcode : 'read' 'write' 'readreq' 'writereq' 'writeresp'>
ST_28 : Operation 549 [59/71] (4.66ns)   --->   "%gmem_load_9_req = readreq i1 @_ssdm_op_ReadReq.m_axi.i32P1A, i32 %gmem_addr_6, i64 1" [cluster.cpp:34]   --->   Operation 549 'readreq' 'gmem_load_9_req' <Predicate = true> <Delay = 4.66> <CoreInst = "m_axi">   --->   Core 119 'm_axi' <Latency = 6> <II = 1> <Delay = 1.00> <Adapter> <Opcode : 'read' 'write' 'readreq' 'writereq' 'writeresp'>
ST_28 : Operation 550 [61/71] (4.66ns)   --->   "%gmem_load_10_req = readreq i1 @_ssdm_op_ReadReq.m_axi.i32P1A, i32 %gmem_addr_7, i64 1" [cluster.cpp:34]   --->   Operation 550 'readreq' 'gmem_load_10_req' <Predicate = true> <Delay = 4.66> <CoreInst = "m_axi">   --->   Core 119 'm_axi' <Latency = 6> <II = 1> <Delay = 1.00> <Adapter> <Opcode : 'read' 'write' 'readreq' 'writereq' 'writeresp'>
ST_28 : Operation 551 [63/71] (4.66ns)   --->   "%gmem_load_11_req = readreq i1 @_ssdm_op_ReadReq.m_axi.i32P1A, i32 %gmem_addr_8, i64 1" [cluster.cpp:34]   --->   Operation 551 'readreq' 'gmem_load_11_req' <Predicate = true> <Delay = 4.66> <CoreInst = "m_axi">   --->   Core 119 'm_axi' <Latency = 6> <II = 1> <Delay = 1.00> <Adapter> <Opcode : 'read' 'write' 'readreq' 'writereq' 'writeresp'>

State 29 <SV = 28> <Delay = 4.66>
ST_29 : Operation 552 [45/71] (4.66ns)   --->   "%gmem_load_req = readreq i1 @_ssdm_op_ReadReq.m_axi.i32P1A, i32 %gmem_addr_10, i64 1" [cluster.cpp:34]   --->   Operation 552 'readreq' 'gmem_load_req' <Predicate = true> <Delay = 4.66> <CoreInst = "m_axi">   --->   Core 119 'm_axi' <Latency = 6> <II = 1> <Delay = 1.00> <Adapter> <Opcode : 'read' 'write' 'readreq' 'writereq' 'writeresp'>
ST_29 : Operation 553 [46/71] (4.66ns)   --->   "%gmem_load_1_req = readreq i1 @_ssdm_op_ReadReq.m_axi.i32P1A, i32 %gmem_addr, i64 1" [cluster.cpp:34]   --->   Operation 553 'readreq' 'gmem_load_1_req' <Predicate = true> <Delay = 4.66> <CoreInst = "m_axi">   --->   Core 119 'm_axi' <Latency = 6> <II = 1> <Delay = 1.00> <Adapter> <Opcode : 'read' 'write' 'readreq' 'writereq' 'writeresp'>
ST_29 : Operation 554 [47/71] (4.66ns)   --->   "%gmem_load_2_req = readreq i1 @_ssdm_op_ReadReq.m_axi.i32P1A, i32 %gmem_addr_11, i64 1" [cluster.cpp:34]   --->   Operation 554 'readreq' 'gmem_load_2_req' <Predicate = true> <Delay = 4.66> <CoreInst = "m_axi">   --->   Core 119 'm_axi' <Latency = 6> <II = 1> <Delay = 1.00> <Adapter> <Opcode : 'read' 'write' 'readreq' 'writereq' 'writeresp'>
ST_29 : Operation 555 [48/71] (4.66ns)   --->   "%gmem_load_3_req = readreq i1 @_ssdm_op_ReadReq.m_axi.i32P1A, i32 %gmem_addr_1, i64 1" [cluster.cpp:34]   --->   Operation 555 'readreq' 'gmem_load_3_req' <Predicate = true> <Delay = 4.66> <CoreInst = "m_axi">   --->   Core 119 'm_axi' <Latency = 6> <II = 1> <Delay = 1.00> <Adapter> <Opcode : 'read' 'write' 'readreq' 'writereq' 'writeresp'>
ST_29 : Operation 556 [49/71] (4.66ns)   --->   "%gmem_load_4_req = readreq i1 @_ssdm_op_ReadReq.m_axi.i32P1A, i32 %gmem_addr_12, i64 1" [cluster.cpp:34]   --->   Operation 556 'readreq' 'gmem_load_4_req' <Predicate = true> <Delay = 4.66> <CoreInst = "m_axi">   --->   Core 119 'm_axi' <Latency = 6> <II = 1> <Delay = 1.00> <Adapter> <Opcode : 'read' 'write' 'readreq' 'writereq' 'writeresp'>
ST_29 : Operation 557 [50/71] (4.66ns)   --->   "%gmem_load_5_req = readreq i1 @_ssdm_op_ReadReq.m_axi.i32P1A, i32 %gmem_addr_2, i64 1" [cluster.cpp:34]   --->   Operation 557 'readreq' 'gmem_load_5_req' <Predicate = true> <Delay = 4.66> <CoreInst = "m_axi">   --->   Core 119 'm_axi' <Latency = 6> <II = 1> <Delay = 1.00> <Adapter> <Opcode : 'read' 'write' 'readreq' 'writereq' 'writeresp'>
ST_29 : Operation 558 [51/71] (4.66ns)   --->   "%empty_19 = readreq i1 @_ssdm_op_ReadReq.m_axi.p1i32, i32 %gmem_addr_13, i64 3" [cluster.cpp:33]   --->   Operation 558 'readreq' 'empty_19' <Predicate = true> <Delay = 4.66> <CoreInst = "m_axi">   --->   Core 119 'm_axi' <Latency = 6> <II = 1> <Delay = 1.00> <Adapter> <Opcode : 'read' 'write' 'readreq' 'writereq' 'writeresp'>
ST_29 : Operation 559 [52/71] (4.66ns)   --->   "%gmem_load_6_req = readreq i1 @_ssdm_op_ReadReq.m_axi.i32P1A, i32 %gmem_addr_3, i64 1" [cluster.cpp:34]   --->   Operation 559 'readreq' 'gmem_load_6_req' <Predicate = true> <Delay = 4.66> <CoreInst = "m_axi">   --->   Core 119 'm_axi' <Latency = 6> <II = 1> <Delay = 1.00> <Adapter> <Opcode : 'read' 'write' 'readreq' 'writereq' 'writeresp'>
ST_29 : Operation 560 [54/71] (4.66ns)   --->   "%gmem_load_7_req = readreq i1 @_ssdm_op_ReadReq.m_axi.i32P1A, i32 %gmem_addr_4, i64 1" [cluster.cpp:34]   --->   Operation 560 'readreq' 'gmem_load_7_req' <Predicate = true> <Delay = 4.66> <CoreInst = "m_axi">   --->   Core 119 'm_axi' <Latency = 6> <II = 1> <Delay = 1.00> <Adapter> <Opcode : 'read' 'write' 'readreq' 'writereq' 'writeresp'>
ST_29 : Operation 561 [56/71] (4.66ns)   --->   "%gmem_load_8_req = readreq i1 @_ssdm_op_ReadReq.m_axi.i32P1A, i32 %gmem_addr_5, i64 1" [cluster.cpp:34]   --->   Operation 561 'readreq' 'gmem_load_8_req' <Predicate = true> <Delay = 4.66> <CoreInst = "m_axi">   --->   Core 119 'm_axi' <Latency = 6> <II = 1> <Delay = 1.00> <Adapter> <Opcode : 'read' 'write' 'readreq' 'writereq' 'writeresp'>
ST_29 : Operation 562 [57/71] (4.66ns)   --->   "%empty_21 = readreq i1 @_ssdm_op_ReadReq.m_axi.p1i32, i32 %gmem_addr_14, i64 3" [cluster.cpp:33]   --->   Operation 562 'readreq' 'empty_21' <Predicate = true> <Delay = 4.66> <CoreInst = "m_axi">   --->   Core 119 'm_axi' <Latency = 6> <II = 1> <Delay = 1.00> <Adapter> <Opcode : 'read' 'write' 'readreq' 'writereq' 'writeresp'>
ST_29 : Operation 563 [58/71] (4.66ns)   --->   "%gmem_load_9_req = readreq i1 @_ssdm_op_ReadReq.m_axi.i32P1A, i32 %gmem_addr_6, i64 1" [cluster.cpp:34]   --->   Operation 563 'readreq' 'gmem_load_9_req' <Predicate = true> <Delay = 4.66> <CoreInst = "m_axi">   --->   Core 119 'm_axi' <Latency = 6> <II = 1> <Delay = 1.00> <Adapter> <Opcode : 'read' 'write' 'readreq' 'writereq' 'writeresp'>
ST_29 : Operation 564 [60/71] (4.66ns)   --->   "%gmem_load_10_req = readreq i1 @_ssdm_op_ReadReq.m_axi.i32P1A, i32 %gmem_addr_7, i64 1" [cluster.cpp:34]   --->   Operation 564 'readreq' 'gmem_load_10_req' <Predicate = true> <Delay = 4.66> <CoreInst = "m_axi">   --->   Core 119 'm_axi' <Latency = 6> <II = 1> <Delay = 1.00> <Adapter> <Opcode : 'read' 'write' 'readreq' 'writereq' 'writeresp'>
ST_29 : Operation 565 [62/71] (4.66ns)   --->   "%gmem_load_11_req = readreq i1 @_ssdm_op_ReadReq.m_axi.i32P1A, i32 %gmem_addr_8, i64 1" [cluster.cpp:34]   --->   Operation 565 'readreq' 'gmem_load_11_req' <Predicate = true> <Delay = 4.66> <CoreInst = "m_axi">   --->   Core 119 'm_axi' <Latency = 6> <II = 1> <Delay = 1.00> <Adapter> <Opcode : 'read' 'write' 'readreq' 'writereq' 'writeresp'>

State 30 <SV = 29> <Delay = 4.66>
ST_30 : Operation 566 [44/71] (4.66ns)   --->   "%gmem_load_req = readreq i1 @_ssdm_op_ReadReq.m_axi.i32P1A, i32 %gmem_addr_10, i64 1" [cluster.cpp:34]   --->   Operation 566 'readreq' 'gmem_load_req' <Predicate = true> <Delay = 4.66> <CoreInst = "m_axi">   --->   Core 119 'm_axi' <Latency = 6> <II = 1> <Delay = 1.00> <Adapter> <Opcode : 'read' 'write' 'readreq' 'writereq' 'writeresp'>
ST_30 : Operation 567 [45/71] (4.66ns)   --->   "%gmem_load_1_req = readreq i1 @_ssdm_op_ReadReq.m_axi.i32P1A, i32 %gmem_addr, i64 1" [cluster.cpp:34]   --->   Operation 567 'readreq' 'gmem_load_1_req' <Predicate = true> <Delay = 4.66> <CoreInst = "m_axi">   --->   Core 119 'm_axi' <Latency = 6> <II = 1> <Delay = 1.00> <Adapter> <Opcode : 'read' 'write' 'readreq' 'writereq' 'writeresp'>
ST_30 : Operation 568 [46/71] (4.66ns)   --->   "%gmem_load_2_req = readreq i1 @_ssdm_op_ReadReq.m_axi.i32P1A, i32 %gmem_addr_11, i64 1" [cluster.cpp:34]   --->   Operation 568 'readreq' 'gmem_load_2_req' <Predicate = true> <Delay = 4.66> <CoreInst = "m_axi">   --->   Core 119 'm_axi' <Latency = 6> <II = 1> <Delay = 1.00> <Adapter> <Opcode : 'read' 'write' 'readreq' 'writereq' 'writeresp'>
ST_30 : Operation 569 [47/71] (4.66ns)   --->   "%gmem_load_3_req = readreq i1 @_ssdm_op_ReadReq.m_axi.i32P1A, i32 %gmem_addr_1, i64 1" [cluster.cpp:34]   --->   Operation 569 'readreq' 'gmem_load_3_req' <Predicate = true> <Delay = 4.66> <CoreInst = "m_axi">   --->   Core 119 'm_axi' <Latency = 6> <II = 1> <Delay = 1.00> <Adapter> <Opcode : 'read' 'write' 'readreq' 'writereq' 'writeresp'>
ST_30 : Operation 570 [48/71] (4.66ns)   --->   "%gmem_load_4_req = readreq i1 @_ssdm_op_ReadReq.m_axi.i32P1A, i32 %gmem_addr_12, i64 1" [cluster.cpp:34]   --->   Operation 570 'readreq' 'gmem_load_4_req' <Predicate = true> <Delay = 4.66> <CoreInst = "m_axi">   --->   Core 119 'm_axi' <Latency = 6> <II = 1> <Delay = 1.00> <Adapter> <Opcode : 'read' 'write' 'readreq' 'writereq' 'writeresp'>
ST_30 : Operation 571 [49/71] (4.66ns)   --->   "%gmem_load_5_req = readreq i1 @_ssdm_op_ReadReq.m_axi.i32P1A, i32 %gmem_addr_2, i64 1" [cluster.cpp:34]   --->   Operation 571 'readreq' 'gmem_load_5_req' <Predicate = true> <Delay = 4.66> <CoreInst = "m_axi">   --->   Core 119 'm_axi' <Latency = 6> <II = 1> <Delay = 1.00> <Adapter> <Opcode : 'read' 'write' 'readreq' 'writereq' 'writeresp'>
ST_30 : Operation 572 [50/71] (4.66ns)   --->   "%empty_19 = readreq i1 @_ssdm_op_ReadReq.m_axi.p1i32, i32 %gmem_addr_13, i64 3" [cluster.cpp:33]   --->   Operation 572 'readreq' 'empty_19' <Predicate = true> <Delay = 4.66> <CoreInst = "m_axi">   --->   Core 119 'm_axi' <Latency = 6> <II = 1> <Delay = 1.00> <Adapter> <Opcode : 'read' 'write' 'readreq' 'writereq' 'writeresp'>
ST_30 : Operation 573 [51/71] (4.66ns)   --->   "%gmem_load_6_req = readreq i1 @_ssdm_op_ReadReq.m_axi.i32P1A, i32 %gmem_addr_3, i64 1" [cluster.cpp:34]   --->   Operation 573 'readreq' 'gmem_load_6_req' <Predicate = true> <Delay = 4.66> <CoreInst = "m_axi">   --->   Core 119 'm_axi' <Latency = 6> <II = 1> <Delay = 1.00> <Adapter> <Opcode : 'read' 'write' 'readreq' 'writereq' 'writeresp'>
ST_30 : Operation 574 [53/71] (4.66ns)   --->   "%gmem_load_7_req = readreq i1 @_ssdm_op_ReadReq.m_axi.i32P1A, i32 %gmem_addr_4, i64 1" [cluster.cpp:34]   --->   Operation 574 'readreq' 'gmem_load_7_req' <Predicate = true> <Delay = 4.66> <CoreInst = "m_axi">   --->   Core 119 'm_axi' <Latency = 6> <II = 1> <Delay = 1.00> <Adapter> <Opcode : 'read' 'write' 'readreq' 'writereq' 'writeresp'>
ST_30 : Operation 575 [55/71] (4.66ns)   --->   "%gmem_load_8_req = readreq i1 @_ssdm_op_ReadReq.m_axi.i32P1A, i32 %gmem_addr_5, i64 1" [cluster.cpp:34]   --->   Operation 575 'readreq' 'gmem_load_8_req' <Predicate = true> <Delay = 4.66> <CoreInst = "m_axi">   --->   Core 119 'm_axi' <Latency = 6> <II = 1> <Delay = 1.00> <Adapter> <Opcode : 'read' 'write' 'readreq' 'writereq' 'writeresp'>
ST_30 : Operation 576 [56/71] (4.66ns)   --->   "%empty_21 = readreq i1 @_ssdm_op_ReadReq.m_axi.p1i32, i32 %gmem_addr_14, i64 3" [cluster.cpp:33]   --->   Operation 576 'readreq' 'empty_21' <Predicate = true> <Delay = 4.66> <CoreInst = "m_axi">   --->   Core 119 'm_axi' <Latency = 6> <II = 1> <Delay = 1.00> <Adapter> <Opcode : 'read' 'write' 'readreq' 'writereq' 'writeresp'>
ST_30 : Operation 577 [57/71] (4.66ns)   --->   "%gmem_load_9_req = readreq i1 @_ssdm_op_ReadReq.m_axi.i32P1A, i32 %gmem_addr_6, i64 1" [cluster.cpp:34]   --->   Operation 577 'readreq' 'gmem_load_9_req' <Predicate = true> <Delay = 4.66> <CoreInst = "m_axi">   --->   Core 119 'm_axi' <Latency = 6> <II = 1> <Delay = 1.00> <Adapter> <Opcode : 'read' 'write' 'readreq' 'writereq' 'writeresp'>
ST_30 : Operation 578 [59/71] (4.66ns)   --->   "%gmem_load_10_req = readreq i1 @_ssdm_op_ReadReq.m_axi.i32P1A, i32 %gmem_addr_7, i64 1" [cluster.cpp:34]   --->   Operation 578 'readreq' 'gmem_load_10_req' <Predicate = true> <Delay = 4.66> <CoreInst = "m_axi">   --->   Core 119 'm_axi' <Latency = 6> <II = 1> <Delay = 1.00> <Adapter> <Opcode : 'read' 'write' 'readreq' 'writereq' 'writeresp'>
ST_30 : Operation 579 [61/71] (4.66ns)   --->   "%gmem_load_11_req = readreq i1 @_ssdm_op_ReadReq.m_axi.i32P1A, i32 %gmem_addr_8, i64 1" [cluster.cpp:34]   --->   Operation 579 'readreq' 'gmem_load_11_req' <Predicate = true> <Delay = 4.66> <CoreInst = "m_axi">   --->   Core 119 'm_axi' <Latency = 6> <II = 1> <Delay = 1.00> <Adapter> <Opcode : 'read' 'write' 'readreq' 'writereq' 'writeresp'>

State 31 <SV = 30> <Delay = 4.66>
ST_31 : Operation 580 [43/71] (4.66ns)   --->   "%gmem_load_req = readreq i1 @_ssdm_op_ReadReq.m_axi.i32P1A, i32 %gmem_addr_10, i64 1" [cluster.cpp:34]   --->   Operation 580 'readreq' 'gmem_load_req' <Predicate = true> <Delay = 4.66> <CoreInst = "m_axi">   --->   Core 119 'm_axi' <Latency = 6> <II = 1> <Delay = 1.00> <Adapter> <Opcode : 'read' 'write' 'readreq' 'writereq' 'writeresp'>
ST_31 : Operation 581 [44/71] (4.66ns)   --->   "%gmem_load_1_req = readreq i1 @_ssdm_op_ReadReq.m_axi.i32P1A, i32 %gmem_addr, i64 1" [cluster.cpp:34]   --->   Operation 581 'readreq' 'gmem_load_1_req' <Predicate = true> <Delay = 4.66> <CoreInst = "m_axi">   --->   Core 119 'm_axi' <Latency = 6> <II = 1> <Delay = 1.00> <Adapter> <Opcode : 'read' 'write' 'readreq' 'writereq' 'writeresp'>
ST_31 : Operation 582 [45/71] (4.66ns)   --->   "%gmem_load_2_req = readreq i1 @_ssdm_op_ReadReq.m_axi.i32P1A, i32 %gmem_addr_11, i64 1" [cluster.cpp:34]   --->   Operation 582 'readreq' 'gmem_load_2_req' <Predicate = true> <Delay = 4.66> <CoreInst = "m_axi">   --->   Core 119 'm_axi' <Latency = 6> <II = 1> <Delay = 1.00> <Adapter> <Opcode : 'read' 'write' 'readreq' 'writereq' 'writeresp'>
ST_31 : Operation 583 [46/71] (4.66ns)   --->   "%gmem_load_3_req = readreq i1 @_ssdm_op_ReadReq.m_axi.i32P1A, i32 %gmem_addr_1, i64 1" [cluster.cpp:34]   --->   Operation 583 'readreq' 'gmem_load_3_req' <Predicate = true> <Delay = 4.66> <CoreInst = "m_axi">   --->   Core 119 'm_axi' <Latency = 6> <II = 1> <Delay = 1.00> <Adapter> <Opcode : 'read' 'write' 'readreq' 'writereq' 'writeresp'>
ST_31 : Operation 584 [47/71] (4.66ns)   --->   "%gmem_load_4_req = readreq i1 @_ssdm_op_ReadReq.m_axi.i32P1A, i32 %gmem_addr_12, i64 1" [cluster.cpp:34]   --->   Operation 584 'readreq' 'gmem_load_4_req' <Predicate = true> <Delay = 4.66> <CoreInst = "m_axi">   --->   Core 119 'm_axi' <Latency = 6> <II = 1> <Delay = 1.00> <Adapter> <Opcode : 'read' 'write' 'readreq' 'writereq' 'writeresp'>
ST_31 : Operation 585 [48/71] (4.66ns)   --->   "%gmem_load_5_req = readreq i1 @_ssdm_op_ReadReq.m_axi.i32P1A, i32 %gmem_addr_2, i64 1" [cluster.cpp:34]   --->   Operation 585 'readreq' 'gmem_load_5_req' <Predicate = true> <Delay = 4.66> <CoreInst = "m_axi">   --->   Core 119 'm_axi' <Latency = 6> <II = 1> <Delay = 1.00> <Adapter> <Opcode : 'read' 'write' 'readreq' 'writereq' 'writeresp'>
ST_31 : Operation 586 [49/71] (4.66ns)   --->   "%empty_19 = readreq i1 @_ssdm_op_ReadReq.m_axi.p1i32, i32 %gmem_addr_13, i64 3" [cluster.cpp:33]   --->   Operation 586 'readreq' 'empty_19' <Predicate = true> <Delay = 4.66> <CoreInst = "m_axi">   --->   Core 119 'm_axi' <Latency = 6> <II = 1> <Delay = 1.00> <Adapter> <Opcode : 'read' 'write' 'readreq' 'writereq' 'writeresp'>
ST_31 : Operation 587 [50/71] (4.66ns)   --->   "%gmem_load_6_req = readreq i1 @_ssdm_op_ReadReq.m_axi.i32P1A, i32 %gmem_addr_3, i64 1" [cluster.cpp:34]   --->   Operation 587 'readreq' 'gmem_load_6_req' <Predicate = true> <Delay = 4.66> <CoreInst = "m_axi">   --->   Core 119 'm_axi' <Latency = 6> <II = 1> <Delay = 1.00> <Adapter> <Opcode : 'read' 'write' 'readreq' 'writereq' 'writeresp'>
ST_31 : Operation 588 [52/71] (4.66ns)   --->   "%gmem_load_7_req = readreq i1 @_ssdm_op_ReadReq.m_axi.i32P1A, i32 %gmem_addr_4, i64 1" [cluster.cpp:34]   --->   Operation 588 'readreq' 'gmem_load_7_req' <Predicate = true> <Delay = 4.66> <CoreInst = "m_axi">   --->   Core 119 'm_axi' <Latency = 6> <II = 1> <Delay = 1.00> <Adapter> <Opcode : 'read' 'write' 'readreq' 'writereq' 'writeresp'>
ST_31 : Operation 589 [54/71] (4.66ns)   --->   "%gmem_load_8_req = readreq i1 @_ssdm_op_ReadReq.m_axi.i32P1A, i32 %gmem_addr_5, i64 1" [cluster.cpp:34]   --->   Operation 589 'readreq' 'gmem_load_8_req' <Predicate = true> <Delay = 4.66> <CoreInst = "m_axi">   --->   Core 119 'm_axi' <Latency = 6> <II = 1> <Delay = 1.00> <Adapter> <Opcode : 'read' 'write' 'readreq' 'writereq' 'writeresp'>
ST_31 : Operation 590 [55/71] (4.66ns)   --->   "%empty_21 = readreq i1 @_ssdm_op_ReadReq.m_axi.p1i32, i32 %gmem_addr_14, i64 3" [cluster.cpp:33]   --->   Operation 590 'readreq' 'empty_21' <Predicate = true> <Delay = 4.66> <CoreInst = "m_axi">   --->   Core 119 'm_axi' <Latency = 6> <II = 1> <Delay = 1.00> <Adapter> <Opcode : 'read' 'write' 'readreq' 'writereq' 'writeresp'>
ST_31 : Operation 591 [56/71] (4.66ns)   --->   "%gmem_load_9_req = readreq i1 @_ssdm_op_ReadReq.m_axi.i32P1A, i32 %gmem_addr_6, i64 1" [cluster.cpp:34]   --->   Operation 591 'readreq' 'gmem_load_9_req' <Predicate = true> <Delay = 4.66> <CoreInst = "m_axi">   --->   Core 119 'm_axi' <Latency = 6> <II = 1> <Delay = 1.00> <Adapter> <Opcode : 'read' 'write' 'readreq' 'writereq' 'writeresp'>
ST_31 : Operation 592 [58/71] (4.66ns)   --->   "%gmem_load_10_req = readreq i1 @_ssdm_op_ReadReq.m_axi.i32P1A, i32 %gmem_addr_7, i64 1" [cluster.cpp:34]   --->   Operation 592 'readreq' 'gmem_load_10_req' <Predicate = true> <Delay = 4.66> <CoreInst = "m_axi">   --->   Core 119 'm_axi' <Latency = 6> <II = 1> <Delay = 1.00> <Adapter> <Opcode : 'read' 'write' 'readreq' 'writereq' 'writeresp'>
ST_31 : Operation 593 [60/71] (4.66ns)   --->   "%gmem_load_11_req = readreq i1 @_ssdm_op_ReadReq.m_axi.i32P1A, i32 %gmem_addr_8, i64 1" [cluster.cpp:34]   --->   Operation 593 'readreq' 'gmem_load_11_req' <Predicate = true> <Delay = 4.66> <CoreInst = "m_axi">   --->   Core 119 'm_axi' <Latency = 6> <II = 1> <Delay = 1.00> <Adapter> <Opcode : 'read' 'write' 'readreq' 'writereq' 'writeresp'>

State 32 <SV = 31> <Delay = 4.66>
ST_32 : Operation 594 [42/71] (4.66ns)   --->   "%gmem_load_req = readreq i1 @_ssdm_op_ReadReq.m_axi.i32P1A, i32 %gmem_addr_10, i64 1" [cluster.cpp:34]   --->   Operation 594 'readreq' 'gmem_load_req' <Predicate = true> <Delay = 4.66> <CoreInst = "m_axi">   --->   Core 119 'm_axi' <Latency = 6> <II = 1> <Delay = 1.00> <Adapter> <Opcode : 'read' 'write' 'readreq' 'writereq' 'writeresp'>
ST_32 : Operation 595 [43/71] (4.66ns)   --->   "%gmem_load_1_req = readreq i1 @_ssdm_op_ReadReq.m_axi.i32P1A, i32 %gmem_addr, i64 1" [cluster.cpp:34]   --->   Operation 595 'readreq' 'gmem_load_1_req' <Predicate = true> <Delay = 4.66> <CoreInst = "m_axi">   --->   Core 119 'm_axi' <Latency = 6> <II = 1> <Delay = 1.00> <Adapter> <Opcode : 'read' 'write' 'readreq' 'writereq' 'writeresp'>
ST_32 : Operation 596 [44/71] (4.66ns)   --->   "%gmem_load_2_req = readreq i1 @_ssdm_op_ReadReq.m_axi.i32P1A, i32 %gmem_addr_11, i64 1" [cluster.cpp:34]   --->   Operation 596 'readreq' 'gmem_load_2_req' <Predicate = true> <Delay = 4.66> <CoreInst = "m_axi">   --->   Core 119 'm_axi' <Latency = 6> <II = 1> <Delay = 1.00> <Adapter> <Opcode : 'read' 'write' 'readreq' 'writereq' 'writeresp'>
ST_32 : Operation 597 [45/71] (4.66ns)   --->   "%gmem_load_3_req = readreq i1 @_ssdm_op_ReadReq.m_axi.i32P1A, i32 %gmem_addr_1, i64 1" [cluster.cpp:34]   --->   Operation 597 'readreq' 'gmem_load_3_req' <Predicate = true> <Delay = 4.66> <CoreInst = "m_axi">   --->   Core 119 'm_axi' <Latency = 6> <II = 1> <Delay = 1.00> <Adapter> <Opcode : 'read' 'write' 'readreq' 'writereq' 'writeresp'>
ST_32 : Operation 598 [46/71] (4.66ns)   --->   "%gmem_load_4_req = readreq i1 @_ssdm_op_ReadReq.m_axi.i32P1A, i32 %gmem_addr_12, i64 1" [cluster.cpp:34]   --->   Operation 598 'readreq' 'gmem_load_4_req' <Predicate = true> <Delay = 4.66> <CoreInst = "m_axi">   --->   Core 119 'm_axi' <Latency = 6> <II = 1> <Delay = 1.00> <Adapter> <Opcode : 'read' 'write' 'readreq' 'writereq' 'writeresp'>
ST_32 : Operation 599 [47/71] (4.66ns)   --->   "%gmem_load_5_req = readreq i1 @_ssdm_op_ReadReq.m_axi.i32P1A, i32 %gmem_addr_2, i64 1" [cluster.cpp:34]   --->   Operation 599 'readreq' 'gmem_load_5_req' <Predicate = true> <Delay = 4.66> <CoreInst = "m_axi">   --->   Core 119 'm_axi' <Latency = 6> <II = 1> <Delay = 1.00> <Adapter> <Opcode : 'read' 'write' 'readreq' 'writereq' 'writeresp'>
ST_32 : Operation 600 [48/71] (4.66ns)   --->   "%empty_19 = readreq i1 @_ssdm_op_ReadReq.m_axi.p1i32, i32 %gmem_addr_13, i64 3" [cluster.cpp:33]   --->   Operation 600 'readreq' 'empty_19' <Predicate = true> <Delay = 4.66> <CoreInst = "m_axi">   --->   Core 119 'm_axi' <Latency = 6> <II = 1> <Delay = 1.00> <Adapter> <Opcode : 'read' 'write' 'readreq' 'writereq' 'writeresp'>
ST_32 : Operation 601 [49/71] (4.66ns)   --->   "%gmem_load_6_req = readreq i1 @_ssdm_op_ReadReq.m_axi.i32P1A, i32 %gmem_addr_3, i64 1" [cluster.cpp:34]   --->   Operation 601 'readreq' 'gmem_load_6_req' <Predicate = true> <Delay = 4.66> <CoreInst = "m_axi">   --->   Core 119 'm_axi' <Latency = 6> <II = 1> <Delay = 1.00> <Adapter> <Opcode : 'read' 'write' 'readreq' 'writereq' 'writeresp'>
ST_32 : Operation 602 [51/71] (4.66ns)   --->   "%gmem_load_7_req = readreq i1 @_ssdm_op_ReadReq.m_axi.i32P1A, i32 %gmem_addr_4, i64 1" [cluster.cpp:34]   --->   Operation 602 'readreq' 'gmem_load_7_req' <Predicate = true> <Delay = 4.66> <CoreInst = "m_axi">   --->   Core 119 'm_axi' <Latency = 6> <II = 1> <Delay = 1.00> <Adapter> <Opcode : 'read' 'write' 'readreq' 'writereq' 'writeresp'>
ST_32 : Operation 603 [53/71] (4.66ns)   --->   "%gmem_load_8_req = readreq i1 @_ssdm_op_ReadReq.m_axi.i32P1A, i32 %gmem_addr_5, i64 1" [cluster.cpp:34]   --->   Operation 603 'readreq' 'gmem_load_8_req' <Predicate = true> <Delay = 4.66> <CoreInst = "m_axi">   --->   Core 119 'm_axi' <Latency = 6> <II = 1> <Delay = 1.00> <Adapter> <Opcode : 'read' 'write' 'readreq' 'writereq' 'writeresp'>
ST_32 : Operation 604 [54/71] (4.66ns)   --->   "%empty_21 = readreq i1 @_ssdm_op_ReadReq.m_axi.p1i32, i32 %gmem_addr_14, i64 3" [cluster.cpp:33]   --->   Operation 604 'readreq' 'empty_21' <Predicate = true> <Delay = 4.66> <CoreInst = "m_axi">   --->   Core 119 'm_axi' <Latency = 6> <II = 1> <Delay = 1.00> <Adapter> <Opcode : 'read' 'write' 'readreq' 'writereq' 'writeresp'>
ST_32 : Operation 605 [55/71] (4.66ns)   --->   "%gmem_load_9_req = readreq i1 @_ssdm_op_ReadReq.m_axi.i32P1A, i32 %gmem_addr_6, i64 1" [cluster.cpp:34]   --->   Operation 605 'readreq' 'gmem_load_9_req' <Predicate = true> <Delay = 4.66> <CoreInst = "m_axi">   --->   Core 119 'm_axi' <Latency = 6> <II = 1> <Delay = 1.00> <Adapter> <Opcode : 'read' 'write' 'readreq' 'writereq' 'writeresp'>
ST_32 : Operation 606 [57/71] (4.66ns)   --->   "%gmem_load_10_req = readreq i1 @_ssdm_op_ReadReq.m_axi.i32P1A, i32 %gmem_addr_7, i64 1" [cluster.cpp:34]   --->   Operation 606 'readreq' 'gmem_load_10_req' <Predicate = true> <Delay = 4.66> <CoreInst = "m_axi">   --->   Core 119 'm_axi' <Latency = 6> <II = 1> <Delay = 1.00> <Adapter> <Opcode : 'read' 'write' 'readreq' 'writereq' 'writeresp'>
ST_32 : Operation 607 [59/71] (4.66ns)   --->   "%gmem_load_11_req = readreq i1 @_ssdm_op_ReadReq.m_axi.i32P1A, i32 %gmem_addr_8, i64 1" [cluster.cpp:34]   --->   Operation 607 'readreq' 'gmem_load_11_req' <Predicate = true> <Delay = 4.66> <CoreInst = "m_axi">   --->   Core 119 'm_axi' <Latency = 6> <II = 1> <Delay = 1.00> <Adapter> <Opcode : 'read' 'write' 'readreq' 'writereq' 'writeresp'>

State 33 <SV = 32> <Delay = 4.66>
ST_33 : Operation 608 [41/71] (4.66ns)   --->   "%gmem_load_req = readreq i1 @_ssdm_op_ReadReq.m_axi.i32P1A, i32 %gmem_addr_10, i64 1" [cluster.cpp:34]   --->   Operation 608 'readreq' 'gmem_load_req' <Predicate = true> <Delay = 4.66> <CoreInst = "m_axi">   --->   Core 119 'm_axi' <Latency = 6> <II = 1> <Delay = 1.00> <Adapter> <Opcode : 'read' 'write' 'readreq' 'writereq' 'writeresp'>
ST_33 : Operation 609 [42/71] (4.66ns)   --->   "%gmem_load_1_req = readreq i1 @_ssdm_op_ReadReq.m_axi.i32P1A, i32 %gmem_addr, i64 1" [cluster.cpp:34]   --->   Operation 609 'readreq' 'gmem_load_1_req' <Predicate = true> <Delay = 4.66> <CoreInst = "m_axi">   --->   Core 119 'm_axi' <Latency = 6> <II = 1> <Delay = 1.00> <Adapter> <Opcode : 'read' 'write' 'readreq' 'writereq' 'writeresp'>
ST_33 : Operation 610 [43/71] (4.66ns)   --->   "%gmem_load_2_req = readreq i1 @_ssdm_op_ReadReq.m_axi.i32P1A, i32 %gmem_addr_11, i64 1" [cluster.cpp:34]   --->   Operation 610 'readreq' 'gmem_load_2_req' <Predicate = true> <Delay = 4.66> <CoreInst = "m_axi">   --->   Core 119 'm_axi' <Latency = 6> <II = 1> <Delay = 1.00> <Adapter> <Opcode : 'read' 'write' 'readreq' 'writereq' 'writeresp'>
ST_33 : Operation 611 [44/71] (4.66ns)   --->   "%gmem_load_3_req = readreq i1 @_ssdm_op_ReadReq.m_axi.i32P1A, i32 %gmem_addr_1, i64 1" [cluster.cpp:34]   --->   Operation 611 'readreq' 'gmem_load_3_req' <Predicate = true> <Delay = 4.66> <CoreInst = "m_axi">   --->   Core 119 'm_axi' <Latency = 6> <II = 1> <Delay = 1.00> <Adapter> <Opcode : 'read' 'write' 'readreq' 'writereq' 'writeresp'>
ST_33 : Operation 612 [45/71] (4.66ns)   --->   "%gmem_load_4_req = readreq i1 @_ssdm_op_ReadReq.m_axi.i32P1A, i32 %gmem_addr_12, i64 1" [cluster.cpp:34]   --->   Operation 612 'readreq' 'gmem_load_4_req' <Predicate = true> <Delay = 4.66> <CoreInst = "m_axi">   --->   Core 119 'm_axi' <Latency = 6> <II = 1> <Delay = 1.00> <Adapter> <Opcode : 'read' 'write' 'readreq' 'writereq' 'writeresp'>
ST_33 : Operation 613 [46/71] (4.66ns)   --->   "%gmem_load_5_req = readreq i1 @_ssdm_op_ReadReq.m_axi.i32P1A, i32 %gmem_addr_2, i64 1" [cluster.cpp:34]   --->   Operation 613 'readreq' 'gmem_load_5_req' <Predicate = true> <Delay = 4.66> <CoreInst = "m_axi">   --->   Core 119 'm_axi' <Latency = 6> <II = 1> <Delay = 1.00> <Adapter> <Opcode : 'read' 'write' 'readreq' 'writereq' 'writeresp'>
ST_33 : Operation 614 [47/71] (4.66ns)   --->   "%empty_19 = readreq i1 @_ssdm_op_ReadReq.m_axi.p1i32, i32 %gmem_addr_13, i64 3" [cluster.cpp:33]   --->   Operation 614 'readreq' 'empty_19' <Predicate = true> <Delay = 4.66> <CoreInst = "m_axi">   --->   Core 119 'm_axi' <Latency = 6> <II = 1> <Delay = 1.00> <Adapter> <Opcode : 'read' 'write' 'readreq' 'writereq' 'writeresp'>
ST_33 : Operation 615 [48/71] (4.66ns)   --->   "%gmem_load_6_req = readreq i1 @_ssdm_op_ReadReq.m_axi.i32P1A, i32 %gmem_addr_3, i64 1" [cluster.cpp:34]   --->   Operation 615 'readreq' 'gmem_load_6_req' <Predicate = true> <Delay = 4.66> <CoreInst = "m_axi">   --->   Core 119 'm_axi' <Latency = 6> <II = 1> <Delay = 1.00> <Adapter> <Opcode : 'read' 'write' 'readreq' 'writereq' 'writeresp'>
ST_33 : Operation 616 [50/71] (4.66ns)   --->   "%gmem_load_7_req = readreq i1 @_ssdm_op_ReadReq.m_axi.i32P1A, i32 %gmem_addr_4, i64 1" [cluster.cpp:34]   --->   Operation 616 'readreq' 'gmem_load_7_req' <Predicate = true> <Delay = 4.66> <CoreInst = "m_axi">   --->   Core 119 'm_axi' <Latency = 6> <II = 1> <Delay = 1.00> <Adapter> <Opcode : 'read' 'write' 'readreq' 'writereq' 'writeresp'>
ST_33 : Operation 617 [52/71] (4.66ns)   --->   "%gmem_load_8_req = readreq i1 @_ssdm_op_ReadReq.m_axi.i32P1A, i32 %gmem_addr_5, i64 1" [cluster.cpp:34]   --->   Operation 617 'readreq' 'gmem_load_8_req' <Predicate = true> <Delay = 4.66> <CoreInst = "m_axi">   --->   Core 119 'm_axi' <Latency = 6> <II = 1> <Delay = 1.00> <Adapter> <Opcode : 'read' 'write' 'readreq' 'writereq' 'writeresp'>
ST_33 : Operation 618 [53/71] (4.66ns)   --->   "%empty_21 = readreq i1 @_ssdm_op_ReadReq.m_axi.p1i32, i32 %gmem_addr_14, i64 3" [cluster.cpp:33]   --->   Operation 618 'readreq' 'empty_21' <Predicate = true> <Delay = 4.66> <CoreInst = "m_axi">   --->   Core 119 'm_axi' <Latency = 6> <II = 1> <Delay = 1.00> <Adapter> <Opcode : 'read' 'write' 'readreq' 'writereq' 'writeresp'>
ST_33 : Operation 619 [54/71] (4.66ns)   --->   "%gmem_load_9_req = readreq i1 @_ssdm_op_ReadReq.m_axi.i32P1A, i32 %gmem_addr_6, i64 1" [cluster.cpp:34]   --->   Operation 619 'readreq' 'gmem_load_9_req' <Predicate = true> <Delay = 4.66> <CoreInst = "m_axi">   --->   Core 119 'm_axi' <Latency = 6> <II = 1> <Delay = 1.00> <Adapter> <Opcode : 'read' 'write' 'readreq' 'writereq' 'writeresp'>
ST_33 : Operation 620 [56/71] (4.66ns)   --->   "%gmem_load_10_req = readreq i1 @_ssdm_op_ReadReq.m_axi.i32P1A, i32 %gmem_addr_7, i64 1" [cluster.cpp:34]   --->   Operation 620 'readreq' 'gmem_load_10_req' <Predicate = true> <Delay = 4.66> <CoreInst = "m_axi">   --->   Core 119 'm_axi' <Latency = 6> <II = 1> <Delay = 1.00> <Adapter> <Opcode : 'read' 'write' 'readreq' 'writereq' 'writeresp'>
ST_33 : Operation 621 [58/71] (4.66ns)   --->   "%gmem_load_11_req = readreq i1 @_ssdm_op_ReadReq.m_axi.i32P1A, i32 %gmem_addr_8, i64 1" [cluster.cpp:34]   --->   Operation 621 'readreq' 'gmem_load_11_req' <Predicate = true> <Delay = 4.66> <CoreInst = "m_axi">   --->   Core 119 'm_axi' <Latency = 6> <II = 1> <Delay = 1.00> <Adapter> <Opcode : 'read' 'write' 'readreq' 'writereq' 'writeresp'>

State 34 <SV = 33> <Delay = 4.66>
ST_34 : Operation 622 [40/71] (4.66ns)   --->   "%gmem_load_req = readreq i1 @_ssdm_op_ReadReq.m_axi.i32P1A, i32 %gmem_addr_10, i64 1" [cluster.cpp:34]   --->   Operation 622 'readreq' 'gmem_load_req' <Predicate = true> <Delay = 4.66> <CoreInst = "m_axi">   --->   Core 119 'm_axi' <Latency = 6> <II = 1> <Delay = 1.00> <Adapter> <Opcode : 'read' 'write' 'readreq' 'writereq' 'writeresp'>
ST_34 : Operation 623 [41/71] (4.66ns)   --->   "%gmem_load_1_req = readreq i1 @_ssdm_op_ReadReq.m_axi.i32P1A, i32 %gmem_addr, i64 1" [cluster.cpp:34]   --->   Operation 623 'readreq' 'gmem_load_1_req' <Predicate = true> <Delay = 4.66> <CoreInst = "m_axi">   --->   Core 119 'm_axi' <Latency = 6> <II = 1> <Delay = 1.00> <Adapter> <Opcode : 'read' 'write' 'readreq' 'writereq' 'writeresp'>
ST_34 : Operation 624 [42/71] (4.66ns)   --->   "%gmem_load_2_req = readreq i1 @_ssdm_op_ReadReq.m_axi.i32P1A, i32 %gmem_addr_11, i64 1" [cluster.cpp:34]   --->   Operation 624 'readreq' 'gmem_load_2_req' <Predicate = true> <Delay = 4.66> <CoreInst = "m_axi">   --->   Core 119 'm_axi' <Latency = 6> <II = 1> <Delay = 1.00> <Adapter> <Opcode : 'read' 'write' 'readreq' 'writereq' 'writeresp'>
ST_34 : Operation 625 [43/71] (4.66ns)   --->   "%gmem_load_3_req = readreq i1 @_ssdm_op_ReadReq.m_axi.i32P1A, i32 %gmem_addr_1, i64 1" [cluster.cpp:34]   --->   Operation 625 'readreq' 'gmem_load_3_req' <Predicate = true> <Delay = 4.66> <CoreInst = "m_axi">   --->   Core 119 'm_axi' <Latency = 6> <II = 1> <Delay = 1.00> <Adapter> <Opcode : 'read' 'write' 'readreq' 'writereq' 'writeresp'>
ST_34 : Operation 626 [44/71] (4.66ns)   --->   "%gmem_load_4_req = readreq i1 @_ssdm_op_ReadReq.m_axi.i32P1A, i32 %gmem_addr_12, i64 1" [cluster.cpp:34]   --->   Operation 626 'readreq' 'gmem_load_4_req' <Predicate = true> <Delay = 4.66> <CoreInst = "m_axi">   --->   Core 119 'm_axi' <Latency = 6> <II = 1> <Delay = 1.00> <Adapter> <Opcode : 'read' 'write' 'readreq' 'writereq' 'writeresp'>
ST_34 : Operation 627 [45/71] (4.66ns)   --->   "%gmem_load_5_req = readreq i1 @_ssdm_op_ReadReq.m_axi.i32P1A, i32 %gmem_addr_2, i64 1" [cluster.cpp:34]   --->   Operation 627 'readreq' 'gmem_load_5_req' <Predicate = true> <Delay = 4.66> <CoreInst = "m_axi">   --->   Core 119 'm_axi' <Latency = 6> <II = 1> <Delay = 1.00> <Adapter> <Opcode : 'read' 'write' 'readreq' 'writereq' 'writeresp'>
ST_34 : Operation 628 [46/71] (4.66ns)   --->   "%empty_19 = readreq i1 @_ssdm_op_ReadReq.m_axi.p1i32, i32 %gmem_addr_13, i64 3" [cluster.cpp:33]   --->   Operation 628 'readreq' 'empty_19' <Predicate = true> <Delay = 4.66> <CoreInst = "m_axi">   --->   Core 119 'm_axi' <Latency = 6> <II = 1> <Delay = 1.00> <Adapter> <Opcode : 'read' 'write' 'readreq' 'writereq' 'writeresp'>
ST_34 : Operation 629 [47/71] (4.66ns)   --->   "%gmem_load_6_req = readreq i1 @_ssdm_op_ReadReq.m_axi.i32P1A, i32 %gmem_addr_3, i64 1" [cluster.cpp:34]   --->   Operation 629 'readreq' 'gmem_load_6_req' <Predicate = true> <Delay = 4.66> <CoreInst = "m_axi">   --->   Core 119 'm_axi' <Latency = 6> <II = 1> <Delay = 1.00> <Adapter> <Opcode : 'read' 'write' 'readreq' 'writereq' 'writeresp'>
ST_34 : Operation 630 [49/71] (4.66ns)   --->   "%gmem_load_7_req = readreq i1 @_ssdm_op_ReadReq.m_axi.i32P1A, i32 %gmem_addr_4, i64 1" [cluster.cpp:34]   --->   Operation 630 'readreq' 'gmem_load_7_req' <Predicate = true> <Delay = 4.66> <CoreInst = "m_axi">   --->   Core 119 'm_axi' <Latency = 6> <II = 1> <Delay = 1.00> <Adapter> <Opcode : 'read' 'write' 'readreq' 'writereq' 'writeresp'>
ST_34 : Operation 631 [51/71] (4.66ns)   --->   "%gmem_load_8_req = readreq i1 @_ssdm_op_ReadReq.m_axi.i32P1A, i32 %gmem_addr_5, i64 1" [cluster.cpp:34]   --->   Operation 631 'readreq' 'gmem_load_8_req' <Predicate = true> <Delay = 4.66> <CoreInst = "m_axi">   --->   Core 119 'm_axi' <Latency = 6> <II = 1> <Delay = 1.00> <Adapter> <Opcode : 'read' 'write' 'readreq' 'writereq' 'writeresp'>
ST_34 : Operation 632 [52/71] (4.66ns)   --->   "%empty_21 = readreq i1 @_ssdm_op_ReadReq.m_axi.p1i32, i32 %gmem_addr_14, i64 3" [cluster.cpp:33]   --->   Operation 632 'readreq' 'empty_21' <Predicate = true> <Delay = 4.66> <CoreInst = "m_axi">   --->   Core 119 'm_axi' <Latency = 6> <II = 1> <Delay = 1.00> <Adapter> <Opcode : 'read' 'write' 'readreq' 'writereq' 'writeresp'>
ST_34 : Operation 633 [53/71] (4.66ns)   --->   "%gmem_load_9_req = readreq i1 @_ssdm_op_ReadReq.m_axi.i32P1A, i32 %gmem_addr_6, i64 1" [cluster.cpp:34]   --->   Operation 633 'readreq' 'gmem_load_9_req' <Predicate = true> <Delay = 4.66> <CoreInst = "m_axi">   --->   Core 119 'm_axi' <Latency = 6> <II = 1> <Delay = 1.00> <Adapter> <Opcode : 'read' 'write' 'readreq' 'writereq' 'writeresp'>
ST_34 : Operation 634 [55/71] (4.66ns)   --->   "%gmem_load_10_req = readreq i1 @_ssdm_op_ReadReq.m_axi.i32P1A, i32 %gmem_addr_7, i64 1" [cluster.cpp:34]   --->   Operation 634 'readreq' 'gmem_load_10_req' <Predicate = true> <Delay = 4.66> <CoreInst = "m_axi">   --->   Core 119 'm_axi' <Latency = 6> <II = 1> <Delay = 1.00> <Adapter> <Opcode : 'read' 'write' 'readreq' 'writereq' 'writeresp'>
ST_34 : Operation 635 [57/71] (4.66ns)   --->   "%gmem_load_11_req = readreq i1 @_ssdm_op_ReadReq.m_axi.i32P1A, i32 %gmem_addr_8, i64 1" [cluster.cpp:34]   --->   Operation 635 'readreq' 'gmem_load_11_req' <Predicate = true> <Delay = 4.66> <CoreInst = "m_axi">   --->   Core 119 'm_axi' <Latency = 6> <II = 1> <Delay = 1.00> <Adapter> <Opcode : 'read' 'write' 'readreq' 'writereq' 'writeresp'>

State 35 <SV = 34> <Delay = 4.66>
ST_35 : Operation 636 [39/71] (4.66ns)   --->   "%gmem_load_req = readreq i1 @_ssdm_op_ReadReq.m_axi.i32P1A, i32 %gmem_addr_10, i64 1" [cluster.cpp:34]   --->   Operation 636 'readreq' 'gmem_load_req' <Predicate = true> <Delay = 4.66> <CoreInst = "m_axi">   --->   Core 119 'm_axi' <Latency = 6> <II = 1> <Delay = 1.00> <Adapter> <Opcode : 'read' 'write' 'readreq' 'writereq' 'writeresp'>
ST_35 : Operation 637 [40/71] (4.66ns)   --->   "%gmem_load_1_req = readreq i1 @_ssdm_op_ReadReq.m_axi.i32P1A, i32 %gmem_addr, i64 1" [cluster.cpp:34]   --->   Operation 637 'readreq' 'gmem_load_1_req' <Predicate = true> <Delay = 4.66> <CoreInst = "m_axi">   --->   Core 119 'm_axi' <Latency = 6> <II = 1> <Delay = 1.00> <Adapter> <Opcode : 'read' 'write' 'readreq' 'writereq' 'writeresp'>
ST_35 : Operation 638 [41/71] (4.66ns)   --->   "%gmem_load_2_req = readreq i1 @_ssdm_op_ReadReq.m_axi.i32P1A, i32 %gmem_addr_11, i64 1" [cluster.cpp:34]   --->   Operation 638 'readreq' 'gmem_load_2_req' <Predicate = true> <Delay = 4.66> <CoreInst = "m_axi">   --->   Core 119 'm_axi' <Latency = 6> <II = 1> <Delay = 1.00> <Adapter> <Opcode : 'read' 'write' 'readreq' 'writereq' 'writeresp'>
ST_35 : Operation 639 [42/71] (4.66ns)   --->   "%gmem_load_3_req = readreq i1 @_ssdm_op_ReadReq.m_axi.i32P1A, i32 %gmem_addr_1, i64 1" [cluster.cpp:34]   --->   Operation 639 'readreq' 'gmem_load_3_req' <Predicate = true> <Delay = 4.66> <CoreInst = "m_axi">   --->   Core 119 'm_axi' <Latency = 6> <II = 1> <Delay = 1.00> <Adapter> <Opcode : 'read' 'write' 'readreq' 'writereq' 'writeresp'>
ST_35 : Operation 640 [43/71] (4.66ns)   --->   "%gmem_load_4_req = readreq i1 @_ssdm_op_ReadReq.m_axi.i32P1A, i32 %gmem_addr_12, i64 1" [cluster.cpp:34]   --->   Operation 640 'readreq' 'gmem_load_4_req' <Predicate = true> <Delay = 4.66> <CoreInst = "m_axi">   --->   Core 119 'm_axi' <Latency = 6> <II = 1> <Delay = 1.00> <Adapter> <Opcode : 'read' 'write' 'readreq' 'writereq' 'writeresp'>
ST_35 : Operation 641 [44/71] (4.66ns)   --->   "%gmem_load_5_req = readreq i1 @_ssdm_op_ReadReq.m_axi.i32P1A, i32 %gmem_addr_2, i64 1" [cluster.cpp:34]   --->   Operation 641 'readreq' 'gmem_load_5_req' <Predicate = true> <Delay = 4.66> <CoreInst = "m_axi">   --->   Core 119 'm_axi' <Latency = 6> <II = 1> <Delay = 1.00> <Adapter> <Opcode : 'read' 'write' 'readreq' 'writereq' 'writeresp'>
ST_35 : Operation 642 [45/71] (4.66ns)   --->   "%empty_19 = readreq i1 @_ssdm_op_ReadReq.m_axi.p1i32, i32 %gmem_addr_13, i64 3" [cluster.cpp:33]   --->   Operation 642 'readreq' 'empty_19' <Predicate = true> <Delay = 4.66> <CoreInst = "m_axi">   --->   Core 119 'm_axi' <Latency = 6> <II = 1> <Delay = 1.00> <Adapter> <Opcode : 'read' 'write' 'readreq' 'writereq' 'writeresp'>
ST_35 : Operation 643 [46/71] (4.66ns)   --->   "%gmem_load_6_req = readreq i1 @_ssdm_op_ReadReq.m_axi.i32P1A, i32 %gmem_addr_3, i64 1" [cluster.cpp:34]   --->   Operation 643 'readreq' 'gmem_load_6_req' <Predicate = true> <Delay = 4.66> <CoreInst = "m_axi">   --->   Core 119 'm_axi' <Latency = 6> <II = 1> <Delay = 1.00> <Adapter> <Opcode : 'read' 'write' 'readreq' 'writereq' 'writeresp'>
ST_35 : Operation 644 [48/71] (4.66ns)   --->   "%gmem_load_7_req = readreq i1 @_ssdm_op_ReadReq.m_axi.i32P1A, i32 %gmem_addr_4, i64 1" [cluster.cpp:34]   --->   Operation 644 'readreq' 'gmem_load_7_req' <Predicate = true> <Delay = 4.66> <CoreInst = "m_axi">   --->   Core 119 'm_axi' <Latency = 6> <II = 1> <Delay = 1.00> <Adapter> <Opcode : 'read' 'write' 'readreq' 'writereq' 'writeresp'>
ST_35 : Operation 645 [50/71] (4.66ns)   --->   "%gmem_load_8_req = readreq i1 @_ssdm_op_ReadReq.m_axi.i32P1A, i32 %gmem_addr_5, i64 1" [cluster.cpp:34]   --->   Operation 645 'readreq' 'gmem_load_8_req' <Predicate = true> <Delay = 4.66> <CoreInst = "m_axi">   --->   Core 119 'm_axi' <Latency = 6> <II = 1> <Delay = 1.00> <Adapter> <Opcode : 'read' 'write' 'readreq' 'writereq' 'writeresp'>
ST_35 : Operation 646 [51/71] (4.66ns)   --->   "%empty_21 = readreq i1 @_ssdm_op_ReadReq.m_axi.p1i32, i32 %gmem_addr_14, i64 3" [cluster.cpp:33]   --->   Operation 646 'readreq' 'empty_21' <Predicate = true> <Delay = 4.66> <CoreInst = "m_axi">   --->   Core 119 'm_axi' <Latency = 6> <II = 1> <Delay = 1.00> <Adapter> <Opcode : 'read' 'write' 'readreq' 'writereq' 'writeresp'>
ST_35 : Operation 647 [52/71] (4.66ns)   --->   "%gmem_load_9_req = readreq i1 @_ssdm_op_ReadReq.m_axi.i32P1A, i32 %gmem_addr_6, i64 1" [cluster.cpp:34]   --->   Operation 647 'readreq' 'gmem_load_9_req' <Predicate = true> <Delay = 4.66> <CoreInst = "m_axi">   --->   Core 119 'm_axi' <Latency = 6> <II = 1> <Delay = 1.00> <Adapter> <Opcode : 'read' 'write' 'readreq' 'writereq' 'writeresp'>
ST_35 : Operation 648 [54/71] (4.66ns)   --->   "%gmem_load_10_req = readreq i1 @_ssdm_op_ReadReq.m_axi.i32P1A, i32 %gmem_addr_7, i64 1" [cluster.cpp:34]   --->   Operation 648 'readreq' 'gmem_load_10_req' <Predicate = true> <Delay = 4.66> <CoreInst = "m_axi">   --->   Core 119 'm_axi' <Latency = 6> <II = 1> <Delay = 1.00> <Adapter> <Opcode : 'read' 'write' 'readreq' 'writereq' 'writeresp'>
ST_35 : Operation 649 [56/71] (4.66ns)   --->   "%gmem_load_11_req = readreq i1 @_ssdm_op_ReadReq.m_axi.i32P1A, i32 %gmem_addr_8, i64 1" [cluster.cpp:34]   --->   Operation 649 'readreq' 'gmem_load_11_req' <Predicate = true> <Delay = 4.66> <CoreInst = "m_axi">   --->   Core 119 'm_axi' <Latency = 6> <II = 1> <Delay = 1.00> <Adapter> <Opcode : 'read' 'write' 'readreq' 'writereq' 'writeresp'>

State 36 <SV = 35> <Delay = 4.66>
ST_36 : Operation 650 [38/71] (4.66ns)   --->   "%gmem_load_req = readreq i1 @_ssdm_op_ReadReq.m_axi.i32P1A, i32 %gmem_addr_10, i64 1" [cluster.cpp:34]   --->   Operation 650 'readreq' 'gmem_load_req' <Predicate = true> <Delay = 4.66> <CoreInst = "m_axi">   --->   Core 119 'm_axi' <Latency = 6> <II = 1> <Delay = 1.00> <Adapter> <Opcode : 'read' 'write' 'readreq' 'writereq' 'writeresp'>
ST_36 : Operation 651 [39/71] (4.66ns)   --->   "%gmem_load_1_req = readreq i1 @_ssdm_op_ReadReq.m_axi.i32P1A, i32 %gmem_addr, i64 1" [cluster.cpp:34]   --->   Operation 651 'readreq' 'gmem_load_1_req' <Predicate = true> <Delay = 4.66> <CoreInst = "m_axi">   --->   Core 119 'm_axi' <Latency = 6> <II = 1> <Delay = 1.00> <Adapter> <Opcode : 'read' 'write' 'readreq' 'writereq' 'writeresp'>
ST_36 : Operation 652 [40/71] (4.66ns)   --->   "%gmem_load_2_req = readreq i1 @_ssdm_op_ReadReq.m_axi.i32P1A, i32 %gmem_addr_11, i64 1" [cluster.cpp:34]   --->   Operation 652 'readreq' 'gmem_load_2_req' <Predicate = true> <Delay = 4.66> <CoreInst = "m_axi">   --->   Core 119 'm_axi' <Latency = 6> <II = 1> <Delay = 1.00> <Adapter> <Opcode : 'read' 'write' 'readreq' 'writereq' 'writeresp'>
ST_36 : Operation 653 [41/71] (4.66ns)   --->   "%gmem_load_3_req = readreq i1 @_ssdm_op_ReadReq.m_axi.i32P1A, i32 %gmem_addr_1, i64 1" [cluster.cpp:34]   --->   Operation 653 'readreq' 'gmem_load_3_req' <Predicate = true> <Delay = 4.66> <CoreInst = "m_axi">   --->   Core 119 'm_axi' <Latency = 6> <II = 1> <Delay = 1.00> <Adapter> <Opcode : 'read' 'write' 'readreq' 'writereq' 'writeresp'>
ST_36 : Operation 654 [42/71] (4.66ns)   --->   "%gmem_load_4_req = readreq i1 @_ssdm_op_ReadReq.m_axi.i32P1A, i32 %gmem_addr_12, i64 1" [cluster.cpp:34]   --->   Operation 654 'readreq' 'gmem_load_4_req' <Predicate = true> <Delay = 4.66> <CoreInst = "m_axi">   --->   Core 119 'm_axi' <Latency = 6> <II = 1> <Delay = 1.00> <Adapter> <Opcode : 'read' 'write' 'readreq' 'writereq' 'writeresp'>
ST_36 : Operation 655 [43/71] (4.66ns)   --->   "%gmem_load_5_req = readreq i1 @_ssdm_op_ReadReq.m_axi.i32P1A, i32 %gmem_addr_2, i64 1" [cluster.cpp:34]   --->   Operation 655 'readreq' 'gmem_load_5_req' <Predicate = true> <Delay = 4.66> <CoreInst = "m_axi">   --->   Core 119 'm_axi' <Latency = 6> <II = 1> <Delay = 1.00> <Adapter> <Opcode : 'read' 'write' 'readreq' 'writereq' 'writeresp'>
ST_36 : Operation 656 [44/71] (4.66ns)   --->   "%empty_19 = readreq i1 @_ssdm_op_ReadReq.m_axi.p1i32, i32 %gmem_addr_13, i64 3" [cluster.cpp:33]   --->   Operation 656 'readreq' 'empty_19' <Predicate = true> <Delay = 4.66> <CoreInst = "m_axi">   --->   Core 119 'm_axi' <Latency = 6> <II = 1> <Delay = 1.00> <Adapter> <Opcode : 'read' 'write' 'readreq' 'writereq' 'writeresp'>
ST_36 : Operation 657 [45/71] (4.66ns)   --->   "%gmem_load_6_req = readreq i1 @_ssdm_op_ReadReq.m_axi.i32P1A, i32 %gmem_addr_3, i64 1" [cluster.cpp:34]   --->   Operation 657 'readreq' 'gmem_load_6_req' <Predicate = true> <Delay = 4.66> <CoreInst = "m_axi">   --->   Core 119 'm_axi' <Latency = 6> <II = 1> <Delay = 1.00> <Adapter> <Opcode : 'read' 'write' 'readreq' 'writereq' 'writeresp'>
ST_36 : Operation 658 [47/71] (4.66ns)   --->   "%gmem_load_7_req = readreq i1 @_ssdm_op_ReadReq.m_axi.i32P1A, i32 %gmem_addr_4, i64 1" [cluster.cpp:34]   --->   Operation 658 'readreq' 'gmem_load_7_req' <Predicate = true> <Delay = 4.66> <CoreInst = "m_axi">   --->   Core 119 'm_axi' <Latency = 6> <II = 1> <Delay = 1.00> <Adapter> <Opcode : 'read' 'write' 'readreq' 'writereq' 'writeresp'>
ST_36 : Operation 659 [49/71] (4.66ns)   --->   "%gmem_load_8_req = readreq i1 @_ssdm_op_ReadReq.m_axi.i32P1A, i32 %gmem_addr_5, i64 1" [cluster.cpp:34]   --->   Operation 659 'readreq' 'gmem_load_8_req' <Predicate = true> <Delay = 4.66> <CoreInst = "m_axi">   --->   Core 119 'm_axi' <Latency = 6> <II = 1> <Delay = 1.00> <Adapter> <Opcode : 'read' 'write' 'readreq' 'writereq' 'writeresp'>
ST_36 : Operation 660 [50/71] (4.66ns)   --->   "%empty_21 = readreq i1 @_ssdm_op_ReadReq.m_axi.p1i32, i32 %gmem_addr_14, i64 3" [cluster.cpp:33]   --->   Operation 660 'readreq' 'empty_21' <Predicate = true> <Delay = 4.66> <CoreInst = "m_axi">   --->   Core 119 'm_axi' <Latency = 6> <II = 1> <Delay = 1.00> <Adapter> <Opcode : 'read' 'write' 'readreq' 'writereq' 'writeresp'>
ST_36 : Operation 661 [51/71] (4.66ns)   --->   "%gmem_load_9_req = readreq i1 @_ssdm_op_ReadReq.m_axi.i32P1A, i32 %gmem_addr_6, i64 1" [cluster.cpp:34]   --->   Operation 661 'readreq' 'gmem_load_9_req' <Predicate = true> <Delay = 4.66> <CoreInst = "m_axi">   --->   Core 119 'm_axi' <Latency = 6> <II = 1> <Delay = 1.00> <Adapter> <Opcode : 'read' 'write' 'readreq' 'writereq' 'writeresp'>
ST_36 : Operation 662 [53/71] (4.66ns)   --->   "%gmem_load_10_req = readreq i1 @_ssdm_op_ReadReq.m_axi.i32P1A, i32 %gmem_addr_7, i64 1" [cluster.cpp:34]   --->   Operation 662 'readreq' 'gmem_load_10_req' <Predicate = true> <Delay = 4.66> <CoreInst = "m_axi">   --->   Core 119 'm_axi' <Latency = 6> <II = 1> <Delay = 1.00> <Adapter> <Opcode : 'read' 'write' 'readreq' 'writereq' 'writeresp'>
ST_36 : Operation 663 [55/71] (4.66ns)   --->   "%gmem_load_11_req = readreq i1 @_ssdm_op_ReadReq.m_axi.i32P1A, i32 %gmem_addr_8, i64 1" [cluster.cpp:34]   --->   Operation 663 'readreq' 'gmem_load_11_req' <Predicate = true> <Delay = 4.66> <CoreInst = "m_axi">   --->   Core 119 'm_axi' <Latency = 6> <II = 1> <Delay = 1.00> <Adapter> <Opcode : 'read' 'write' 'readreq' 'writereq' 'writeresp'>

State 37 <SV = 36> <Delay = 4.66>
ST_37 : Operation 664 [37/71] (4.66ns)   --->   "%gmem_load_req = readreq i1 @_ssdm_op_ReadReq.m_axi.i32P1A, i32 %gmem_addr_10, i64 1" [cluster.cpp:34]   --->   Operation 664 'readreq' 'gmem_load_req' <Predicate = true> <Delay = 4.66> <CoreInst = "m_axi">   --->   Core 119 'm_axi' <Latency = 6> <II = 1> <Delay = 1.00> <Adapter> <Opcode : 'read' 'write' 'readreq' 'writereq' 'writeresp'>
ST_37 : Operation 665 [38/71] (4.66ns)   --->   "%gmem_load_1_req = readreq i1 @_ssdm_op_ReadReq.m_axi.i32P1A, i32 %gmem_addr, i64 1" [cluster.cpp:34]   --->   Operation 665 'readreq' 'gmem_load_1_req' <Predicate = true> <Delay = 4.66> <CoreInst = "m_axi">   --->   Core 119 'm_axi' <Latency = 6> <II = 1> <Delay = 1.00> <Adapter> <Opcode : 'read' 'write' 'readreq' 'writereq' 'writeresp'>
ST_37 : Operation 666 [39/71] (4.66ns)   --->   "%gmem_load_2_req = readreq i1 @_ssdm_op_ReadReq.m_axi.i32P1A, i32 %gmem_addr_11, i64 1" [cluster.cpp:34]   --->   Operation 666 'readreq' 'gmem_load_2_req' <Predicate = true> <Delay = 4.66> <CoreInst = "m_axi">   --->   Core 119 'm_axi' <Latency = 6> <II = 1> <Delay = 1.00> <Adapter> <Opcode : 'read' 'write' 'readreq' 'writereq' 'writeresp'>
ST_37 : Operation 667 [40/71] (4.66ns)   --->   "%gmem_load_3_req = readreq i1 @_ssdm_op_ReadReq.m_axi.i32P1A, i32 %gmem_addr_1, i64 1" [cluster.cpp:34]   --->   Operation 667 'readreq' 'gmem_load_3_req' <Predicate = true> <Delay = 4.66> <CoreInst = "m_axi">   --->   Core 119 'm_axi' <Latency = 6> <II = 1> <Delay = 1.00> <Adapter> <Opcode : 'read' 'write' 'readreq' 'writereq' 'writeresp'>
ST_37 : Operation 668 [41/71] (4.66ns)   --->   "%gmem_load_4_req = readreq i1 @_ssdm_op_ReadReq.m_axi.i32P1A, i32 %gmem_addr_12, i64 1" [cluster.cpp:34]   --->   Operation 668 'readreq' 'gmem_load_4_req' <Predicate = true> <Delay = 4.66> <CoreInst = "m_axi">   --->   Core 119 'm_axi' <Latency = 6> <II = 1> <Delay = 1.00> <Adapter> <Opcode : 'read' 'write' 'readreq' 'writereq' 'writeresp'>
ST_37 : Operation 669 [42/71] (4.66ns)   --->   "%gmem_load_5_req = readreq i1 @_ssdm_op_ReadReq.m_axi.i32P1A, i32 %gmem_addr_2, i64 1" [cluster.cpp:34]   --->   Operation 669 'readreq' 'gmem_load_5_req' <Predicate = true> <Delay = 4.66> <CoreInst = "m_axi">   --->   Core 119 'm_axi' <Latency = 6> <II = 1> <Delay = 1.00> <Adapter> <Opcode : 'read' 'write' 'readreq' 'writereq' 'writeresp'>
ST_37 : Operation 670 [43/71] (4.66ns)   --->   "%empty_19 = readreq i1 @_ssdm_op_ReadReq.m_axi.p1i32, i32 %gmem_addr_13, i64 3" [cluster.cpp:33]   --->   Operation 670 'readreq' 'empty_19' <Predicate = true> <Delay = 4.66> <CoreInst = "m_axi">   --->   Core 119 'm_axi' <Latency = 6> <II = 1> <Delay = 1.00> <Adapter> <Opcode : 'read' 'write' 'readreq' 'writereq' 'writeresp'>
ST_37 : Operation 671 [44/71] (4.66ns)   --->   "%gmem_load_6_req = readreq i1 @_ssdm_op_ReadReq.m_axi.i32P1A, i32 %gmem_addr_3, i64 1" [cluster.cpp:34]   --->   Operation 671 'readreq' 'gmem_load_6_req' <Predicate = true> <Delay = 4.66> <CoreInst = "m_axi">   --->   Core 119 'm_axi' <Latency = 6> <II = 1> <Delay = 1.00> <Adapter> <Opcode : 'read' 'write' 'readreq' 'writereq' 'writeresp'>
ST_37 : Operation 672 [46/71] (4.66ns)   --->   "%gmem_load_7_req = readreq i1 @_ssdm_op_ReadReq.m_axi.i32P1A, i32 %gmem_addr_4, i64 1" [cluster.cpp:34]   --->   Operation 672 'readreq' 'gmem_load_7_req' <Predicate = true> <Delay = 4.66> <CoreInst = "m_axi">   --->   Core 119 'm_axi' <Latency = 6> <II = 1> <Delay = 1.00> <Adapter> <Opcode : 'read' 'write' 'readreq' 'writereq' 'writeresp'>
ST_37 : Operation 673 [48/71] (4.66ns)   --->   "%gmem_load_8_req = readreq i1 @_ssdm_op_ReadReq.m_axi.i32P1A, i32 %gmem_addr_5, i64 1" [cluster.cpp:34]   --->   Operation 673 'readreq' 'gmem_load_8_req' <Predicate = true> <Delay = 4.66> <CoreInst = "m_axi">   --->   Core 119 'm_axi' <Latency = 6> <II = 1> <Delay = 1.00> <Adapter> <Opcode : 'read' 'write' 'readreq' 'writereq' 'writeresp'>
ST_37 : Operation 674 [49/71] (4.66ns)   --->   "%empty_21 = readreq i1 @_ssdm_op_ReadReq.m_axi.p1i32, i32 %gmem_addr_14, i64 3" [cluster.cpp:33]   --->   Operation 674 'readreq' 'empty_21' <Predicate = true> <Delay = 4.66> <CoreInst = "m_axi">   --->   Core 119 'm_axi' <Latency = 6> <II = 1> <Delay = 1.00> <Adapter> <Opcode : 'read' 'write' 'readreq' 'writereq' 'writeresp'>
ST_37 : Operation 675 [50/71] (4.66ns)   --->   "%gmem_load_9_req = readreq i1 @_ssdm_op_ReadReq.m_axi.i32P1A, i32 %gmem_addr_6, i64 1" [cluster.cpp:34]   --->   Operation 675 'readreq' 'gmem_load_9_req' <Predicate = true> <Delay = 4.66> <CoreInst = "m_axi">   --->   Core 119 'm_axi' <Latency = 6> <II = 1> <Delay = 1.00> <Adapter> <Opcode : 'read' 'write' 'readreq' 'writereq' 'writeresp'>
ST_37 : Operation 676 [52/71] (4.66ns)   --->   "%gmem_load_10_req = readreq i1 @_ssdm_op_ReadReq.m_axi.i32P1A, i32 %gmem_addr_7, i64 1" [cluster.cpp:34]   --->   Operation 676 'readreq' 'gmem_load_10_req' <Predicate = true> <Delay = 4.66> <CoreInst = "m_axi">   --->   Core 119 'm_axi' <Latency = 6> <II = 1> <Delay = 1.00> <Adapter> <Opcode : 'read' 'write' 'readreq' 'writereq' 'writeresp'>
ST_37 : Operation 677 [54/71] (4.66ns)   --->   "%gmem_load_11_req = readreq i1 @_ssdm_op_ReadReq.m_axi.i32P1A, i32 %gmem_addr_8, i64 1" [cluster.cpp:34]   --->   Operation 677 'readreq' 'gmem_load_11_req' <Predicate = true> <Delay = 4.66> <CoreInst = "m_axi">   --->   Core 119 'm_axi' <Latency = 6> <II = 1> <Delay = 1.00> <Adapter> <Opcode : 'read' 'write' 'readreq' 'writereq' 'writeresp'>

State 38 <SV = 37> <Delay = 4.66>
ST_38 : Operation 678 [36/71] (4.66ns)   --->   "%gmem_load_req = readreq i1 @_ssdm_op_ReadReq.m_axi.i32P1A, i32 %gmem_addr_10, i64 1" [cluster.cpp:34]   --->   Operation 678 'readreq' 'gmem_load_req' <Predicate = true> <Delay = 4.66> <CoreInst = "m_axi">   --->   Core 119 'm_axi' <Latency = 6> <II = 1> <Delay = 1.00> <Adapter> <Opcode : 'read' 'write' 'readreq' 'writereq' 'writeresp'>
ST_38 : Operation 679 [37/71] (4.66ns)   --->   "%gmem_load_1_req = readreq i1 @_ssdm_op_ReadReq.m_axi.i32P1A, i32 %gmem_addr, i64 1" [cluster.cpp:34]   --->   Operation 679 'readreq' 'gmem_load_1_req' <Predicate = true> <Delay = 4.66> <CoreInst = "m_axi">   --->   Core 119 'm_axi' <Latency = 6> <II = 1> <Delay = 1.00> <Adapter> <Opcode : 'read' 'write' 'readreq' 'writereq' 'writeresp'>
ST_38 : Operation 680 [38/71] (4.66ns)   --->   "%gmem_load_2_req = readreq i1 @_ssdm_op_ReadReq.m_axi.i32P1A, i32 %gmem_addr_11, i64 1" [cluster.cpp:34]   --->   Operation 680 'readreq' 'gmem_load_2_req' <Predicate = true> <Delay = 4.66> <CoreInst = "m_axi">   --->   Core 119 'm_axi' <Latency = 6> <II = 1> <Delay = 1.00> <Adapter> <Opcode : 'read' 'write' 'readreq' 'writereq' 'writeresp'>
ST_38 : Operation 681 [39/71] (4.66ns)   --->   "%gmem_load_3_req = readreq i1 @_ssdm_op_ReadReq.m_axi.i32P1A, i32 %gmem_addr_1, i64 1" [cluster.cpp:34]   --->   Operation 681 'readreq' 'gmem_load_3_req' <Predicate = true> <Delay = 4.66> <CoreInst = "m_axi">   --->   Core 119 'm_axi' <Latency = 6> <II = 1> <Delay = 1.00> <Adapter> <Opcode : 'read' 'write' 'readreq' 'writereq' 'writeresp'>
ST_38 : Operation 682 [40/71] (4.66ns)   --->   "%gmem_load_4_req = readreq i1 @_ssdm_op_ReadReq.m_axi.i32P1A, i32 %gmem_addr_12, i64 1" [cluster.cpp:34]   --->   Operation 682 'readreq' 'gmem_load_4_req' <Predicate = true> <Delay = 4.66> <CoreInst = "m_axi">   --->   Core 119 'm_axi' <Latency = 6> <II = 1> <Delay = 1.00> <Adapter> <Opcode : 'read' 'write' 'readreq' 'writereq' 'writeresp'>
ST_38 : Operation 683 [41/71] (4.66ns)   --->   "%gmem_load_5_req = readreq i1 @_ssdm_op_ReadReq.m_axi.i32P1A, i32 %gmem_addr_2, i64 1" [cluster.cpp:34]   --->   Operation 683 'readreq' 'gmem_load_5_req' <Predicate = true> <Delay = 4.66> <CoreInst = "m_axi">   --->   Core 119 'm_axi' <Latency = 6> <II = 1> <Delay = 1.00> <Adapter> <Opcode : 'read' 'write' 'readreq' 'writereq' 'writeresp'>
ST_38 : Operation 684 [42/71] (4.66ns)   --->   "%empty_19 = readreq i1 @_ssdm_op_ReadReq.m_axi.p1i32, i32 %gmem_addr_13, i64 3" [cluster.cpp:33]   --->   Operation 684 'readreq' 'empty_19' <Predicate = true> <Delay = 4.66> <CoreInst = "m_axi">   --->   Core 119 'm_axi' <Latency = 6> <II = 1> <Delay = 1.00> <Adapter> <Opcode : 'read' 'write' 'readreq' 'writereq' 'writeresp'>
ST_38 : Operation 685 [43/71] (4.66ns)   --->   "%gmem_load_6_req = readreq i1 @_ssdm_op_ReadReq.m_axi.i32P1A, i32 %gmem_addr_3, i64 1" [cluster.cpp:34]   --->   Operation 685 'readreq' 'gmem_load_6_req' <Predicate = true> <Delay = 4.66> <CoreInst = "m_axi">   --->   Core 119 'm_axi' <Latency = 6> <II = 1> <Delay = 1.00> <Adapter> <Opcode : 'read' 'write' 'readreq' 'writereq' 'writeresp'>
ST_38 : Operation 686 [45/71] (4.66ns)   --->   "%gmem_load_7_req = readreq i1 @_ssdm_op_ReadReq.m_axi.i32P1A, i32 %gmem_addr_4, i64 1" [cluster.cpp:34]   --->   Operation 686 'readreq' 'gmem_load_7_req' <Predicate = true> <Delay = 4.66> <CoreInst = "m_axi">   --->   Core 119 'm_axi' <Latency = 6> <II = 1> <Delay = 1.00> <Adapter> <Opcode : 'read' 'write' 'readreq' 'writereq' 'writeresp'>
ST_38 : Operation 687 [47/71] (4.66ns)   --->   "%gmem_load_8_req = readreq i1 @_ssdm_op_ReadReq.m_axi.i32P1A, i32 %gmem_addr_5, i64 1" [cluster.cpp:34]   --->   Operation 687 'readreq' 'gmem_load_8_req' <Predicate = true> <Delay = 4.66> <CoreInst = "m_axi">   --->   Core 119 'm_axi' <Latency = 6> <II = 1> <Delay = 1.00> <Adapter> <Opcode : 'read' 'write' 'readreq' 'writereq' 'writeresp'>
ST_38 : Operation 688 [48/71] (4.66ns)   --->   "%empty_21 = readreq i1 @_ssdm_op_ReadReq.m_axi.p1i32, i32 %gmem_addr_14, i64 3" [cluster.cpp:33]   --->   Operation 688 'readreq' 'empty_21' <Predicate = true> <Delay = 4.66> <CoreInst = "m_axi">   --->   Core 119 'm_axi' <Latency = 6> <II = 1> <Delay = 1.00> <Adapter> <Opcode : 'read' 'write' 'readreq' 'writereq' 'writeresp'>
ST_38 : Operation 689 [49/71] (4.66ns)   --->   "%gmem_load_9_req = readreq i1 @_ssdm_op_ReadReq.m_axi.i32P1A, i32 %gmem_addr_6, i64 1" [cluster.cpp:34]   --->   Operation 689 'readreq' 'gmem_load_9_req' <Predicate = true> <Delay = 4.66> <CoreInst = "m_axi">   --->   Core 119 'm_axi' <Latency = 6> <II = 1> <Delay = 1.00> <Adapter> <Opcode : 'read' 'write' 'readreq' 'writereq' 'writeresp'>
ST_38 : Operation 690 [51/71] (4.66ns)   --->   "%gmem_load_10_req = readreq i1 @_ssdm_op_ReadReq.m_axi.i32P1A, i32 %gmem_addr_7, i64 1" [cluster.cpp:34]   --->   Operation 690 'readreq' 'gmem_load_10_req' <Predicate = true> <Delay = 4.66> <CoreInst = "m_axi">   --->   Core 119 'm_axi' <Latency = 6> <II = 1> <Delay = 1.00> <Adapter> <Opcode : 'read' 'write' 'readreq' 'writereq' 'writeresp'>
ST_38 : Operation 691 [53/71] (4.66ns)   --->   "%gmem_load_11_req = readreq i1 @_ssdm_op_ReadReq.m_axi.i32P1A, i32 %gmem_addr_8, i64 1" [cluster.cpp:34]   --->   Operation 691 'readreq' 'gmem_load_11_req' <Predicate = true> <Delay = 4.66> <CoreInst = "m_axi">   --->   Core 119 'm_axi' <Latency = 6> <II = 1> <Delay = 1.00> <Adapter> <Opcode : 'read' 'write' 'readreq' 'writereq' 'writeresp'>

State 39 <SV = 38> <Delay = 4.66>
ST_39 : Operation 692 [35/71] (4.66ns)   --->   "%gmem_load_req = readreq i1 @_ssdm_op_ReadReq.m_axi.i32P1A, i32 %gmem_addr_10, i64 1" [cluster.cpp:34]   --->   Operation 692 'readreq' 'gmem_load_req' <Predicate = true> <Delay = 4.66> <CoreInst = "m_axi">   --->   Core 119 'm_axi' <Latency = 6> <II = 1> <Delay = 1.00> <Adapter> <Opcode : 'read' 'write' 'readreq' 'writereq' 'writeresp'>
ST_39 : Operation 693 [36/71] (4.66ns)   --->   "%gmem_load_1_req = readreq i1 @_ssdm_op_ReadReq.m_axi.i32P1A, i32 %gmem_addr, i64 1" [cluster.cpp:34]   --->   Operation 693 'readreq' 'gmem_load_1_req' <Predicate = true> <Delay = 4.66> <CoreInst = "m_axi">   --->   Core 119 'm_axi' <Latency = 6> <II = 1> <Delay = 1.00> <Adapter> <Opcode : 'read' 'write' 'readreq' 'writereq' 'writeresp'>
ST_39 : Operation 694 [37/71] (4.66ns)   --->   "%gmem_load_2_req = readreq i1 @_ssdm_op_ReadReq.m_axi.i32P1A, i32 %gmem_addr_11, i64 1" [cluster.cpp:34]   --->   Operation 694 'readreq' 'gmem_load_2_req' <Predicate = true> <Delay = 4.66> <CoreInst = "m_axi">   --->   Core 119 'm_axi' <Latency = 6> <II = 1> <Delay = 1.00> <Adapter> <Opcode : 'read' 'write' 'readreq' 'writereq' 'writeresp'>
ST_39 : Operation 695 [38/71] (4.66ns)   --->   "%gmem_load_3_req = readreq i1 @_ssdm_op_ReadReq.m_axi.i32P1A, i32 %gmem_addr_1, i64 1" [cluster.cpp:34]   --->   Operation 695 'readreq' 'gmem_load_3_req' <Predicate = true> <Delay = 4.66> <CoreInst = "m_axi">   --->   Core 119 'm_axi' <Latency = 6> <II = 1> <Delay = 1.00> <Adapter> <Opcode : 'read' 'write' 'readreq' 'writereq' 'writeresp'>
ST_39 : Operation 696 [39/71] (4.66ns)   --->   "%gmem_load_4_req = readreq i1 @_ssdm_op_ReadReq.m_axi.i32P1A, i32 %gmem_addr_12, i64 1" [cluster.cpp:34]   --->   Operation 696 'readreq' 'gmem_load_4_req' <Predicate = true> <Delay = 4.66> <CoreInst = "m_axi">   --->   Core 119 'm_axi' <Latency = 6> <II = 1> <Delay = 1.00> <Adapter> <Opcode : 'read' 'write' 'readreq' 'writereq' 'writeresp'>
ST_39 : Operation 697 [40/71] (4.66ns)   --->   "%gmem_load_5_req = readreq i1 @_ssdm_op_ReadReq.m_axi.i32P1A, i32 %gmem_addr_2, i64 1" [cluster.cpp:34]   --->   Operation 697 'readreq' 'gmem_load_5_req' <Predicate = true> <Delay = 4.66> <CoreInst = "m_axi">   --->   Core 119 'm_axi' <Latency = 6> <II = 1> <Delay = 1.00> <Adapter> <Opcode : 'read' 'write' 'readreq' 'writereq' 'writeresp'>
ST_39 : Operation 698 [41/71] (4.66ns)   --->   "%empty_19 = readreq i1 @_ssdm_op_ReadReq.m_axi.p1i32, i32 %gmem_addr_13, i64 3" [cluster.cpp:33]   --->   Operation 698 'readreq' 'empty_19' <Predicate = true> <Delay = 4.66> <CoreInst = "m_axi">   --->   Core 119 'm_axi' <Latency = 6> <II = 1> <Delay = 1.00> <Adapter> <Opcode : 'read' 'write' 'readreq' 'writereq' 'writeresp'>
ST_39 : Operation 699 [42/71] (4.66ns)   --->   "%gmem_load_6_req = readreq i1 @_ssdm_op_ReadReq.m_axi.i32P1A, i32 %gmem_addr_3, i64 1" [cluster.cpp:34]   --->   Operation 699 'readreq' 'gmem_load_6_req' <Predicate = true> <Delay = 4.66> <CoreInst = "m_axi">   --->   Core 119 'm_axi' <Latency = 6> <II = 1> <Delay = 1.00> <Adapter> <Opcode : 'read' 'write' 'readreq' 'writereq' 'writeresp'>
ST_39 : Operation 700 [44/71] (4.66ns)   --->   "%gmem_load_7_req = readreq i1 @_ssdm_op_ReadReq.m_axi.i32P1A, i32 %gmem_addr_4, i64 1" [cluster.cpp:34]   --->   Operation 700 'readreq' 'gmem_load_7_req' <Predicate = true> <Delay = 4.66> <CoreInst = "m_axi">   --->   Core 119 'm_axi' <Latency = 6> <II = 1> <Delay = 1.00> <Adapter> <Opcode : 'read' 'write' 'readreq' 'writereq' 'writeresp'>
ST_39 : Operation 701 [46/71] (4.66ns)   --->   "%gmem_load_8_req = readreq i1 @_ssdm_op_ReadReq.m_axi.i32P1A, i32 %gmem_addr_5, i64 1" [cluster.cpp:34]   --->   Operation 701 'readreq' 'gmem_load_8_req' <Predicate = true> <Delay = 4.66> <CoreInst = "m_axi">   --->   Core 119 'm_axi' <Latency = 6> <II = 1> <Delay = 1.00> <Adapter> <Opcode : 'read' 'write' 'readreq' 'writereq' 'writeresp'>
ST_39 : Operation 702 [47/71] (4.66ns)   --->   "%empty_21 = readreq i1 @_ssdm_op_ReadReq.m_axi.p1i32, i32 %gmem_addr_14, i64 3" [cluster.cpp:33]   --->   Operation 702 'readreq' 'empty_21' <Predicate = true> <Delay = 4.66> <CoreInst = "m_axi">   --->   Core 119 'm_axi' <Latency = 6> <II = 1> <Delay = 1.00> <Adapter> <Opcode : 'read' 'write' 'readreq' 'writereq' 'writeresp'>
ST_39 : Operation 703 [48/71] (4.66ns)   --->   "%gmem_load_9_req = readreq i1 @_ssdm_op_ReadReq.m_axi.i32P1A, i32 %gmem_addr_6, i64 1" [cluster.cpp:34]   --->   Operation 703 'readreq' 'gmem_load_9_req' <Predicate = true> <Delay = 4.66> <CoreInst = "m_axi">   --->   Core 119 'm_axi' <Latency = 6> <II = 1> <Delay = 1.00> <Adapter> <Opcode : 'read' 'write' 'readreq' 'writereq' 'writeresp'>
ST_39 : Operation 704 [50/71] (4.66ns)   --->   "%gmem_load_10_req = readreq i1 @_ssdm_op_ReadReq.m_axi.i32P1A, i32 %gmem_addr_7, i64 1" [cluster.cpp:34]   --->   Operation 704 'readreq' 'gmem_load_10_req' <Predicate = true> <Delay = 4.66> <CoreInst = "m_axi">   --->   Core 119 'm_axi' <Latency = 6> <II = 1> <Delay = 1.00> <Adapter> <Opcode : 'read' 'write' 'readreq' 'writereq' 'writeresp'>
ST_39 : Operation 705 [52/71] (4.66ns)   --->   "%gmem_load_11_req = readreq i1 @_ssdm_op_ReadReq.m_axi.i32P1A, i32 %gmem_addr_8, i64 1" [cluster.cpp:34]   --->   Operation 705 'readreq' 'gmem_load_11_req' <Predicate = true> <Delay = 4.66> <CoreInst = "m_axi">   --->   Core 119 'm_axi' <Latency = 6> <II = 1> <Delay = 1.00> <Adapter> <Opcode : 'read' 'write' 'readreq' 'writereq' 'writeresp'>

State 40 <SV = 39> <Delay = 4.66>
ST_40 : Operation 706 [34/71] (4.66ns)   --->   "%gmem_load_req = readreq i1 @_ssdm_op_ReadReq.m_axi.i32P1A, i32 %gmem_addr_10, i64 1" [cluster.cpp:34]   --->   Operation 706 'readreq' 'gmem_load_req' <Predicate = true> <Delay = 4.66> <CoreInst = "m_axi">   --->   Core 119 'm_axi' <Latency = 6> <II = 1> <Delay = 1.00> <Adapter> <Opcode : 'read' 'write' 'readreq' 'writereq' 'writeresp'>
ST_40 : Operation 707 [35/71] (4.66ns)   --->   "%gmem_load_1_req = readreq i1 @_ssdm_op_ReadReq.m_axi.i32P1A, i32 %gmem_addr, i64 1" [cluster.cpp:34]   --->   Operation 707 'readreq' 'gmem_load_1_req' <Predicate = true> <Delay = 4.66> <CoreInst = "m_axi">   --->   Core 119 'm_axi' <Latency = 6> <II = 1> <Delay = 1.00> <Adapter> <Opcode : 'read' 'write' 'readreq' 'writereq' 'writeresp'>
ST_40 : Operation 708 [36/71] (4.66ns)   --->   "%gmem_load_2_req = readreq i1 @_ssdm_op_ReadReq.m_axi.i32P1A, i32 %gmem_addr_11, i64 1" [cluster.cpp:34]   --->   Operation 708 'readreq' 'gmem_load_2_req' <Predicate = true> <Delay = 4.66> <CoreInst = "m_axi">   --->   Core 119 'm_axi' <Latency = 6> <II = 1> <Delay = 1.00> <Adapter> <Opcode : 'read' 'write' 'readreq' 'writereq' 'writeresp'>
ST_40 : Operation 709 [37/71] (4.66ns)   --->   "%gmem_load_3_req = readreq i1 @_ssdm_op_ReadReq.m_axi.i32P1A, i32 %gmem_addr_1, i64 1" [cluster.cpp:34]   --->   Operation 709 'readreq' 'gmem_load_3_req' <Predicate = true> <Delay = 4.66> <CoreInst = "m_axi">   --->   Core 119 'm_axi' <Latency = 6> <II = 1> <Delay = 1.00> <Adapter> <Opcode : 'read' 'write' 'readreq' 'writereq' 'writeresp'>
ST_40 : Operation 710 [38/71] (4.66ns)   --->   "%gmem_load_4_req = readreq i1 @_ssdm_op_ReadReq.m_axi.i32P1A, i32 %gmem_addr_12, i64 1" [cluster.cpp:34]   --->   Operation 710 'readreq' 'gmem_load_4_req' <Predicate = true> <Delay = 4.66> <CoreInst = "m_axi">   --->   Core 119 'm_axi' <Latency = 6> <II = 1> <Delay = 1.00> <Adapter> <Opcode : 'read' 'write' 'readreq' 'writereq' 'writeresp'>
ST_40 : Operation 711 [39/71] (4.66ns)   --->   "%gmem_load_5_req = readreq i1 @_ssdm_op_ReadReq.m_axi.i32P1A, i32 %gmem_addr_2, i64 1" [cluster.cpp:34]   --->   Operation 711 'readreq' 'gmem_load_5_req' <Predicate = true> <Delay = 4.66> <CoreInst = "m_axi">   --->   Core 119 'm_axi' <Latency = 6> <II = 1> <Delay = 1.00> <Adapter> <Opcode : 'read' 'write' 'readreq' 'writereq' 'writeresp'>
ST_40 : Operation 712 [40/71] (4.66ns)   --->   "%empty_19 = readreq i1 @_ssdm_op_ReadReq.m_axi.p1i32, i32 %gmem_addr_13, i64 3" [cluster.cpp:33]   --->   Operation 712 'readreq' 'empty_19' <Predicate = true> <Delay = 4.66> <CoreInst = "m_axi">   --->   Core 119 'm_axi' <Latency = 6> <II = 1> <Delay = 1.00> <Adapter> <Opcode : 'read' 'write' 'readreq' 'writereq' 'writeresp'>
ST_40 : Operation 713 [41/71] (4.66ns)   --->   "%gmem_load_6_req = readreq i1 @_ssdm_op_ReadReq.m_axi.i32P1A, i32 %gmem_addr_3, i64 1" [cluster.cpp:34]   --->   Operation 713 'readreq' 'gmem_load_6_req' <Predicate = true> <Delay = 4.66> <CoreInst = "m_axi">   --->   Core 119 'm_axi' <Latency = 6> <II = 1> <Delay = 1.00> <Adapter> <Opcode : 'read' 'write' 'readreq' 'writereq' 'writeresp'>
ST_40 : Operation 714 [43/71] (4.66ns)   --->   "%gmem_load_7_req = readreq i1 @_ssdm_op_ReadReq.m_axi.i32P1A, i32 %gmem_addr_4, i64 1" [cluster.cpp:34]   --->   Operation 714 'readreq' 'gmem_load_7_req' <Predicate = true> <Delay = 4.66> <CoreInst = "m_axi">   --->   Core 119 'm_axi' <Latency = 6> <II = 1> <Delay = 1.00> <Adapter> <Opcode : 'read' 'write' 'readreq' 'writereq' 'writeresp'>
ST_40 : Operation 715 [45/71] (4.66ns)   --->   "%gmem_load_8_req = readreq i1 @_ssdm_op_ReadReq.m_axi.i32P1A, i32 %gmem_addr_5, i64 1" [cluster.cpp:34]   --->   Operation 715 'readreq' 'gmem_load_8_req' <Predicate = true> <Delay = 4.66> <CoreInst = "m_axi">   --->   Core 119 'm_axi' <Latency = 6> <II = 1> <Delay = 1.00> <Adapter> <Opcode : 'read' 'write' 'readreq' 'writereq' 'writeresp'>
ST_40 : Operation 716 [46/71] (4.66ns)   --->   "%empty_21 = readreq i1 @_ssdm_op_ReadReq.m_axi.p1i32, i32 %gmem_addr_14, i64 3" [cluster.cpp:33]   --->   Operation 716 'readreq' 'empty_21' <Predicate = true> <Delay = 4.66> <CoreInst = "m_axi">   --->   Core 119 'm_axi' <Latency = 6> <II = 1> <Delay = 1.00> <Adapter> <Opcode : 'read' 'write' 'readreq' 'writereq' 'writeresp'>
ST_40 : Operation 717 [47/71] (4.66ns)   --->   "%gmem_load_9_req = readreq i1 @_ssdm_op_ReadReq.m_axi.i32P1A, i32 %gmem_addr_6, i64 1" [cluster.cpp:34]   --->   Operation 717 'readreq' 'gmem_load_9_req' <Predicate = true> <Delay = 4.66> <CoreInst = "m_axi">   --->   Core 119 'm_axi' <Latency = 6> <II = 1> <Delay = 1.00> <Adapter> <Opcode : 'read' 'write' 'readreq' 'writereq' 'writeresp'>
ST_40 : Operation 718 [49/71] (4.66ns)   --->   "%gmem_load_10_req = readreq i1 @_ssdm_op_ReadReq.m_axi.i32P1A, i32 %gmem_addr_7, i64 1" [cluster.cpp:34]   --->   Operation 718 'readreq' 'gmem_load_10_req' <Predicate = true> <Delay = 4.66> <CoreInst = "m_axi">   --->   Core 119 'm_axi' <Latency = 6> <II = 1> <Delay = 1.00> <Adapter> <Opcode : 'read' 'write' 'readreq' 'writereq' 'writeresp'>
ST_40 : Operation 719 [51/71] (4.66ns)   --->   "%gmem_load_11_req = readreq i1 @_ssdm_op_ReadReq.m_axi.i32P1A, i32 %gmem_addr_8, i64 1" [cluster.cpp:34]   --->   Operation 719 'readreq' 'gmem_load_11_req' <Predicate = true> <Delay = 4.66> <CoreInst = "m_axi">   --->   Core 119 'm_axi' <Latency = 6> <II = 1> <Delay = 1.00> <Adapter> <Opcode : 'read' 'write' 'readreq' 'writereq' 'writeresp'>

State 41 <SV = 40> <Delay = 4.66>
ST_41 : Operation 720 [33/71] (4.66ns)   --->   "%gmem_load_req = readreq i1 @_ssdm_op_ReadReq.m_axi.i32P1A, i32 %gmem_addr_10, i64 1" [cluster.cpp:34]   --->   Operation 720 'readreq' 'gmem_load_req' <Predicate = true> <Delay = 4.66> <CoreInst = "m_axi">   --->   Core 119 'm_axi' <Latency = 6> <II = 1> <Delay = 1.00> <Adapter> <Opcode : 'read' 'write' 'readreq' 'writereq' 'writeresp'>
ST_41 : Operation 721 [34/71] (4.66ns)   --->   "%gmem_load_1_req = readreq i1 @_ssdm_op_ReadReq.m_axi.i32P1A, i32 %gmem_addr, i64 1" [cluster.cpp:34]   --->   Operation 721 'readreq' 'gmem_load_1_req' <Predicate = true> <Delay = 4.66> <CoreInst = "m_axi">   --->   Core 119 'm_axi' <Latency = 6> <II = 1> <Delay = 1.00> <Adapter> <Opcode : 'read' 'write' 'readreq' 'writereq' 'writeresp'>
ST_41 : Operation 722 [35/71] (4.66ns)   --->   "%gmem_load_2_req = readreq i1 @_ssdm_op_ReadReq.m_axi.i32P1A, i32 %gmem_addr_11, i64 1" [cluster.cpp:34]   --->   Operation 722 'readreq' 'gmem_load_2_req' <Predicate = true> <Delay = 4.66> <CoreInst = "m_axi">   --->   Core 119 'm_axi' <Latency = 6> <II = 1> <Delay = 1.00> <Adapter> <Opcode : 'read' 'write' 'readreq' 'writereq' 'writeresp'>
ST_41 : Operation 723 [36/71] (4.66ns)   --->   "%gmem_load_3_req = readreq i1 @_ssdm_op_ReadReq.m_axi.i32P1A, i32 %gmem_addr_1, i64 1" [cluster.cpp:34]   --->   Operation 723 'readreq' 'gmem_load_3_req' <Predicate = true> <Delay = 4.66> <CoreInst = "m_axi">   --->   Core 119 'm_axi' <Latency = 6> <II = 1> <Delay = 1.00> <Adapter> <Opcode : 'read' 'write' 'readreq' 'writereq' 'writeresp'>
ST_41 : Operation 724 [37/71] (4.66ns)   --->   "%gmem_load_4_req = readreq i1 @_ssdm_op_ReadReq.m_axi.i32P1A, i32 %gmem_addr_12, i64 1" [cluster.cpp:34]   --->   Operation 724 'readreq' 'gmem_load_4_req' <Predicate = true> <Delay = 4.66> <CoreInst = "m_axi">   --->   Core 119 'm_axi' <Latency = 6> <II = 1> <Delay = 1.00> <Adapter> <Opcode : 'read' 'write' 'readreq' 'writereq' 'writeresp'>
ST_41 : Operation 725 [38/71] (4.66ns)   --->   "%gmem_load_5_req = readreq i1 @_ssdm_op_ReadReq.m_axi.i32P1A, i32 %gmem_addr_2, i64 1" [cluster.cpp:34]   --->   Operation 725 'readreq' 'gmem_load_5_req' <Predicate = true> <Delay = 4.66> <CoreInst = "m_axi">   --->   Core 119 'm_axi' <Latency = 6> <II = 1> <Delay = 1.00> <Adapter> <Opcode : 'read' 'write' 'readreq' 'writereq' 'writeresp'>
ST_41 : Operation 726 [39/71] (4.66ns)   --->   "%empty_19 = readreq i1 @_ssdm_op_ReadReq.m_axi.p1i32, i32 %gmem_addr_13, i64 3" [cluster.cpp:33]   --->   Operation 726 'readreq' 'empty_19' <Predicate = true> <Delay = 4.66> <CoreInst = "m_axi">   --->   Core 119 'm_axi' <Latency = 6> <II = 1> <Delay = 1.00> <Adapter> <Opcode : 'read' 'write' 'readreq' 'writereq' 'writeresp'>
ST_41 : Operation 727 [40/71] (4.66ns)   --->   "%gmem_load_6_req = readreq i1 @_ssdm_op_ReadReq.m_axi.i32P1A, i32 %gmem_addr_3, i64 1" [cluster.cpp:34]   --->   Operation 727 'readreq' 'gmem_load_6_req' <Predicate = true> <Delay = 4.66> <CoreInst = "m_axi">   --->   Core 119 'm_axi' <Latency = 6> <II = 1> <Delay = 1.00> <Adapter> <Opcode : 'read' 'write' 'readreq' 'writereq' 'writeresp'>
ST_41 : Operation 728 [42/71] (4.66ns)   --->   "%gmem_load_7_req = readreq i1 @_ssdm_op_ReadReq.m_axi.i32P1A, i32 %gmem_addr_4, i64 1" [cluster.cpp:34]   --->   Operation 728 'readreq' 'gmem_load_7_req' <Predicate = true> <Delay = 4.66> <CoreInst = "m_axi">   --->   Core 119 'm_axi' <Latency = 6> <II = 1> <Delay = 1.00> <Adapter> <Opcode : 'read' 'write' 'readreq' 'writereq' 'writeresp'>
ST_41 : Operation 729 [44/71] (4.66ns)   --->   "%gmem_load_8_req = readreq i1 @_ssdm_op_ReadReq.m_axi.i32P1A, i32 %gmem_addr_5, i64 1" [cluster.cpp:34]   --->   Operation 729 'readreq' 'gmem_load_8_req' <Predicate = true> <Delay = 4.66> <CoreInst = "m_axi">   --->   Core 119 'm_axi' <Latency = 6> <II = 1> <Delay = 1.00> <Adapter> <Opcode : 'read' 'write' 'readreq' 'writereq' 'writeresp'>
ST_41 : Operation 730 [45/71] (4.66ns)   --->   "%empty_21 = readreq i1 @_ssdm_op_ReadReq.m_axi.p1i32, i32 %gmem_addr_14, i64 3" [cluster.cpp:33]   --->   Operation 730 'readreq' 'empty_21' <Predicate = true> <Delay = 4.66> <CoreInst = "m_axi">   --->   Core 119 'm_axi' <Latency = 6> <II = 1> <Delay = 1.00> <Adapter> <Opcode : 'read' 'write' 'readreq' 'writereq' 'writeresp'>
ST_41 : Operation 731 [46/71] (4.66ns)   --->   "%gmem_load_9_req = readreq i1 @_ssdm_op_ReadReq.m_axi.i32P1A, i32 %gmem_addr_6, i64 1" [cluster.cpp:34]   --->   Operation 731 'readreq' 'gmem_load_9_req' <Predicate = true> <Delay = 4.66> <CoreInst = "m_axi">   --->   Core 119 'm_axi' <Latency = 6> <II = 1> <Delay = 1.00> <Adapter> <Opcode : 'read' 'write' 'readreq' 'writereq' 'writeresp'>
ST_41 : Operation 732 [48/71] (4.66ns)   --->   "%gmem_load_10_req = readreq i1 @_ssdm_op_ReadReq.m_axi.i32P1A, i32 %gmem_addr_7, i64 1" [cluster.cpp:34]   --->   Operation 732 'readreq' 'gmem_load_10_req' <Predicate = true> <Delay = 4.66> <CoreInst = "m_axi">   --->   Core 119 'm_axi' <Latency = 6> <II = 1> <Delay = 1.00> <Adapter> <Opcode : 'read' 'write' 'readreq' 'writereq' 'writeresp'>
ST_41 : Operation 733 [50/71] (4.66ns)   --->   "%gmem_load_11_req = readreq i1 @_ssdm_op_ReadReq.m_axi.i32P1A, i32 %gmem_addr_8, i64 1" [cluster.cpp:34]   --->   Operation 733 'readreq' 'gmem_load_11_req' <Predicate = true> <Delay = 4.66> <CoreInst = "m_axi">   --->   Core 119 'm_axi' <Latency = 6> <II = 1> <Delay = 1.00> <Adapter> <Opcode : 'read' 'write' 'readreq' 'writereq' 'writeresp'>

State 42 <SV = 41> <Delay = 4.66>
ST_42 : Operation 734 [32/71] (4.66ns)   --->   "%gmem_load_req = readreq i1 @_ssdm_op_ReadReq.m_axi.i32P1A, i32 %gmem_addr_10, i64 1" [cluster.cpp:34]   --->   Operation 734 'readreq' 'gmem_load_req' <Predicate = true> <Delay = 4.66> <CoreInst = "m_axi">   --->   Core 119 'm_axi' <Latency = 6> <II = 1> <Delay = 1.00> <Adapter> <Opcode : 'read' 'write' 'readreq' 'writereq' 'writeresp'>
ST_42 : Operation 735 [33/71] (4.66ns)   --->   "%gmem_load_1_req = readreq i1 @_ssdm_op_ReadReq.m_axi.i32P1A, i32 %gmem_addr, i64 1" [cluster.cpp:34]   --->   Operation 735 'readreq' 'gmem_load_1_req' <Predicate = true> <Delay = 4.66> <CoreInst = "m_axi">   --->   Core 119 'm_axi' <Latency = 6> <II = 1> <Delay = 1.00> <Adapter> <Opcode : 'read' 'write' 'readreq' 'writereq' 'writeresp'>
ST_42 : Operation 736 [34/71] (4.66ns)   --->   "%gmem_load_2_req = readreq i1 @_ssdm_op_ReadReq.m_axi.i32P1A, i32 %gmem_addr_11, i64 1" [cluster.cpp:34]   --->   Operation 736 'readreq' 'gmem_load_2_req' <Predicate = true> <Delay = 4.66> <CoreInst = "m_axi">   --->   Core 119 'm_axi' <Latency = 6> <II = 1> <Delay = 1.00> <Adapter> <Opcode : 'read' 'write' 'readreq' 'writereq' 'writeresp'>
ST_42 : Operation 737 [35/71] (4.66ns)   --->   "%gmem_load_3_req = readreq i1 @_ssdm_op_ReadReq.m_axi.i32P1A, i32 %gmem_addr_1, i64 1" [cluster.cpp:34]   --->   Operation 737 'readreq' 'gmem_load_3_req' <Predicate = true> <Delay = 4.66> <CoreInst = "m_axi">   --->   Core 119 'm_axi' <Latency = 6> <II = 1> <Delay = 1.00> <Adapter> <Opcode : 'read' 'write' 'readreq' 'writereq' 'writeresp'>
ST_42 : Operation 738 [36/71] (4.66ns)   --->   "%gmem_load_4_req = readreq i1 @_ssdm_op_ReadReq.m_axi.i32P1A, i32 %gmem_addr_12, i64 1" [cluster.cpp:34]   --->   Operation 738 'readreq' 'gmem_load_4_req' <Predicate = true> <Delay = 4.66> <CoreInst = "m_axi">   --->   Core 119 'm_axi' <Latency = 6> <II = 1> <Delay = 1.00> <Adapter> <Opcode : 'read' 'write' 'readreq' 'writereq' 'writeresp'>
ST_42 : Operation 739 [37/71] (4.66ns)   --->   "%gmem_load_5_req = readreq i1 @_ssdm_op_ReadReq.m_axi.i32P1A, i32 %gmem_addr_2, i64 1" [cluster.cpp:34]   --->   Operation 739 'readreq' 'gmem_load_5_req' <Predicate = true> <Delay = 4.66> <CoreInst = "m_axi">   --->   Core 119 'm_axi' <Latency = 6> <II = 1> <Delay = 1.00> <Adapter> <Opcode : 'read' 'write' 'readreq' 'writereq' 'writeresp'>
ST_42 : Operation 740 [38/71] (4.66ns)   --->   "%empty_19 = readreq i1 @_ssdm_op_ReadReq.m_axi.p1i32, i32 %gmem_addr_13, i64 3" [cluster.cpp:33]   --->   Operation 740 'readreq' 'empty_19' <Predicate = true> <Delay = 4.66> <CoreInst = "m_axi">   --->   Core 119 'm_axi' <Latency = 6> <II = 1> <Delay = 1.00> <Adapter> <Opcode : 'read' 'write' 'readreq' 'writereq' 'writeresp'>
ST_42 : Operation 741 [39/71] (4.66ns)   --->   "%gmem_load_6_req = readreq i1 @_ssdm_op_ReadReq.m_axi.i32P1A, i32 %gmem_addr_3, i64 1" [cluster.cpp:34]   --->   Operation 741 'readreq' 'gmem_load_6_req' <Predicate = true> <Delay = 4.66> <CoreInst = "m_axi">   --->   Core 119 'm_axi' <Latency = 6> <II = 1> <Delay = 1.00> <Adapter> <Opcode : 'read' 'write' 'readreq' 'writereq' 'writeresp'>
ST_42 : Operation 742 [41/71] (4.66ns)   --->   "%gmem_load_7_req = readreq i1 @_ssdm_op_ReadReq.m_axi.i32P1A, i32 %gmem_addr_4, i64 1" [cluster.cpp:34]   --->   Operation 742 'readreq' 'gmem_load_7_req' <Predicate = true> <Delay = 4.66> <CoreInst = "m_axi">   --->   Core 119 'm_axi' <Latency = 6> <II = 1> <Delay = 1.00> <Adapter> <Opcode : 'read' 'write' 'readreq' 'writereq' 'writeresp'>
ST_42 : Operation 743 [43/71] (4.66ns)   --->   "%gmem_load_8_req = readreq i1 @_ssdm_op_ReadReq.m_axi.i32P1A, i32 %gmem_addr_5, i64 1" [cluster.cpp:34]   --->   Operation 743 'readreq' 'gmem_load_8_req' <Predicate = true> <Delay = 4.66> <CoreInst = "m_axi">   --->   Core 119 'm_axi' <Latency = 6> <II = 1> <Delay = 1.00> <Adapter> <Opcode : 'read' 'write' 'readreq' 'writereq' 'writeresp'>
ST_42 : Operation 744 [44/71] (4.66ns)   --->   "%empty_21 = readreq i1 @_ssdm_op_ReadReq.m_axi.p1i32, i32 %gmem_addr_14, i64 3" [cluster.cpp:33]   --->   Operation 744 'readreq' 'empty_21' <Predicate = true> <Delay = 4.66> <CoreInst = "m_axi">   --->   Core 119 'm_axi' <Latency = 6> <II = 1> <Delay = 1.00> <Adapter> <Opcode : 'read' 'write' 'readreq' 'writereq' 'writeresp'>
ST_42 : Operation 745 [45/71] (4.66ns)   --->   "%gmem_load_9_req = readreq i1 @_ssdm_op_ReadReq.m_axi.i32P1A, i32 %gmem_addr_6, i64 1" [cluster.cpp:34]   --->   Operation 745 'readreq' 'gmem_load_9_req' <Predicate = true> <Delay = 4.66> <CoreInst = "m_axi">   --->   Core 119 'm_axi' <Latency = 6> <II = 1> <Delay = 1.00> <Adapter> <Opcode : 'read' 'write' 'readreq' 'writereq' 'writeresp'>
ST_42 : Operation 746 [47/71] (4.66ns)   --->   "%gmem_load_10_req = readreq i1 @_ssdm_op_ReadReq.m_axi.i32P1A, i32 %gmem_addr_7, i64 1" [cluster.cpp:34]   --->   Operation 746 'readreq' 'gmem_load_10_req' <Predicate = true> <Delay = 4.66> <CoreInst = "m_axi">   --->   Core 119 'm_axi' <Latency = 6> <II = 1> <Delay = 1.00> <Adapter> <Opcode : 'read' 'write' 'readreq' 'writereq' 'writeresp'>
ST_42 : Operation 747 [49/71] (4.66ns)   --->   "%gmem_load_11_req = readreq i1 @_ssdm_op_ReadReq.m_axi.i32P1A, i32 %gmem_addr_8, i64 1" [cluster.cpp:34]   --->   Operation 747 'readreq' 'gmem_load_11_req' <Predicate = true> <Delay = 4.66> <CoreInst = "m_axi">   --->   Core 119 'm_axi' <Latency = 6> <II = 1> <Delay = 1.00> <Adapter> <Opcode : 'read' 'write' 'readreq' 'writereq' 'writeresp'>

State 43 <SV = 42> <Delay = 4.66>
ST_43 : Operation 748 [31/71] (4.66ns)   --->   "%gmem_load_req = readreq i1 @_ssdm_op_ReadReq.m_axi.i32P1A, i32 %gmem_addr_10, i64 1" [cluster.cpp:34]   --->   Operation 748 'readreq' 'gmem_load_req' <Predicate = true> <Delay = 4.66> <CoreInst = "m_axi">   --->   Core 119 'm_axi' <Latency = 6> <II = 1> <Delay = 1.00> <Adapter> <Opcode : 'read' 'write' 'readreq' 'writereq' 'writeresp'>
ST_43 : Operation 749 [32/71] (4.66ns)   --->   "%gmem_load_1_req = readreq i1 @_ssdm_op_ReadReq.m_axi.i32P1A, i32 %gmem_addr, i64 1" [cluster.cpp:34]   --->   Operation 749 'readreq' 'gmem_load_1_req' <Predicate = true> <Delay = 4.66> <CoreInst = "m_axi">   --->   Core 119 'm_axi' <Latency = 6> <II = 1> <Delay = 1.00> <Adapter> <Opcode : 'read' 'write' 'readreq' 'writereq' 'writeresp'>
ST_43 : Operation 750 [33/71] (4.66ns)   --->   "%gmem_load_2_req = readreq i1 @_ssdm_op_ReadReq.m_axi.i32P1A, i32 %gmem_addr_11, i64 1" [cluster.cpp:34]   --->   Operation 750 'readreq' 'gmem_load_2_req' <Predicate = true> <Delay = 4.66> <CoreInst = "m_axi">   --->   Core 119 'm_axi' <Latency = 6> <II = 1> <Delay = 1.00> <Adapter> <Opcode : 'read' 'write' 'readreq' 'writereq' 'writeresp'>
ST_43 : Operation 751 [34/71] (4.66ns)   --->   "%gmem_load_3_req = readreq i1 @_ssdm_op_ReadReq.m_axi.i32P1A, i32 %gmem_addr_1, i64 1" [cluster.cpp:34]   --->   Operation 751 'readreq' 'gmem_load_3_req' <Predicate = true> <Delay = 4.66> <CoreInst = "m_axi">   --->   Core 119 'm_axi' <Latency = 6> <II = 1> <Delay = 1.00> <Adapter> <Opcode : 'read' 'write' 'readreq' 'writereq' 'writeresp'>
ST_43 : Operation 752 [35/71] (4.66ns)   --->   "%gmem_load_4_req = readreq i1 @_ssdm_op_ReadReq.m_axi.i32P1A, i32 %gmem_addr_12, i64 1" [cluster.cpp:34]   --->   Operation 752 'readreq' 'gmem_load_4_req' <Predicate = true> <Delay = 4.66> <CoreInst = "m_axi">   --->   Core 119 'm_axi' <Latency = 6> <II = 1> <Delay = 1.00> <Adapter> <Opcode : 'read' 'write' 'readreq' 'writereq' 'writeresp'>
ST_43 : Operation 753 [36/71] (4.66ns)   --->   "%gmem_load_5_req = readreq i1 @_ssdm_op_ReadReq.m_axi.i32P1A, i32 %gmem_addr_2, i64 1" [cluster.cpp:34]   --->   Operation 753 'readreq' 'gmem_load_5_req' <Predicate = true> <Delay = 4.66> <CoreInst = "m_axi">   --->   Core 119 'm_axi' <Latency = 6> <II = 1> <Delay = 1.00> <Adapter> <Opcode : 'read' 'write' 'readreq' 'writereq' 'writeresp'>
ST_43 : Operation 754 [37/71] (4.66ns)   --->   "%empty_19 = readreq i1 @_ssdm_op_ReadReq.m_axi.p1i32, i32 %gmem_addr_13, i64 3" [cluster.cpp:33]   --->   Operation 754 'readreq' 'empty_19' <Predicate = true> <Delay = 4.66> <CoreInst = "m_axi">   --->   Core 119 'm_axi' <Latency = 6> <II = 1> <Delay = 1.00> <Adapter> <Opcode : 'read' 'write' 'readreq' 'writereq' 'writeresp'>
ST_43 : Operation 755 [38/71] (4.66ns)   --->   "%gmem_load_6_req = readreq i1 @_ssdm_op_ReadReq.m_axi.i32P1A, i32 %gmem_addr_3, i64 1" [cluster.cpp:34]   --->   Operation 755 'readreq' 'gmem_load_6_req' <Predicate = true> <Delay = 4.66> <CoreInst = "m_axi">   --->   Core 119 'm_axi' <Latency = 6> <II = 1> <Delay = 1.00> <Adapter> <Opcode : 'read' 'write' 'readreq' 'writereq' 'writeresp'>
ST_43 : Operation 756 [40/71] (4.66ns)   --->   "%gmem_load_7_req = readreq i1 @_ssdm_op_ReadReq.m_axi.i32P1A, i32 %gmem_addr_4, i64 1" [cluster.cpp:34]   --->   Operation 756 'readreq' 'gmem_load_7_req' <Predicate = true> <Delay = 4.66> <CoreInst = "m_axi">   --->   Core 119 'm_axi' <Latency = 6> <II = 1> <Delay = 1.00> <Adapter> <Opcode : 'read' 'write' 'readreq' 'writereq' 'writeresp'>
ST_43 : Operation 757 [42/71] (4.66ns)   --->   "%gmem_load_8_req = readreq i1 @_ssdm_op_ReadReq.m_axi.i32P1A, i32 %gmem_addr_5, i64 1" [cluster.cpp:34]   --->   Operation 757 'readreq' 'gmem_load_8_req' <Predicate = true> <Delay = 4.66> <CoreInst = "m_axi">   --->   Core 119 'm_axi' <Latency = 6> <II = 1> <Delay = 1.00> <Adapter> <Opcode : 'read' 'write' 'readreq' 'writereq' 'writeresp'>
ST_43 : Operation 758 [43/71] (4.66ns)   --->   "%empty_21 = readreq i1 @_ssdm_op_ReadReq.m_axi.p1i32, i32 %gmem_addr_14, i64 3" [cluster.cpp:33]   --->   Operation 758 'readreq' 'empty_21' <Predicate = true> <Delay = 4.66> <CoreInst = "m_axi">   --->   Core 119 'm_axi' <Latency = 6> <II = 1> <Delay = 1.00> <Adapter> <Opcode : 'read' 'write' 'readreq' 'writereq' 'writeresp'>
ST_43 : Operation 759 [44/71] (4.66ns)   --->   "%gmem_load_9_req = readreq i1 @_ssdm_op_ReadReq.m_axi.i32P1A, i32 %gmem_addr_6, i64 1" [cluster.cpp:34]   --->   Operation 759 'readreq' 'gmem_load_9_req' <Predicate = true> <Delay = 4.66> <CoreInst = "m_axi">   --->   Core 119 'm_axi' <Latency = 6> <II = 1> <Delay = 1.00> <Adapter> <Opcode : 'read' 'write' 'readreq' 'writereq' 'writeresp'>
ST_43 : Operation 760 [46/71] (4.66ns)   --->   "%gmem_load_10_req = readreq i1 @_ssdm_op_ReadReq.m_axi.i32P1A, i32 %gmem_addr_7, i64 1" [cluster.cpp:34]   --->   Operation 760 'readreq' 'gmem_load_10_req' <Predicate = true> <Delay = 4.66> <CoreInst = "m_axi">   --->   Core 119 'm_axi' <Latency = 6> <II = 1> <Delay = 1.00> <Adapter> <Opcode : 'read' 'write' 'readreq' 'writereq' 'writeresp'>
ST_43 : Operation 761 [48/71] (4.66ns)   --->   "%gmem_load_11_req = readreq i1 @_ssdm_op_ReadReq.m_axi.i32P1A, i32 %gmem_addr_8, i64 1" [cluster.cpp:34]   --->   Operation 761 'readreq' 'gmem_load_11_req' <Predicate = true> <Delay = 4.66> <CoreInst = "m_axi">   --->   Core 119 'm_axi' <Latency = 6> <II = 1> <Delay = 1.00> <Adapter> <Opcode : 'read' 'write' 'readreq' 'writereq' 'writeresp'>

State 44 <SV = 43> <Delay = 4.66>
ST_44 : Operation 762 [30/71] (4.66ns)   --->   "%gmem_load_req = readreq i1 @_ssdm_op_ReadReq.m_axi.i32P1A, i32 %gmem_addr_10, i64 1" [cluster.cpp:34]   --->   Operation 762 'readreq' 'gmem_load_req' <Predicate = true> <Delay = 4.66> <CoreInst = "m_axi">   --->   Core 119 'm_axi' <Latency = 6> <II = 1> <Delay = 1.00> <Adapter> <Opcode : 'read' 'write' 'readreq' 'writereq' 'writeresp'>
ST_44 : Operation 763 [31/71] (4.66ns)   --->   "%gmem_load_1_req = readreq i1 @_ssdm_op_ReadReq.m_axi.i32P1A, i32 %gmem_addr, i64 1" [cluster.cpp:34]   --->   Operation 763 'readreq' 'gmem_load_1_req' <Predicate = true> <Delay = 4.66> <CoreInst = "m_axi">   --->   Core 119 'm_axi' <Latency = 6> <II = 1> <Delay = 1.00> <Adapter> <Opcode : 'read' 'write' 'readreq' 'writereq' 'writeresp'>
ST_44 : Operation 764 [32/71] (4.66ns)   --->   "%gmem_load_2_req = readreq i1 @_ssdm_op_ReadReq.m_axi.i32P1A, i32 %gmem_addr_11, i64 1" [cluster.cpp:34]   --->   Operation 764 'readreq' 'gmem_load_2_req' <Predicate = true> <Delay = 4.66> <CoreInst = "m_axi">   --->   Core 119 'm_axi' <Latency = 6> <II = 1> <Delay = 1.00> <Adapter> <Opcode : 'read' 'write' 'readreq' 'writereq' 'writeresp'>
ST_44 : Operation 765 [33/71] (4.66ns)   --->   "%gmem_load_3_req = readreq i1 @_ssdm_op_ReadReq.m_axi.i32P1A, i32 %gmem_addr_1, i64 1" [cluster.cpp:34]   --->   Operation 765 'readreq' 'gmem_load_3_req' <Predicate = true> <Delay = 4.66> <CoreInst = "m_axi">   --->   Core 119 'm_axi' <Latency = 6> <II = 1> <Delay = 1.00> <Adapter> <Opcode : 'read' 'write' 'readreq' 'writereq' 'writeresp'>
ST_44 : Operation 766 [34/71] (4.66ns)   --->   "%gmem_load_4_req = readreq i1 @_ssdm_op_ReadReq.m_axi.i32P1A, i32 %gmem_addr_12, i64 1" [cluster.cpp:34]   --->   Operation 766 'readreq' 'gmem_load_4_req' <Predicate = true> <Delay = 4.66> <CoreInst = "m_axi">   --->   Core 119 'm_axi' <Latency = 6> <II = 1> <Delay = 1.00> <Adapter> <Opcode : 'read' 'write' 'readreq' 'writereq' 'writeresp'>
ST_44 : Operation 767 [35/71] (4.66ns)   --->   "%gmem_load_5_req = readreq i1 @_ssdm_op_ReadReq.m_axi.i32P1A, i32 %gmem_addr_2, i64 1" [cluster.cpp:34]   --->   Operation 767 'readreq' 'gmem_load_5_req' <Predicate = true> <Delay = 4.66> <CoreInst = "m_axi">   --->   Core 119 'm_axi' <Latency = 6> <II = 1> <Delay = 1.00> <Adapter> <Opcode : 'read' 'write' 'readreq' 'writereq' 'writeresp'>
ST_44 : Operation 768 [36/71] (4.66ns)   --->   "%empty_19 = readreq i1 @_ssdm_op_ReadReq.m_axi.p1i32, i32 %gmem_addr_13, i64 3" [cluster.cpp:33]   --->   Operation 768 'readreq' 'empty_19' <Predicate = true> <Delay = 4.66> <CoreInst = "m_axi">   --->   Core 119 'm_axi' <Latency = 6> <II = 1> <Delay = 1.00> <Adapter> <Opcode : 'read' 'write' 'readreq' 'writereq' 'writeresp'>
ST_44 : Operation 769 [37/71] (4.66ns)   --->   "%gmem_load_6_req = readreq i1 @_ssdm_op_ReadReq.m_axi.i32P1A, i32 %gmem_addr_3, i64 1" [cluster.cpp:34]   --->   Operation 769 'readreq' 'gmem_load_6_req' <Predicate = true> <Delay = 4.66> <CoreInst = "m_axi">   --->   Core 119 'm_axi' <Latency = 6> <II = 1> <Delay = 1.00> <Adapter> <Opcode : 'read' 'write' 'readreq' 'writereq' 'writeresp'>
ST_44 : Operation 770 [39/71] (4.66ns)   --->   "%gmem_load_7_req = readreq i1 @_ssdm_op_ReadReq.m_axi.i32P1A, i32 %gmem_addr_4, i64 1" [cluster.cpp:34]   --->   Operation 770 'readreq' 'gmem_load_7_req' <Predicate = true> <Delay = 4.66> <CoreInst = "m_axi">   --->   Core 119 'm_axi' <Latency = 6> <II = 1> <Delay = 1.00> <Adapter> <Opcode : 'read' 'write' 'readreq' 'writereq' 'writeresp'>
ST_44 : Operation 771 [41/71] (4.66ns)   --->   "%gmem_load_8_req = readreq i1 @_ssdm_op_ReadReq.m_axi.i32P1A, i32 %gmem_addr_5, i64 1" [cluster.cpp:34]   --->   Operation 771 'readreq' 'gmem_load_8_req' <Predicate = true> <Delay = 4.66> <CoreInst = "m_axi">   --->   Core 119 'm_axi' <Latency = 6> <II = 1> <Delay = 1.00> <Adapter> <Opcode : 'read' 'write' 'readreq' 'writereq' 'writeresp'>
ST_44 : Operation 772 [42/71] (4.66ns)   --->   "%empty_21 = readreq i1 @_ssdm_op_ReadReq.m_axi.p1i32, i32 %gmem_addr_14, i64 3" [cluster.cpp:33]   --->   Operation 772 'readreq' 'empty_21' <Predicate = true> <Delay = 4.66> <CoreInst = "m_axi">   --->   Core 119 'm_axi' <Latency = 6> <II = 1> <Delay = 1.00> <Adapter> <Opcode : 'read' 'write' 'readreq' 'writereq' 'writeresp'>
ST_44 : Operation 773 [43/71] (4.66ns)   --->   "%gmem_load_9_req = readreq i1 @_ssdm_op_ReadReq.m_axi.i32P1A, i32 %gmem_addr_6, i64 1" [cluster.cpp:34]   --->   Operation 773 'readreq' 'gmem_load_9_req' <Predicate = true> <Delay = 4.66> <CoreInst = "m_axi">   --->   Core 119 'm_axi' <Latency = 6> <II = 1> <Delay = 1.00> <Adapter> <Opcode : 'read' 'write' 'readreq' 'writereq' 'writeresp'>
ST_44 : Operation 774 [45/71] (4.66ns)   --->   "%gmem_load_10_req = readreq i1 @_ssdm_op_ReadReq.m_axi.i32P1A, i32 %gmem_addr_7, i64 1" [cluster.cpp:34]   --->   Operation 774 'readreq' 'gmem_load_10_req' <Predicate = true> <Delay = 4.66> <CoreInst = "m_axi">   --->   Core 119 'm_axi' <Latency = 6> <II = 1> <Delay = 1.00> <Adapter> <Opcode : 'read' 'write' 'readreq' 'writereq' 'writeresp'>
ST_44 : Operation 775 [47/71] (4.66ns)   --->   "%gmem_load_11_req = readreq i1 @_ssdm_op_ReadReq.m_axi.i32P1A, i32 %gmem_addr_8, i64 1" [cluster.cpp:34]   --->   Operation 775 'readreq' 'gmem_load_11_req' <Predicate = true> <Delay = 4.66> <CoreInst = "m_axi">   --->   Core 119 'm_axi' <Latency = 6> <II = 1> <Delay = 1.00> <Adapter> <Opcode : 'read' 'write' 'readreq' 'writereq' 'writeresp'>

State 45 <SV = 44> <Delay = 4.66>
ST_45 : Operation 776 [29/71] (4.66ns)   --->   "%gmem_load_req = readreq i1 @_ssdm_op_ReadReq.m_axi.i32P1A, i32 %gmem_addr_10, i64 1" [cluster.cpp:34]   --->   Operation 776 'readreq' 'gmem_load_req' <Predicate = true> <Delay = 4.66> <CoreInst = "m_axi">   --->   Core 119 'm_axi' <Latency = 6> <II = 1> <Delay = 1.00> <Adapter> <Opcode : 'read' 'write' 'readreq' 'writereq' 'writeresp'>
ST_45 : Operation 777 [30/71] (4.66ns)   --->   "%gmem_load_1_req = readreq i1 @_ssdm_op_ReadReq.m_axi.i32P1A, i32 %gmem_addr, i64 1" [cluster.cpp:34]   --->   Operation 777 'readreq' 'gmem_load_1_req' <Predicate = true> <Delay = 4.66> <CoreInst = "m_axi">   --->   Core 119 'm_axi' <Latency = 6> <II = 1> <Delay = 1.00> <Adapter> <Opcode : 'read' 'write' 'readreq' 'writereq' 'writeresp'>
ST_45 : Operation 778 [31/71] (4.66ns)   --->   "%gmem_load_2_req = readreq i1 @_ssdm_op_ReadReq.m_axi.i32P1A, i32 %gmem_addr_11, i64 1" [cluster.cpp:34]   --->   Operation 778 'readreq' 'gmem_load_2_req' <Predicate = true> <Delay = 4.66> <CoreInst = "m_axi">   --->   Core 119 'm_axi' <Latency = 6> <II = 1> <Delay = 1.00> <Adapter> <Opcode : 'read' 'write' 'readreq' 'writereq' 'writeresp'>
ST_45 : Operation 779 [32/71] (4.66ns)   --->   "%gmem_load_3_req = readreq i1 @_ssdm_op_ReadReq.m_axi.i32P1A, i32 %gmem_addr_1, i64 1" [cluster.cpp:34]   --->   Operation 779 'readreq' 'gmem_load_3_req' <Predicate = true> <Delay = 4.66> <CoreInst = "m_axi">   --->   Core 119 'm_axi' <Latency = 6> <II = 1> <Delay = 1.00> <Adapter> <Opcode : 'read' 'write' 'readreq' 'writereq' 'writeresp'>
ST_45 : Operation 780 [33/71] (4.66ns)   --->   "%gmem_load_4_req = readreq i1 @_ssdm_op_ReadReq.m_axi.i32P1A, i32 %gmem_addr_12, i64 1" [cluster.cpp:34]   --->   Operation 780 'readreq' 'gmem_load_4_req' <Predicate = true> <Delay = 4.66> <CoreInst = "m_axi">   --->   Core 119 'm_axi' <Latency = 6> <II = 1> <Delay = 1.00> <Adapter> <Opcode : 'read' 'write' 'readreq' 'writereq' 'writeresp'>
ST_45 : Operation 781 [34/71] (4.66ns)   --->   "%gmem_load_5_req = readreq i1 @_ssdm_op_ReadReq.m_axi.i32P1A, i32 %gmem_addr_2, i64 1" [cluster.cpp:34]   --->   Operation 781 'readreq' 'gmem_load_5_req' <Predicate = true> <Delay = 4.66> <CoreInst = "m_axi">   --->   Core 119 'm_axi' <Latency = 6> <II = 1> <Delay = 1.00> <Adapter> <Opcode : 'read' 'write' 'readreq' 'writereq' 'writeresp'>
ST_45 : Operation 782 [35/71] (4.66ns)   --->   "%empty_19 = readreq i1 @_ssdm_op_ReadReq.m_axi.p1i32, i32 %gmem_addr_13, i64 3" [cluster.cpp:33]   --->   Operation 782 'readreq' 'empty_19' <Predicate = true> <Delay = 4.66> <CoreInst = "m_axi">   --->   Core 119 'm_axi' <Latency = 6> <II = 1> <Delay = 1.00> <Adapter> <Opcode : 'read' 'write' 'readreq' 'writereq' 'writeresp'>
ST_45 : Operation 783 [36/71] (4.66ns)   --->   "%gmem_load_6_req = readreq i1 @_ssdm_op_ReadReq.m_axi.i32P1A, i32 %gmem_addr_3, i64 1" [cluster.cpp:34]   --->   Operation 783 'readreq' 'gmem_load_6_req' <Predicate = true> <Delay = 4.66> <CoreInst = "m_axi">   --->   Core 119 'm_axi' <Latency = 6> <II = 1> <Delay = 1.00> <Adapter> <Opcode : 'read' 'write' 'readreq' 'writereq' 'writeresp'>
ST_45 : Operation 784 [38/71] (4.66ns)   --->   "%gmem_load_7_req = readreq i1 @_ssdm_op_ReadReq.m_axi.i32P1A, i32 %gmem_addr_4, i64 1" [cluster.cpp:34]   --->   Operation 784 'readreq' 'gmem_load_7_req' <Predicate = true> <Delay = 4.66> <CoreInst = "m_axi">   --->   Core 119 'm_axi' <Latency = 6> <II = 1> <Delay = 1.00> <Adapter> <Opcode : 'read' 'write' 'readreq' 'writereq' 'writeresp'>
ST_45 : Operation 785 [40/71] (4.66ns)   --->   "%gmem_load_8_req = readreq i1 @_ssdm_op_ReadReq.m_axi.i32P1A, i32 %gmem_addr_5, i64 1" [cluster.cpp:34]   --->   Operation 785 'readreq' 'gmem_load_8_req' <Predicate = true> <Delay = 4.66> <CoreInst = "m_axi">   --->   Core 119 'm_axi' <Latency = 6> <II = 1> <Delay = 1.00> <Adapter> <Opcode : 'read' 'write' 'readreq' 'writereq' 'writeresp'>
ST_45 : Operation 786 [41/71] (4.66ns)   --->   "%empty_21 = readreq i1 @_ssdm_op_ReadReq.m_axi.p1i32, i32 %gmem_addr_14, i64 3" [cluster.cpp:33]   --->   Operation 786 'readreq' 'empty_21' <Predicate = true> <Delay = 4.66> <CoreInst = "m_axi">   --->   Core 119 'm_axi' <Latency = 6> <II = 1> <Delay = 1.00> <Adapter> <Opcode : 'read' 'write' 'readreq' 'writereq' 'writeresp'>
ST_45 : Operation 787 [42/71] (4.66ns)   --->   "%gmem_load_9_req = readreq i1 @_ssdm_op_ReadReq.m_axi.i32P1A, i32 %gmem_addr_6, i64 1" [cluster.cpp:34]   --->   Operation 787 'readreq' 'gmem_load_9_req' <Predicate = true> <Delay = 4.66> <CoreInst = "m_axi">   --->   Core 119 'm_axi' <Latency = 6> <II = 1> <Delay = 1.00> <Adapter> <Opcode : 'read' 'write' 'readreq' 'writereq' 'writeresp'>
ST_45 : Operation 788 [44/71] (4.66ns)   --->   "%gmem_load_10_req = readreq i1 @_ssdm_op_ReadReq.m_axi.i32P1A, i32 %gmem_addr_7, i64 1" [cluster.cpp:34]   --->   Operation 788 'readreq' 'gmem_load_10_req' <Predicate = true> <Delay = 4.66> <CoreInst = "m_axi">   --->   Core 119 'm_axi' <Latency = 6> <II = 1> <Delay = 1.00> <Adapter> <Opcode : 'read' 'write' 'readreq' 'writereq' 'writeresp'>
ST_45 : Operation 789 [46/71] (4.66ns)   --->   "%gmem_load_11_req = readreq i1 @_ssdm_op_ReadReq.m_axi.i32P1A, i32 %gmem_addr_8, i64 1" [cluster.cpp:34]   --->   Operation 789 'readreq' 'gmem_load_11_req' <Predicate = true> <Delay = 4.66> <CoreInst = "m_axi">   --->   Core 119 'm_axi' <Latency = 6> <II = 1> <Delay = 1.00> <Adapter> <Opcode : 'read' 'write' 'readreq' 'writereq' 'writeresp'>

State 46 <SV = 45> <Delay = 4.66>
ST_46 : Operation 790 [28/71] (4.66ns)   --->   "%gmem_load_req = readreq i1 @_ssdm_op_ReadReq.m_axi.i32P1A, i32 %gmem_addr_10, i64 1" [cluster.cpp:34]   --->   Operation 790 'readreq' 'gmem_load_req' <Predicate = true> <Delay = 4.66> <CoreInst = "m_axi">   --->   Core 119 'm_axi' <Latency = 6> <II = 1> <Delay = 1.00> <Adapter> <Opcode : 'read' 'write' 'readreq' 'writereq' 'writeresp'>
ST_46 : Operation 791 [29/71] (4.66ns)   --->   "%gmem_load_1_req = readreq i1 @_ssdm_op_ReadReq.m_axi.i32P1A, i32 %gmem_addr, i64 1" [cluster.cpp:34]   --->   Operation 791 'readreq' 'gmem_load_1_req' <Predicate = true> <Delay = 4.66> <CoreInst = "m_axi">   --->   Core 119 'm_axi' <Latency = 6> <II = 1> <Delay = 1.00> <Adapter> <Opcode : 'read' 'write' 'readreq' 'writereq' 'writeresp'>
ST_46 : Operation 792 [30/71] (4.66ns)   --->   "%gmem_load_2_req = readreq i1 @_ssdm_op_ReadReq.m_axi.i32P1A, i32 %gmem_addr_11, i64 1" [cluster.cpp:34]   --->   Operation 792 'readreq' 'gmem_load_2_req' <Predicate = true> <Delay = 4.66> <CoreInst = "m_axi">   --->   Core 119 'm_axi' <Latency = 6> <II = 1> <Delay = 1.00> <Adapter> <Opcode : 'read' 'write' 'readreq' 'writereq' 'writeresp'>
ST_46 : Operation 793 [31/71] (4.66ns)   --->   "%gmem_load_3_req = readreq i1 @_ssdm_op_ReadReq.m_axi.i32P1A, i32 %gmem_addr_1, i64 1" [cluster.cpp:34]   --->   Operation 793 'readreq' 'gmem_load_3_req' <Predicate = true> <Delay = 4.66> <CoreInst = "m_axi">   --->   Core 119 'm_axi' <Latency = 6> <II = 1> <Delay = 1.00> <Adapter> <Opcode : 'read' 'write' 'readreq' 'writereq' 'writeresp'>
ST_46 : Operation 794 [32/71] (4.66ns)   --->   "%gmem_load_4_req = readreq i1 @_ssdm_op_ReadReq.m_axi.i32P1A, i32 %gmem_addr_12, i64 1" [cluster.cpp:34]   --->   Operation 794 'readreq' 'gmem_load_4_req' <Predicate = true> <Delay = 4.66> <CoreInst = "m_axi">   --->   Core 119 'm_axi' <Latency = 6> <II = 1> <Delay = 1.00> <Adapter> <Opcode : 'read' 'write' 'readreq' 'writereq' 'writeresp'>
ST_46 : Operation 795 [33/71] (4.66ns)   --->   "%gmem_load_5_req = readreq i1 @_ssdm_op_ReadReq.m_axi.i32P1A, i32 %gmem_addr_2, i64 1" [cluster.cpp:34]   --->   Operation 795 'readreq' 'gmem_load_5_req' <Predicate = true> <Delay = 4.66> <CoreInst = "m_axi">   --->   Core 119 'm_axi' <Latency = 6> <II = 1> <Delay = 1.00> <Adapter> <Opcode : 'read' 'write' 'readreq' 'writereq' 'writeresp'>
ST_46 : Operation 796 [34/71] (4.66ns)   --->   "%empty_19 = readreq i1 @_ssdm_op_ReadReq.m_axi.p1i32, i32 %gmem_addr_13, i64 3" [cluster.cpp:33]   --->   Operation 796 'readreq' 'empty_19' <Predicate = true> <Delay = 4.66> <CoreInst = "m_axi">   --->   Core 119 'm_axi' <Latency = 6> <II = 1> <Delay = 1.00> <Adapter> <Opcode : 'read' 'write' 'readreq' 'writereq' 'writeresp'>
ST_46 : Operation 797 [35/71] (4.66ns)   --->   "%gmem_load_6_req = readreq i1 @_ssdm_op_ReadReq.m_axi.i32P1A, i32 %gmem_addr_3, i64 1" [cluster.cpp:34]   --->   Operation 797 'readreq' 'gmem_load_6_req' <Predicate = true> <Delay = 4.66> <CoreInst = "m_axi">   --->   Core 119 'm_axi' <Latency = 6> <II = 1> <Delay = 1.00> <Adapter> <Opcode : 'read' 'write' 'readreq' 'writereq' 'writeresp'>
ST_46 : Operation 798 [37/71] (4.66ns)   --->   "%gmem_load_7_req = readreq i1 @_ssdm_op_ReadReq.m_axi.i32P1A, i32 %gmem_addr_4, i64 1" [cluster.cpp:34]   --->   Operation 798 'readreq' 'gmem_load_7_req' <Predicate = true> <Delay = 4.66> <CoreInst = "m_axi">   --->   Core 119 'm_axi' <Latency = 6> <II = 1> <Delay = 1.00> <Adapter> <Opcode : 'read' 'write' 'readreq' 'writereq' 'writeresp'>
ST_46 : Operation 799 [39/71] (4.66ns)   --->   "%gmem_load_8_req = readreq i1 @_ssdm_op_ReadReq.m_axi.i32P1A, i32 %gmem_addr_5, i64 1" [cluster.cpp:34]   --->   Operation 799 'readreq' 'gmem_load_8_req' <Predicate = true> <Delay = 4.66> <CoreInst = "m_axi">   --->   Core 119 'm_axi' <Latency = 6> <II = 1> <Delay = 1.00> <Adapter> <Opcode : 'read' 'write' 'readreq' 'writereq' 'writeresp'>
ST_46 : Operation 800 [40/71] (4.66ns)   --->   "%empty_21 = readreq i1 @_ssdm_op_ReadReq.m_axi.p1i32, i32 %gmem_addr_14, i64 3" [cluster.cpp:33]   --->   Operation 800 'readreq' 'empty_21' <Predicate = true> <Delay = 4.66> <CoreInst = "m_axi">   --->   Core 119 'm_axi' <Latency = 6> <II = 1> <Delay = 1.00> <Adapter> <Opcode : 'read' 'write' 'readreq' 'writereq' 'writeresp'>
ST_46 : Operation 801 [41/71] (4.66ns)   --->   "%gmem_load_9_req = readreq i1 @_ssdm_op_ReadReq.m_axi.i32P1A, i32 %gmem_addr_6, i64 1" [cluster.cpp:34]   --->   Operation 801 'readreq' 'gmem_load_9_req' <Predicate = true> <Delay = 4.66> <CoreInst = "m_axi">   --->   Core 119 'm_axi' <Latency = 6> <II = 1> <Delay = 1.00> <Adapter> <Opcode : 'read' 'write' 'readreq' 'writereq' 'writeresp'>
ST_46 : Operation 802 [43/71] (4.66ns)   --->   "%gmem_load_10_req = readreq i1 @_ssdm_op_ReadReq.m_axi.i32P1A, i32 %gmem_addr_7, i64 1" [cluster.cpp:34]   --->   Operation 802 'readreq' 'gmem_load_10_req' <Predicate = true> <Delay = 4.66> <CoreInst = "m_axi">   --->   Core 119 'm_axi' <Latency = 6> <II = 1> <Delay = 1.00> <Adapter> <Opcode : 'read' 'write' 'readreq' 'writereq' 'writeresp'>
ST_46 : Operation 803 [45/71] (4.66ns)   --->   "%gmem_load_11_req = readreq i1 @_ssdm_op_ReadReq.m_axi.i32P1A, i32 %gmem_addr_8, i64 1" [cluster.cpp:34]   --->   Operation 803 'readreq' 'gmem_load_11_req' <Predicate = true> <Delay = 4.66> <CoreInst = "m_axi">   --->   Core 119 'm_axi' <Latency = 6> <II = 1> <Delay = 1.00> <Adapter> <Opcode : 'read' 'write' 'readreq' 'writereq' 'writeresp'>

State 47 <SV = 46> <Delay = 4.66>
ST_47 : Operation 804 [27/71] (4.66ns)   --->   "%gmem_load_req = readreq i1 @_ssdm_op_ReadReq.m_axi.i32P1A, i32 %gmem_addr_10, i64 1" [cluster.cpp:34]   --->   Operation 804 'readreq' 'gmem_load_req' <Predicate = true> <Delay = 4.66> <CoreInst = "m_axi">   --->   Core 119 'm_axi' <Latency = 6> <II = 1> <Delay = 1.00> <Adapter> <Opcode : 'read' 'write' 'readreq' 'writereq' 'writeresp'>
ST_47 : Operation 805 [28/71] (4.66ns)   --->   "%gmem_load_1_req = readreq i1 @_ssdm_op_ReadReq.m_axi.i32P1A, i32 %gmem_addr, i64 1" [cluster.cpp:34]   --->   Operation 805 'readreq' 'gmem_load_1_req' <Predicate = true> <Delay = 4.66> <CoreInst = "m_axi">   --->   Core 119 'm_axi' <Latency = 6> <II = 1> <Delay = 1.00> <Adapter> <Opcode : 'read' 'write' 'readreq' 'writereq' 'writeresp'>
ST_47 : Operation 806 [29/71] (4.66ns)   --->   "%gmem_load_2_req = readreq i1 @_ssdm_op_ReadReq.m_axi.i32P1A, i32 %gmem_addr_11, i64 1" [cluster.cpp:34]   --->   Operation 806 'readreq' 'gmem_load_2_req' <Predicate = true> <Delay = 4.66> <CoreInst = "m_axi">   --->   Core 119 'm_axi' <Latency = 6> <II = 1> <Delay = 1.00> <Adapter> <Opcode : 'read' 'write' 'readreq' 'writereq' 'writeresp'>
ST_47 : Operation 807 [30/71] (4.66ns)   --->   "%gmem_load_3_req = readreq i1 @_ssdm_op_ReadReq.m_axi.i32P1A, i32 %gmem_addr_1, i64 1" [cluster.cpp:34]   --->   Operation 807 'readreq' 'gmem_load_3_req' <Predicate = true> <Delay = 4.66> <CoreInst = "m_axi">   --->   Core 119 'm_axi' <Latency = 6> <II = 1> <Delay = 1.00> <Adapter> <Opcode : 'read' 'write' 'readreq' 'writereq' 'writeresp'>
ST_47 : Operation 808 [31/71] (4.66ns)   --->   "%gmem_load_4_req = readreq i1 @_ssdm_op_ReadReq.m_axi.i32P1A, i32 %gmem_addr_12, i64 1" [cluster.cpp:34]   --->   Operation 808 'readreq' 'gmem_load_4_req' <Predicate = true> <Delay = 4.66> <CoreInst = "m_axi">   --->   Core 119 'm_axi' <Latency = 6> <II = 1> <Delay = 1.00> <Adapter> <Opcode : 'read' 'write' 'readreq' 'writereq' 'writeresp'>
ST_47 : Operation 809 [32/71] (4.66ns)   --->   "%gmem_load_5_req = readreq i1 @_ssdm_op_ReadReq.m_axi.i32P1A, i32 %gmem_addr_2, i64 1" [cluster.cpp:34]   --->   Operation 809 'readreq' 'gmem_load_5_req' <Predicate = true> <Delay = 4.66> <CoreInst = "m_axi">   --->   Core 119 'm_axi' <Latency = 6> <II = 1> <Delay = 1.00> <Adapter> <Opcode : 'read' 'write' 'readreq' 'writereq' 'writeresp'>
ST_47 : Operation 810 [33/71] (4.66ns)   --->   "%empty_19 = readreq i1 @_ssdm_op_ReadReq.m_axi.p1i32, i32 %gmem_addr_13, i64 3" [cluster.cpp:33]   --->   Operation 810 'readreq' 'empty_19' <Predicate = true> <Delay = 4.66> <CoreInst = "m_axi">   --->   Core 119 'm_axi' <Latency = 6> <II = 1> <Delay = 1.00> <Adapter> <Opcode : 'read' 'write' 'readreq' 'writereq' 'writeresp'>
ST_47 : Operation 811 [34/71] (4.66ns)   --->   "%gmem_load_6_req = readreq i1 @_ssdm_op_ReadReq.m_axi.i32P1A, i32 %gmem_addr_3, i64 1" [cluster.cpp:34]   --->   Operation 811 'readreq' 'gmem_load_6_req' <Predicate = true> <Delay = 4.66> <CoreInst = "m_axi">   --->   Core 119 'm_axi' <Latency = 6> <II = 1> <Delay = 1.00> <Adapter> <Opcode : 'read' 'write' 'readreq' 'writereq' 'writeresp'>
ST_47 : Operation 812 [36/71] (4.66ns)   --->   "%gmem_load_7_req = readreq i1 @_ssdm_op_ReadReq.m_axi.i32P1A, i32 %gmem_addr_4, i64 1" [cluster.cpp:34]   --->   Operation 812 'readreq' 'gmem_load_7_req' <Predicate = true> <Delay = 4.66> <CoreInst = "m_axi">   --->   Core 119 'm_axi' <Latency = 6> <II = 1> <Delay = 1.00> <Adapter> <Opcode : 'read' 'write' 'readreq' 'writereq' 'writeresp'>
ST_47 : Operation 813 [38/71] (4.66ns)   --->   "%gmem_load_8_req = readreq i1 @_ssdm_op_ReadReq.m_axi.i32P1A, i32 %gmem_addr_5, i64 1" [cluster.cpp:34]   --->   Operation 813 'readreq' 'gmem_load_8_req' <Predicate = true> <Delay = 4.66> <CoreInst = "m_axi">   --->   Core 119 'm_axi' <Latency = 6> <II = 1> <Delay = 1.00> <Adapter> <Opcode : 'read' 'write' 'readreq' 'writereq' 'writeresp'>
ST_47 : Operation 814 [39/71] (4.66ns)   --->   "%empty_21 = readreq i1 @_ssdm_op_ReadReq.m_axi.p1i32, i32 %gmem_addr_14, i64 3" [cluster.cpp:33]   --->   Operation 814 'readreq' 'empty_21' <Predicate = true> <Delay = 4.66> <CoreInst = "m_axi">   --->   Core 119 'm_axi' <Latency = 6> <II = 1> <Delay = 1.00> <Adapter> <Opcode : 'read' 'write' 'readreq' 'writereq' 'writeresp'>
ST_47 : Operation 815 [40/71] (4.66ns)   --->   "%gmem_load_9_req = readreq i1 @_ssdm_op_ReadReq.m_axi.i32P1A, i32 %gmem_addr_6, i64 1" [cluster.cpp:34]   --->   Operation 815 'readreq' 'gmem_load_9_req' <Predicate = true> <Delay = 4.66> <CoreInst = "m_axi">   --->   Core 119 'm_axi' <Latency = 6> <II = 1> <Delay = 1.00> <Adapter> <Opcode : 'read' 'write' 'readreq' 'writereq' 'writeresp'>
ST_47 : Operation 816 [42/71] (4.66ns)   --->   "%gmem_load_10_req = readreq i1 @_ssdm_op_ReadReq.m_axi.i32P1A, i32 %gmem_addr_7, i64 1" [cluster.cpp:34]   --->   Operation 816 'readreq' 'gmem_load_10_req' <Predicate = true> <Delay = 4.66> <CoreInst = "m_axi">   --->   Core 119 'm_axi' <Latency = 6> <II = 1> <Delay = 1.00> <Adapter> <Opcode : 'read' 'write' 'readreq' 'writereq' 'writeresp'>
ST_47 : Operation 817 [44/71] (4.66ns)   --->   "%gmem_load_11_req = readreq i1 @_ssdm_op_ReadReq.m_axi.i32P1A, i32 %gmem_addr_8, i64 1" [cluster.cpp:34]   --->   Operation 817 'readreq' 'gmem_load_11_req' <Predicate = true> <Delay = 4.66> <CoreInst = "m_axi">   --->   Core 119 'm_axi' <Latency = 6> <II = 1> <Delay = 1.00> <Adapter> <Opcode : 'read' 'write' 'readreq' 'writereq' 'writeresp'>

State 48 <SV = 47> <Delay = 4.66>
ST_48 : Operation 818 [26/71] (4.66ns)   --->   "%gmem_load_req = readreq i1 @_ssdm_op_ReadReq.m_axi.i32P1A, i32 %gmem_addr_10, i64 1" [cluster.cpp:34]   --->   Operation 818 'readreq' 'gmem_load_req' <Predicate = true> <Delay = 4.66> <CoreInst = "m_axi">   --->   Core 119 'm_axi' <Latency = 6> <II = 1> <Delay = 1.00> <Adapter> <Opcode : 'read' 'write' 'readreq' 'writereq' 'writeresp'>
ST_48 : Operation 819 [27/71] (4.66ns)   --->   "%gmem_load_1_req = readreq i1 @_ssdm_op_ReadReq.m_axi.i32P1A, i32 %gmem_addr, i64 1" [cluster.cpp:34]   --->   Operation 819 'readreq' 'gmem_load_1_req' <Predicate = true> <Delay = 4.66> <CoreInst = "m_axi">   --->   Core 119 'm_axi' <Latency = 6> <II = 1> <Delay = 1.00> <Adapter> <Opcode : 'read' 'write' 'readreq' 'writereq' 'writeresp'>
ST_48 : Operation 820 [28/71] (4.66ns)   --->   "%gmem_load_2_req = readreq i1 @_ssdm_op_ReadReq.m_axi.i32P1A, i32 %gmem_addr_11, i64 1" [cluster.cpp:34]   --->   Operation 820 'readreq' 'gmem_load_2_req' <Predicate = true> <Delay = 4.66> <CoreInst = "m_axi">   --->   Core 119 'm_axi' <Latency = 6> <II = 1> <Delay = 1.00> <Adapter> <Opcode : 'read' 'write' 'readreq' 'writereq' 'writeresp'>
ST_48 : Operation 821 [29/71] (4.66ns)   --->   "%gmem_load_3_req = readreq i1 @_ssdm_op_ReadReq.m_axi.i32P1A, i32 %gmem_addr_1, i64 1" [cluster.cpp:34]   --->   Operation 821 'readreq' 'gmem_load_3_req' <Predicate = true> <Delay = 4.66> <CoreInst = "m_axi">   --->   Core 119 'm_axi' <Latency = 6> <II = 1> <Delay = 1.00> <Adapter> <Opcode : 'read' 'write' 'readreq' 'writereq' 'writeresp'>
ST_48 : Operation 822 [30/71] (4.66ns)   --->   "%gmem_load_4_req = readreq i1 @_ssdm_op_ReadReq.m_axi.i32P1A, i32 %gmem_addr_12, i64 1" [cluster.cpp:34]   --->   Operation 822 'readreq' 'gmem_load_4_req' <Predicate = true> <Delay = 4.66> <CoreInst = "m_axi">   --->   Core 119 'm_axi' <Latency = 6> <II = 1> <Delay = 1.00> <Adapter> <Opcode : 'read' 'write' 'readreq' 'writereq' 'writeresp'>
ST_48 : Operation 823 [31/71] (4.66ns)   --->   "%gmem_load_5_req = readreq i1 @_ssdm_op_ReadReq.m_axi.i32P1A, i32 %gmem_addr_2, i64 1" [cluster.cpp:34]   --->   Operation 823 'readreq' 'gmem_load_5_req' <Predicate = true> <Delay = 4.66> <CoreInst = "m_axi">   --->   Core 119 'm_axi' <Latency = 6> <II = 1> <Delay = 1.00> <Adapter> <Opcode : 'read' 'write' 'readreq' 'writereq' 'writeresp'>
ST_48 : Operation 824 [32/71] (4.66ns)   --->   "%empty_19 = readreq i1 @_ssdm_op_ReadReq.m_axi.p1i32, i32 %gmem_addr_13, i64 3" [cluster.cpp:33]   --->   Operation 824 'readreq' 'empty_19' <Predicate = true> <Delay = 4.66> <CoreInst = "m_axi">   --->   Core 119 'm_axi' <Latency = 6> <II = 1> <Delay = 1.00> <Adapter> <Opcode : 'read' 'write' 'readreq' 'writereq' 'writeresp'>
ST_48 : Operation 825 [33/71] (4.66ns)   --->   "%gmem_load_6_req = readreq i1 @_ssdm_op_ReadReq.m_axi.i32P1A, i32 %gmem_addr_3, i64 1" [cluster.cpp:34]   --->   Operation 825 'readreq' 'gmem_load_6_req' <Predicate = true> <Delay = 4.66> <CoreInst = "m_axi">   --->   Core 119 'm_axi' <Latency = 6> <II = 1> <Delay = 1.00> <Adapter> <Opcode : 'read' 'write' 'readreq' 'writereq' 'writeresp'>
ST_48 : Operation 826 [35/71] (4.66ns)   --->   "%gmem_load_7_req = readreq i1 @_ssdm_op_ReadReq.m_axi.i32P1A, i32 %gmem_addr_4, i64 1" [cluster.cpp:34]   --->   Operation 826 'readreq' 'gmem_load_7_req' <Predicate = true> <Delay = 4.66> <CoreInst = "m_axi">   --->   Core 119 'm_axi' <Latency = 6> <II = 1> <Delay = 1.00> <Adapter> <Opcode : 'read' 'write' 'readreq' 'writereq' 'writeresp'>
ST_48 : Operation 827 [37/71] (4.66ns)   --->   "%gmem_load_8_req = readreq i1 @_ssdm_op_ReadReq.m_axi.i32P1A, i32 %gmem_addr_5, i64 1" [cluster.cpp:34]   --->   Operation 827 'readreq' 'gmem_load_8_req' <Predicate = true> <Delay = 4.66> <CoreInst = "m_axi">   --->   Core 119 'm_axi' <Latency = 6> <II = 1> <Delay = 1.00> <Adapter> <Opcode : 'read' 'write' 'readreq' 'writereq' 'writeresp'>
ST_48 : Operation 828 [38/71] (4.66ns)   --->   "%empty_21 = readreq i1 @_ssdm_op_ReadReq.m_axi.p1i32, i32 %gmem_addr_14, i64 3" [cluster.cpp:33]   --->   Operation 828 'readreq' 'empty_21' <Predicate = true> <Delay = 4.66> <CoreInst = "m_axi">   --->   Core 119 'm_axi' <Latency = 6> <II = 1> <Delay = 1.00> <Adapter> <Opcode : 'read' 'write' 'readreq' 'writereq' 'writeresp'>
ST_48 : Operation 829 [39/71] (4.66ns)   --->   "%gmem_load_9_req = readreq i1 @_ssdm_op_ReadReq.m_axi.i32P1A, i32 %gmem_addr_6, i64 1" [cluster.cpp:34]   --->   Operation 829 'readreq' 'gmem_load_9_req' <Predicate = true> <Delay = 4.66> <CoreInst = "m_axi">   --->   Core 119 'm_axi' <Latency = 6> <II = 1> <Delay = 1.00> <Adapter> <Opcode : 'read' 'write' 'readreq' 'writereq' 'writeresp'>
ST_48 : Operation 830 [41/71] (4.66ns)   --->   "%gmem_load_10_req = readreq i1 @_ssdm_op_ReadReq.m_axi.i32P1A, i32 %gmem_addr_7, i64 1" [cluster.cpp:34]   --->   Operation 830 'readreq' 'gmem_load_10_req' <Predicate = true> <Delay = 4.66> <CoreInst = "m_axi">   --->   Core 119 'm_axi' <Latency = 6> <II = 1> <Delay = 1.00> <Adapter> <Opcode : 'read' 'write' 'readreq' 'writereq' 'writeresp'>
ST_48 : Operation 831 [43/71] (4.66ns)   --->   "%gmem_load_11_req = readreq i1 @_ssdm_op_ReadReq.m_axi.i32P1A, i32 %gmem_addr_8, i64 1" [cluster.cpp:34]   --->   Operation 831 'readreq' 'gmem_load_11_req' <Predicate = true> <Delay = 4.66> <CoreInst = "m_axi">   --->   Core 119 'm_axi' <Latency = 6> <II = 1> <Delay = 1.00> <Adapter> <Opcode : 'read' 'write' 'readreq' 'writereq' 'writeresp'>

State 49 <SV = 48> <Delay = 4.66>
ST_49 : Operation 832 [25/71] (4.66ns)   --->   "%gmem_load_req = readreq i1 @_ssdm_op_ReadReq.m_axi.i32P1A, i32 %gmem_addr_10, i64 1" [cluster.cpp:34]   --->   Operation 832 'readreq' 'gmem_load_req' <Predicate = true> <Delay = 4.66> <CoreInst = "m_axi">   --->   Core 119 'm_axi' <Latency = 6> <II = 1> <Delay = 1.00> <Adapter> <Opcode : 'read' 'write' 'readreq' 'writereq' 'writeresp'>
ST_49 : Operation 833 [26/71] (4.66ns)   --->   "%gmem_load_1_req = readreq i1 @_ssdm_op_ReadReq.m_axi.i32P1A, i32 %gmem_addr, i64 1" [cluster.cpp:34]   --->   Operation 833 'readreq' 'gmem_load_1_req' <Predicate = true> <Delay = 4.66> <CoreInst = "m_axi">   --->   Core 119 'm_axi' <Latency = 6> <II = 1> <Delay = 1.00> <Adapter> <Opcode : 'read' 'write' 'readreq' 'writereq' 'writeresp'>
ST_49 : Operation 834 [27/71] (4.66ns)   --->   "%gmem_load_2_req = readreq i1 @_ssdm_op_ReadReq.m_axi.i32P1A, i32 %gmem_addr_11, i64 1" [cluster.cpp:34]   --->   Operation 834 'readreq' 'gmem_load_2_req' <Predicate = true> <Delay = 4.66> <CoreInst = "m_axi">   --->   Core 119 'm_axi' <Latency = 6> <II = 1> <Delay = 1.00> <Adapter> <Opcode : 'read' 'write' 'readreq' 'writereq' 'writeresp'>
ST_49 : Operation 835 [28/71] (4.66ns)   --->   "%gmem_load_3_req = readreq i1 @_ssdm_op_ReadReq.m_axi.i32P1A, i32 %gmem_addr_1, i64 1" [cluster.cpp:34]   --->   Operation 835 'readreq' 'gmem_load_3_req' <Predicate = true> <Delay = 4.66> <CoreInst = "m_axi">   --->   Core 119 'm_axi' <Latency = 6> <II = 1> <Delay = 1.00> <Adapter> <Opcode : 'read' 'write' 'readreq' 'writereq' 'writeresp'>
ST_49 : Operation 836 [29/71] (4.66ns)   --->   "%gmem_load_4_req = readreq i1 @_ssdm_op_ReadReq.m_axi.i32P1A, i32 %gmem_addr_12, i64 1" [cluster.cpp:34]   --->   Operation 836 'readreq' 'gmem_load_4_req' <Predicate = true> <Delay = 4.66> <CoreInst = "m_axi">   --->   Core 119 'm_axi' <Latency = 6> <II = 1> <Delay = 1.00> <Adapter> <Opcode : 'read' 'write' 'readreq' 'writereq' 'writeresp'>
ST_49 : Operation 837 [30/71] (4.66ns)   --->   "%gmem_load_5_req = readreq i1 @_ssdm_op_ReadReq.m_axi.i32P1A, i32 %gmem_addr_2, i64 1" [cluster.cpp:34]   --->   Operation 837 'readreq' 'gmem_load_5_req' <Predicate = true> <Delay = 4.66> <CoreInst = "m_axi">   --->   Core 119 'm_axi' <Latency = 6> <II = 1> <Delay = 1.00> <Adapter> <Opcode : 'read' 'write' 'readreq' 'writereq' 'writeresp'>
ST_49 : Operation 838 [31/71] (4.66ns)   --->   "%empty_19 = readreq i1 @_ssdm_op_ReadReq.m_axi.p1i32, i32 %gmem_addr_13, i64 3" [cluster.cpp:33]   --->   Operation 838 'readreq' 'empty_19' <Predicate = true> <Delay = 4.66> <CoreInst = "m_axi">   --->   Core 119 'm_axi' <Latency = 6> <II = 1> <Delay = 1.00> <Adapter> <Opcode : 'read' 'write' 'readreq' 'writereq' 'writeresp'>
ST_49 : Operation 839 [32/71] (4.66ns)   --->   "%gmem_load_6_req = readreq i1 @_ssdm_op_ReadReq.m_axi.i32P1A, i32 %gmem_addr_3, i64 1" [cluster.cpp:34]   --->   Operation 839 'readreq' 'gmem_load_6_req' <Predicate = true> <Delay = 4.66> <CoreInst = "m_axi">   --->   Core 119 'm_axi' <Latency = 6> <II = 1> <Delay = 1.00> <Adapter> <Opcode : 'read' 'write' 'readreq' 'writereq' 'writeresp'>
ST_49 : Operation 840 [34/71] (4.66ns)   --->   "%gmem_load_7_req = readreq i1 @_ssdm_op_ReadReq.m_axi.i32P1A, i32 %gmem_addr_4, i64 1" [cluster.cpp:34]   --->   Operation 840 'readreq' 'gmem_load_7_req' <Predicate = true> <Delay = 4.66> <CoreInst = "m_axi">   --->   Core 119 'm_axi' <Latency = 6> <II = 1> <Delay = 1.00> <Adapter> <Opcode : 'read' 'write' 'readreq' 'writereq' 'writeresp'>
ST_49 : Operation 841 [36/71] (4.66ns)   --->   "%gmem_load_8_req = readreq i1 @_ssdm_op_ReadReq.m_axi.i32P1A, i32 %gmem_addr_5, i64 1" [cluster.cpp:34]   --->   Operation 841 'readreq' 'gmem_load_8_req' <Predicate = true> <Delay = 4.66> <CoreInst = "m_axi">   --->   Core 119 'm_axi' <Latency = 6> <II = 1> <Delay = 1.00> <Adapter> <Opcode : 'read' 'write' 'readreq' 'writereq' 'writeresp'>
ST_49 : Operation 842 [37/71] (4.66ns)   --->   "%empty_21 = readreq i1 @_ssdm_op_ReadReq.m_axi.p1i32, i32 %gmem_addr_14, i64 3" [cluster.cpp:33]   --->   Operation 842 'readreq' 'empty_21' <Predicate = true> <Delay = 4.66> <CoreInst = "m_axi">   --->   Core 119 'm_axi' <Latency = 6> <II = 1> <Delay = 1.00> <Adapter> <Opcode : 'read' 'write' 'readreq' 'writereq' 'writeresp'>
ST_49 : Operation 843 [38/71] (4.66ns)   --->   "%gmem_load_9_req = readreq i1 @_ssdm_op_ReadReq.m_axi.i32P1A, i32 %gmem_addr_6, i64 1" [cluster.cpp:34]   --->   Operation 843 'readreq' 'gmem_load_9_req' <Predicate = true> <Delay = 4.66> <CoreInst = "m_axi">   --->   Core 119 'm_axi' <Latency = 6> <II = 1> <Delay = 1.00> <Adapter> <Opcode : 'read' 'write' 'readreq' 'writereq' 'writeresp'>
ST_49 : Operation 844 [40/71] (4.66ns)   --->   "%gmem_load_10_req = readreq i1 @_ssdm_op_ReadReq.m_axi.i32P1A, i32 %gmem_addr_7, i64 1" [cluster.cpp:34]   --->   Operation 844 'readreq' 'gmem_load_10_req' <Predicate = true> <Delay = 4.66> <CoreInst = "m_axi">   --->   Core 119 'm_axi' <Latency = 6> <II = 1> <Delay = 1.00> <Adapter> <Opcode : 'read' 'write' 'readreq' 'writereq' 'writeresp'>
ST_49 : Operation 845 [42/71] (4.66ns)   --->   "%gmem_load_11_req = readreq i1 @_ssdm_op_ReadReq.m_axi.i32P1A, i32 %gmem_addr_8, i64 1" [cluster.cpp:34]   --->   Operation 845 'readreq' 'gmem_load_11_req' <Predicate = true> <Delay = 4.66> <CoreInst = "m_axi">   --->   Core 119 'm_axi' <Latency = 6> <II = 1> <Delay = 1.00> <Adapter> <Opcode : 'read' 'write' 'readreq' 'writereq' 'writeresp'>

State 50 <SV = 49> <Delay = 4.66>
ST_50 : Operation 846 [24/71] (4.66ns)   --->   "%gmem_load_req = readreq i1 @_ssdm_op_ReadReq.m_axi.i32P1A, i32 %gmem_addr_10, i64 1" [cluster.cpp:34]   --->   Operation 846 'readreq' 'gmem_load_req' <Predicate = true> <Delay = 4.66> <CoreInst = "m_axi">   --->   Core 119 'm_axi' <Latency = 6> <II = 1> <Delay = 1.00> <Adapter> <Opcode : 'read' 'write' 'readreq' 'writereq' 'writeresp'>
ST_50 : Operation 847 [25/71] (4.66ns)   --->   "%gmem_load_1_req = readreq i1 @_ssdm_op_ReadReq.m_axi.i32P1A, i32 %gmem_addr, i64 1" [cluster.cpp:34]   --->   Operation 847 'readreq' 'gmem_load_1_req' <Predicate = true> <Delay = 4.66> <CoreInst = "m_axi">   --->   Core 119 'm_axi' <Latency = 6> <II = 1> <Delay = 1.00> <Adapter> <Opcode : 'read' 'write' 'readreq' 'writereq' 'writeresp'>
ST_50 : Operation 848 [26/71] (4.66ns)   --->   "%gmem_load_2_req = readreq i1 @_ssdm_op_ReadReq.m_axi.i32P1A, i32 %gmem_addr_11, i64 1" [cluster.cpp:34]   --->   Operation 848 'readreq' 'gmem_load_2_req' <Predicate = true> <Delay = 4.66> <CoreInst = "m_axi">   --->   Core 119 'm_axi' <Latency = 6> <II = 1> <Delay = 1.00> <Adapter> <Opcode : 'read' 'write' 'readreq' 'writereq' 'writeresp'>
ST_50 : Operation 849 [27/71] (4.66ns)   --->   "%gmem_load_3_req = readreq i1 @_ssdm_op_ReadReq.m_axi.i32P1A, i32 %gmem_addr_1, i64 1" [cluster.cpp:34]   --->   Operation 849 'readreq' 'gmem_load_3_req' <Predicate = true> <Delay = 4.66> <CoreInst = "m_axi">   --->   Core 119 'm_axi' <Latency = 6> <II = 1> <Delay = 1.00> <Adapter> <Opcode : 'read' 'write' 'readreq' 'writereq' 'writeresp'>
ST_50 : Operation 850 [28/71] (4.66ns)   --->   "%gmem_load_4_req = readreq i1 @_ssdm_op_ReadReq.m_axi.i32P1A, i32 %gmem_addr_12, i64 1" [cluster.cpp:34]   --->   Operation 850 'readreq' 'gmem_load_4_req' <Predicate = true> <Delay = 4.66> <CoreInst = "m_axi">   --->   Core 119 'm_axi' <Latency = 6> <II = 1> <Delay = 1.00> <Adapter> <Opcode : 'read' 'write' 'readreq' 'writereq' 'writeresp'>
ST_50 : Operation 851 [29/71] (4.66ns)   --->   "%gmem_load_5_req = readreq i1 @_ssdm_op_ReadReq.m_axi.i32P1A, i32 %gmem_addr_2, i64 1" [cluster.cpp:34]   --->   Operation 851 'readreq' 'gmem_load_5_req' <Predicate = true> <Delay = 4.66> <CoreInst = "m_axi">   --->   Core 119 'm_axi' <Latency = 6> <II = 1> <Delay = 1.00> <Adapter> <Opcode : 'read' 'write' 'readreq' 'writereq' 'writeresp'>
ST_50 : Operation 852 [30/71] (4.66ns)   --->   "%empty_19 = readreq i1 @_ssdm_op_ReadReq.m_axi.p1i32, i32 %gmem_addr_13, i64 3" [cluster.cpp:33]   --->   Operation 852 'readreq' 'empty_19' <Predicate = true> <Delay = 4.66> <CoreInst = "m_axi">   --->   Core 119 'm_axi' <Latency = 6> <II = 1> <Delay = 1.00> <Adapter> <Opcode : 'read' 'write' 'readreq' 'writereq' 'writeresp'>
ST_50 : Operation 853 [31/71] (4.66ns)   --->   "%gmem_load_6_req = readreq i1 @_ssdm_op_ReadReq.m_axi.i32P1A, i32 %gmem_addr_3, i64 1" [cluster.cpp:34]   --->   Operation 853 'readreq' 'gmem_load_6_req' <Predicate = true> <Delay = 4.66> <CoreInst = "m_axi">   --->   Core 119 'm_axi' <Latency = 6> <II = 1> <Delay = 1.00> <Adapter> <Opcode : 'read' 'write' 'readreq' 'writereq' 'writeresp'>
ST_50 : Operation 854 [33/71] (4.66ns)   --->   "%gmem_load_7_req = readreq i1 @_ssdm_op_ReadReq.m_axi.i32P1A, i32 %gmem_addr_4, i64 1" [cluster.cpp:34]   --->   Operation 854 'readreq' 'gmem_load_7_req' <Predicate = true> <Delay = 4.66> <CoreInst = "m_axi">   --->   Core 119 'm_axi' <Latency = 6> <II = 1> <Delay = 1.00> <Adapter> <Opcode : 'read' 'write' 'readreq' 'writereq' 'writeresp'>
ST_50 : Operation 855 [35/71] (4.66ns)   --->   "%gmem_load_8_req = readreq i1 @_ssdm_op_ReadReq.m_axi.i32P1A, i32 %gmem_addr_5, i64 1" [cluster.cpp:34]   --->   Operation 855 'readreq' 'gmem_load_8_req' <Predicate = true> <Delay = 4.66> <CoreInst = "m_axi">   --->   Core 119 'm_axi' <Latency = 6> <II = 1> <Delay = 1.00> <Adapter> <Opcode : 'read' 'write' 'readreq' 'writereq' 'writeresp'>
ST_50 : Operation 856 [36/71] (4.66ns)   --->   "%empty_21 = readreq i1 @_ssdm_op_ReadReq.m_axi.p1i32, i32 %gmem_addr_14, i64 3" [cluster.cpp:33]   --->   Operation 856 'readreq' 'empty_21' <Predicate = true> <Delay = 4.66> <CoreInst = "m_axi">   --->   Core 119 'm_axi' <Latency = 6> <II = 1> <Delay = 1.00> <Adapter> <Opcode : 'read' 'write' 'readreq' 'writereq' 'writeresp'>
ST_50 : Operation 857 [37/71] (4.66ns)   --->   "%gmem_load_9_req = readreq i1 @_ssdm_op_ReadReq.m_axi.i32P1A, i32 %gmem_addr_6, i64 1" [cluster.cpp:34]   --->   Operation 857 'readreq' 'gmem_load_9_req' <Predicate = true> <Delay = 4.66> <CoreInst = "m_axi">   --->   Core 119 'm_axi' <Latency = 6> <II = 1> <Delay = 1.00> <Adapter> <Opcode : 'read' 'write' 'readreq' 'writereq' 'writeresp'>
ST_50 : Operation 858 [39/71] (4.66ns)   --->   "%gmem_load_10_req = readreq i1 @_ssdm_op_ReadReq.m_axi.i32P1A, i32 %gmem_addr_7, i64 1" [cluster.cpp:34]   --->   Operation 858 'readreq' 'gmem_load_10_req' <Predicate = true> <Delay = 4.66> <CoreInst = "m_axi">   --->   Core 119 'm_axi' <Latency = 6> <II = 1> <Delay = 1.00> <Adapter> <Opcode : 'read' 'write' 'readreq' 'writereq' 'writeresp'>
ST_50 : Operation 859 [41/71] (4.66ns)   --->   "%gmem_load_11_req = readreq i1 @_ssdm_op_ReadReq.m_axi.i32P1A, i32 %gmem_addr_8, i64 1" [cluster.cpp:34]   --->   Operation 859 'readreq' 'gmem_load_11_req' <Predicate = true> <Delay = 4.66> <CoreInst = "m_axi">   --->   Core 119 'm_axi' <Latency = 6> <II = 1> <Delay = 1.00> <Adapter> <Opcode : 'read' 'write' 'readreq' 'writereq' 'writeresp'>

State 51 <SV = 50> <Delay = 4.66>
ST_51 : Operation 860 [23/71] (4.66ns)   --->   "%gmem_load_req = readreq i1 @_ssdm_op_ReadReq.m_axi.i32P1A, i32 %gmem_addr_10, i64 1" [cluster.cpp:34]   --->   Operation 860 'readreq' 'gmem_load_req' <Predicate = true> <Delay = 4.66> <CoreInst = "m_axi">   --->   Core 119 'm_axi' <Latency = 6> <II = 1> <Delay = 1.00> <Adapter> <Opcode : 'read' 'write' 'readreq' 'writereq' 'writeresp'>
ST_51 : Operation 861 [24/71] (4.66ns)   --->   "%gmem_load_1_req = readreq i1 @_ssdm_op_ReadReq.m_axi.i32P1A, i32 %gmem_addr, i64 1" [cluster.cpp:34]   --->   Operation 861 'readreq' 'gmem_load_1_req' <Predicate = true> <Delay = 4.66> <CoreInst = "m_axi">   --->   Core 119 'm_axi' <Latency = 6> <II = 1> <Delay = 1.00> <Adapter> <Opcode : 'read' 'write' 'readreq' 'writereq' 'writeresp'>
ST_51 : Operation 862 [25/71] (4.66ns)   --->   "%gmem_load_2_req = readreq i1 @_ssdm_op_ReadReq.m_axi.i32P1A, i32 %gmem_addr_11, i64 1" [cluster.cpp:34]   --->   Operation 862 'readreq' 'gmem_load_2_req' <Predicate = true> <Delay = 4.66> <CoreInst = "m_axi">   --->   Core 119 'm_axi' <Latency = 6> <II = 1> <Delay = 1.00> <Adapter> <Opcode : 'read' 'write' 'readreq' 'writereq' 'writeresp'>
ST_51 : Operation 863 [26/71] (4.66ns)   --->   "%gmem_load_3_req = readreq i1 @_ssdm_op_ReadReq.m_axi.i32P1A, i32 %gmem_addr_1, i64 1" [cluster.cpp:34]   --->   Operation 863 'readreq' 'gmem_load_3_req' <Predicate = true> <Delay = 4.66> <CoreInst = "m_axi">   --->   Core 119 'm_axi' <Latency = 6> <II = 1> <Delay = 1.00> <Adapter> <Opcode : 'read' 'write' 'readreq' 'writereq' 'writeresp'>
ST_51 : Operation 864 [27/71] (4.66ns)   --->   "%gmem_load_4_req = readreq i1 @_ssdm_op_ReadReq.m_axi.i32P1A, i32 %gmem_addr_12, i64 1" [cluster.cpp:34]   --->   Operation 864 'readreq' 'gmem_load_4_req' <Predicate = true> <Delay = 4.66> <CoreInst = "m_axi">   --->   Core 119 'm_axi' <Latency = 6> <II = 1> <Delay = 1.00> <Adapter> <Opcode : 'read' 'write' 'readreq' 'writereq' 'writeresp'>
ST_51 : Operation 865 [28/71] (4.66ns)   --->   "%gmem_load_5_req = readreq i1 @_ssdm_op_ReadReq.m_axi.i32P1A, i32 %gmem_addr_2, i64 1" [cluster.cpp:34]   --->   Operation 865 'readreq' 'gmem_load_5_req' <Predicate = true> <Delay = 4.66> <CoreInst = "m_axi">   --->   Core 119 'm_axi' <Latency = 6> <II = 1> <Delay = 1.00> <Adapter> <Opcode : 'read' 'write' 'readreq' 'writereq' 'writeresp'>
ST_51 : Operation 866 [29/71] (4.66ns)   --->   "%empty_19 = readreq i1 @_ssdm_op_ReadReq.m_axi.p1i32, i32 %gmem_addr_13, i64 3" [cluster.cpp:33]   --->   Operation 866 'readreq' 'empty_19' <Predicate = true> <Delay = 4.66> <CoreInst = "m_axi">   --->   Core 119 'm_axi' <Latency = 6> <II = 1> <Delay = 1.00> <Adapter> <Opcode : 'read' 'write' 'readreq' 'writereq' 'writeresp'>
ST_51 : Operation 867 [30/71] (4.66ns)   --->   "%gmem_load_6_req = readreq i1 @_ssdm_op_ReadReq.m_axi.i32P1A, i32 %gmem_addr_3, i64 1" [cluster.cpp:34]   --->   Operation 867 'readreq' 'gmem_load_6_req' <Predicate = true> <Delay = 4.66> <CoreInst = "m_axi">   --->   Core 119 'm_axi' <Latency = 6> <II = 1> <Delay = 1.00> <Adapter> <Opcode : 'read' 'write' 'readreq' 'writereq' 'writeresp'>
ST_51 : Operation 868 [32/71] (4.66ns)   --->   "%gmem_load_7_req = readreq i1 @_ssdm_op_ReadReq.m_axi.i32P1A, i32 %gmem_addr_4, i64 1" [cluster.cpp:34]   --->   Operation 868 'readreq' 'gmem_load_7_req' <Predicate = true> <Delay = 4.66> <CoreInst = "m_axi">   --->   Core 119 'm_axi' <Latency = 6> <II = 1> <Delay = 1.00> <Adapter> <Opcode : 'read' 'write' 'readreq' 'writereq' 'writeresp'>
ST_51 : Operation 869 [34/71] (4.66ns)   --->   "%gmem_load_8_req = readreq i1 @_ssdm_op_ReadReq.m_axi.i32P1A, i32 %gmem_addr_5, i64 1" [cluster.cpp:34]   --->   Operation 869 'readreq' 'gmem_load_8_req' <Predicate = true> <Delay = 4.66> <CoreInst = "m_axi">   --->   Core 119 'm_axi' <Latency = 6> <II = 1> <Delay = 1.00> <Adapter> <Opcode : 'read' 'write' 'readreq' 'writereq' 'writeresp'>
ST_51 : Operation 870 [35/71] (4.66ns)   --->   "%empty_21 = readreq i1 @_ssdm_op_ReadReq.m_axi.p1i32, i32 %gmem_addr_14, i64 3" [cluster.cpp:33]   --->   Operation 870 'readreq' 'empty_21' <Predicate = true> <Delay = 4.66> <CoreInst = "m_axi">   --->   Core 119 'm_axi' <Latency = 6> <II = 1> <Delay = 1.00> <Adapter> <Opcode : 'read' 'write' 'readreq' 'writereq' 'writeresp'>
ST_51 : Operation 871 [36/71] (4.66ns)   --->   "%gmem_load_9_req = readreq i1 @_ssdm_op_ReadReq.m_axi.i32P1A, i32 %gmem_addr_6, i64 1" [cluster.cpp:34]   --->   Operation 871 'readreq' 'gmem_load_9_req' <Predicate = true> <Delay = 4.66> <CoreInst = "m_axi">   --->   Core 119 'm_axi' <Latency = 6> <II = 1> <Delay = 1.00> <Adapter> <Opcode : 'read' 'write' 'readreq' 'writereq' 'writeresp'>
ST_51 : Operation 872 [38/71] (4.66ns)   --->   "%gmem_load_10_req = readreq i1 @_ssdm_op_ReadReq.m_axi.i32P1A, i32 %gmem_addr_7, i64 1" [cluster.cpp:34]   --->   Operation 872 'readreq' 'gmem_load_10_req' <Predicate = true> <Delay = 4.66> <CoreInst = "m_axi">   --->   Core 119 'm_axi' <Latency = 6> <II = 1> <Delay = 1.00> <Adapter> <Opcode : 'read' 'write' 'readreq' 'writereq' 'writeresp'>
ST_51 : Operation 873 [40/71] (4.66ns)   --->   "%gmem_load_11_req = readreq i1 @_ssdm_op_ReadReq.m_axi.i32P1A, i32 %gmem_addr_8, i64 1" [cluster.cpp:34]   --->   Operation 873 'readreq' 'gmem_load_11_req' <Predicate = true> <Delay = 4.66> <CoreInst = "m_axi">   --->   Core 119 'm_axi' <Latency = 6> <II = 1> <Delay = 1.00> <Adapter> <Opcode : 'read' 'write' 'readreq' 'writereq' 'writeresp'>

State 52 <SV = 51> <Delay = 4.66>
ST_52 : Operation 874 [22/71] (4.66ns)   --->   "%gmem_load_req = readreq i1 @_ssdm_op_ReadReq.m_axi.i32P1A, i32 %gmem_addr_10, i64 1" [cluster.cpp:34]   --->   Operation 874 'readreq' 'gmem_load_req' <Predicate = true> <Delay = 4.66> <CoreInst = "m_axi">   --->   Core 119 'm_axi' <Latency = 6> <II = 1> <Delay = 1.00> <Adapter> <Opcode : 'read' 'write' 'readreq' 'writereq' 'writeresp'>
ST_52 : Operation 875 [23/71] (4.66ns)   --->   "%gmem_load_1_req = readreq i1 @_ssdm_op_ReadReq.m_axi.i32P1A, i32 %gmem_addr, i64 1" [cluster.cpp:34]   --->   Operation 875 'readreq' 'gmem_load_1_req' <Predicate = true> <Delay = 4.66> <CoreInst = "m_axi">   --->   Core 119 'm_axi' <Latency = 6> <II = 1> <Delay = 1.00> <Adapter> <Opcode : 'read' 'write' 'readreq' 'writereq' 'writeresp'>
ST_52 : Operation 876 [24/71] (4.66ns)   --->   "%gmem_load_2_req = readreq i1 @_ssdm_op_ReadReq.m_axi.i32P1A, i32 %gmem_addr_11, i64 1" [cluster.cpp:34]   --->   Operation 876 'readreq' 'gmem_load_2_req' <Predicate = true> <Delay = 4.66> <CoreInst = "m_axi">   --->   Core 119 'm_axi' <Latency = 6> <II = 1> <Delay = 1.00> <Adapter> <Opcode : 'read' 'write' 'readreq' 'writereq' 'writeresp'>
ST_52 : Operation 877 [25/71] (4.66ns)   --->   "%gmem_load_3_req = readreq i1 @_ssdm_op_ReadReq.m_axi.i32P1A, i32 %gmem_addr_1, i64 1" [cluster.cpp:34]   --->   Operation 877 'readreq' 'gmem_load_3_req' <Predicate = true> <Delay = 4.66> <CoreInst = "m_axi">   --->   Core 119 'm_axi' <Latency = 6> <II = 1> <Delay = 1.00> <Adapter> <Opcode : 'read' 'write' 'readreq' 'writereq' 'writeresp'>
ST_52 : Operation 878 [26/71] (4.66ns)   --->   "%gmem_load_4_req = readreq i1 @_ssdm_op_ReadReq.m_axi.i32P1A, i32 %gmem_addr_12, i64 1" [cluster.cpp:34]   --->   Operation 878 'readreq' 'gmem_load_4_req' <Predicate = true> <Delay = 4.66> <CoreInst = "m_axi">   --->   Core 119 'm_axi' <Latency = 6> <II = 1> <Delay = 1.00> <Adapter> <Opcode : 'read' 'write' 'readreq' 'writereq' 'writeresp'>
ST_52 : Operation 879 [27/71] (4.66ns)   --->   "%gmem_load_5_req = readreq i1 @_ssdm_op_ReadReq.m_axi.i32P1A, i32 %gmem_addr_2, i64 1" [cluster.cpp:34]   --->   Operation 879 'readreq' 'gmem_load_5_req' <Predicate = true> <Delay = 4.66> <CoreInst = "m_axi">   --->   Core 119 'm_axi' <Latency = 6> <II = 1> <Delay = 1.00> <Adapter> <Opcode : 'read' 'write' 'readreq' 'writereq' 'writeresp'>
ST_52 : Operation 880 [28/71] (4.66ns)   --->   "%empty_19 = readreq i1 @_ssdm_op_ReadReq.m_axi.p1i32, i32 %gmem_addr_13, i64 3" [cluster.cpp:33]   --->   Operation 880 'readreq' 'empty_19' <Predicate = true> <Delay = 4.66> <CoreInst = "m_axi">   --->   Core 119 'm_axi' <Latency = 6> <II = 1> <Delay = 1.00> <Adapter> <Opcode : 'read' 'write' 'readreq' 'writereq' 'writeresp'>
ST_52 : Operation 881 [29/71] (4.66ns)   --->   "%gmem_load_6_req = readreq i1 @_ssdm_op_ReadReq.m_axi.i32P1A, i32 %gmem_addr_3, i64 1" [cluster.cpp:34]   --->   Operation 881 'readreq' 'gmem_load_6_req' <Predicate = true> <Delay = 4.66> <CoreInst = "m_axi">   --->   Core 119 'm_axi' <Latency = 6> <II = 1> <Delay = 1.00> <Adapter> <Opcode : 'read' 'write' 'readreq' 'writereq' 'writeresp'>
ST_52 : Operation 882 [31/71] (4.66ns)   --->   "%gmem_load_7_req = readreq i1 @_ssdm_op_ReadReq.m_axi.i32P1A, i32 %gmem_addr_4, i64 1" [cluster.cpp:34]   --->   Operation 882 'readreq' 'gmem_load_7_req' <Predicate = true> <Delay = 4.66> <CoreInst = "m_axi">   --->   Core 119 'm_axi' <Latency = 6> <II = 1> <Delay = 1.00> <Adapter> <Opcode : 'read' 'write' 'readreq' 'writereq' 'writeresp'>
ST_52 : Operation 883 [33/71] (4.66ns)   --->   "%gmem_load_8_req = readreq i1 @_ssdm_op_ReadReq.m_axi.i32P1A, i32 %gmem_addr_5, i64 1" [cluster.cpp:34]   --->   Operation 883 'readreq' 'gmem_load_8_req' <Predicate = true> <Delay = 4.66> <CoreInst = "m_axi">   --->   Core 119 'm_axi' <Latency = 6> <II = 1> <Delay = 1.00> <Adapter> <Opcode : 'read' 'write' 'readreq' 'writereq' 'writeresp'>
ST_52 : Operation 884 [34/71] (4.66ns)   --->   "%empty_21 = readreq i1 @_ssdm_op_ReadReq.m_axi.p1i32, i32 %gmem_addr_14, i64 3" [cluster.cpp:33]   --->   Operation 884 'readreq' 'empty_21' <Predicate = true> <Delay = 4.66> <CoreInst = "m_axi">   --->   Core 119 'm_axi' <Latency = 6> <II = 1> <Delay = 1.00> <Adapter> <Opcode : 'read' 'write' 'readreq' 'writereq' 'writeresp'>
ST_52 : Operation 885 [35/71] (4.66ns)   --->   "%gmem_load_9_req = readreq i1 @_ssdm_op_ReadReq.m_axi.i32P1A, i32 %gmem_addr_6, i64 1" [cluster.cpp:34]   --->   Operation 885 'readreq' 'gmem_load_9_req' <Predicate = true> <Delay = 4.66> <CoreInst = "m_axi">   --->   Core 119 'm_axi' <Latency = 6> <II = 1> <Delay = 1.00> <Adapter> <Opcode : 'read' 'write' 'readreq' 'writereq' 'writeresp'>
ST_52 : Operation 886 [37/71] (4.66ns)   --->   "%gmem_load_10_req = readreq i1 @_ssdm_op_ReadReq.m_axi.i32P1A, i32 %gmem_addr_7, i64 1" [cluster.cpp:34]   --->   Operation 886 'readreq' 'gmem_load_10_req' <Predicate = true> <Delay = 4.66> <CoreInst = "m_axi">   --->   Core 119 'm_axi' <Latency = 6> <II = 1> <Delay = 1.00> <Adapter> <Opcode : 'read' 'write' 'readreq' 'writereq' 'writeresp'>
ST_52 : Operation 887 [39/71] (4.66ns)   --->   "%gmem_load_11_req = readreq i1 @_ssdm_op_ReadReq.m_axi.i32P1A, i32 %gmem_addr_8, i64 1" [cluster.cpp:34]   --->   Operation 887 'readreq' 'gmem_load_11_req' <Predicate = true> <Delay = 4.66> <CoreInst = "m_axi">   --->   Core 119 'm_axi' <Latency = 6> <II = 1> <Delay = 1.00> <Adapter> <Opcode : 'read' 'write' 'readreq' 'writereq' 'writeresp'>

State 53 <SV = 52> <Delay = 4.66>
ST_53 : Operation 888 [21/71] (4.66ns)   --->   "%gmem_load_req = readreq i1 @_ssdm_op_ReadReq.m_axi.i32P1A, i32 %gmem_addr_10, i64 1" [cluster.cpp:34]   --->   Operation 888 'readreq' 'gmem_load_req' <Predicate = true> <Delay = 4.66> <CoreInst = "m_axi">   --->   Core 119 'm_axi' <Latency = 6> <II = 1> <Delay = 1.00> <Adapter> <Opcode : 'read' 'write' 'readreq' 'writereq' 'writeresp'>
ST_53 : Operation 889 [22/71] (4.66ns)   --->   "%gmem_load_1_req = readreq i1 @_ssdm_op_ReadReq.m_axi.i32P1A, i32 %gmem_addr, i64 1" [cluster.cpp:34]   --->   Operation 889 'readreq' 'gmem_load_1_req' <Predicate = true> <Delay = 4.66> <CoreInst = "m_axi">   --->   Core 119 'm_axi' <Latency = 6> <II = 1> <Delay = 1.00> <Adapter> <Opcode : 'read' 'write' 'readreq' 'writereq' 'writeresp'>
ST_53 : Operation 890 [23/71] (4.66ns)   --->   "%gmem_load_2_req = readreq i1 @_ssdm_op_ReadReq.m_axi.i32P1A, i32 %gmem_addr_11, i64 1" [cluster.cpp:34]   --->   Operation 890 'readreq' 'gmem_load_2_req' <Predicate = true> <Delay = 4.66> <CoreInst = "m_axi">   --->   Core 119 'm_axi' <Latency = 6> <II = 1> <Delay = 1.00> <Adapter> <Opcode : 'read' 'write' 'readreq' 'writereq' 'writeresp'>
ST_53 : Operation 891 [24/71] (4.66ns)   --->   "%gmem_load_3_req = readreq i1 @_ssdm_op_ReadReq.m_axi.i32P1A, i32 %gmem_addr_1, i64 1" [cluster.cpp:34]   --->   Operation 891 'readreq' 'gmem_load_3_req' <Predicate = true> <Delay = 4.66> <CoreInst = "m_axi">   --->   Core 119 'm_axi' <Latency = 6> <II = 1> <Delay = 1.00> <Adapter> <Opcode : 'read' 'write' 'readreq' 'writereq' 'writeresp'>
ST_53 : Operation 892 [25/71] (4.66ns)   --->   "%gmem_load_4_req = readreq i1 @_ssdm_op_ReadReq.m_axi.i32P1A, i32 %gmem_addr_12, i64 1" [cluster.cpp:34]   --->   Operation 892 'readreq' 'gmem_load_4_req' <Predicate = true> <Delay = 4.66> <CoreInst = "m_axi">   --->   Core 119 'm_axi' <Latency = 6> <II = 1> <Delay = 1.00> <Adapter> <Opcode : 'read' 'write' 'readreq' 'writereq' 'writeresp'>
ST_53 : Operation 893 [26/71] (4.66ns)   --->   "%gmem_load_5_req = readreq i1 @_ssdm_op_ReadReq.m_axi.i32P1A, i32 %gmem_addr_2, i64 1" [cluster.cpp:34]   --->   Operation 893 'readreq' 'gmem_load_5_req' <Predicate = true> <Delay = 4.66> <CoreInst = "m_axi">   --->   Core 119 'm_axi' <Latency = 6> <II = 1> <Delay = 1.00> <Adapter> <Opcode : 'read' 'write' 'readreq' 'writereq' 'writeresp'>
ST_53 : Operation 894 [27/71] (4.66ns)   --->   "%empty_19 = readreq i1 @_ssdm_op_ReadReq.m_axi.p1i32, i32 %gmem_addr_13, i64 3" [cluster.cpp:33]   --->   Operation 894 'readreq' 'empty_19' <Predicate = true> <Delay = 4.66> <CoreInst = "m_axi">   --->   Core 119 'm_axi' <Latency = 6> <II = 1> <Delay = 1.00> <Adapter> <Opcode : 'read' 'write' 'readreq' 'writereq' 'writeresp'>
ST_53 : Operation 895 [28/71] (4.66ns)   --->   "%gmem_load_6_req = readreq i1 @_ssdm_op_ReadReq.m_axi.i32P1A, i32 %gmem_addr_3, i64 1" [cluster.cpp:34]   --->   Operation 895 'readreq' 'gmem_load_6_req' <Predicate = true> <Delay = 4.66> <CoreInst = "m_axi">   --->   Core 119 'm_axi' <Latency = 6> <II = 1> <Delay = 1.00> <Adapter> <Opcode : 'read' 'write' 'readreq' 'writereq' 'writeresp'>
ST_53 : Operation 896 [30/71] (4.66ns)   --->   "%gmem_load_7_req = readreq i1 @_ssdm_op_ReadReq.m_axi.i32P1A, i32 %gmem_addr_4, i64 1" [cluster.cpp:34]   --->   Operation 896 'readreq' 'gmem_load_7_req' <Predicate = true> <Delay = 4.66> <CoreInst = "m_axi">   --->   Core 119 'm_axi' <Latency = 6> <II = 1> <Delay = 1.00> <Adapter> <Opcode : 'read' 'write' 'readreq' 'writereq' 'writeresp'>
ST_53 : Operation 897 [32/71] (4.66ns)   --->   "%gmem_load_8_req = readreq i1 @_ssdm_op_ReadReq.m_axi.i32P1A, i32 %gmem_addr_5, i64 1" [cluster.cpp:34]   --->   Operation 897 'readreq' 'gmem_load_8_req' <Predicate = true> <Delay = 4.66> <CoreInst = "m_axi">   --->   Core 119 'm_axi' <Latency = 6> <II = 1> <Delay = 1.00> <Adapter> <Opcode : 'read' 'write' 'readreq' 'writereq' 'writeresp'>
ST_53 : Operation 898 [33/71] (4.66ns)   --->   "%empty_21 = readreq i1 @_ssdm_op_ReadReq.m_axi.p1i32, i32 %gmem_addr_14, i64 3" [cluster.cpp:33]   --->   Operation 898 'readreq' 'empty_21' <Predicate = true> <Delay = 4.66> <CoreInst = "m_axi">   --->   Core 119 'm_axi' <Latency = 6> <II = 1> <Delay = 1.00> <Adapter> <Opcode : 'read' 'write' 'readreq' 'writereq' 'writeresp'>
ST_53 : Operation 899 [34/71] (4.66ns)   --->   "%gmem_load_9_req = readreq i1 @_ssdm_op_ReadReq.m_axi.i32P1A, i32 %gmem_addr_6, i64 1" [cluster.cpp:34]   --->   Operation 899 'readreq' 'gmem_load_9_req' <Predicate = true> <Delay = 4.66> <CoreInst = "m_axi">   --->   Core 119 'm_axi' <Latency = 6> <II = 1> <Delay = 1.00> <Adapter> <Opcode : 'read' 'write' 'readreq' 'writereq' 'writeresp'>
ST_53 : Operation 900 [36/71] (4.66ns)   --->   "%gmem_load_10_req = readreq i1 @_ssdm_op_ReadReq.m_axi.i32P1A, i32 %gmem_addr_7, i64 1" [cluster.cpp:34]   --->   Operation 900 'readreq' 'gmem_load_10_req' <Predicate = true> <Delay = 4.66> <CoreInst = "m_axi">   --->   Core 119 'm_axi' <Latency = 6> <II = 1> <Delay = 1.00> <Adapter> <Opcode : 'read' 'write' 'readreq' 'writereq' 'writeresp'>
ST_53 : Operation 901 [38/71] (4.66ns)   --->   "%gmem_load_11_req = readreq i1 @_ssdm_op_ReadReq.m_axi.i32P1A, i32 %gmem_addr_8, i64 1" [cluster.cpp:34]   --->   Operation 901 'readreq' 'gmem_load_11_req' <Predicate = true> <Delay = 4.66> <CoreInst = "m_axi">   --->   Core 119 'm_axi' <Latency = 6> <II = 1> <Delay = 1.00> <Adapter> <Opcode : 'read' 'write' 'readreq' 'writereq' 'writeresp'>

State 54 <SV = 53> <Delay = 4.66>
ST_54 : Operation 902 [20/71] (4.66ns)   --->   "%gmem_load_req = readreq i1 @_ssdm_op_ReadReq.m_axi.i32P1A, i32 %gmem_addr_10, i64 1" [cluster.cpp:34]   --->   Operation 902 'readreq' 'gmem_load_req' <Predicate = true> <Delay = 4.66> <CoreInst = "m_axi">   --->   Core 119 'm_axi' <Latency = 6> <II = 1> <Delay = 1.00> <Adapter> <Opcode : 'read' 'write' 'readreq' 'writereq' 'writeresp'>
ST_54 : Operation 903 [21/71] (4.66ns)   --->   "%gmem_load_1_req = readreq i1 @_ssdm_op_ReadReq.m_axi.i32P1A, i32 %gmem_addr, i64 1" [cluster.cpp:34]   --->   Operation 903 'readreq' 'gmem_load_1_req' <Predicate = true> <Delay = 4.66> <CoreInst = "m_axi">   --->   Core 119 'm_axi' <Latency = 6> <II = 1> <Delay = 1.00> <Adapter> <Opcode : 'read' 'write' 'readreq' 'writereq' 'writeresp'>
ST_54 : Operation 904 [22/71] (4.66ns)   --->   "%gmem_load_2_req = readreq i1 @_ssdm_op_ReadReq.m_axi.i32P1A, i32 %gmem_addr_11, i64 1" [cluster.cpp:34]   --->   Operation 904 'readreq' 'gmem_load_2_req' <Predicate = true> <Delay = 4.66> <CoreInst = "m_axi">   --->   Core 119 'm_axi' <Latency = 6> <II = 1> <Delay = 1.00> <Adapter> <Opcode : 'read' 'write' 'readreq' 'writereq' 'writeresp'>
ST_54 : Operation 905 [23/71] (4.66ns)   --->   "%gmem_load_3_req = readreq i1 @_ssdm_op_ReadReq.m_axi.i32P1A, i32 %gmem_addr_1, i64 1" [cluster.cpp:34]   --->   Operation 905 'readreq' 'gmem_load_3_req' <Predicate = true> <Delay = 4.66> <CoreInst = "m_axi">   --->   Core 119 'm_axi' <Latency = 6> <II = 1> <Delay = 1.00> <Adapter> <Opcode : 'read' 'write' 'readreq' 'writereq' 'writeresp'>
ST_54 : Operation 906 [24/71] (4.66ns)   --->   "%gmem_load_4_req = readreq i1 @_ssdm_op_ReadReq.m_axi.i32P1A, i32 %gmem_addr_12, i64 1" [cluster.cpp:34]   --->   Operation 906 'readreq' 'gmem_load_4_req' <Predicate = true> <Delay = 4.66> <CoreInst = "m_axi">   --->   Core 119 'm_axi' <Latency = 6> <II = 1> <Delay = 1.00> <Adapter> <Opcode : 'read' 'write' 'readreq' 'writereq' 'writeresp'>
ST_54 : Operation 907 [25/71] (4.66ns)   --->   "%gmem_load_5_req = readreq i1 @_ssdm_op_ReadReq.m_axi.i32P1A, i32 %gmem_addr_2, i64 1" [cluster.cpp:34]   --->   Operation 907 'readreq' 'gmem_load_5_req' <Predicate = true> <Delay = 4.66> <CoreInst = "m_axi">   --->   Core 119 'm_axi' <Latency = 6> <II = 1> <Delay = 1.00> <Adapter> <Opcode : 'read' 'write' 'readreq' 'writereq' 'writeresp'>
ST_54 : Operation 908 [26/71] (4.66ns)   --->   "%empty_19 = readreq i1 @_ssdm_op_ReadReq.m_axi.p1i32, i32 %gmem_addr_13, i64 3" [cluster.cpp:33]   --->   Operation 908 'readreq' 'empty_19' <Predicate = true> <Delay = 4.66> <CoreInst = "m_axi">   --->   Core 119 'm_axi' <Latency = 6> <II = 1> <Delay = 1.00> <Adapter> <Opcode : 'read' 'write' 'readreq' 'writereq' 'writeresp'>
ST_54 : Operation 909 [27/71] (4.66ns)   --->   "%gmem_load_6_req = readreq i1 @_ssdm_op_ReadReq.m_axi.i32P1A, i32 %gmem_addr_3, i64 1" [cluster.cpp:34]   --->   Operation 909 'readreq' 'gmem_load_6_req' <Predicate = true> <Delay = 4.66> <CoreInst = "m_axi">   --->   Core 119 'm_axi' <Latency = 6> <II = 1> <Delay = 1.00> <Adapter> <Opcode : 'read' 'write' 'readreq' 'writereq' 'writeresp'>
ST_54 : Operation 910 [29/71] (4.66ns)   --->   "%gmem_load_7_req = readreq i1 @_ssdm_op_ReadReq.m_axi.i32P1A, i32 %gmem_addr_4, i64 1" [cluster.cpp:34]   --->   Operation 910 'readreq' 'gmem_load_7_req' <Predicate = true> <Delay = 4.66> <CoreInst = "m_axi">   --->   Core 119 'm_axi' <Latency = 6> <II = 1> <Delay = 1.00> <Adapter> <Opcode : 'read' 'write' 'readreq' 'writereq' 'writeresp'>
ST_54 : Operation 911 [31/71] (4.66ns)   --->   "%gmem_load_8_req = readreq i1 @_ssdm_op_ReadReq.m_axi.i32P1A, i32 %gmem_addr_5, i64 1" [cluster.cpp:34]   --->   Operation 911 'readreq' 'gmem_load_8_req' <Predicate = true> <Delay = 4.66> <CoreInst = "m_axi">   --->   Core 119 'm_axi' <Latency = 6> <II = 1> <Delay = 1.00> <Adapter> <Opcode : 'read' 'write' 'readreq' 'writereq' 'writeresp'>
ST_54 : Operation 912 [32/71] (4.66ns)   --->   "%empty_21 = readreq i1 @_ssdm_op_ReadReq.m_axi.p1i32, i32 %gmem_addr_14, i64 3" [cluster.cpp:33]   --->   Operation 912 'readreq' 'empty_21' <Predicate = true> <Delay = 4.66> <CoreInst = "m_axi">   --->   Core 119 'm_axi' <Latency = 6> <II = 1> <Delay = 1.00> <Adapter> <Opcode : 'read' 'write' 'readreq' 'writereq' 'writeresp'>
ST_54 : Operation 913 [33/71] (4.66ns)   --->   "%gmem_load_9_req = readreq i1 @_ssdm_op_ReadReq.m_axi.i32P1A, i32 %gmem_addr_6, i64 1" [cluster.cpp:34]   --->   Operation 913 'readreq' 'gmem_load_9_req' <Predicate = true> <Delay = 4.66> <CoreInst = "m_axi">   --->   Core 119 'm_axi' <Latency = 6> <II = 1> <Delay = 1.00> <Adapter> <Opcode : 'read' 'write' 'readreq' 'writereq' 'writeresp'>
ST_54 : Operation 914 [35/71] (4.66ns)   --->   "%gmem_load_10_req = readreq i1 @_ssdm_op_ReadReq.m_axi.i32P1A, i32 %gmem_addr_7, i64 1" [cluster.cpp:34]   --->   Operation 914 'readreq' 'gmem_load_10_req' <Predicate = true> <Delay = 4.66> <CoreInst = "m_axi">   --->   Core 119 'm_axi' <Latency = 6> <II = 1> <Delay = 1.00> <Adapter> <Opcode : 'read' 'write' 'readreq' 'writereq' 'writeresp'>
ST_54 : Operation 915 [37/71] (4.66ns)   --->   "%gmem_load_11_req = readreq i1 @_ssdm_op_ReadReq.m_axi.i32P1A, i32 %gmem_addr_8, i64 1" [cluster.cpp:34]   --->   Operation 915 'readreq' 'gmem_load_11_req' <Predicate = true> <Delay = 4.66> <CoreInst = "m_axi">   --->   Core 119 'm_axi' <Latency = 6> <II = 1> <Delay = 1.00> <Adapter> <Opcode : 'read' 'write' 'readreq' 'writereq' 'writeresp'>

State 55 <SV = 54> <Delay = 4.66>
ST_55 : Operation 916 [19/71] (4.66ns)   --->   "%gmem_load_req = readreq i1 @_ssdm_op_ReadReq.m_axi.i32P1A, i32 %gmem_addr_10, i64 1" [cluster.cpp:34]   --->   Operation 916 'readreq' 'gmem_load_req' <Predicate = true> <Delay = 4.66> <CoreInst = "m_axi">   --->   Core 119 'm_axi' <Latency = 6> <II = 1> <Delay = 1.00> <Adapter> <Opcode : 'read' 'write' 'readreq' 'writereq' 'writeresp'>
ST_55 : Operation 917 [20/71] (4.66ns)   --->   "%gmem_load_1_req = readreq i1 @_ssdm_op_ReadReq.m_axi.i32P1A, i32 %gmem_addr, i64 1" [cluster.cpp:34]   --->   Operation 917 'readreq' 'gmem_load_1_req' <Predicate = true> <Delay = 4.66> <CoreInst = "m_axi">   --->   Core 119 'm_axi' <Latency = 6> <II = 1> <Delay = 1.00> <Adapter> <Opcode : 'read' 'write' 'readreq' 'writereq' 'writeresp'>
ST_55 : Operation 918 [21/71] (4.66ns)   --->   "%gmem_load_2_req = readreq i1 @_ssdm_op_ReadReq.m_axi.i32P1A, i32 %gmem_addr_11, i64 1" [cluster.cpp:34]   --->   Operation 918 'readreq' 'gmem_load_2_req' <Predicate = true> <Delay = 4.66> <CoreInst = "m_axi">   --->   Core 119 'm_axi' <Latency = 6> <II = 1> <Delay = 1.00> <Adapter> <Opcode : 'read' 'write' 'readreq' 'writereq' 'writeresp'>
ST_55 : Operation 919 [22/71] (4.66ns)   --->   "%gmem_load_3_req = readreq i1 @_ssdm_op_ReadReq.m_axi.i32P1A, i32 %gmem_addr_1, i64 1" [cluster.cpp:34]   --->   Operation 919 'readreq' 'gmem_load_3_req' <Predicate = true> <Delay = 4.66> <CoreInst = "m_axi">   --->   Core 119 'm_axi' <Latency = 6> <II = 1> <Delay = 1.00> <Adapter> <Opcode : 'read' 'write' 'readreq' 'writereq' 'writeresp'>
ST_55 : Operation 920 [23/71] (4.66ns)   --->   "%gmem_load_4_req = readreq i1 @_ssdm_op_ReadReq.m_axi.i32P1A, i32 %gmem_addr_12, i64 1" [cluster.cpp:34]   --->   Operation 920 'readreq' 'gmem_load_4_req' <Predicate = true> <Delay = 4.66> <CoreInst = "m_axi">   --->   Core 119 'm_axi' <Latency = 6> <II = 1> <Delay = 1.00> <Adapter> <Opcode : 'read' 'write' 'readreq' 'writereq' 'writeresp'>
ST_55 : Operation 921 [24/71] (4.66ns)   --->   "%gmem_load_5_req = readreq i1 @_ssdm_op_ReadReq.m_axi.i32P1A, i32 %gmem_addr_2, i64 1" [cluster.cpp:34]   --->   Operation 921 'readreq' 'gmem_load_5_req' <Predicate = true> <Delay = 4.66> <CoreInst = "m_axi">   --->   Core 119 'm_axi' <Latency = 6> <II = 1> <Delay = 1.00> <Adapter> <Opcode : 'read' 'write' 'readreq' 'writereq' 'writeresp'>
ST_55 : Operation 922 [25/71] (4.66ns)   --->   "%empty_19 = readreq i1 @_ssdm_op_ReadReq.m_axi.p1i32, i32 %gmem_addr_13, i64 3" [cluster.cpp:33]   --->   Operation 922 'readreq' 'empty_19' <Predicate = true> <Delay = 4.66> <CoreInst = "m_axi">   --->   Core 119 'm_axi' <Latency = 6> <II = 1> <Delay = 1.00> <Adapter> <Opcode : 'read' 'write' 'readreq' 'writereq' 'writeresp'>
ST_55 : Operation 923 [26/71] (4.66ns)   --->   "%gmem_load_6_req = readreq i1 @_ssdm_op_ReadReq.m_axi.i32P1A, i32 %gmem_addr_3, i64 1" [cluster.cpp:34]   --->   Operation 923 'readreq' 'gmem_load_6_req' <Predicate = true> <Delay = 4.66> <CoreInst = "m_axi">   --->   Core 119 'm_axi' <Latency = 6> <II = 1> <Delay = 1.00> <Adapter> <Opcode : 'read' 'write' 'readreq' 'writereq' 'writeresp'>
ST_55 : Operation 924 [28/71] (4.66ns)   --->   "%gmem_load_7_req = readreq i1 @_ssdm_op_ReadReq.m_axi.i32P1A, i32 %gmem_addr_4, i64 1" [cluster.cpp:34]   --->   Operation 924 'readreq' 'gmem_load_7_req' <Predicate = true> <Delay = 4.66> <CoreInst = "m_axi">   --->   Core 119 'm_axi' <Latency = 6> <II = 1> <Delay = 1.00> <Adapter> <Opcode : 'read' 'write' 'readreq' 'writereq' 'writeresp'>
ST_55 : Operation 925 [30/71] (4.66ns)   --->   "%gmem_load_8_req = readreq i1 @_ssdm_op_ReadReq.m_axi.i32P1A, i32 %gmem_addr_5, i64 1" [cluster.cpp:34]   --->   Operation 925 'readreq' 'gmem_load_8_req' <Predicate = true> <Delay = 4.66> <CoreInst = "m_axi">   --->   Core 119 'm_axi' <Latency = 6> <II = 1> <Delay = 1.00> <Adapter> <Opcode : 'read' 'write' 'readreq' 'writereq' 'writeresp'>
ST_55 : Operation 926 [31/71] (4.66ns)   --->   "%empty_21 = readreq i1 @_ssdm_op_ReadReq.m_axi.p1i32, i32 %gmem_addr_14, i64 3" [cluster.cpp:33]   --->   Operation 926 'readreq' 'empty_21' <Predicate = true> <Delay = 4.66> <CoreInst = "m_axi">   --->   Core 119 'm_axi' <Latency = 6> <II = 1> <Delay = 1.00> <Adapter> <Opcode : 'read' 'write' 'readreq' 'writereq' 'writeresp'>
ST_55 : Operation 927 [32/71] (4.66ns)   --->   "%gmem_load_9_req = readreq i1 @_ssdm_op_ReadReq.m_axi.i32P1A, i32 %gmem_addr_6, i64 1" [cluster.cpp:34]   --->   Operation 927 'readreq' 'gmem_load_9_req' <Predicate = true> <Delay = 4.66> <CoreInst = "m_axi">   --->   Core 119 'm_axi' <Latency = 6> <II = 1> <Delay = 1.00> <Adapter> <Opcode : 'read' 'write' 'readreq' 'writereq' 'writeresp'>
ST_55 : Operation 928 [34/71] (4.66ns)   --->   "%gmem_load_10_req = readreq i1 @_ssdm_op_ReadReq.m_axi.i32P1A, i32 %gmem_addr_7, i64 1" [cluster.cpp:34]   --->   Operation 928 'readreq' 'gmem_load_10_req' <Predicate = true> <Delay = 4.66> <CoreInst = "m_axi">   --->   Core 119 'm_axi' <Latency = 6> <II = 1> <Delay = 1.00> <Adapter> <Opcode : 'read' 'write' 'readreq' 'writereq' 'writeresp'>
ST_55 : Operation 929 [36/71] (4.66ns)   --->   "%gmem_load_11_req = readreq i1 @_ssdm_op_ReadReq.m_axi.i32P1A, i32 %gmem_addr_8, i64 1" [cluster.cpp:34]   --->   Operation 929 'readreq' 'gmem_load_11_req' <Predicate = true> <Delay = 4.66> <CoreInst = "m_axi">   --->   Core 119 'm_axi' <Latency = 6> <II = 1> <Delay = 1.00> <Adapter> <Opcode : 'read' 'write' 'readreq' 'writereq' 'writeresp'>

State 56 <SV = 55> <Delay = 4.66>
ST_56 : Operation 930 [18/71] (4.66ns)   --->   "%gmem_load_req = readreq i1 @_ssdm_op_ReadReq.m_axi.i32P1A, i32 %gmem_addr_10, i64 1" [cluster.cpp:34]   --->   Operation 930 'readreq' 'gmem_load_req' <Predicate = true> <Delay = 4.66> <CoreInst = "m_axi">   --->   Core 119 'm_axi' <Latency = 6> <II = 1> <Delay = 1.00> <Adapter> <Opcode : 'read' 'write' 'readreq' 'writereq' 'writeresp'>
ST_56 : Operation 931 [19/71] (4.66ns)   --->   "%gmem_load_1_req = readreq i1 @_ssdm_op_ReadReq.m_axi.i32P1A, i32 %gmem_addr, i64 1" [cluster.cpp:34]   --->   Operation 931 'readreq' 'gmem_load_1_req' <Predicate = true> <Delay = 4.66> <CoreInst = "m_axi">   --->   Core 119 'm_axi' <Latency = 6> <II = 1> <Delay = 1.00> <Adapter> <Opcode : 'read' 'write' 'readreq' 'writereq' 'writeresp'>
ST_56 : Operation 932 [20/71] (4.66ns)   --->   "%gmem_load_2_req = readreq i1 @_ssdm_op_ReadReq.m_axi.i32P1A, i32 %gmem_addr_11, i64 1" [cluster.cpp:34]   --->   Operation 932 'readreq' 'gmem_load_2_req' <Predicate = true> <Delay = 4.66> <CoreInst = "m_axi">   --->   Core 119 'm_axi' <Latency = 6> <II = 1> <Delay = 1.00> <Adapter> <Opcode : 'read' 'write' 'readreq' 'writereq' 'writeresp'>
ST_56 : Operation 933 [21/71] (4.66ns)   --->   "%gmem_load_3_req = readreq i1 @_ssdm_op_ReadReq.m_axi.i32P1A, i32 %gmem_addr_1, i64 1" [cluster.cpp:34]   --->   Operation 933 'readreq' 'gmem_load_3_req' <Predicate = true> <Delay = 4.66> <CoreInst = "m_axi">   --->   Core 119 'm_axi' <Latency = 6> <II = 1> <Delay = 1.00> <Adapter> <Opcode : 'read' 'write' 'readreq' 'writereq' 'writeresp'>
ST_56 : Operation 934 [22/71] (4.66ns)   --->   "%gmem_load_4_req = readreq i1 @_ssdm_op_ReadReq.m_axi.i32P1A, i32 %gmem_addr_12, i64 1" [cluster.cpp:34]   --->   Operation 934 'readreq' 'gmem_load_4_req' <Predicate = true> <Delay = 4.66> <CoreInst = "m_axi">   --->   Core 119 'm_axi' <Latency = 6> <II = 1> <Delay = 1.00> <Adapter> <Opcode : 'read' 'write' 'readreq' 'writereq' 'writeresp'>
ST_56 : Operation 935 [23/71] (4.66ns)   --->   "%gmem_load_5_req = readreq i1 @_ssdm_op_ReadReq.m_axi.i32P1A, i32 %gmem_addr_2, i64 1" [cluster.cpp:34]   --->   Operation 935 'readreq' 'gmem_load_5_req' <Predicate = true> <Delay = 4.66> <CoreInst = "m_axi">   --->   Core 119 'm_axi' <Latency = 6> <II = 1> <Delay = 1.00> <Adapter> <Opcode : 'read' 'write' 'readreq' 'writereq' 'writeresp'>
ST_56 : Operation 936 [24/71] (4.66ns)   --->   "%empty_19 = readreq i1 @_ssdm_op_ReadReq.m_axi.p1i32, i32 %gmem_addr_13, i64 3" [cluster.cpp:33]   --->   Operation 936 'readreq' 'empty_19' <Predicate = true> <Delay = 4.66> <CoreInst = "m_axi">   --->   Core 119 'm_axi' <Latency = 6> <II = 1> <Delay = 1.00> <Adapter> <Opcode : 'read' 'write' 'readreq' 'writereq' 'writeresp'>
ST_56 : Operation 937 [25/71] (4.66ns)   --->   "%gmem_load_6_req = readreq i1 @_ssdm_op_ReadReq.m_axi.i32P1A, i32 %gmem_addr_3, i64 1" [cluster.cpp:34]   --->   Operation 937 'readreq' 'gmem_load_6_req' <Predicate = true> <Delay = 4.66> <CoreInst = "m_axi">   --->   Core 119 'm_axi' <Latency = 6> <II = 1> <Delay = 1.00> <Adapter> <Opcode : 'read' 'write' 'readreq' 'writereq' 'writeresp'>
ST_56 : Operation 938 [27/71] (4.66ns)   --->   "%gmem_load_7_req = readreq i1 @_ssdm_op_ReadReq.m_axi.i32P1A, i32 %gmem_addr_4, i64 1" [cluster.cpp:34]   --->   Operation 938 'readreq' 'gmem_load_7_req' <Predicate = true> <Delay = 4.66> <CoreInst = "m_axi">   --->   Core 119 'm_axi' <Latency = 6> <II = 1> <Delay = 1.00> <Adapter> <Opcode : 'read' 'write' 'readreq' 'writereq' 'writeresp'>
ST_56 : Operation 939 [29/71] (4.66ns)   --->   "%gmem_load_8_req = readreq i1 @_ssdm_op_ReadReq.m_axi.i32P1A, i32 %gmem_addr_5, i64 1" [cluster.cpp:34]   --->   Operation 939 'readreq' 'gmem_load_8_req' <Predicate = true> <Delay = 4.66> <CoreInst = "m_axi">   --->   Core 119 'm_axi' <Latency = 6> <II = 1> <Delay = 1.00> <Adapter> <Opcode : 'read' 'write' 'readreq' 'writereq' 'writeresp'>
ST_56 : Operation 940 [30/71] (4.66ns)   --->   "%empty_21 = readreq i1 @_ssdm_op_ReadReq.m_axi.p1i32, i32 %gmem_addr_14, i64 3" [cluster.cpp:33]   --->   Operation 940 'readreq' 'empty_21' <Predicate = true> <Delay = 4.66> <CoreInst = "m_axi">   --->   Core 119 'm_axi' <Latency = 6> <II = 1> <Delay = 1.00> <Adapter> <Opcode : 'read' 'write' 'readreq' 'writereq' 'writeresp'>
ST_56 : Operation 941 [31/71] (4.66ns)   --->   "%gmem_load_9_req = readreq i1 @_ssdm_op_ReadReq.m_axi.i32P1A, i32 %gmem_addr_6, i64 1" [cluster.cpp:34]   --->   Operation 941 'readreq' 'gmem_load_9_req' <Predicate = true> <Delay = 4.66> <CoreInst = "m_axi">   --->   Core 119 'm_axi' <Latency = 6> <II = 1> <Delay = 1.00> <Adapter> <Opcode : 'read' 'write' 'readreq' 'writereq' 'writeresp'>
ST_56 : Operation 942 [33/71] (4.66ns)   --->   "%gmem_load_10_req = readreq i1 @_ssdm_op_ReadReq.m_axi.i32P1A, i32 %gmem_addr_7, i64 1" [cluster.cpp:34]   --->   Operation 942 'readreq' 'gmem_load_10_req' <Predicate = true> <Delay = 4.66> <CoreInst = "m_axi">   --->   Core 119 'm_axi' <Latency = 6> <II = 1> <Delay = 1.00> <Adapter> <Opcode : 'read' 'write' 'readreq' 'writereq' 'writeresp'>
ST_56 : Operation 943 [35/71] (4.66ns)   --->   "%gmem_load_11_req = readreq i1 @_ssdm_op_ReadReq.m_axi.i32P1A, i32 %gmem_addr_8, i64 1" [cluster.cpp:34]   --->   Operation 943 'readreq' 'gmem_load_11_req' <Predicate = true> <Delay = 4.66> <CoreInst = "m_axi">   --->   Core 119 'm_axi' <Latency = 6> <II = 1> <Delay = 1.00> <Adapter> <Opcode : 'read' 'write' 'readreq' 'writereq' 'writeresp'>

State 57 <SV = 56> <Delay = 4.66>
ST_57 : Operation 944 [17/71] (4.66ns)   --->   "%gmem_load_req = readreq i1 @_ssdm_op_ReadReq.m_axi.i32P1A, i32 %gmem_addr_10, i64 1" [cluster.cpp:34]   --->   Operation 944 'readreq' 'gmem_load_req' <Predicate = true> <Delay = 4.66> <CoreInst = "m_axi">   --->   Core 119 'm_axi' <Latency = 6> <II = 1> <Delay = 1.00> <Adapter> <Opcode : 'read' 'write' 'readreq' 'writereq' 'writeresp'>
ST_57 : Operation 945 [18/71] (4.66ns)   --->   "%gmem_load_1_req = readreq i1 @_ssdm_op_ReadReq.m_axi.i32P1A, i32 %gmem_addr, i64 1" [cluster.cpp:34]   --->   Operation 945 'readreq' 'gmem_load_1_req' <Predicate = true> <Delay = 4.66> <CoreInst = "m_axi">   --->   Core 119 'm_axi' <Latency = 6> <II = 1> <Delay = 1.00> <Adapter> <Opcode : 'read' 'write' 'readreq' 'writereq' 'writeresp'>
ST_57 : Operation 946 [19/71] (4.66ns)   --->   "%gmem_load_2_req = readreq i1 @_ssdm_op_ReadReq.m_axi.i32P1A, i32 %gmem_addr_11, i64 1" [cluster.cpp:34]   --->   Operation 946 'readreq' 'gmem_load_2_req' <Predicate = true> <Delay = 4.66> <CoreInst = "m_axi">   --->   Core 119 'm_axi' <Latency = 6> <II = 1> <Delay = 1.00> <Adapter> <Opcode : 'read' 'write' 'readreq' 'writereq' 'writeresp'>
ST_57 : Operation 947 [20/71] (4.66ns)   --->   "%gmem_load_3_req = readreq i1 @_ssdm_op_ReadReq.m_axi.i32P1A, i32 %gmem_addr_1, i64 1" [cluster.cpp:34]   --->   Operation 947 'readreq' 'gmem_load_3_req' <Predicate = true> <Delay = 4.66> <CoreInst = "m_axi">   --->   Core 119 'm_axi' <Latency = 6> <II = 1> <Delay = 1.00> <Adapter> <Opcode : 'read' 'write' 'readreq' 'writereq' 'writeresp'>
ST_57 : Operation 948 [21/71] (4.66ns)   --->   "%gmem_load_4_req = readreq i1 @_ssdm_op_ReadReq.m_axi.i32P1A, i32 %gmem_addr_12, i64 1" [cluster.cpp:34]   --->   Operation 948 'readreq' 'gmem_load_4_req' <Predicate = true> <Delay = 4.66> <CoreInst = "m_axi">   --->   Core 119 'm_axi' <Latency = 6> <II = 1> <Delay = 1.00> <Adapter> <Opcode : 'read' 'write' 'readreq' 'writereq' 'writeresp'>
ST_57 : Operation 949 [22/71] (4.66ns)   --->   "%gmem_load_5_req = readreq i1 @_ssdm_op_ReadReq.m_axi.i32P1A, i32 %gmem_addr_2, i64 1" [cluster.cpp:34]   --->   Operation 949 'readreq' 'gmem_load_5_req' <Predicate = true> <Delay = 4.66> <CoreInst = "m_axi">   --->   Core 119 'm_axi' <Latency = 6> <II = 1> <Delay = 1.00> <Adapter> <Opcode : 'read' 'write' 'readreq' 'writereq' 'writeresp'>
ST_57 : Operation 950 [23/71] (4.66ns)   --->   "%empty_19 = readreq i1 @_ssdm_op_ReadReq.m_axi.p1i32, i32 %gmem_addr_13, i64 3" [cluster.cpp:33]   --->   Operation 950 'readreq' 'empty_19' <Predicate = true> <Delay = 4.66> <CoreInst = "m_axi">   --->   Core 119 'm_axi' <Latency = 6> <II = 1> <Delay = 1.00> <Adapter> <Opcode : 'read' 'write' 'readreq' 'writereq' 'writeresp'>
ST_57 : Operation 951 [24/71] (4.66ns)   --->   "%gmem_load_6_req = readreq i1 @_ssdm_op_ReadReq.m_axi.i32P1A, i32 %gmem_addr_3, i64 1" [cluster.cpp:34]   --->   Operation 951 'readreq' 'gmem_load_6_req' <Predicate = true> <Delay = 4.66> <CoreInst = "m_axi">   --->   Core 119 'm_axi' <Latency = 6> <II = 1> <Delay = 1.00> <Adapter> <Opcode : 'read' 'write' 'readreq' 'writereq' 'writeresp'>
ST_57 : Operation 952 [26/71] (4.66ns)   --->   "%gmem_load_7_req = readreq i1 @_ssdm_op_ReadReq.m_axi.i32P1A, i32 %gmem_addr_4, i64 1" [cluster.cpp:34]   --->   Operation 952 'readreq' 'gmem_load_7_req' <Predicate = true> <Delay = 4.66> <CoreInst = "m_axi">   --->   Core 119 'm_axi' <Latency = 6> <II = 1> <Delay = 1.00> <Adapter> <Opcode : 'read' 'write' 'readreq' 'writereq' 'writeresp'>
ST_57 : Operation 953 [28/71] (4.66ns)   --->   "%gmem_load_8_req = readreq i1 @_ssdm_op_ReadReq.m_axi.i32P1A, i32 %gmem_addr_5, i64 1" [cluster.cpp:34]   --->   Operation 953 'readreq' 'gmem_load_8_req' <Predicate = true> <Delay = 4.66> <CoreInst = "m_axi">   --->   Core 119 'm_axi' <Latency = 6> <II = 1> <Delay = 1.00> <Adapter> <Opcode : 'read' 'write' 'readreq' 'writereq' 'writeresp'>
ST_57 : Operation 954 [29/71] (4.66ns)   --->   "%empty_21 = readreq i1 @_ssdm_op_ReadReq.m_axi.p1i32, i32 %gmem_addr_14, i64 3" [cluster.cpp:33]   --->   Operation 954 'readreq' 'empty_21' <Predicate = true> <Delay = 4.66> <CoreInst = "m_axi">   --->   Core 119 'm_axi' <Latency = 6> <II = 1> <Delay = 1.00> <Adapter> <Opcode : 'read' 'write' 'readreq' 'writereq' 'writeresp'>
ST_57 : Operation 955 [30/71] (4.66ns)   --->   "%gmem_load_9_req = readreq i1 @_ssdm_op_ReadReq.m_axi.i32P1A, i32 %gmem_addr_6, i64 1" [cluster.cpp:34]   --->   Operation 955 'readreq' 'gmem_load_9_req' <Predicate = true> <Delay = 4.66> <CoreInst = "m_axi">   --->   Core 119 'm_axi' <Latency = 6> <II = 1> <Delay = 1.00> <Adapter> <Opcode : 'read' 'write' 'readreq' 'writereq' 'writeresp'>
ST_57 : Operation 956 [32/71] (4.66ns)   --->   "%gmem_load_10_req = readreq i1 @_ssdm_op_ReadReq.m_axi.i32P1A, i32 %gmem_addr_7, i64 1" [cluster.cpp:34]   --->   Operation 956 'readreq' 'gmem_load_10_req' <Predicate = true> <Delay = 4.66> <CoreInst = "m_axi">   --->   Core 119 'm_axi' <Latency = 6> <II = 1> <Delay = 1.00> <Adapter> <Opcode : 'read' 'write' 'readreq' 'writereq' 'writeresp'>
ST_57 : Operation 957 [34/71] (4.66ns)   --->   "%gmem_load_11_req = readreq i1 @_ssdm_op_ReadReq.m_axi.i32P1A, i32 %gmem_addr_8, i64 1" [cluster.cpp:34]   --->   Operation 957 'readreq' 'gmem_load_11_req' <Predicate = true> <Delay = 4.66> <CoreInst = "m_axi">   --->   Core 119 'm_axi' <Latency = 6> <II = 1> <Delay = 1.00> <Adapter> <Opcode : 'read' 'write' 'readreq' 'writereq' 'writeresp'>

State 58 <SV = 57> <Delay = 4.66>
ST_58 : Operation 958 [16/71] (4.66ns)   --->   "%gmem_load_req = readreq i1 @_ssdm_op_ReadReq.m_axi.i32P1A, i32 %gmem_addr_10, i64 1" [cluster.cpp:34]   --->   Operation 958 'readreq' 'gmem_load_req' <Predicate = true> <Delay = 4.66> <CoreInst = "m_axi">   --->   Core 119 'm_axi' <Latency = 6> <II = 1> <Delay = 1.00> <Adapter> <Opcode : 'read' 'write' 'readreq' 'writereq' 'writeresp'>
ST_58 : Operation 959 [17/71] (4.66ns)   --->   "%gmem_load_1_req = readreq i1 @_ssdm_op_ReadReq.m_axi.i32P1A, i32 %gmem_addr, i64 1" [cluster.cpp:34]   --->   Operation 959 'readreq' 'gmem_load_1_req' <Predicate = true> <Delay = 4.66> <CoreInst = "m_axi">   --->   Core 119 'm_axi' <Latency = 6> <II = 1> <Delay = 1.00> <Adapter> <Opcode : 'read' 'write' 'readreq' 'writereq' 'writeresp'>
ST_58 : Operation 960 [18/71] (4.66ns)   --->   "%gmem_load_2_req = readreq i1 @_ssdm_op_ReadReq.m_axi.i32P1A, i32 %gmem_addr_11, i64 1" [cluster.cpp:34]   --->   Operation 960 'readreq' 'gmem_load_2_req' <Predicate = true> <Delay = 4.66> <CoreInst = "m_axi">   --->   Core 119 'm_axi' <Latency = 6> <II = 1> <Delay = 1.00> <Adapter> <Opcode : 'read' 'write' 'readreq' 'writereq' 'writeresp'>
ST_58 : Operation 961 [19/71] (4.66ns)   --->   "%gmem_load_3_req = readreq i1 @_ssdm_op_ReadReq.m_axi.i32P1A, i32 %gmem_addr_1, i64 1" [cluster.cpp:34]   --->   Operation 961 'readreq' 'gmem_load_3_req' <Predicate = true> <Delay = 4.66> <CoreInst = "m_axi">   --->   Core 119 'm_axi' <Latency = 6> <II = 1> <Delay = 1.00> <Adapter> <Opcode : 'read' 'write' 'readreq' 'writereq' 'writeresp'>
ST_58 : Operation 962 [20/71] (4.66ns)   --->   "%gmem_load_4_req = readreq i1 @_ssdm_op_ReadReq.m_axi.i32P1A, i32 %gmem_addr_12, i64 1" [cluster.cpp:34]   --->   Operation 962 'readreq' 'gmem_load_4_req' <Predicate = true> <Delay = 4.66> <CoreInst = "m_axi">   --->   Core 119 'm_axi' <Latency = 6> <II = 1> <Delay = 1.00> <Adapter> <Opcode : 'read' 'write' 'readreq' 'writereq' 'writeresp'>
ST_58 : Operation 963 [21/71] (4.66ns)   --->   "%gmem_load_5_req = readreq i1 @_ssdm_op_ReadReq.m_axi.i32P1A, i32 %gmem_addr_2, i64 1" [cluster.cpp:34]   --->   Operation 963 'readreq' 'gmem_load_5_req' <Predicate = true> <Delay = 4.66> <CoreInst = "m_axi">   --->   Core 119 'm_axi' <Latency = 6> <II = 1> <Delay = 1.00> <Adapter> <Opcode : 'read' 'write' 'readreq' 'writereq' 'writeresp'>
ST_58 : Operation 964 [22/71] (4.66ns)   --->   "%empty_19 = readreq i1 @_ssdm_op_ReadReq.m_axi.p1i32, i32 %gmem_addr_13, i64 3" [cluster.cpp:33]   --->   Operation 964 'readreq' 'empty_19' <Predicate = true> <Delay = 4.66> <CoreInst = "m_axi">   --->   Core 119 'm_axi' <Latency = 6> <II = 1> <Delay = 1.00> <Adapter> <Opcode : 'read' 'write' 'readreq' 'writereq' 'writeresp'>
ST_58 : Operation 965 [23/71] (4.66ns)   --->   "%gmem_load_6_req = readreq i1 @_ssdm_op_ReadReq.m_axi.i32P1A, i32 %gmem_addr_3, i64 1" [cluster.cpp:34]   --->   Operation 965 'readreq' 'gmem_load_6_req' <Predicate = true> <Delay = 4.66> <CoreInst = "m_axi">   --->   Core 119 'm_axi' <Latency = 6> <II = 1> <Delay = 1.00> <Adapter> <Opcode : 'read' 'write' 'readreq' 'writereq' 'writeresp'>
ST_58 : Operation 966 [25/71] (4.66ns)   --->   "%gmem_load_7_req = readreq i1 @_ssdm_op_ReadReq.m_axi.i32P1A, i32 %gmem_addr_4, i64 1" [cluster.cpp:34]   --->   Operation 966 'readreq' 'gmem_load_7_req' <Predicate = true> <Delay = 4.66> <CoreInst = "m_axi">   --->   Core 119 'm_axi' <Latency = 6> <II = 1> <Delay = 1.00> <Adapter> <Opcode : 'read' 'write' 'readreq' 'writereq' 'writeresp'>
ST_58 : Operation 967 [27/71] (4.66ns)   --->   "%gmem_load_8_req = readreq i1 @_ssdm_op_ReadReq.m_axi.i32P1A, i32 %gmem_addr_5, i64 1" [cluster.cpp:34]   --->   Operation 967 'readreq' 'gmem_load_8_req' <Predicate = true> <Delay = 4.66> <CoreInst = "m_axi">   --->   Core 119 'm_axi' <Latency = 6> <II = 1> <Delay = 1.00> <Adapter> <Opcode : 'read' 'write' 'readreq' 'writereq' 'writeresp'>
ST_58 : Operation 968 [28/71] (4.66ns)   --->   "%empty_21 = readreq i1 @_ssdm_op_ReadReq.m_axi.p1i32, i32 %gmem_addr_14, i64 3" [cluster.cpp:33]   --->   Operation 968 'readreq' 'empty_21' <Predicate = true> <Delay = 4.66> <CoreInst = "m_axi">   --->   Core 119 'm_axi' <Latency = 6> <II = 1> <Delay = 1.00> <Adapter> <Opcode : 'read' 'write' 'readreq' 'writereq' 'writeresp'>
ST_58 : Operation 969 [29/71] (4.66ns)   --->   "%gmem_load_9_req = readreq i1 @_ssdm_op_ReadReq.m_axi.i32P1A, i32 %gmem_addr_6, i64 1" [cluster.cpp:34]   --->   Operation 969 'readreq' 'gmem_load_9_req' <Predicate = true> <Delay = 4.66> <CoreInst = "m_axi">   --->   Core 119 'm_axi' <Latency = 6> <II = 1> <Delay = 1.00> <Adapter> <Opcode : 'read' 'write' 'readreq' 'writereq' 'writeresp'>
ST_58 : Operation 970 [31/71] (4.66ns)   --->   "%gmem_load_10_req = readreq i1 @_ssdm_op_ReadReq.m_axi.i32P1A, i32 %gmem_addr_7, i64 1" [cluster.cpp:34]   --->   Operation 970 'readreq' 'gmem_load_10_req' <Predicate = true> <Delay = 4.66> <CoreInst = "m_axi">   --->   Core 119 'm_axi' <Latency = 6> <II = 1> <Delay = 1.00> <Adapter> <Opcode : 'read' 'write' 'readreq' 'writereq' 'writeresp'>
ST_58 : Operation 971 [33/71] (4.66ns)   --->   "%gmem_load_11_req = readreq i1 @_ssdm_op_ReadReq.m_axi.i32P1A, i32 %gmem_addr_8, i64 1" [cluster.cpp:34]   --->   Operation 971 'readreq' 'gmem_load_11_req' <Predicate = true> <Delay = 4.66> <CoreInst = "m_axi">   --->   Core 119 'm_axi' <Latency = 6> <II = 1> <Delay = 1.00> <Adapter> <Opcode : 'read' 'write' 'readreq' 'writereq' 'writeresp'>

State 59 <SV = 58> <Delay = 4.66>
ST_59 : Operation 972 [15/71] (4.66ns)   --->   "%gmem_load_req = readreq i1 @_ssdm_op_ReadReq.m_axi.i32P1A, i32 %gmem_addr_10, i64 1" [cluster.cpp:34]   --->   Operation 972 'readreq' 'gmem_load_req' <Predicate = true> <Delay = 4.66> <CoreInst = "m_axi">   --->   Core 119 'm_axi' <Latency = 6> <II = 1> <Delay = 1.00> <Adapter> <Opcode : 'read' 'write' 'readreq' 'writereq' 'writeresp'>
ST_59 : Operation 973 [16/71] (4.66ns)   --->   "%gmem_load_1_req = readreq i1 @_ssdm_op_ReadReq.m_axi.i32P1A, i32 %gmem_addr, i64 1" [cluster.cpp:34]   --->   Operation 973 'readreq' 'gmem_load_1_req' <Predicate = true> <Delay = 4.66> <CoreInst = "m_axi">   --->   Core 119 'm_axi' <Latency = 6> <II = 1> <Delay = 1.00> <Adapter> <Opcode : 'read' 'write' 'readreq' 'writereq' 'writeresp'>
ST_59 : Operation 974 [17/71] (4.66ns)   --->   "%gmem_load_2_req = readreq i1 @_ssdm_op_ReadReq.m_axi.i32P1A, i32 %gmem_addr_11, i64 1" [cluster.cpp:34]   --->   Operation 974 'readreq' 'gmem_load_2_req' <Predicate = true> <Delay = 4.66> <CoreInst = "m_axi">   --->   Core 119 'm_axi' <Latency = 6> <II = 1> <Delay = 1.00> <Adapter> <Opcode : 'read' 'write' 'readreq' 'writereq' 'writeresp'>
ST_59 : Operation 975 [18/71] (4.66ns)   --->   "%gmem_load_3_req = readreq i1 @_ssdm_op_ReadReq.m_axi.i32P1A, i32 %gmem_addr_1, i64 1" [cluster.cpp:34]   --->   Operation 975 'readreq' 'gmem_load_3_req' <Predicate = true> <Delay = 4.66> <CoreInst = "m_axi">   --->   Core 119 'm_axi' <Latency = 6> <II = 1> <Delay = 1.00> <Adapter> <Opcode : 'read' 'write' 'readreq' 'writereq' 'writeresp'>
ST_59 : Operation 976 [19/71] (4.66ns)   --->   "%gmem_load_4_req = readreq i1 @_ssdm_op_ReadReq.m_axi.i32P1A, i32 %gmem_addr_12, i64 1" [cluster.cpp:34]   --->   Operation 976 'readreq' 'gmem_load_4_req' <Predicate = true> <Delay = 4.66> <CoreInst = "m_axi">   --->   Core 119 'm_axi' <Latency = 6> <II = 1> <Delay = 1.00> <Adapter> <Opcode : 'read' 'write' 'readreq' 'writereq' 'writeresp'>
ST_59 : Operation 977 [20/71] (4.66ns)   --->   "%gmem_load_5_req = readreq i1 @_ssdm_op_ReadReq.m_axi.i32P1A, i32 %gmem_addr_2, i64 1" [cluster.cpp:34]   --->   Operation 977 'readreq' 'gmem_load_5_req' <Predicate = true> <Delay = 4.66> <CoreInst = "m_axi">   --->   Core 119 'm_axi' <Latency = 6> <II = 1> <Delay = 1.00> <Adapter> <Opcode : 'read' 'write' 'readreq' 'writereq' 'writeresp'>
ST_59 : Operation 978 [21/71] (4.66ns)   --->   "%empty_19 = readreq i1 @_ssdm_op_ReadReq.m_axi.p1i32, i32 %gmem_addr_13, i64 3" [cluster.cpp:33]   --->   Operation 978 'readreq' 'empty_19' <Predicate = true> <Delay = 4.66> <CoreInst = "m_axi">   --->   Core 119 'm_axi' <Latency = 6> <II = 1> <Delay = 1.00> <Adapter> <Opcode : 'read' 'write' 'readreq' 'writereq' 'writeresp'>
ST_59 : Operation 979 [22/71] (4.66ns)   --->   "%gmem_load_6_req = readreq i1 @_ssdm_op_ReadReq.m_axi.i32P1A, i32 %gmem_addr_3, i64 1" [cluster.cpp:34]   --->   Operation 979 'readreq' 'gmem_load_6_req' <Predicate = true> <Delay = 4.66> <CoreInst = "m_axi">   --->   Core 119 'm_axi' <Latency = 6> <II = 1> <Delay = 1.00> <Adapter> <Opcode : 'read' 'write' 'readreq' 'writereq' 'writeresp'>
ST_59 : Operation 980 [24/71] (4.66ns)   --->   "%gmem_load_7_req = readreq i1 @_ssdm_op_ReadReq.m_axi.i32P1A, i32 %gmem_addr_4, i64 1" [cluster.cpp:34]   --->   Operation 980 'readreq' 'gmem_load_7_req' <Predicate = true> <Delay = 4.66> <CoreInst = "m_axi">   --->   Core 119 'm_axi' <Latency = 6> <II = 1> <Delay = 1.00> <Adapter> <Opcode : 'read' 'write' 'readreq' 'writereq' 'writeresp'>
ST_59 : Operation 981 [26/71] (4.66ns)   --->   "%gmem_load_8_req = readreq i1 @_ssdm_op_ReadReq.m_axi.i32P1A, i32 %gmem_addr_5, i64 1" [cluster.cpp:34]   --->   Operation 981 'readreq' 'gmem_load_8_req' <Predicate = true> <Delay = 4.66> <CoreInst = "m_axi">   --->   Core 119 'm_axi' <Latency = 6> <II = 1> <Delay = 1.00> <Adapter> <Opcode : 'read' 'write' 'readreq' 'writereq' 'writeresp'>
ST_59 : Operation 982 [27/71] (4.66ns)   --->   "%empty_21 = readreq i1 @_ssdm_op_ReadReq.m_axi.p1i32, i32 %gmem_addr_14, i64 3" [cluster.cpp:33]   --->   Operation 982 'readreq' 'empty_21' <Predicate = true> <Delay = 4.66> <CoreInst = "m_axi">   --->   Core 119 'm_axi' <Latency = 6> <II = 1> <Delay = 1.00> <Adapter> <Opcode : 'read' 'write' 'readreq' 'writereq' 'writeresp'>
ST_59 : Operation 983 [28/71] (4.66ns)   --->   "%gmem_load_9_req = readreq i1 @_ssdm_op_ReadReq.m_axi.i32P1A, i32 %gmem_addr_6, i64 1" [cluster.cpp:34]   --->   Operation 983 'readreq' 'gmem_load_9_req' <Predicate = true> <Delay = 4.66> <CoreInst = "m_axi">   --->   Core 119 'm_axi' <Latency = 6> <II = 1> <Delay = 1.00> <Adapter> <Opcode : 'read' 'write' 'readreq' 'writereq' 'writeresp'>
ST_59 : Operation 984 [30/71] (4.66ns)   --->   "%gmem_load_10_req = readreq i1 @_ssdm_op_ReadReq.m_axi.i32P1A, i32 %gmem_addr_7, i64 1" [cluster.cpp:34]   --->   Operation 984 'readreq' 'gmem_load_10_req' <Predicate = true> <Delay = 4.66> <CoreInst = "m_axi">   --->   Core 119 'm_axi' <Latency = 6> <II = 1> <Delay = 1.00> <Adapter> <Opcode : 'read' 'write' 'readreq' 'writereq' 'writeresp'>
ST_59 : Operation 985 [32/71] (4.66ns)   --->   "%gmem_load_11_req = readreq i1 @_ssdm_op_ReadReq.m_axi.i32P1A, i32 %gmem_addr_8, i64 1" [cluster.cpp:34]   --->   Operation 985 'readreq' 'gmem_load_11_req' <Predicate = true> <Delay = 4.66> <CoreInst = "m_axi">   --->   Core 119 'm_axi' <Latency = 6> <II = 1> <Delay = 1.00> <Adapter> <Opcode : 'read' 'write' 'readreq' 'writereq' 'writeresp'>

State 60 <SV = 59> <Delay = 4.66>
ST_60 : Operation 986 [14/71] (4.66ns)   --->   "%gmem_load_req = readreq i1 @_ssdm_op_ReadReq.m_axi.i32P1A, i32 %gmem_addr_10, i64 1" [cluster.cpp:34]   --->   Operation 986 'readreq' 'gmem_load_req' <Predicate = true> <Delay = 4.66> <CoreInst = "m_axi">   --->   Core 119 'm_axi' <Latency = 6> <II = 1> <Delay = 1.00> <Adapter> <Opcode : 'read' 'write' 'readreq' 'writereq' 'writeresp'>
ST_60 : Operation 987 [15/71] (4.66ns)   --->   "%gmem_load_1_req = readreq i1 @_ssdm_op_ReadReq.m_axi.i32P1A, i32 %gmem_addr, i64 1" [cluster.cpp:34]   --->   Operation 987 'readreq' 'gmem_load_1_req' <Predicate = true> <Delay = 4.66> <CoreInst = "m_axi">   --->   Core 119 'm_axi' <Latency = 6> <II = 1> <Delay = 1.00> <Adapter> <Opcode : 'read' 'write' 'readreq' 'writereq' 'writeresp'>
ST_60 : Operation 988 [16/71] (4.66ns)   --->   "%gmem_load_2_req = readreq i1 @_ssdm_op_ReadReq.m_axi.i32P1A, i32 %gmem_addr_11, i64 1" [cluster.cpp:34]   --->   Operation 988 'readreq' 'gmem_load_2_req' <Predicate = true> <Delay = 4.66> <CoreInst = "m_axi">   --->   Core 119 'm_axi' <Latency = 6> <II = 1> <Delay = 1.00> <Adapter> <Opcode : 'read' 'write' 'readreq' 'writereq' 'writeresp'>
ST_60 : Operation 989 [17/71] (4.66ns)   --->   "%gmem_load_3_req = readreq i1 @_ssdm_op_ReadReq.m_axi.i32P1A, i32 %gmem_addr_1, i64 1" [cluster.cpp:34]   --->   Operation 989 'readreq' 'gmem_load_3_req' <Predicate = true> <Delay = 4.66> <CoreInst = "m_axi">   --->   Core 119 'm_axi' <Latency = 6> <II = 1> <Delay = 1.00> <Adapter> <Opcode : 'read' 'write' 'readreq' 'writereq' 'writeresp'>
ST_60 : Operation 990 [18/71] (4.66ns)   --->   "%gmem_load_4_req = readreq i1 @_ssdm_op_ReadReq.m_axi.i32P1A, i32 %gmem_addr_12, i64 1" [cluster.cpp:34]   --->   Operation 990 'readreq' 'gmem_load_4_req' <Predicate = true> <Delay = 4.66> <CoreInst = "m_axi">   --->   Core 119 'm_axi' <Latency = 6> <II = 1> <Delay = 1.00> <Adapter> <Opcode : 'read' 'write' 'readreq' 'writereq' 'writeresp'>
ST_60 : Operation 991 [19/71] (4.66ns)   --->   "%gmem_load_5_req = readreq i1 @_ssdm_op_ReadReq.m_axi.i32P1A, i32 %gmem_addr_2, i64 1" [cluster.cpp:34]   --->   Operation 991 'readreq' 'gmem_load_5_req' <Predicate = true> <Delay = 4.66> <CoreInst = "m_axi">   --->   Core 119 'm_axi' <Latency = 6> <II = 1> <Delay = 1.00> <Adapter> <Opcode : 'read' 'write' 'readreq' 'writereq' 'writeresp'>
ST_60 : Operation 992 [20/71] (4.66ns)   --->   "%empty_19 = readreq i1 @_ssdm_op_ReadReq.m_axi.p1i32, i32 %gmem_addr_13, i64 3" [cluster.cpp:33]   --->   Operation 992 'readreq' 'empty_19' <Predicate = true> <Delay = 4.66> <CoreInst = "m_axi">   --->   Core 119 'm_axi' <Latency = 6> <II = 1> <Delay = 1.00> <Adapter> <Opcode : 'read' 'write' 'readreq' 'writereq' 'writeresp'>
ST_60 : Operation 993 [21/71] (4.66ns)   --->   "%gmem_load_6_req = readreq i1 @_ssdm_op_ReadReq.m_axi.i32P1A, i32 %gmem_addr_3, i64 1" [cluster.cpp:34]   --->   Operation 993 'readreq' 'gmem_load_6_req' <Predicate = true> <Delay = 4.66> <CoreInst = "m_axi">   --->   Core 119 'm_axi' <Latency = 6> <II = 1> <Delay = 1.00> <Adapter> <Opcode : 'read' 'write' 'readreq' 'writereq' 'writeresp'>
ST_60 : Operation 994 [23/71] (4.66ns)   --->   "%gmem_load_7_req = readreq i1 @_ssdm_op_ReadReq.m_axi.i32P1A, i32 %gmem_addr_4, i64 1" [cluster.cpp:34]   --->   Operation 994 'readreq' 'gmem_load_7_req' <Predicate = true> <Delay = 4.66> <CoreInst = "m_axi">   --->   Core 119 'm_axi' <Latency = 6> <II = 1> <Delay = 1.00> <Adapter> <Opcode : 'read' 'write' 'readreq' 'writereq' 'writeresp'>
ST_60 : Operation 995 [25/71] (4.66ns)   --->   "%gmem_load_8_req = readreq i1 @_ssdm_op_ReadReq.m_axi.i32P1A, i32 %gmem_addr_5, i64 1" [cluster.cpp:34]   --->   Operation 995 'readreq' 'gmem_load_8_req' <Predicate = true> <Delay = 4.66> <CoreInst = "m_axi">   --->   Core 119 'm_axi' <Latency = 6> <II = 1> <Delay = 1.00> <Adapter> <Opcode : 'read' 'write' 'readreq' 'writereq' 'writeresp'>
ST_60 : Operation 996 [26/71] (4.66ns)   --->   "%empty_21 = readreq i1 @_ssdm_op_ReadReq.m_axi.p1i32, i32 %gmem_addr_14, i64 3" [cluster.cpp:33]   --->   Operation 996 'readreq' 'empty_21' <Predicate = true> <Delay = 4.66> <CoreInst = "m_axi">   --->   Core 119 'm_axi' <Latency = 6> <II = 1> <Delay = 1.00> <Adapter> <Opcode : 'read' 'write' 'readreq' 'writereq' 'writeresp'>
ST_60 : Operation 997 [27/71] (4.66ns)   --->   "%gmem_load_9_req = readreq i1 @_ssdm_op_ReadReq.m_axi.i32P1A, i32 %gmem_addr_6, i64 1" [cluster.cpp:34]   --->   Operation 997 'readreq' 'gmem_load_9_req' <Predicate = true> <Delay = 4.66> <CoreInst = "m_axi">   --->   Core 119 'm_axi' <Latency = 6> <II = 1> <Delay = 1.00> <Adapter> <Opcode : 'read' 'write' 'readreq' 'writereq' 'writeresp'>
ST_60 : Operation 998 [29/71] (4.66ns)   --->   "%gmem_load_10_req = readreq i1 @_ssdm_op_ReadReq.m_axi.i32P1A, i32 %gmem_addr_7, i64 1" [cluster.cpp:34]   --->   Operation 998 'readreq' 'gmem_load_10_req' <Predicate = true> <Delay = 4.66> <CoreInst = "m_axi">   --->   Core 119 'm_axi' <Latency = 6> <II = 1> <Delay = 1.00> <Adapter> <Opcode : 'read' 'write' 'readreq' 'writereq' 'writeresp'>
ST_60 : Operation 999 [31/71] (4.66ns)   --->   "%gmem_load_11_req = readreq i1 @_ssdm_op_ReadReq.m_axi.i32P1A, i32 %gmem_addr_8, i64 1" [cluster.cpp:34]   --->   Operation 999 'readreq' 'gmem_load_11_req' <Predicate = true> <Delay = 4.66> <CoreInst = "m_axi">   --->   Core 119 'm_axi' <Latency = 6> <II = 1> <Delay = 1.00> <Adapter> <Opcode : 'read' 'write' 'readreq' 'writereq' 'writeresp'>

State 61 <SV = 60> <Delay = 4.66>
ST_61 : Operation 1000 [13/71] (4.66ns)   --->   "%gmem_load_req = readreq i1 @_ssdm_op_ReadReq.m_axi.i32P1A, i32 %gmem_addr_10, i64 1" [cluster.cpp:34]   --->   Operation 1000 'readreq' 'gmem_load_req' <Predicate = true> <Delay = 4.66> <CoreInst = "m_axi">   --->   Core 119 'm_axi' <Latency = 6> <II = 1> <Delay = 1.00> <Adapter> <Opcode : 'read' 'write' 'readreq' 'writereq' 'writeresp'>
ST_61 : Operation 1001 [14/71] (4.66ns)   --->   "%gmem_load_1_req = readreq i1 @_ssdm_op_ReadReq.m_axi.i32P1A, i32 %gmem_addr, i64 1" [cluster.cpp:34]   --->   Operation 1001 'readreq' 'gmem_load_1_req' <Predicate = true> <Delay = 4.66> <CoreInst = "m_axi">   --->   Core 119 'm_axi' <Latency = 6> <II = 1> <Delay = 1.00> <Adapter> <Opcode : 'read' 'write' 'readreq' 'writereq' 'writeresp'>
ST_61 : Operation 1002 [15/71] (4.66ns)   --->   "%gmem_load_2_req = readreq i1 @_ssdm_op_ReadReq.m_axi.i32P1A, i32 %gmem_addr_11, i64 1" [cluster.cpp:34]   --->   Operation 1002 'readreq' 'gmem_load_2_req' <Predicate = true> <Delay = 4.66> <CoreInst = "m_axi">   --->   Core 119 'm_axi' <Latency = 6> <II = 1> <Delay = 1.00> <Adapter> <Opcode : 'read' 'write' 'readreq' 'writereq' 'writeresp'>
ST_61 : Operation 1003 [16/71] (4.66ns)   --->   "%gmem_load_3_req = readreq i1 @_ssdm_op_ReadReq.m_axi.i32P1A, i32 %gmem_addr_1, i64 1" [cluster.cpp:34]   --->   Operation 1003 'readreq' 'gmem_load_3_req' <Predicate = true> <Delay = 4.66> <CoreInst = "m_axi">   --->   Core 119 'm_axi' <Latency = 6> <II = 1> <Delay = 1.00> <Adapter> <Opcode : 'read' 'write' 'readreq' 'writereq' 'writeresp'>
ST_61 : Operation 1004 [17/71] (4.66ns)   --->   "%gmem_load_4_req = readreq i1 @_ssdm_op_ReadReq.m_axi.i32P1A, i32 %gmem_addr_12, i64 1" [cluster.cpp:34]   --->   Operation 1004 'readreq' 'gmem_load_4_req' <Predicate = true> <Delay = 4.66> <CoreInst = "m_axi">   --->   Core 119 'm_axi' <Latency = 6> <II = 1> <Delay = 1.00> <Adapter> <Opcode : 'read' 'write' 'readreq' 'writereq' 'writeresp'>
ST_61 : Operation 1005 [18/71] (4.66ns)   --->   "%gmem_load_5_req = readreq i1 @_ssdm_op_ReadReq.m_axi.i32P1A, i32 %gmem_addr_2, i64 1" [cluster.cpp:34]   --->   Operation 1005 'readreq' 'gmem_load_5_req' <Predicate = true> <Delay = 4.66> <CoreInst = "m_axi">   --->   Core 119 'm_axi' <Latency = 6> <II = 1> <Delay = 1.00> <Adapter> <Opcode : 'read' 'write' 'readreq' 'writereq' 'writeresp'>
ST_61 : Operation 1006 [19/71] (4.66ns)   --->   "%empty_19 = readreq i1 @_ssdm_op_ReadReq.m_axi.p1i32, i32 %gmem_addr_13, i64 3" [cluster.cpp:33]   --->   Operation 1006 'readreq' 'empty_19' <Predicate = true> <Delay = 4.66> <CoreInst = "m_axi">   --->   Core 119 'm_axi' <Latency = 6> <II = 1> <Delay = 1.00> <Adapter> <Opcode : 'read' 'write' 'readreq' 'writereq' 'writeresp'>
ST_61 : Operation 1007 [20/71] (4.66ns)   --->   "%gmem_load_6_req = readreq i1 @_ssdm_op_ReadReq.m_axi.i32P1A, i32 %gmem_addr_3, i64 1" [cluster.cpp:34]   --->   Operation 1007 'readreq' 'gmem_load_6_req' <Predicate = true> <Delay = 4.66> <CoreInst = "m_axi">   --->   Core 119 'm_axi' <Latency = 6> <II = 1> <Delay = 1.00> <Adapter> <Opcode : 'read' 'write' 'readreq' 'writereq' 'writeresp'>
ST_61 : Operation 1008 [22/71] (4.66ns)   --->   "%gmem_load_7_req = readreq i1 @_ssdm_op_ReadReq.m_axi.i32P1A, i32 %gmem_addr_4, i64 1" [cluster.cpp:34]   --->   Operation 1008 'readreq' 'gmem_load_7_req' <Predicate = true> <Delay = 4.66> <CoreInst = "m_axi">   --->   Core 119 'm_axi' <Latency = 6> <II = 1> <Delay = 1.00> <Adapter> <Opcode : 'read' 'write' 'readreq' 'writereq' 'writeresp'>
ST_61 : Operation 1009 [24/71] (4.66ns)   --->   "%gmem_load_8_req = readreq i1 @_ssdm_op_ReadReq.m_axi.i32P1A, i32 %gmem_addr_5, i64 1" [cluster.cpp:34]   --->   Operation 1009 'readreq' 'gmem_load_8_req' <Predicate = true> <Delay = 4.66> <CoreInst = "m_axi">   --->   Core 119 'm_axi' <Latency = 6> <II = 1> <Delay = 1.00> <Adapter> <Opcode : 'read' 'write' 'readreq' 'writereq' 'writeresp'>
ST_61 : Operation 1010 [25/71] (4.66ns)   --->   "%empty_21 = readreq i1 @_ssdm_op_ReadReq.m_axi.p1i32, i32 %gmem_addr_14, i64 3" [cluster.cpp:33]   --->   Operation 1010 'readreq' 'empty_21' <Predicate = true> <Delay = 4.66> <CoreInst = "m_axi">   --->   Core 119 'm_axi' <Latency = 6> <II = 1> <Delay = 1.00> <Adapter> <Opcode : 'read' 'write' 'readreq' 'writereq' 'writeresp'>
ST_61 : Operation 1011 [26/71] (4.66ns)   --->   "%gmem_load_9_req = readreq i1 @_ssdm_op_ReadReq.m_axi.i32P1A, i32 %gmem_addr_6, i64 1" [cluster.cpp:34]   --->   Operation 1011 'readreq' 'gmem_load_9_req' <Predicate = true> <Delay = 4.66> <CoreInst = "m_axi">   --->   Core 119 'm_axi' <Latency = 6> <II = 1> <Delay = 1.00> <Adapter> <Opcode : 'read' 'write' 'readreq' 'writereq' 'writeresp'>
ST_61 : Operation 1012 [28/71] (4.66ns)   --->   "%gmem_load_10_req = readreq i1 @_ssdm_op_ReadReq.m_axi.i32P1A, i32 %gmem_addr_7, i64 1" [cluster.cpp:34]   --->   Operation 1012 'readreq' 'gmem_load_10_req' <Predicate = true> <Delay = 4.66> <CoreInst = "m_axi">   --->   Core 119 'm_axi' <Latency = 6> <II = 1> <Delay = 1.00> <Adapter> <Opcode : 'read' 'write' 'readreq' 'writereq' 'writeresp'>
ST_61 : Operation 1013 [30/71] (4.66ns)   --->   "%gmem_load_11_req = readreq i1 @_ssdm_op_ReadReq.m_axi.i32P1A, i32 %gmem_addr_8, i64 1" [cluster.cpp:34]   --->   Operation 1013 'readreq' 'gmem_load_11_req' <Predicate = true> <Delay = 4.66> <CoreInst = "m_axi">   --->   Core 119 'm_axi' <Latency = 6> <II = 1> <Delay = 1.00> <Adapter> <Opcode : 'read' 'write' 'readreq' 'writereq' 'writeresp'>

State 62 <SV = 61> <Delay = 4.66>
ST_62 : Operation 1014 [12/71] (4.66ns)   --->   "%gmem_load_req = readreq i1 @_ssdm_op_ReadReq.m_axi.i32P1A, i32 %gmem_addr_10, i64 1" [cluster.cpp:34]   --->   Operation 1014 'readreq' 'gmem_load_req' <Predicate = true> <Delay = 4.66> <CoreInst = "m_axi">   --->   Core 119 'm_axi' <Latency = 6> <II = 1> <Delay = 1.00> <Adapter> <Opcode : 'read' 'write' 'readreq' 'writereq' 'writeresp'>
ST_62 : Operation 1015 [13/71] (4.66ns)   --->   "%gmem_load_1_req = readreq i1 @_ssdm_op_ReadReq.m_axi.i32P1A, i32 %gmem_addr, i64 1" [cluster.cpp:34]   --->   Operation 1015 'readreq' 'gmem_load_1_req' <Predicate = true> <Delay = 4.66> <CoreInst = "m_axi">   --->   Core 119 'm_axi' <Latency = 6> <II = 1> <Delay = 1.00> <Adapter> <Opcode : 'read' 'write' 'readreq' 'writereq' 'writeresp'>
ST_62 : Operation 1016 [14/71] (4.66ns)   --->   "%gmem_load_2_req = readreq i1 @_ssdm_op_ReadReq.m_axi.i32P1A, i32 %gmem_addr_11, i64 1" [cluster.cpp:34]   --->   Operation 1016 'readreq' 'gmem_load_2_req' <Predicate = true> <Delay = 4.66> <CoreInst = "m_axi">   --->   Core 119 'm_axi' <Latency = 6> <II = 1> <Delay = 1.00> <Adapter> <Opcode : 'read' 'write' 'readreq' 'writereq' 'writeresp'>
ST_62 : Operation 1017 [15/71] (4.66ns)   --->   "%gmem_load_3_req = readreq i1 @_ssdm_op_ReadReq.m_axi.i32P1A, i32 %gmem_addr_1, i64 1" [cluster.cpp:34]   --->   Operation 1017 'readreq' 'gmem_load_3_req' <Predicate = true> <Delay = 4.66> <CoreInst = "m_axi">   --->   Core 119 'm_axi' <Latency = 6> <II = 1> <Delay = 1.00> <Adapter> <Opcode : 'read' 'write' 'readreq' 'writereq' 'writeresp'>
ST_62 : Operation 1018 [16/71] (4.66ns)   --->   "%gmem_load_4_req = readreq i1 @_ssdm_op_ReadReq.m_axi.i32P1A, i32 %gmem_addr_12, i64 1" [cluster.cpp:34]   --->   Operation 1018 'readreq' 'gmem_load_4_req' <Predicate = true> <Delay = 4.66> <CoreInst = "m_axi">   --->   Core 119 'm_axi' <Latency = 6> <II = 1> <Delay = 1.00> <Adapter> <Opcode : 'read' 'write' 'readreq' 'writereq' 'writeresp'>
ST_62 : Operation 1019 [17/71] (4.66ns)   --->   "%gmem_load_5_req = readreq i1 @_ssdm_op_ReadReq.m_axi.i32P1A, i32 %gmem_addr_2, i64 1" [cluster.cpp:34]   --->   Operation 1019 'readreq' 'gmem_load_5_req' <Predicate = true> <Delay = 4.66> <CoreInst = "m_axi">   --->   Core 119 'm_axi' <Latency = 6> <II = 1> <Delay = 1.00> <Adapter> <Opcode : 'read' 'write' 'readreq' 'writereq' 'writeresp'>
ST_62 : Operation 1020 [18/71] (4.66ns)   --->   "%empty_19 = readreq i1 @_ssdm_op_ReadReq.m_axi.p1i32, i32 %gmem_addr_13, i64 3" [cluster.cpp:33]   --->   Operation 1020 'readreq' 'empty_19' <Predicate = true> <Delay = 4.66> <CoreInst = "m_axi">   --->   Core 119 'm_axi' <Latency = 6> <II = 1> <Delay = 1.00> <Adapter> <Opcode : 'read' 'write' 'readreq' 'writereq' 'writeresp'>
ST_62 : Operation 1021 [19/71] (4.66ns)   --->   "%gmem_load_6_req = readreq i1 @_ssdm_op_ReadReq.m_axi.i32P1A, i32 %gmem_addr_3, i64 1" [cluster.cpp:34]   --->   Operation 1021 'readreq' 'gmem_load_6_req' <Predicate = true> <Delay = 4.66> <CoreInst = "m_axi">   --->   Core 119 'm_axi' <Latency = 6> <II = 1> <Delay = 1.00> <Adapter> <Opcode : 'read' 'write' 'readreq' 'writereq' 'writeresp'>
ST_62 : Operation 1022 [21/71] (4.66ns)   --->   "%gmem_load_7_req = readreq i1 @_ssdm_op_ReadReq.m_axi.i32P1A, i32 %gmem_addr_4, i64 1" [cluster.cpp:34]   --->   Operation 1022 'readreq' 'gmem_load_7_req' <Predicate = true> <Delay = 4.66> <CoreInst = "m_axi">   --->   Core 119 'm_axi' <Latency = 6> <II = 1> <Delay = 1.00> <Adapter> <Opcode : 'read' 'write' 'readreq' 'writereq' 'writeresp'>
ST_62 : Operation 1023 [23/71] (4.66ns)   --->   "%gmem_load_8_req = readreq i1 @_ssdm_op_ReadReq.m_axi.i32P1A, i32 %gmem_addr_5, i64 1" [cluster.cpp:34]   --->   Operation 1023 'readreq' 'gmem_load_8_req' <Predicate = true> <Delay = 4.66> <CoreInst = "m_axi">   --->   Core 119 'm_axi' <Latency = 6> <II = 1> <Delay = 1.00> <Adapter> <Opcode : 'read' 'write' 'readreq' 'writereq' 'writeresp'>
ST_62 : Operation 1024 [24/71] (4.66ns)   --->   "%empty_21 = readreq i1 @_ssdm_op_ReadReq.m_axi.p1i32, i32 %gmem_addr_14, i64 3" [cluster.cpp:33]   --->   Operation 1024 'readreq' 'empty_21' <Predicate = true> <Delay = 4.66> <CoreInst = "m_axi">   --->   Core 119 'm_axi' <Latency = 6> <II = 1> <Delay = 1.00> <Adapter> <Opcode : 'read' 'write' 'readreq' 'writereq' 'writeresp'>
ST_62 : Operation 1025 [25/71] (4.66ns)   --->   "%gmem_load_9_req = readreq i1 @_ssdm_op_ReadReq.m_axi.i32P1A, i32 %gmem_addr_6, i64 1" [cluster.cpp:34]   --->   Operation 1025 'readreq' 'gmem_load_9_req' <Predicate = true> <Delay = 4.66> <CoreInst = "m_axi">   --->   Core 119 'm_axi' <Latency = 6> <II = 1> <Delay = 1.00> <Adapter> <Opcode : 'read' 'write' 'readreq' 'writereq' 'writeresp'>
ST_62 : Operation 1026 [27/71] (4.66ns)   --->   "%gmem_load_10_req = readreq i1 @_ssdm_op_ReadReq.m_axi.i32P1A, i32 %gmem_addr_7, i64 1" [cluster.cpp:34]   --->   Operation 1026 'readreq' 'gmem_load_10_req' <Predicate = true> <Delay = 4.66> <CoreInst = "m_axi">   --->   Core 119 'm_axi' <Latency = 6> <II = 1> <Delay = 1.00> <Adapter> <Opcode : 'read' 'write' 'readreq' 'writereq' 'writeresp'>
ST_62 : Operation 1027 [29/71] (4.66ns)   --->   "%gmem_load_11_req = readreq i1 @_ssdm_op_ReadReq.m_axi.i32P1A, i32 %gmem_addr_8, i64 1" [cluster.cpp:34]   --->   Operation 1027 'readreq' 'gmem_load_11_req' <Predicate = true> <Delay = 4.66> <CoreInst = "m_axi">   --->   Core 119 'm_axi' <Latency = 6> <II = 1> <Delay = 1.00> <Adapter> <Opcode : 'read' 'write' 'readreq' 'writereq' 'writeresp'>

State 63 <SV = 62> <Delay = 4.66>
ST_63 : Operation 1028 [11/71] (4.66ns)   --->   "%gmem_load_req = readreq i1 @_ssdm_op_ReadReq.m_axi.i32P1A, i32 %gmem_addr_10, i64 1" [cluster.cpp:34]   --->   Operation 1028 'readreq' 'gmem_load_req' <Predicate = true> <Delay = 4.66> <CoreInst = "m_axi">   --->   Core 119 'm_axi' <Latency = 6> <II = 1> <Delay = 1.00> <Adapter> <Opcode : 'read' 'write' 'readreq' 'writereq' 'writeresp'>
ST_63 : Operation 1029 [12/71] (4.66ns)   --->   "%gmem_load_1_req = readreq i1 @_ssdm_op_ReadReq.m_axi.i32P1A, i32 %gmem_addr, i64 1" [cluster.cpp:34]   --->   Operation 1029 'readreq' 'gmem_load_1_req' <Predicate = true> <Delay = 4.66> <CoreInst = "m_axi">   --->   Core 119 'm_axi' <Latency = 6> <II = 1> <Delay = 1.00> <Adapter> <Opcode : 'read' 'write' 'readreq' 'writereq' 'writeresp'>
ST_63 : Operation 1030 [13/71] (4.66ns)   --->   "%gmem_load_2_req = readreq i1 @_ssdm_op_ReadReq.m_axi.i32P1A, i32 %gmem_addr_11, i64 1" [cluster.cpp:34]   --->   Operation 1030 'readreq' 'gmem_load_2_req' <Predicate = true> <Delay = 4.66> <CoreInst = "m_axi">   --->   Core 119 'm_axi' <Latency = 6> <II = 1> <Delay = 1.00> <Adapter> <Opcode : 'read' 'write' 'readreq' 'writereq' 'writeresp'>
ST_63 : Operation 1031 [14/71] (4.66ns)   --->   "%gmem_load_3_req = readreq i1 @_ssdm_op_ReadReq.m_axi.i32P1A, i32 %gmem_addr_1, i64 1" [cluster.cpp:34]   --->   Operation 1031 'readreq' 'gmem_load_3_req' <Predicate = true> <Delay = 4.66> <CoreInst = "m_axi">   --->   Core 119 'm_axi' <Latency = 6> <II = 1> <Delay = 1.00> <Adapter> <Opcode : 'read' 'write' 'readreq' 'writereq' 'writeresp'>
ST_63 : Operation 1032 [15/71] (4.66ns)   --->   "%gmem_load_4_req = readreq i1 @_ssdm_op_ReadReq.m_axi.i32P1A, i32 %gmem_addr_12, i64 1" [cluster.cpp:34]   --->   Operation 1032 'readreq' 'gmem_load_4_req' <Predicate = true> <Delay = 4.66> <CoreInst = "m_axi">   --->   Core 119 'm_axi' <Latency = 6> <II = 1> <Delay = 1.00> <Adapter> <Opcode : 'read' 'write' 'readreq' 'writereq' 'writeresp'>
ST_63 : Operation 1033 [16/71] (4.66ns)   --->   "%gmem_load_5_req = readreq i1 @_ssdm_op_ReadReq.m_axi.i32P1A, i32 %gmem_addr_2, i64 1" [cluster.cpp:34]   --->   Operation 1033 'readreq' 'gmem_load_5_req' <Predicate = true> <Delay = 4.66> <CoreInst = "m_axi">   --->   Core 119 'm_axi' <Latency = 6> <II = 1> <Delay = 1.00> <Adapter> <Opcode : 'read' 'write' 'readreq' 'writereq' 'writeresp'>
ST_63 : Operation 1034 [17/71] (4.66ns)   --->   "%empty_19 = readreq i1 @_ssdm_op_ReadReq.m_axi.p1i32, i32 %gmem_addr_13, i64 3" [cluster.cpp:33]   --->   Operation 1034 'readreq' 'empty_19' <Predicate = true> <Delay = 4.66> <CoreInst = "m_axi">   --->   Core 119 'm_axi' <Latency = 6> <II = 1> <Delay = 1.00> <Adapter> <Opcode : 'read' 'write' 'readreq' 'writereq' 'writeresp'>
ST_63 : Operation 1035 [18/71] (4.66ns)   --->   "%gmem_load_6_req = readreq i1 @_ssdm_op_ReadReq.m_axi.i32P1A, i32 %gmem_addr_3, i64 1" [cluster.cpp:34]   --->   Operation 1035 'readreq' 'gmem_load_6_req' <Predicate = true> <Delay = 4.66> <CoreInst = "m_axi">   --->   Core 119 'm_axi' <Latency = 6> <II = 1> <Delay = 1.00> <Adapter> <Opcode : 'read' 'write' 'readreq' 'writereq' 'writeresp'>
ST_63 : Operation 1036 [20/71] (4.66ns)   --->   "%gmem_load_7_req = readreq i1 @_ssdm_op_ReadReq.m_axi.i32P1A, i32 %gmem_addr_4, i64 1" [cluster.cpp:34]   --->   Operation 1036 'readreq' 'gmem_load_7_req' <Predicate = true> <Delay = 4.66> <CoreInst = "m_axi">   --->   Core 119 'm_axi' <Latency = 6> <II = 1> <Delay = 1.00> <Adapter> <Opcode : 'read' 'write' 'readreq' 'writereq' 'writeresp'>
ST_63 : Operation 1037 [22/71] (4.66ns)   --->   "%gmem_load_8_req = readreq i1 @_ssdm_op_ReadReq.m_axi.i32P1A, i32 %gmem_addr_5, i64 1" [cluster.cpp:34]   --->   Operation 1037 'readreq' 'gmem_load_8_req' <Predicate = true> <Delay = 4.66> <CoreInst = "m_axi">   --->   Core 119 'm_axi' <Latency = 6> <II = 1> <Delay = 1.00> <Adapter> <Opcode : 'read' 'write' 'readreq' 'writereq' 'writeresp'>
ST_63 : Operation 1038 [23/71] (4.66ns)   --->   "%empty_21 = readreq i1 @_ssdm_op_ReadReq.m_axi.p1i32, i32 %gmem_addr_14, i64 3" [cluster.cpp:33]   --->   Operation 1038 'readreq' 'empty_21' <Predicate = true> <Delay = 4.66> <CoreInst = "m_axi">   --->   Core 119 'm_axi' <Latency = 6> <II = 1> <Delay = 1.00> <Adapter> <Opcode : 'read' 'write' 'readreq' 'writereq' 'writeresp'>
ST_63 : Operation 1039 [24/71] (4.66ns)   --->   "%gmem_load_9_req = readreq i1 @_ssdm_op_ReadReq.m_axi.i32P1A, i32 %gmem_addr_6, i64 1" [cluster.cpp:34]   --->   Operation 1039 'readreq' 'gmem_load_9_req' <Predicate = true> <Delay = 4.66> <CoreInst = "m_axi">   --->   Core 119 'm_axi' <Latency = 6> <II = 1> <Delay = 1.00> <Adapter> <Opcode : 'read' 'write' 'readreq' 'writereq' 'writeresp'>
ST_63 : Operation 1040 [26/71] (4.66ns)   --->   "%gmem_load_10_req = readreq i1 @_ssdm_op_ReadReq.m_axi.i32P1A, i32 %gmem_addr_7, i64 1" [cluster.cpp:34]   --->   Operation 1040 'readreq' 'gmem_load_10_req' <Predicate = true> <Delay = 4.66> <CoreInst = "m_axi">   --->   Core 119 'm_axi' <Latency = 6> <II = 1> <Delay = 1.00> <Adapter> <Opcode : 'read' 'write' 'readreq' 'writereq' 'writeresp'>
ST_63 : Operation 1041 [28/71] (4.66ns)   --->   "%gmem_load_11_req = readreq i1 @_ssdm_op_ReadReq.m_axi.i32P1A, i32 %gmem_addr_8, i64 1" [cluster.cpp:34]   --->   Operation 1041 'readreq' 'gmem_load_11_req' <Predicate = true> <Delay = 4.66> <CoreInst = "m_axi">   --->   Core 119 'm_axi' <Latency = 6> <II = 1> <Delay = 1.00> <Adapter> <Opcode : 'read' 'write' 'readreq' 'writereq' 'writeresp'>

State 64 <SV = 63> <Delay = 4.66>
ST_64 : Operation 1042 [10/71] (4.66ns)   --->   "%gmem_load_req = readreq i1 @_ssdm_op_ReadReq.m_axi.i32P1A, i32 %gmem_addr_10, i64 1" [cluster.cpp:34]   --->   Operation 1042 'readreq' 'gmem_load_req' <Predicate = true> <Delay = 4.66> <CoreInst = "m_axi">   --->   Core 119 'm_axi' <Latency = 6> <II = 1> <Delay = 1.00> <Adapter> <Opcode : 'read' 'write' 'readreq' 'writereq' 'writeresp'>
ST_64 : Operation 1043 [11/71] (4.66ns)   --->   "%gmem_load_1_req = readreq i1 @_ssdm_op_ReadReq.m_axi.i32P1A, i32 %gmem_addr, i64 1" [cluster.cpp:34]   --->   Operation 1043 'readreq' 'gmem_load_1_req' <Predicate = true> <Delay = 4.66> <CoreInst = "m_axi">   --->   Core 119 'm_axi' <Latency = 6> <II = 1> <Delay = 1.00> <Adapter> <Opcode : 'read' 'write' 'readreq' 'writereq' 'writeresp'>
ST_64 : Operation 1044 [12/71] (4.66ns)   --->   "%gmem_load_2_req = readreq i1 @_ssdm_op_ReadReq.m_axi.i32P1A, i32 %gmem_addr_11, i64 1" [cluster.cpp:34]   --->   Operation 1044 'readreq' 'gmem_load_2_req' <Predicate = true> <Delay = 4.66> <CoreInst = "m_axi">   --->   Core 119 'm_axi' <Latency = 6> <II = 1> <Delay = 1.00> <Adapter> <Opcode : 'read' 'write' 'readreq' 'writereq' 'writeresp'>
ST_64 : Operation 1045 [13/71] (4.66ns)   --->   "%gmem_load_3_req = readreq i1 @_ssdm_op_ReadReq.m_axi.i32P1A, i32 %gmem_addr_1, i64 1" [cluster.cpp:34]   --->   Operation 1045 'readreq' 'gmem_load_3_req' <Predicate = true> <Delay = 4.66> <CoreInst = "m_axi">   --->   Core 119 'm_axi' <Latency = 6> <II = 1> <Delay = 1.00> <Adapter> <Opcode : 'read' 'write' 'readreq' 'writereq' 'writeresp'>
ST_64 : Operation 1046 [14/71] (4.66ns)   --->   "%gmem_load_4_req = readreq i1 @_ssdm_op_ReadReq.m_axi.i32P1A, i32 %gmem_addr_12, i64 1" [cluster.cpp:34]   --->   Operation 1046 'readreq' 'gmem_load_4_req' <Predicate = true> <Delay = 4.66> <CoreInst = "m_axi">   --->   Core 119 'm_axi' <Latency = 6> <II = 1> <Delay = 1.00> <Adapter> <Opcode : 'read' 'write' 'readreq' 'writereq' 'writeresp'>
ST_64 : Operation 1047 [15/71] (4.66ns)   --->   "%gmem_load_5_req = readreq i1 @_ssdm_op_ReadReq.m_axi.i32P1A, i32 %gmem_addr_2, i64 1" [cluster.cpp:34]   --->   Operation 1047 'readreq' 'gmem_load_5_req' <Predicate = true> <Delay = 4.66> <CoreInst = "m_axi">   --->   Core 119 'm_axi' <Latency = 6> <II = 1> <Delay = 1.00> <Adapter> <Opcode : 'read' 'write' 'readreq' 'writereq' 'writeresp'>
ST_64 : Operation 1048 [16/71] (4.66ns)   --->   "%empty_19 = readreq i1 @_ssdm_op_ReadReq.m_axi.p1i32, i32 %gmem_addr_13, i64 3" [cluster.cpp:33]   --->   Operation 1048 'readreq' 'empty_19' <Predicate = true> <Delay = 4.66> <CoreInst = "m_axi">   --->   Core 119 'm_axi' <Latency = 6> <II = 1> <Delay = 1.00> <Adapter> <Opcode : 'read' 'write' 'readreq' 'writereq' 'writeresp'>
ST_64 : Operation 1049 [17/71] (4.66ns)   --->   "%gmem_load_6_req = readreq i1 @_ssdm_op_ReadReq.m_axi.i32P1A, i32 %gmem_addr_3, i64 1" [cluster.cpp:34]   --->   Operation 1049 'readreq' 'gmem_load_6_req' <Predicate = true> <Delay = 4.66> <CoreInst = "m_axi">   --->   Core 119 'm_axi' <Latency = 6> <II = 1> <Delay = 1.00> <Adapter> <Opcode : 'read' 'write' 'readreq' 'writereq' 'writeresp'>
ST_64 : Operation 1050 [19/71] (4.66ns)   --->   "%gmem_load_7_req = readreq i1 @_ssdm_op_ReadReq.m_axi.i32P1A, i32 %gmem_addr_4, i64 1" [cluster.cpp:34]   --->   Operation 1050 'readreq' 'gmem_load_7_req' <Predicate = true> <Delay = 4.66> <CoreInst = "m_axi">   --->   Core 119 'm_axi' <Latency = 6> <II = 1> <Delay = 1.00> <Adapter> <Opcode : 'read' 'write' 'readreq' 'writereq' 'writeresp'>
ST_64 : Operation 1051 [21/71] (4.66ns)   --->   "%gmem_load_8_req = readreq i1 @_ssdm_op_ReadReq.m_axi.i32P1A, i32 %gmem_addr_5, i64 1" [cluster.cpp:34]   --->   Operation 1051 'readreq' 'gmem_load_8_req' <Predicate = true> <Delay = 4.66> <CoreInst = "m_axi">   --->   Core 119 'm_axi' <Latency = 6> <II = 1> <Delay = 1.00> <Adapter> <Opcode : 'read' 'write' 'readreq' 'writereq' 'writeresp'>
ST_64 : Operation 1052 [22/71] (4.66ns)   --->   "%empty_21 = readreq i1 @_ssdm_op_ReadReq.m_axi.p1i32, i32 %gmem_addr_14, i64 3" [cluster.cpp:33]   --->   Operation 1052 'readreq' 'empty_21' <Predicate = true> <Delay = 4.66> <CoreInst = "m_axi">   --->   Core 119 'm_axi' <Latency = 6> <II = 1> <Delay = 1.00> <Adapter> <Opcode : 'read' 'write' 'readreq' 'writereq' 'writeresp'>
ST_64 : Operation 1053 [23/71] (4.66ns)   --->   "%gmem_load_9_req = readreq i1 @_ssdm_op_ReadReq.m_axi.i32P1A, i32 %gmem_addr_6, i64 1" [cluster.cpp:34]   --->   Operation 1053 'readreq' 'gmem_load_9_req' <Predicate = true> <Delay = 4.66> <CoreInst = "m_axi">   --->   Core 119 'm_axi' <Latency = 6> <II = 1> <Delay = 1.00> <Adapter> <Opcode : 'read' 'write' 'readreq' 'writereq' 'writeresp'>
ST_64 : Operation 1054 [25/71] (4.66ns)   --->   "%gmem_load_10_req = readreq i1 @_ssdm_op_ReadReq.m_axi.i32P1A, i32 %gmem_addr_7, i64 1" [cluster.cpp:34]   --->   Operation 1054 'readreq' 'gmem_load_10_req' <Predicate = true> <Delay = 4.66> <CoreInst = "m_axi">   --->   Core 119 'm_axi' <Latency = 6> <II = 1> <Delay = 1.00> <Adapter> <Opcode : 'read' 'write' 'readreq' 'writereq' 'writeresp'>
ST_64 : Operation 1055 [27/71] (4.66ns)   --->   "%gmem_load_11_req = readreq i1 @_ssdm_op_ReadReq.m_axi.i32P1A, i32 %gmem_addr_8, i64 1" [cluster.cpp:34]   --->   Operation 1055 'readreq' 'gmem_load_11_req' <Predicate = true> <Delay = 4.66> <CoreInst = "m_axi">   --->   Core 119 'm_axi' <Latency = 6> <II = 1> <Delay = 1.00> <Adapter> <Opcode : 'read' 'write' 'readreq' 'writereq' 'writeresp'>

State 65 <SV = 64> <Delay = 4.66>
ST_65 : Operation 1056 [9/71] (4.66ns)   --->   "%gmem_load_req = readreq i1 @_ssdm_op_ReadReq.m_axi.i32P1A, i32 %gmem_addr_10, i64 1" [cluster.cpp:34]   --->   Operation 1056 'readreq' 'gmem_load_req' <Predicate = true> <Delay = 4.66> <CoreInst = "m_axi">   --->   Core 119 'm_axi' <Latency = 6> <II = 1> <Delay = 1.00> <Adapter> <Opcode : 'read' 'write' 'readreq' 'writereq' 'writeresp'>
ST_65 : Operation 1057 [10/71] (4.66ns)   --->   "%gmem_load_1_req = readreq i1 @_ssdm_op_ReadReq.m_axi.i32P1A, i32 %gmem_addr, i64 1" [cluster.cpp:34]   --->   Operation 1057 'readreq' 'gmem_load_1_req' <Predicate = true> <Delay = 4.66> <CoreInst = "m_axi">   --->   Core 119 'm_axi' <Latency = 6> <II = 1> <Delay = 1.00> <Adapter> <Opcode : 'read' 'write' 'readreq' 'writereq' 'writeresp'>
ST_65 : Operation 1058 [11/71] (4.66ns)   --->   "%gmem_load_2_req = readreq i1 @_ssdm_op_ReadReq.m_axi.i32P1A, i32 %gmem_addr_11, i64 1" [cluster.cpp:34]   --->   Operation 1058 'readreq' 'gmem_load_2_req' <Predicate = true> <Delay = 4.66> <CoreInst = "m_axi">   --->   Core 119 'm_axi' <Latency = 6> <II = 1> <Delay = 1.00> <Adapter> <Opcode : 'read' 'write' 'readreq' 'writereq' 'writeresp'>
ST_65 : Operation 1059 [12/71] (4.66ns)   --->   "%gmem_load_3_req = readreq i1 @_ssdm_op_ReadReq.m_axi.i32P1A, i32 %gmem_addr_1, i64 1" [cluster.cpp:34]   --->   Operation 1059 'readreq' 'gmem_load_3_req' <Predicate = true> <Delay = 4.66> <CoreInst = "m_axi">   --->   Core 119 'm_axi' <Latency = 6> <II = 1> <Delay = 1.00> <Adapter> <Opcode : 'read' 'write' 'readreq' 'writereq' 'writeresp'>
ST_65 : Operation 1060 [13/71] (4.66ns)   --->   "%gmem_load_4_req = readreq i1 @_ssdm_op_ReadReq.m_axi.i32P1A, i32 %gmem_addr_12, i64 1" [cluster.cpp:34]   --->   Operation 1060 'readreq' 'gmem_load_4_req' <Predicate = true> <Delay = 4.66> <CoreInst = "m_axi">   --->   Core 119 'm_axi' <Latency = 6> <II = 1> <Delay = 1.00> <Adapter> <Opcode : 'read' 'write' 'readreq' 'writereq' 'writeresp'>
ST_65 : Operation 1061 [14/71] (4.66ns)   --->   "%gmem_load_5_req = readreq i1 @_ssdm_op_ReadReq.m_axi.i32P1A, i32 %gmem_addr_2, i64 1" [cluster.cpp:34]   --->   Operation 1061 'readreq' 'gmem_load_5_req' <Predicate = true> <Delay = 4.66> <CoreInst = "m_axi">   --->   Core 119 'm_axi' <Latency = 6> <II = 1> <Delay = 1.00> <Adapter> <Opcode : 'read' 'write' 'readreq' 'writereq' 'writeresp'>
ST_65 : Operation 1062 [15/71] (4.66ns)   --->   "%empty_19 = readreq i1 @_ssdm_op_ReadReq.m_axi.p1i32, i32 %gmem_addr_13, i64 3" [cluster.cpp:33]   --->   Operation 1062 'readreq' 'empty_19' <Predicate = true> <Delay = 4.66> <CoreInst = "m_axi">   --->   Core 119 'm_axi' <Latency = 6> <II = 1> <Delay = 1.00> <Adapter> <Opcode : 'read' 'write' 'readreq' 'writereq' 'writeresp'>
ST_65 : Operation 1063 [16/71] (4.66ns)   --->   "%gmem_load_6_req = readreq i1 @_ssdm_op_ReadReq.m_axi.i32P1A, i32 %gmem_addr_3, i64 1" [cluster.cpp:34]   --->   Operation 1063 'readreq' 'gmem_load_6_req' <Predicate = true> <Delay = 4.66> <CoreInst = "m_axi">   --->   Core 119 'm_axi' <Latency = 6> <II = 1> <Delay = 1.00> <Adapter> <Opcode : 'read' 'write' 'readreq' 'writereq' 'writeresp'>
ST_65 : Operation 1064 [18/71] (4.66ns)   --->   "%gmem_load_7_req = readreq i1 @_ssdm_op_ReadReq.m_axi.i32P1A, i32 %gmem_addr_4, i64 1" [cluster.cpp:34]   --->   Operation 1064 'readreq' 'gmem_load_7_req' <Predicate = true> <Delay = 4.66> <CoreInst = "m_axi">   --->   Core 119 'm_axi' <Latency = 6> <II = 1> <Delay = 1.00> <Adapter> <Opcode : 'read' 'write' 'readreq' 'writereq' 'writeresp'>
ST_65 : Operation 1065 [20/71] (4.66ns)   --->   "%gmem_load_8_req = readreq i1 @_ssdm_op_ReadReq.m_axi.i32P1A, i32 %gmem_addr_5, i64 1" [cluster.cpp:34]   --->   Operation 1065 'readreq' 'gmem_load_8_req' <Predicate = true> <Delay = 4.66> <CoreInst = "m_axi">   --->   Core 119 'm_axi' <Latency = 6> <II = 1> <Delay = 1.00> <Adapter> <Opcode : 'read' 'write' 'readreq' 'writereq' 'writeresp'>
ST_65 : Operation 1066 [21/71] (4.66ns)   --->   "%empty_21 = readreq i1 @_ssdm_op_ReadReq.m_axi.p1i32, i32 %gmem_addr_14, i64 3" [cluster.cpp:33]   --->   Operation 1066 'readreq' 'empty_21' <Predicate = true> <Delay = 4.66> <CoreInst = "m_axi">   --->   Core 119 'm_axi' <Latency = 6> <II = 1> <Delay = 1.00> <Adapter> <Opcode : 'read' 'write' 'readreq' 'writereq' 'writeresp'>
ST_65 : Operation 1067 [22/71] (4.66ns)   --->   "%gmem_load_9_req = readreq i1 @_ssdm_op_ReadReq.m_axi.i32P1A, i32 %gmem_addr_6, i64 1" [cluster.cpp:34]   --->   Operation 1067 'readreq' 'gmem_load_9_req' <Predicate = true> <Delay = 4.66> <CoreInst = "m_axi">   --->   Core 119 'm_axi' <Latency = 6> <II = 1> <Delay = 1.00> <Adapter> <Opcode : 'read' 'write' 'readreq' 'writereq' 'writeresp'>
ST_65 : Operation 1068 [24/71] (4.66ns)   --->   "%gmem_load_10_req = readreq i1 @_ssdm_op_ReadReq.m_axi.i32P1A, i32 %gmem_addr_7, i64 1" [cluster.cpp:34]   --->   Operation 1068 'readreq' 'gmem_load_10_req' <Predicate = true> <Delay = 4.66> <CoreInst = "m_axi">   --->   Core 119 'm_axi' <Latency = 6> <II = 1> <Delay = 1.00> <Adapter> <Opcode : 'read' 'write' 'readreq' 'writereq' 'writeresp'>
ST_65 : Operation 1069 [26/71] (4.66ns)   --->   "%gmem_load_11_req = readreq i1 @_ssdm_op_ReadReq.m_axi.i32P1A, i32 %gmem_addr_8, i64 1" [cluster.cpp:34]   --->   Operation 1069 'readreq' 'gmem_load_11_req' <Predicate = true> <Delay = 4.66> <CoreInst = "m_axi">   --->   Core 119 'm_axi' <Latency = 6> <II = 1> <Delay = 1.00> <Adapter> <Opcode : 'read' 'write' 'readreq' 'writereq' 'writeresp'>

State 66 <SV = 65> <Delay = 4.66>
ST_66 : Operation 1070 [8/71] (4.66ns)   --->   "%gmem_load_req = readreq i1 @_ssdm_op_ReadReq.m_axi.i32P1A, i32 %gmem_addr_10, i64 1" [cluster.cpp:34]   --->   Operation 1070 'readreq' 'gmem_load_req' <Predicate = true> <Delay = 4.66> <CoreInst = "m_axi">   --->   Core 119 'm_axi' <Latency = 6> <II = 1> <Delay = 1.00> <Adapter> <Opcode : 'read' 'write' 'readreq' 'writereq' 'writeresp'>
ST_66 : Operation 1071 [9/71] (4.66ns)   --->   "%gmem_load_1_req = readreq i1 @_ssdm_op_ReadReq.m_axi.i32P1A, i32 %gmem_addr, i64 1" [cluster.cpp:34]   --->   Operation 1071 'readreq' 'gmem_load_1_req' <Predicate = true> <Delay = 4.66> <CoreInst = "m_axi">   --->   Core 119 'm_axi' <Latency = 6> <II = 1> <Delay = 1.00> <Adapter> <Opcode : 'read' 'write' 'readreq' 'writereq' 'writeresp'>
ST_66 : Operation 1072 [10/71] (4.66ns)   --->   "%gmem_load_2_req = readreq i1 @_ssdm_op_ReadReq.m_axi.i32P1A, i32 %gmem_addr_11, i64 1" [cluster.cpp:34]   --->   Operation 1072 'readreq' 'gmem_load_2_req' <Predicate = true> <Delay = 4.66> <CoreInst = "m_axi">   --->   Core 119 'm_axi' <Latency = 6> <II = 1> <Delay = 1.00> <Adapter> <Opcode : 'read' 'write' 'readreq' 'writereq' 'writeresp'>
ST_66 : Operation 1073 [11/71] (4.66ns)   --->   "%gmem_load_3_req = readreq i1 @_ssdm_op_ReadReq.m_axi.i32P1A, i32 %gmem_addr_1, i64 1" [cluster.cpp:34]   --->   Operation 1073 'readreq' 'gmem_load_3_req' <Predicate = true> <Delay = 4.66> <CoreInst = "m_axi">   --->   Core 119 'm_axi' <Latency = 6> <II = 1> <Delay = 1.00> <Adapter> <Opcode : 'read' 'write' 'readreq' 'writereq' 'writeresp'>
ST_66 : Operation 1074 [12/71] (4.66ns)   --->   "%gmem_load_4_req = readreq i1 @_ssdm_op_ReadReq.m_axi.i32P1A, i32 %gmem_addr_12, i64 1" [cluster.cpp:34]   --->   Operation 1074 'readreq' 'gmem_load_4_req' <Predicate = true> <Delay = 4.66> <CoreInst = "m_axi">   --->   Core 119 'm_axi' <Latency = 6> <II = 1> <Delay = 1.00> <Adapter> <Opcode : 'read' 'write' 'readreq' 'writereq' 'writeresp'>
ST_66 : Operation 1075 [13/71] (4.66ns)   --->   "%gmem_load_5_req = readreq i1 @_ssdm_op_ReadReq.m_axi.i32P1A, i32 %gmem_addr_2, i64 1" [cluster.cpp:34]   --->   Operation 1075 'readreq' 'gmem_load_5_req' <Predicate = true> <Delay = 4.66> <CoreInst = "m_axi">   --->   Core 119 'm_axi' <Latency = 6> <II = 1> <Delay = 1.00> <Adapter> <Opcode : 'read' 'write' 'readreq' 'writereq' 'writeresp'>
ST_66 : Operation 1076 [14/71] (4.66ns)   --->   "%empty_19 = readreq i1 @_ssdm_op_ReadReq.m_axi.p1i32, i32 %gmem_addr_13, i64 3" [cluster.cpp:33]   --->   Operation 1076 'readreq' 'empty_19' <Predicate = true> <Delay = 4.66> <CoreInst = "m_axi">   --->   Core 119 'm_axi' <Latency = 6> <II = 1> <Delay = 1.00> <Adapter> <Opcode : 'read' 'write' 'readreq' 'writereq' 'writeresp'>
ST_66 : Operation 1077 [15/71] (4.66ns)   --->   "%gmem_load_6_req = readreq i1 @_ssdm_op_ReadReq.m_axi.i32P1A, i32 %gmem_addr_3, i64 1" [cluster.cpp:34]   --->   Operation 1077 'readreq' 'gmem_load_6_req' <Predicate = true> <Delay = 4.66> <CoreInst = "m_axi">   --->   Core 119 'm_axi' <Latency = 6> <II = 1> <Delay = 1.00> <Adapter> <Opcode : 'read' 'write' 'readreq' 'writereq' 'writeresp'>
ST_66 : Operation 1078 [17/71] (4.66ns)   --->   "%gmem_load_7_req = readreq i1 @_ssdm_op_ReadReq.m_axi.i32P1A, i32 %gmem_addr_4, i64 1" [cluster.cpp:34]   --->   Operation 1078 'readreq' 'gmem_load_7_req' <Predicate = true> <Delay = 4.66> <CoreInst = "m_axi">   --->   Core 119 'm_axi' <Latency = 6> <II = 1> <Delay = 1.00> <Adapter> <Opcode : 'read' 'write' 'readreq' 'writereq' 'writeresp'>
ST_66 : Operation 1079 [19/71] (4.66ns)   --->   "%gmem_load_8_req = readreq i1 @_ssdm_op_ReadReq.m_axi.i32P1A, i32 %gmem_addr_5, i64 1" [cluster.cpp:34]   --->   Operation 1079 'readreq' 'gmem_load_8_req' <Predicate = true> <Delay = 4.66> <CoreInst = "m_axi">   --->   Core 119 'm_axi' <Latency = 6> <II = 1> <Delay = 1.00> <Adapter> <Opcode : 'read' 'write' 'readreq' 'writereq' 'writeresp'>
ST_66 : Operation 1080 [20/71] (4.66ns)   --->   "%empty_21 = readreq i1 @_ssdm_op_ReadReq.m_axi.p1i32, i32 %gmem_addr_14, i64 3" [cluster.cpp:33]   --->   Operation 1080 'readreq' 'empty_21' <Predicate = true> <Delay = 4.66> <CoreInst = "m_axi">   --->   Core 119 'm_axi' <Latency = 6> <II = 1> <Delay = 1.00> <Adapter> <Opcode : 'read' 'write' 'readreq' 'writereq' 'writeresp'>
ST_66 : Operation 1081 [21/71] (4.66ns)   --->   "%gmem_load_9_req = readreq i1 @_ssdm_op_ReadReq.m_axi.i32P1A, i32 %gmem_addr_6, i64 1" [cluster.cpp:34]   --->   Operation 1081 'readreq' 'gmem_load_9_req' <Predicate = true> <Delay = 4.66> <CoreInst = "m_axi">   --->   Core 119 'm_axi' <Latency = 6> <II = 1> <Delay = 1.00> <Adapter> <Opcode : 'read' 'write' 'readreq' 'writereq' 'writeresp'>
ST_66 : Operation 1082 [23/71] (4.66ns)   --->   "%gmem_load_10_req = readreq i1 @_ssdm_op_ReadReq.m_axi.i32P1A, i32 %gmem_addr_7, i64 1" [cluster.cpp:34]   --->   Operation 1082 'readreq' 'gmem_load_10_req' <Predicate = true> <Delay = 4.66> <CoreInst = "m_axi">   --->   Core 119 'm_axi' <Latency = 6> <II = 1> <Delay = 1.00> <Adapter> <Opcode : 'read' 'write' 'readreq' 'writereq' 'writeresp'>
ST_66 : Operation 1083 [25/71] (4.66ns)   --->   "%gmem_load_11_req = readreq i1 @_ssdm_op_ReadReq.m_axi.i32P1A, i32 %gmem_addr_8, i64 1" [cluster.cpp:34]   --->   Operation 1083 'readreq' 'gmem_load_11_req' <Predicate = true> <Delay = 4.66> <CoreInst = "m_axi">   --->   Core 119 'm_axi' <Latency = 6> <II = 1> <Delay = 1.00> <Adapter> <Opcode : 'read' 'write' 'readreq' 'writereq' 'writeresp'>

State 67 <SV = 66> <Delay = 4.66>
ST_67 : Operation 1084 [7/71] (4.66ns)   --->   "%gmem_load_req = readreq i1 @_ssdm_op_ReadReq.m_axi.i32P1A, i32 %gmem_addr_10, i64 1" [cluster.cpp:34]   --->   Operation 1084 'readreq' 'gmem_load_req' <Predicate = true> <Delay = 4.66> <CoreInst = "m_axi">   --->   Core 119 'm_axi' <Latency = 6> <II = 1> <Delay = 1.00> <Adapter> <Opcode : 'read' 'write' 'readreq' 'writereq' 'writeresp'>
ST_67 : Operation 1085 [8/71] (4.66ns)   --->   "%gmem_load_1_req = readreq i1 @_ssdm_op_ReadReq.m_axi.i32P1A, i32 %gmem_addr, i64 1" [cluster.cpp:34]   --->   Operation 1085 'readreq' 'gmem_load_1_req' <Predicate = true> <Delay = 4.66> <CoreInst = "m_axi">   --->   Core 119 'm_axi' <Latency = 6> <II = 1> <Delay = 1.00> <Adapter> <Opcode : 'read' 'write' 'readreq' 'writereq' 'writeresp'>
ST_67 : Operation 1086 [9/71] (4.66ns)   --->   "%gmem_load_2_req = readreq i1 @_ssdm_op_ReadReq.m_axi.i32P1A, i32 %gmem_addr_11, i64 1" [cluster.cpp:34]   --->   Operation 1086 'readreq' 'gmem_load_2_req' <Predicate = true> <Delay = 4.66> <CoreInst = "m_axi">   --->   Core 119 'm_axi' <Latency = 6> <II = 1> <Delay = 1.00> <Adapter> <Opcode : 'read' 'write' 'readreq' 'writereq' 'writeresp'>
ST_67 : Operation 1087 [10/71] (4.66ns)   --->   "%gmem_load_3_req = readreq i1 @_ssdm_op_ReadReq.m_axi.i32P1A, i32 %gmem_addr_1, i64 1" [cluster.cpp:34]   --->   Operation 1087 'readreq' 'gmem_load_3_req' <Predicate = true> <Delay = 4.66> <CoreInst = "m_axi">   --->   Core 119 'm_axi' <Latency = 6> <II = 1> <Delay = 1.00> <Adapter> <Opcode : 'read' 'write' 'readreq' 'writereq' 'writeresp'>
ST_67 : Operation 1088 [11/71] (4.66ns)   --->   "%gmem_load_4_req = readreq i1 @_ssdm_op_ReadReq.m_axi.i32P1A, i32 %gmem_addr_12, i64 1" [cluster.cpp:34]   --->   Operation 1088 'readreq' 'gmem_load_4_req' <Predicate = true> <Delay = 4.66> <CoreInst = "m_axi">   --->   Core 119 'm_axi' <Latency = 6> <II = 1> <Delay = 1.00> <Adapter> <Opcode : 'read' 'write' 'readreq' 'writereq' 'writeresp'>
ST_67 : Operation 1089 [12/71] (4.66ns)   --->   "%gmem_load_5_req = readreq i1 @_ssdm_op_ReadReq.m_axi.i32P1A, i32 %gmem_addr_2, i64 1" [cluster.cpp:34]   --->   Operation 1089 'readreq' 'gmem_load_5_req' <Predicate = true> <Delay = 4.66> <CoreInst = "m_axi">   --->   Core 119 'm_axi' <Latency = 6> <II = 1> <Delay = 1.00> <Adapter> <Opcode : 'read' 'write' 'readreq' 'writereq' 'writeresp'>
ST_67 : Operation 1090 [13/71] (4.66ns)   --->   "%empty_19 = readreq i1 @_ssdm_op_ReadReq.m_axi.p1i32, i32 %gmem_addr_13, i64 3" [cluster.cpp:33]   --->   Operation 1090 'readreq' 'empty_19' <Predicate = true> <Delay = 4.66> <CoreInst = "m_axi">   --->   Core 119 'm_axi' <Latency = 6> <II = 1> <Delay = 1.00> <Adapter> <Opcode : 'read' 'write' 'readreq' 'writereq' 'writeresp'>
ST_67 : Operation 1091 [14/71] (4.66ns)   --->   "%gmem_load_6_req = readreq i1 @_ssdm_op_ReadReq.m_axi.i32P1A, i32 %gmem_addr_3, i64 1" [cluster.cpp:34]   --->   Operation 1091 'readreq' 'gmem_load_6_req' <Predicate = true> <Delay = 4.66> <CoreInst = "m_axi">   --->   Core 119 'm_axi' <Latency = 6> <II = 1> <Delay = 1.00> <Adapter> <Opcode : 'read' 'write' 'readreq' 'writereq' 'writeresp'>
ST_67 : Operation 1092 [16/71] (4.66ns)   --->   "%gmem_load_7_req = readreq i1 @_ssdm_op_ReadReq.m_axi.i32P1A, i32 %gmem_addr_4, i64 1" [cluster.cpp:34]   --->   Operation 1092 'readreq' 'gmem_load_7_req' <Predicate = true> <Delay = 4.66> <CoreInst = "m_axi">   --->   Core 119 'm_axi' <Latency = 6> <II = 1> <Delay = 1.00> <Adapter> <Opcode : 'read' 'write' 'readreq' 'writereq' 'writeresp'>
ST_67 : Operation 1093 [18/71] (4.66ns)   --->   "%gmem_load_8_req = readreq i1 @_ssdm_op_ReadReq.m_axi.i32P1A, i32 %gmem_addr_5, i64 1" [cluster.cpp:34]   --->   Operation 1093 'readreq' 'gmem_load_8_req' <Predicate = true> <Delay = 4.66> <CoreInst = "m_axi">   --->   Core 119 'm_axi' <Latency = 6> <II = 1> <Delay = 1.00> <Adapter> <Opcode : 'read' 'write' 'readreq' 'writereq' 'writeresp'>
ST_67 : Operation 1094 [19/71] (4.66ns)   --->   "%empty_21 = readreq i1 @_ssdm_op_ReadReq.m_axi.p1i32, i32 %gmem_addr_14, i64 3" [cluster.cpp:33]   --->   Operation 1094 'readreq' 'empty_21' <Predicate = true> <Delay = 4.66> <CoreInst = "m_axi">   --->   Core 119 'm_axi' <Latency = 6> <II = 1> <Delay = 1.00> <Adapter> <Opcode : 'read' 'write' 'readreq' 'writereq' 'writeresp'>
ST_67 : Operation 1095 [20/71] (4.66ns)   --->   "%gmem_load_9_req = readreq i1 @_ssdm_op_ReadReq.m_axi.i32P1A, i32 %gmem_addr_6, i64 1" [cluster.cpp:34]   --->   Operation 1095 'readreq' 'gmem_load_9_req' <Predicate = true> <Delay = 4.66> <CoreInst = "m_axi">   --->   Core 119 'm_axi' <Latency = 6> <II = 1> <Delay = 1.00> <Adapter> <Opcode : 'read' 'write' 'readreq' 'writereq' 'writeresp'>
ST_67 : Operation 1096 [22/71] (4.66ns)   --->   "%gmem_load_10_req = readreq i1 @_ssdm_op_ReadReq.m_axi.i32P1A, i32 %gmem_addr_7, i64 1" [cluster.cpp:34]   --->   Operation 1096 'readreq' 'gmem_load_10_req' <Predicate = true> <Delay = 4.66> <CoreInst = "m_axi">   --->   Core 119 'm_axi' <Latency = 6> <II = 1> <Delay = 1.00> <Adapter> <Opcode : 'read' 'write' 'readreq' 'writereq' 'writeresp'>
ST_67 : Operation 1097 [24/71] (4.66ns)   --->   "%gmem_load_11_req = readreq i1 @_ssdm_op_ReadReq.m_axi.i32P1A, i32 %gmem_addr_8, i64 1" [cluster.cpp:34]   --->   Operation 1097 'readreq' 'gmem_load_11_req' <Predicate = true> <Delay = 4.66> <CoreInst = "m_axi">   --->   Core 119 'm_axi' <Latency = 6> <II = 1> <Delay = 1.00> <Adapter> <Opcode : 'read' 'write' 'readreq' 'writereq' 'writeresp'>

State 68 <SV = 67> <Delay = 4.66>
ST_68 : Operation 1098 [6/71] (4.66ns)   --->   "%gmem_load_req = readreq i1 @_ssdm_op_ReadReq.m_axi.i32P1A, i32 %gmem_addr_10, i64 1" [cluster.cpp:34]   --->   Operation 1098 'readreq' 'gmem_load_req' <Predicate = true> <Delay = 4.66> <CoreInst = "m_axi">   --->   Core 119 'm_axi' <Latency = 6> <II = 1> <Delay = 1.00> <Adapter> <Opcode : 'read' 'write' 'readreq' 'writereq' 'writeresp'>
ST_68 : Operation 1099 [7/71] (4.66ns)   --->   "%gmem_load_1_req = readreq i1 @_ssdm_op_ReadReq.m_axi.i32P1A, i32 %gmem_addr, i64 1" [cluster.cpp:34]   --->   Operation 1099 'readreq' 'gmem_load_1_req' <Predicate = true> <Delay = 4.66> <CoreInst = "m_axi">   --->   Core 119 'm_axi' <Latency = 6> <II = 1> <Delay = 1.00> <Adapter> <Opcode : 'read' 'write' 'readreq' 'writereq' 'writeresp'>
ST_68 : Operation 1100 [8/71] (4.66ns)   --->   "%gmem_load_2_req = readreq i1 @_ssdm_op_ReadReq.m_axi.i32P1A, i32 %gmem_addr_11, i64 1" [cluster.cpp:34]   --->   Operation 1100 'readreq' 'gmem_load_2_req' <Predicate = true> <Delay = 4.66> <CoreInst = "m_axi">   --->   Core 119 'm_axi' <Latency = 6> <II = 1> <Delay = 1.00> <Adapter> <Opcode : 'read' 'write' 'readreq' 'writereq' 'writeresp'>
ST_68 : Operation 1101 [9/71] (4.66ns)   --->   "%gmem_load_3_req = readreq i1 @_ssdm_op_ReadReq.m_axi.i32P1A, i32 %gmem_addr_1, i64 1" [cluster.cpp:34]   --->   Operation 1101 'readreq' 'gmem_load_3_req' <Predicate = true> <Delay = 4.66> <CoreInst = "m_axi">   --->   Core 119 'm_axi' <Latency = 6> <II = 1> <Delay = 1.00> <Adapter> <Opcode : 'read' 'write' 'readreq' 'writereq' 'writeresp'>
ST_68 : Operation 1102 [10/71] (4.66ns)   --->   "%gmem_load_4_req = readreq i1 @_ssdm_op_ReadReq.m_axi.i32P1A, i32 %gmem_addr_12, i64 1" [cluster.cpp:34]   --->   Operation 1102 'readreq' 'gmem_load_4_req' <Predicate = true> <Delay = 4.66> <CoreInst = "m_axi">   --->   Core 119 'm_axi' <Latency = 6> <II = 1> <Delay = 1.00> <Adapter> <Opcode : 'read' 'write' 'readreq' 'writereq' 'writeresp'>
ST_68 : Operation 1103 [11/71] (4.66ns)   --->   "%gmem_load_5_req = readreq i1 @_ssdm_op_ReadReq.m_axi.i32P1A, i32 %gmem_addr_2, i64 1" [cluster.cpp:34]   --->   Operation 1103 'readreq' 'gmem_load_5_req' <Predicate = true> <Delay = 4.66> <CoreInst = "m_axi">   --->   Core 119 'm_axi' <Latency = 6> <II = 1> <Delay = 1.00> <Adapter> <Opcode : 'read' 'write' 'readreq' 'writereq' 'writeresp'>
ST_68 : Operation 1104 [12/71] (4.66ns)   --->   "%empty_19 = readreq i1 @_ssdm_op_ReadReq.m_axi.p1i32, i32 %gmem_addr_13, i64 3" [cluster.cpp:33]   --->   Operation 1104 'readreq' 'empty_19' <Predicate = true> <Delay = 4.66> <CoreInst = "m_axi">   --->   Core 119 'm_axi' <Latency = 6> <II = 1> <Delay = 1.00> <Adapter> <Opcode : 'read' 'write' 'readreq' 'writereq' 'writeresp'>
ST_68 : Operation 1105 [13/71] (4.66ns)   --->   "%gmem_load_6_req = readreq i1 @_ssdm_op_ReadReq.m_axi.i32P1A, i32 %gmem_addr_3, i64 1" [cluster.cpp:34]   --->   Operation 1105 'readreq' 'gmem_load_6_req' <Predicate = true> <Delay = 4.66> <CoreInst = "m_axi">   --->   Core 119 'm_axi' <Latency = 6> <II = 1> <Delay = 1.00> <Adapter> <Opcode : 'read' 'write' 'readreq' 'writereq' 'writeresp'>
ST_68 : Operation 1106 [15/71] (4.66ns)   --->   "%gmem_load_7_req = readreq i1 @_ssdm_op_ReadReq.m_axi.i32P1A, i32 %gmem_addr_4, i64 1" [cluster.cpp:34]   --->   Operation 1106 'readreq' 'gmem_load_7_req' <Predicate = true> <Delay = 4.66> <CoreInst = "m_axi">   --->   Core 119 'm_axi' <Latency = 6> <II = 1> <Delay = 1.00> <Adapter> <Opcode : 'read' 'write' 'readreq' 'writereq' 'writeresp'>
ST_68 : Operation 1107 [17/71] (4.66ns)   --->   "%gmem_load_8_req = readreq i1 @_ssdm_op_ReadReq.m_axi.i32P1A, i32 %gmem_addr_5, i64 1" [cluster.cpp:34]   --->   Operation 1107 'readreq' 'gmem_load_8_req' <Predicate = true> <Delay = 4.66> <CoreInst = "m_axi">   --->   Core 119 'm_axi' <Latency = 6> <II = 1> <Delay = 1.00> <Adapter> <Opcode : 'read' 'write' 'readreq' 'writereq' 'writeresp'>
ST_68 : Operation 1108 [18/71] (4.66ns)   --->   "%empty_21 = readreq i1 @_ssdm_op_ReadReq.m_axi.p1i32, i32 %gmem_addr_14, i64 3" [cluster.cpp:33]   --->   Operation 1108 'readreq' 'empty_21' <Predicate = true> <Delay = 4.66> <CoreInst = "m_axi">   --->   Core 119 'm_axi' <Latency = 6> <II = 1> <Delay = 1.00> <Adapter> <Opcode : 'read' 'write' 'readreq' 'writereq' 'writeresp'>
ST_68 : Operation 1109 [19/71] (4.66ns)   --->   "%gmem_load_9_req = readreq i1 @_ssdm_op_ReadReq.m_axi.i32P1A, i32 %gmem_addr_6, i64 1" [cluster.cpp:34]   --->   Operation 1109 'readreq' 'gmem_load_9_req' <Predicate = true> <Delay = 4.66> <CoreInst = "m_axi">   --->   Core 119 'm_axi' <Latency = 6> <II = 1> <Delay = 1.00> <Adapter> <Opcode : 'read' 'write' 'readreq' 'writereq' 'writeresp'>
ST_68 : Operation 1110 [21/71] (4.66ns)   --->   "%gmem_load_10_req = readreq i1 @_ssdm_op_ReadReq.m_axi.i32P1A, i32 %gmem_addr_7, i64 1" [cluster.cpp:34]   --->   Operation 1110 'readreq' 'gmem_load_10_req' <Predicate = true> <Delay = 4.66> <CoreInst = "m_axi">   --->   Core 119 'm_axi' <Latency = 6> <II = 1> <Delay = 1.00> <Adapter> <Opcode : 'read' 'write' 'readreq' 'writereq' 'writeresp'>
ST_68 : Operation 1111 [23/71] (4.66ns)   --->   "%gmem_load_11_req = readreq i1 @_ssdm_op_ReadReq.m_axi.i32P1A, i32 %gmem_addr_8, i64 1" [cluster.cpp:34]   --->   Operation 1111 'readreq' 'gmem_load_11_req' <Predicate = true> <Delay = 4.66> <CoreInst = "m_axi">   --->   Core 119 'm_axi' <Latency = 6> <II = 1> <Delay = 1.00> <Adapter> <Opcode : 'read' 'write' 'readreq' 'writereq' 'writeresp'>

State 69 <SV = 68> <Delay = 4.66>
ST_69 : Operation 1112 [5/71] (4.66ns)   --->   "%gmem_load_req = readreq i1 @_ssdm_op_ReadReq.m_axi.i32P1A, i32 %gmem_addr_10, i64 1" [cluster.cpp:34]   --->   Operation 1112 'readreq' 'gmem_load_req' <Predicate = true> <Delay = 4.66> <CoreInst = "m_axi">   --->   Core 119 'm_axi' <Latency = 6> <II = 1> <Delay = 1.00> <Adapter> <Opcode : 'read' 'write' 'readreq' 'writereq' 'writeresp'>
ST_69 : Operation 1113 [6/71] (4.66ns)   --->   "%gmem_load_1_req = readreq i1 @_ssdm_op_ReadReq.m_axi.i32P1A, i32 %gmem_addr, i64 1" [cluster.cpp:34]   --->   Operation 1113 'readreq' 'gmem_load_1_req' <Predicate = true> <Delay = 4.66> <CoreInst = "m_axi">   --->   Core 119 'm_axi' <Latency = 6> <II = 1> <Delay = 1.00> <Adapter> <Opcode : 'read' 'write' 'readreq' 'writereq' 'writeresp'>
ST_69 : Operation 1114 [7/71] (4.66ns)   --->   "%gmem_load_2_req = readreq i1 @_ssdm_op_ReadReq.m_axi.i32P1A, i32 %gmem_addr_11, i64 1" [cluster.cpp:34]   --->   Operation 1114 'readreq' 'gmem_load_2_req' <Predicate = true> <Delay = 4.66> <CoreInst = "m_axi">   --->   Core 119 'm_axi' <Latency = 6> <II = 1> <Delay = 1.00> <Adapter> <Opcode : 'read' 'write' 'readreq' 'writereq' 'writeresp'>
ST_69 : Operation 1115 [8/71] (4.66ns)   --->   "%gmem_load_3_req = readreq i1 @_ssdm_op_ReadReq.m_axi.i32P1A, i32 %gmem_addr_1, i64 1" [cluster.cpp:34]   --->   Operation 1115 'readreq' 'gmem_load_3_req' <Predicate = true> <Delay = 4.66> <CoreInst = "m_axi">   --->   Core 119 'm_axi' <Latency = 6> <II = 1> <Delay = 1.00> <Adapter> <Opcode : 'read' 'write' 'readreq' 'writereq' 'writeresp'>
ST_69 : Operation 1116 [9/71] (4.66ns)   --->   "%gmem_load_4_req = readreq i1 @_ssdm_op_ReadReq.m_axi.i32P1A, i32 %gmem_addr_12, i64 1" [cluster.cpp:34]   --->   Operation 1116 'readreq' 'gmem_load_4_req' <Predicate = true> <Delay = 4.66> <CoreInst = "m_axi">   --->   Core 119 'm_axi' <Latency = 6> <II = 1> <Delay = 1.00> <Adapter> <Opcode : 'read' 'write' 'readreq' 'writereq' 'writeresp'>
ST_69 : Operation 1117 [10/71] (4.66ns)   --->   "%gmem_load_5_req = readreq i1 @_ssdm_op_ReadReq.m_axi.i32P1A, i32 %gmem_addr_2, i64 1" [cluster.cpp:34]   --->   Operation 1117 'readreq' 'gmem_load_5_req' <Predicate = true> <Delay = 4.66> <CoreInst = "m_axi">   --->   Core 119 'm_axi' <Latency = 6> <II = 1> <Delay = 1.00> <Adapter> <Opcode : 'read' 'write' 'readreq' 'writereq' 'writeresp'>
ST_69 : Operation 1118 [11/71] (4.66ns)   --->   "%empty_19 = readreq i1 @_ssdm_op_ReadReq.m_axi.p1i32, i32 %gmem_addr_13, i64 3" [cluster.cpp:33]   --->   Operation 1118 'readreq' 'empty_19' <Predicate = true> <Delay = 4.66> <CoreInst = "m_axi">   --->   Core 119 'm_axi' <Latency = 6> <II = 1> <Delay = 1.00> <Adapter> <Opcode : 'read' 'write' 'readreq' 'writereq' 'writeresp'>
ST_69 : Operation 1119 [12/71] (4.66ns)   --->   "%gmem_load_6_req = readreq i1 @_ssdm_op_ReadReq.m_axi.i32P1A, i32 %gmem_addr_3, i64 1" [cluster.cpp:34]   --->   Operation 1119 'readreq' 'gmem_load_6_req' <Predicate = true> <Delay = 4.66> <CoreInst = "m_axi">   --->   Core 119 'm_axi' <Latency = 6> <II = 1> <Delay = 1.00> <Adapter> <Opcode : 'read' 'write' 'readreq' 'writereq' 'writeresp'>
ST_69 : Operation 1120 [14/71] (4.66ns)   --->   "%gmem_load_7_req = readreq i1 @_ssdm_op_ReadReq.m_axi.i32P1A, i32 %gmem_addr_4, i64 1" [cluster.cpp:34]   --->   Operation 1120 'readreq' 'gmem_load_7_req' <Predicate = true> <Delay = 4.66> <CoreInst = "m_axi">   --->   Core 119 'm_axi' <Latency = 6> <II = 1> <Delay = 1.00> <Adapter> <Opcode : 'read' 'write' 'readreq' 'writereq' 'writeresp'>
ST_69 : Operation 1121 [16/71] (4.66ns)   --->   "%gmem_load_8_req = readreq i1 @_ssdm_op_ReadReq.m_axi.i32P1A, i32 %gmem_addr_5, i64 1" [cluster.cpp:34]   --->   Operation 1121 'readreq' 'gmem_load_8_req' <Predicate = true> <Delay = 4.66> <CoreInst = "m_axi">   --->   Core 119 'm_axi' <Latency = 6> <II = 1> <Delay = 1.00> <Adapter> <Opcode : 'read' 'write' 'readreq' 'writereq' 'writeresp'>
ST_69 : Operation 1122 [17/71] (4.66ns)   --->   "%empty_21 = readreq i1 @_ssdm_op_ReadReq.m_axi.p1i32, i32 %gmem_addr_14, i64 3" [cluster.cpp:33]   --->   Operation 1122 'readreq' 'empty_21' <Predicate = true> <Delay = 4.66> <CoreInst = "m_axi">   --->   Core 119 'm_axi' <Latency = 6> <II = 1> <Delay = 1.00> <Adapter> <Opcode : 'read' 'write' 'readreq' 'writereq' 'writeresp'>
ST_69 : Operation 1123 [18/71] (4.66ns)   --->   "%gmem_load_9_req = readreq i1 @_ssdm_op_ReadReq.m_axi.i32P1A, i32 %gmem_addr_6, i64 1" [cluster.cpp:34]   --->   Operation 1123 'readreq' 'gmem_load_9_req' <Predicate = true> <Delay = 4.66> <CoreInst = "m_axi">   --->   Core 119 'm_axi' <Latency = 6> <II = 1> <Delay = 1.00> <Adapter> <Opcode : 'read' 'write' 'readreq' 'writereq' 'writeresp'>
ST_69 : Operation 1124 [20/71] (4.66ns)   --->   "%gmem_load_10_req = readreq i1 @_ssdm_op_ReadReq.m_axi.i32P1A, i32 %gmem_addr_7, i64 1" [cluster.cpp:34]   --->   Operation 1124 'readreq' 'gmem_load_10_req' <Predicate = true> <Delay = 4.66> <CoreInst = "m_axi">   --->   Core 119 'm_axi' <Latency = 6> <II = 1> <Delay = 1.00> <Adapter> <Opcode : 'read' 'write' 'readreq' 'writereq' 'writeresp'>
ST_69 : Operation 1125 [22/71] (4.66ns)   --->   "%gmem_load_11_req = readreq i1 @_ssdm_op_ReadReq.m_axi.i32P1A, i32 %gmem_addr_8, i64 1" [cluster.cpp:34]   --->   Operation 1125 'readreq' 'gmem_load_11_req' <Predicate = true> <Delay = 4.66> <CoreInst = "m_axi">   --->   Core 119 'm_axi' <Latency = 6> <II = 1> <Delay = 1.00> <Adapter> <Opcode : 'read' 'write' 'readreq' 'writereq' 'writeresp'>

State 70 <SV = 69> <Delay = 4.66>
ST_70 : Operation 1126 [4/71] (4.66ns)   --->   "%gmem_load_req = readreq i1 @_ssdm_op_ReadReq.m_axi.i32P1A, i32 %gmem_addr_10, i64 1" [cluster.cpp:34]   --->   Operation 1126 'readreq' 'gmem_load_req' <Predicate = true> <Delay = 4.66> <CoreInst = "m_axi">   --->   Core 119 'm_axi' <Latency = 6> <II = 1> <Delay = 1.00> <Adapter> <Opcode : 'read' 'write' 'readreq' 'writereq' 'writeresp'>
ST_70 : Operation 1127 [5/71] (4.66ns)   --->   "%gmem_load_1_req = readreq i1 @_ssdm_op_ReadReq.m_axi.i32P1A, i32 %gmem_addr, i64 1" [cluster.cpp:34]   --->   Operation 1127 'readreq' 'gmem_load_1_req' <Predicate = true> <Delay = 4.66> <CoreInst = "m_axi">   --->   Core 119 'm_axi' <Latency = 6> <II = 1> <Delay = 1.00> <Adapter> <Opcode : 'read' 'write' 'readreq' 'writereq' 'writeresp'>
ST_70 : Operation 1128 [6/71] (4.66ns)   --->   "%gmem_load_2_req = readreq i1 @_ssdm_op_ReadReq.m_axi.i32P1A, i32 %gmem_addr_11, i64 1" [cluster.cpp:34]   --->   Operation 1128 'readreq' 'gmem_load_2_req' <Predicate = true> <Delay = 4.66> <CoreInst = "m_axi">   --->   Core 119 'm_axi' <Latency = 6> <II = 1> <Delay = 1.00> <Adapter> <Opcode : 'read' 'write' 'readreq' 'writereq' 'writeresp'>
ST_70 : Operation 1129 [7/71] (4.66ns)   --->   "%gmem_load_3_req = readreq i1 @_ssdm_op_ReadReq.m_axi.i32P1A, i32 %gmem_addr_1, i64 1" [cluster.cpp:34]   --->   Operation 1129 'readreq' 'gmem_load_3_req' <Predicate = true> <Delay = 4.66> <CoreInst = "m_axi">   --->   Core 119 'm_axi' <Latency = 6> <II = 1> <Delay = 1.00> <Adapter> <Opcode : 'read' 'write' 'readreq' 'writereq' 'writeresp'>
ST_70 : Operation 1130 [8/71] (4.66ns)   --->   "%gmem_load_4_req = readreq i1 @_ssdm_op_ReadReq.m_axi.i32P1A, i32 %gmem_addr_12, i64 1" [cluster.cpp:34]   --->   Operation 1130 'readreq' 'gmem_load_4_req' <Predicate = true> <Delay = 4.66> <CoreInst = "m_axi">   --->   Core 119 'm_axi' <Latency = 6> <II = 1> <Delay = 1.00> <Adapter> <Opcode : 'read' 'write' 'readreq' 'writereq' 'writeresp'>
ST_70 : Operation 1131 [9/71] (4.66ns)   --->   "%gmem_load_5_req = readreq i1 @_ssdm_op_ReadReq.m_axi.i32P1A, i32 %gmem_addr_2, i64 1" [cluster.cpp:34]   --->   Operation 1131 'readreq' 'gmem_load_5_req' <Predicate = true> <Delay = 4.66> <CoreInst = "m_axi">   --->   Core 119 'm_axi' <Latency = 6> <II = 1> <Delay = 1.00> <Adapter> <Opcode : 'read' 'write' 'readreq' 'writereq' 'writeresp'>
ST_70 : Operation 1132 [10/71] (4.66ns)   --->   "%empty_19 = readreq i1 @_ssdm_op_ReadReq.m_axi.p1i32, i32 %gmem_addr_13, i64 3" [cluster.cpp:33]   --->   Operation 1132 'readreq' 'empty_19' <Predicate = true> <Delay = 4.66> <CoreInst = "m_axi">   --->   Core 119 'm_axi' <Latency = 6> <II = 1> <Delay = 1.00> <Adapter> <Opcode : 'read' 'write' 'readreq' 'writereq' 'writeresp'>
ST_70 : Operation 1133 [11/71] (4.66ns)   --->   "%gmem_load_6_req = readreq i1 @_ssdm_op_ReadReq.m_axi.i32P1A, i32 %gmem_addr_3, i64 1" [cluster.cpp:34]   --->   Operation 1133 'readreq' 'gmem_load_6_req' <Predicate = true> <Delay = 4.66> <CoreInst = "m_axi">   --->   Core 119 'm_axi' <Latency = 6> <II = 1> <Delay = 1.00> <Adapter> <Opcode : 'read' 'write' 'readreq' 'writereq' 'writeresp'>
ST_70 : Operation 1134 [13/71] (4.66ns)   --->   "%gmem_load_7_req = readreq i1 @_ssdm_op_ReadReq.m_axi.i32P1A, i32 %gmem_addr_4, i64 1" [cluster.cpp:34]   --->   Operation 1134 'readreq' 'gmem_load_7_req' <Predicate = true> <Delay = 4.66> <CoreInst = "m_axi">   --->   Core 119 'm_axi' <Latency = 6> <II = 1> <Delay = 1.00> <Adapter> <Opcode : 'read' 'write' 'readreq' 'writereq' 'writeresp'>
ST_70 : Operation 1135 [15/71] (4.66ns)   --->   "%gmem_load_8_req = readreq i1 @_ssdm_op_ReadReq.m_axi.i32P1A, i32 %gmem_addr_5, i64 1" [cluster.cpp:34]   --->   Operation 1135 'readreq' 'gmem_load_8_req' <Predicate = true> <Delay = 4.66> <CoreInst = "m_axi">   --->   Core 119 'm_axi' <Latency = 6> <II = 1> <Delay = 1.00> <Adapter> <Opcode : 'read' 'write' 'readreq' 'writereq' 'writeresp'>
ST_70 : Operation 1136 [16/71] (4.66ns)   --->   "%empty_21 = readreq i1 @_ssdm_op_ReadReq.m_axi.p1i32, i32 %gmem_addr_14, i64 3" [cluster.cpp:33]   --->   Operation 1136 'readreq' 'empty_21' <Predicate = true> <Delay = 4.66> <CoreInst = "m_axi">   --->   Core 119 'm_axi' <Latency = 6> <II = 1> <Delay = 1.00> <Adapter> <Opcode : 'read' 'write' 'readreq' 'writereq' 'writeresp'>
ST_70 : Operation 1137 [17/71] (4.66ns)   --->   "%gmem_load_9_req = readreq i1 @_ssdm_op_ReadReq.m_axi.i32P1A, i32 %gmem_addr_6, i64 1" [cluster.cpp:34]   --->   Operation 1137 'readreq' 'gmem_load_9_req' <Predicate = true> <Delay = 4.66> <CoreInst = "m_axi">   --->   Core 119 'm_axi' <Latency = 6> <II = 1> <Delay = 1.00> <Adapter> <Opcode : 'read' 'write' 'readreq' 'writereq' 'writeresp'>
ST_70 : Operation 1138 [19/71] (4.66ns)   --->   "%gmem_load_10_req = readreq i1 @_ssdm_op_ReadReq.m_axi.i32P1A, i32 %gmem_addr_7, i64 1" [cluster.cpp:34]   --->   Operation 1138 'readreq' 'gmem_load_10_req' <Predicate = true> <Delay = 4.66> <CoreInst = "m_axi">   --->   Core 119 'm_axi' <Latency = 6> <II = 1> <Delay = 1.00> <Adapter> <Opcode : 'read' 'write' 'readreq' 'writereq' 'writeresp'>
ST_70 : Operation 1139 [21/71] (4.66ns)   --->   "%gmem_load_11_req = readreq i1 @_ssdm_op_ReadReq.m_axi.i32P1A, i32 %gmem_addr_8, i64 1" [cluster.cpp:34]   --->   Operation 1139 'readreq' 'gmem_load_11_req' <Predicate = true> <Delay = 4.66> <CoreInst = "m_axi">   --->   Core 119 'm_axi' <Latency = 6> <II = 1> <Delay = 1.00> <Adapter> <Opcode : 'read' 'write' 'readreq' 'writereq' 'writeresp'>

State 71 <SV = 70> <Delay = 4.66>
ST_71 : Operation 1140 [3/71] (4.66ns)   --->   "%gmem_load_req = readreq i1 @_ssdm_op_ReadReq.m_axi.i32P1A, i32 %gmem_addr_10, i64 1" [cluster.cpp:34]   --->   Operation 1140 'readreq' 'gmem_load_req' <Predicate = true> <Delay = 4.66> <CoreInst = "m_axi">   --->   Core 119 'm_axi' <Latency = 6> <II = 1> <Delay = 1.00> <Adapter> <Opcode : 'read' 'write' 'readreq' 'writereq' 'writeresp'>
ST_71 : Operation 1141 [4/71] (4.66ns)   --->   "%gmem_load_1_req = readreq i1 @_ssdm_op_ReadReq.m_axi.i32P1A, i32 %gmem_addr, i64 1" [cluster.cpp:34]   --->   Operation 1141 'readreq' 'gmem_load_1_req' <Predicate = true> <Delay = 4.66> <CoreInst = "m_axi">   --->   Core 119 'm_axi' <Latency = 6> <II = 1> <Delay = 1.00> <Adapter> <Opcode : 'read' 'write' 'readreq' 'writereq' 'writeresp'>
ST_71 : Operation 1142 [5/71] (4.66ns)   --->   "%gmem_load_2_req = readreq i1 @_ssdm_op_ReadReq.m_axi.i32P1A, i32 %gmem_addr_11, i64 1" [cluster.cpp:34]   --->   Operation 1142 'readreq' 'gmem_load_2_req' <Predicate = true> <Delay = 4.66> <CoreInst = "m_axi">   --->   Core 119 'm_axi' <Latency = 6> <II = 1> <Delay = 1.00> <Adapter> <Opcode : 'read' 'write' 'readreq' 'writereq' 'writeresp'>
ST_71 : Operation 1143 [6/71] (4.66ns)   --->   "%gmem_load_3_req = readreq i1 @_ssdm_op_ReadReq.m_axi.i32P1A, i32 %gmem_addr_1, i64 1" [cluster.cpp:34]   --->   Operation 1143 'readreq' 'gmem_load_3_req' <Predicate = true> <Delay = 4.66> <CoreInst = "m_axi">   --->   Core 119 'm_axi' <Latency = 6> <II = 1> <Delay = 1.00> <Adapter> <Opcode : 'read' 'write' 'readreq' 'writereq' 'writeresp'>
ST_71 : Operation 1144 [7/71] (4.66ns)   --->   "%gmem_load_4_req = readreq i1 @_ssdm_op_ReadReq.m_axi.i32P1A, i32 %gmem_addr_12, i64 1" [cluster.cpp:34]   --->   Operation 1144 'readreq' 'gmem_load_4_req' <Predicate = true> <Delay = 4.66> <CoreInst = "m_axi">   --->   Core 119 'm_axi' <Latency = 6> <II = 1> <Delay = 1.00> <Adapter> <Opcode : 'read' 'write' 'readreq' 'writereq' 'writeresp'>
ST_71 : Operation 1145 [8/71] (4.66ns)   --->   "%gmem_load_5_req = readreq i1 @_ssdm_op_ReadReq.m_axi.i32P1A, i32 %gmem_addr_2, i64 1" [cluster.cpp:34]   --->   Operation 1145 'readreq' 'gmem_load_5_req' <Predicate = true> <Delay = 4.66> <CoreInst = "m_axi">   --->   Core 119 'm_axi' <Latency = 6> <II = 1> <Delay = 1.00> <Adapter> <Opcode : 'read' 'write' 'readreq' 'writereq' 'writeresp'>
ST_71 : Operation 1146 [9/71] (4.66ns)   --->   "%empty_19 = readreq i1 @_ssdm_op_ReadReq.m_axi.p1i32, i32 %gmem_addr_13, i64 3" [cluster.cpp:33]   --->   Operation 1146 'readreq' 'empty_19' <Predicate = true> <Delay = 4.66> <CoreInst = "m_axi">   --->   Core 119 'm_axi' <Latency = 6> <II = 1> <Delay = 1.00> <Adapter> <Opcode : 'read' 'write' 'readreq' 'writereq' 'writeresp'>
ST_71 : Operation 1147 [10/71] (4.66ns)   --->   "%gmem_load_6_req = readreq i1 @_ssdm_op_ReadReq.m_axi.i32P1A, i32 %gmem_addr_3, i64 1" [cluster.cpp:34]   --->   Operation 1147 'readreq' 'gmem_load_6_req' <Predicate = true> <Delay = 4.66> <CoreInst = "m_axi">   --->   Core 119 'm_axi' <Latency = 6> <II = 1> <Delay = 1.00> <Adapter> <Opcode : 'read' 'write' 'readreq' 'writereq' 'writeresp'>
ST_71 : Operation 1148 [12/71] (4.66ns)   --->   "%gmem_load_7_req = readreq i1 @_ssdm_op_ReadReq.m_axi.i32P1A, i32 %gmem_addr_4, i64 1" [cluster.cpp:34]   --->   Operation 1148 'readreq' 'gmem_load_7_req' <Predicate = true> <Delay = 4.66> <CoreInst = "m_axi">   --->   Core 119 'm_axi' <Latency = 6> <II = 1> <Delay = 1.00> <Adapter> <Opcode : 'read' 'write' 'readreq' 'writereq' 'writeresp'>
ST_71 : Operation 1149 [14/71] (4.66ns)   --->   "%gmem_load_8_req = readreq i1 @_ssdm_op_ReadReq.m_axi.i32P1A, i32 %gmem_addr_5, i64 1" [cluster.cpp:34]   --->   Operation 1149 'readreq' 'gmem_load_8_req' <Predicate = true> <Delay = 4.66> <CoreInst = "m_axi">   --->   Core 119 'm_axi' <Latency = 6> <II = 1> <Delay = 1.00> <Adapter> <Opcode : 'read' 'write' 'readreq' 'writereq' 'writeresp'>
ST_71 : Operation 1150 [15/71] (4.66ns)   --->   "%empty_21 = readreq i1 @_ssdm_op_ReadReq.m_axi.p1i32, i32 %gmem_addr_14, i64 3" [cluster.cpp:33]   --->   Operation 1150 'readreq' 'empty_21' <Predicate = true> <Delay = 4.66> <CoreInst = "m_axi">   --->   Core 119 'm_axi' <Latency = 6> <II = 1> <Delay = 1.00> <Adapter> <Opcode : 'read' 'write' 'readreq' 'writereq' 'writeresp'>
ST_71 : Operation 1151 [16/71] (4.66ns)   --->   "%gmem_load_9_req = readreq i1 @_ssdm_op_ReadReq.m_axi.i32P1A, i32 %gmem_addr_6, i64 1" [cluster.cpp:34]   --->   Operation 1151 'readreq' 'gmem_load_9_req' <Predicate = true> <Delay = 4.66> <CoreInst = "m_axi">   --->   Core 119 'm_axi' <Latency = 6> <II = 1> <Delay = 1.00> <Adapter> <Opcode : 'read' 'write' 'readreq' 'writereq' 'writeresp'>
ST_71 : Operation 1152 [18/71] (4.66ns)   --->   "%gmem_load_10_req = readreq i1 @_ssdm_op_ReadReq.m_axi.i32P1A, i32 %gmem_addr_7, i64 1" [cluster.cpp:34]   --->   Operation 1152 'readreq' 'gmem_load_10_req' <Predicate = true> <Delay = 4.66> <CoreInst = "m_axi">   --->   Core 119 'm_axi' <Latency = 6> <II = 1> <Delay = 1.00> <Adapter> <Opcode : 'read' 'write' 'readreq' 'writereq' 'writeresp'>
ST_71 : Operation 1153 [20/71] (4.66ns)   --->   "%gmem_load_11_req = readreq i1 @_ssdm_op_ReadReq.m_axi.i32P1A, i32 %gmem_addr_8, i64 1" [cluster.cpp:34]   --->   Operation 1153 'readreq' 'gmem_load_11_req' <Predicate = true> <Delay = 4.66> <CoreInst = "m_axi">   --->   Core 119 'm_axi' <Latency = 6> <II = 1> <Delay = 1.00> <Adapter> <Opcode : 'read' 'write' 'readreq' 'writereq' 'writeresp'>

State 72 <SV = 71> <Delay = 4.66>
ST_72 : Operation 1154 [2/71] (4.66ns)   --->   "%gmem_load_req = readreq i1 @_ssdm_op_ReadReq.m_axi.i32P1A, i32 %gmem_addr_10, i64 1" [cluster.cpp:34]   --->   Operation 1154 'readreq' 'gmem_load_req' <Predicate = true> <Delay = 4.66> <CoreInst = "m_axi">   --->   Core 119 'm_axi' <Latency = 6> <II = 1> <Delay = 1.00> <Adapter> <Opcode : 'read' 'write' 'readreq' 'writereq' 'writeresp'>
ST_72 : Operation 1155 [3/71] (4.66ns)   --->   "%gmem_load_1_req = readreq i1 @_ssdm_op_ReadReq.m_axi.i32P1A, i32 %gmem_addr, i64 1" [cluster.cpp:34]   --->   Operation 1155 'readreq' 'gmem_load_1_req' <Predicate = true> <Delay = 4.66> <CoreInst = "m_axi">   --->   Core 119 'm_axi' <Latency = 6> <II = 1> <Delay = 1.00> <Adapter> <Opcode : 'read' 'write' 'readreq' 'writereq' 'writeresp'>
ST_72 : Operation 1156 [4/71] (4.66ns)   --->   "%gmem_load_2_req = readreq i1 @_ssdm_op_ReadReq.m_axi.i32P1A, i32 %gmem_addr_11, i64 1" [cluster.cpp:34]   --->   Operation 1156 'readreq' 'gmem_load_2_req' <Predicate = true> <Delay = 4.66> <CoreInst = "m_axi">   --->   Core 119 'm_axi' <Latency = 6> <II = 1> <Delay = 1.00> <Adapter> <Opcode : 'read' 'write' 'readreq' 'writereq' 'writeresp'>
ST_72 : Operation 1157 [5/71] (4.66ns)   --->   "%gmem_load_3_req = readreq i1 @_ssdm_op_ReadReq.m_axi.i32P1A, i32 %gmem_addr_1, i64 1" [cluster.cpp:34]   --->   Operation 1157 'readreq' 'gmem_load_3_req' <Predicate = true> <Delay = 4.66> <CoreInst = "m_axi">   --->   Core 119 'm_axi' <Latency = 6> <II = 1> <Delay = 1.00> <Adapter> <Opcode : 'read' 'write' 'readreq' 'writereq' 'writeresp'>
ST_72 : Operation 1158 [6/71] (4.66ns)   --->   "%gmem_load_4_req = readreq i1 @_ssdm_op_ReadReq.m_axi.i32P1A, i32 %gmem_addr_12, i64 1" [cluster.cpp:34]   --->   Operation 1158 'readreq' 'gmem_load_4_req' <Predicate = true> <Delay = 4.66> <CoreInst = "m_axi">   --->   Core 119 'm_axi' <Latency = 6> <II = 1> <Delay = 1.00> <Adapter> <Opcode : 'read' 'write' 'readreq' 'writereq' 'writeresp'>
ST_72 : Operation 1159 [7/71] (4.66ns)   --->   "%gmem_load_5_req = readreq i1 @_ssdm_op_ReadReq.m_axi.i32P1A, i32 %gmem_addr_2, i64 1" [cluster.cpp:34]   --->   Operation 1159 'readreq' 'gmem_load_5_req' <Predicate = true> <Delay = 4.66> <CoreInst = "m_axi">   --->   Core 119 'm_axi' <Latency = 6> <II = 1> <Delay = 1.00> <Adapter> <Opcode : 'read' 'write' 'readreq' 'writereq' 'writeresp'>
ST_72 : Operation 1160 [8/71] (4.66ns)   --->   "%empty_19 = readreq i1 @_ssdm_op_ReadReq.m_axi.p1i32, i32 %gmem_addr_13, i64 3" [cluster.cpp:33]   --->   Operation 1160 'readreq' 'empty_19' <Predicate = true> <Delay = 4.66> <CoreInst = "m_axi">   --->   Core 119 'm_axi' <Latency = 6> <II = 1> <Delay = 1.00> <Adapter> <Opcode : 'read' 'write' 'readreq' 'writereq' 'writeresp'>
ST_72 : Operation 1161 [9/71] (4.66ns)   --->   "%gmem_load_6_req = readreq i1 @_ssdm_op_ReadReq.m_axi.i32P1A, i32 %gmem_addr_3, i64 1" [cluster.cpp:34]   --->   Operation 1161 'readreq' 'gmem_load_6_req' <Predicate = true> <Delay = 4.66> <CoreInst = "m_axi">   --->   Core 119 'm_axi' <Latency = 6> <II = 1> <Delay = 1.00> <Adapter> <Opcode : 'read' 'write' 'readreq' 'writereq' 'writeresp'>
ST_72 : Operation 1162 [11/71] (4.66ns)   --->   "%gmem_load_7_req = readreq i1 @_ssdm_op_ReadReq.m_axi.i32P1A, i32 %gmem_addr_4, i64 1" [cluster.cpp:34]   --->   Operation 1162 'readreq' 'gmem_load_7_req' <Predicate = true> <Delay = 4.66> <CoreInst = "m_axi">   --->   Core 119 'm_axi' <Latency = 6> <II = 1> <Delay = 1.00> <Adapter> <Opcode : 'read' 'write' 'readreq' 'writereq' 'writeresp'>
ST_72 : Operation 1163 [13/71] (4.66ns)   --->   "%gmem_load_8_req = readreq i1 @_ssdm_op_ReadReq.m_axi.i32P1A, i32 %gmem_addr_5, i64 1" [cluster.cpp:34]   --->   Operation 1163 'readreq' 'gmem_load_8_req' <Predicate = true> <Delay = 4.66> <CoreInst = "m_axi">   --->   Core 119 'm_axi' <Latency = 6> <II = 1> <Delay = 1.00> <Adapter> <Opcode : 'read' 'write' 'readreq' 'writereq' 'writeresp'>
ST_72 : Operation 1164 [14/71] (4.66ns)   --->   "%empty_21 = readreq i1 @_ssdm_op_ReadReq.m_axi.p1i32, i32 %gmem_addr_14, i64 3" [cluster.cpp:33]   --->   Operation 1164 'readreq' 'empty_21' <Predicate = true> <Delay = 4.66> <CoreInst = "m_axi">   --->   Core 119 'm_axi' <Latency = 6> <II = 1> <Delay = 1.00> <Adapter> <Opcode : 'read' 'write' 'readreq' 'writereq' 'writeresp'>
ST_72 : Operation 1165 [15/71] (4.66ns)   --->   "%gmem_load_9_req = readreq i1 @_ssdm_op_ReadReq.m_axi.i32P1A, i32 %gmem_addr_6, i64 1" [cluster.cpp:34]   --->   Operation 1165 'readreq' 'gmem_load_9_req' <Predicate = true> <Delay = 4.66> <CoreInst = "m_axi">   --->   Core 119 'm_axi' <Latency = 6> <II = 1> <Delay = 1.00> <Adapter> <Opcode : 'read' 'write' 'readreq' 'writereq' 'writeresp'>
ST_72 : Operation 1166 [17/71] (4.66ns)   --->   "%gmem_load_10_req = readreq i1 @_ssdm_op_ReadReq.m_axi.i32P1A, i32 %gmem_addr_7, i64 1" [cluster.cpp:34]   --->   Operation 1166 'readreq' 'gmem_load_10_req' <Predicate = true> <Delay = 4.66> <CoreInst = "m_axi">   --->   Core 119 'm_axi' <Latency = 6> <II = 1> <Delay = 1.00> <Adapter> <Opcode : 'read' 'write' 'readreq' 'writereq' 'writeresp'>
ST_72 : Operation 1167 [19/71] (4.66ns)   --->   "%gmem_load_11_req = readreq i1 @_ssdm_op_ReadReq.m_axi.i32P1A, i32 %gmem_addr_8, i64 1" [cluster.cpp:34]   --->   Operation 1167 'readreq' 'gmem_load_11_req' <Predicate = true> <Delay = 4.66> <CoreInst = "m_axi">   --->   Core 119 'm_axi' <Latency = 6> <II = 1> <Delay = 1.00> <Adapter> <Opcode : 'read' 'write' 'readreq' 'writereq' 'writeresp'>

State 73 <SV = 72> <Delay = 4.66>
ST_73 : Operation 1168 [1/71] (4.66ns)   --->   "%gmem_load_req = readreq i1 @_ssdm_op_ReadReq.m_axi.i32P1A, i32 %gmem_addr_10, i64 1" [cluster.cpp:34]   --->   Operation 1168 'readreq' 'gmem_load_req' <Predicate = true> <Delay = 4.66> <CoreInst = "m_axi">   --->   Core 119 'm_axi' <Latency = 6> <II = 1> <Delay = 1.00> <Adapter> <Opcode : 'read' 'write' 'readreq' 'writereq' 'writeresp'>
ST_73 : Operation 1169 [2/71] (4.66ns)   --->   "%gmem_load_1_req = readreq i1 @_ssdm_op_ReadReq.m_axi.i32P1A, i32 %gmem_addr, i64 1" [cluster.cpp:34]   --->   Operation 1169 'readreq' 'gmem_load_1_req' <Predicate = true> <Delay = 4.66> <CoreInst = "m_axi">   --->   Core 119 'm_axi' <Latency = 6> <II = 1> <Delay = 1.00> <Adapter> <Opcode : 'read' 'write' 'readreq' 'writereq' 'writeresp'>
ST_73 : Operation 1170 [3/71] (4.66ns)   --->   "%gmem_load_2_req = readreq i1 @_ssdm_op_ReadReq.m_axi.i32P1A, i32 %gmem_addr_11, i64 1" [cluster.cpp:34]   --->   Operation 1170 'readreq' 'gmem_load_2_req' <Predicate = true> <Delay = 4.66> <CoreInst = "m_axi">   --->   Core 119 'm_axi' <Latency = 6> <II = 1> <Delay = 1.00> <Adapter> <Opcode : 'read' 'write' 'readreq' 'writereq' 'writeresp'>
ST_73 : Operation 1171 [4/71] (4.66ns)   --->   "%gmem_load_3_req = readreq i1 @_ssdm_op_ReadReq.m_axi.i32P1A, i32 %gmem_addr_1, i64 1" [cluster.cpp:34]   --->   Operation 1171 'readreq' 'gmem_load_3_req' <Predicate = true> <Delay = 4.66> <CoreInst = "m_axi">   --->   Core 119 'm_axi' <Latency = 6> <II = 1> <Delay = 1.00> <Adapter> <Opcode : 'read' 'write' 'readreq' 'writereq' 'writeresp'>
ST_73 : Operation 1172 [5/71] (4.66ns)   --->   "%gmem_load_4_req = readreq i1 @_ssdm_op_ReadReq.m_axi.i32P1A, i32 %gmem_addr_12, i64 1" [cluster.cpp:34]   --->   Operation 1172 'readreq' 'gmem_load_4_req' <Predicate = true> <Delay = 4.66> <CoreInst = "m_axi">   --->   Core 119 'm_axi' <Latency = 6> <II = 1> <Delay = 1.00> <Adapter> <Opcode : 'read' 'write' 'readreq' 'writereq' 'writeresp'>
ST_73 : Operation 1173 [6/71] (4.66ns)   --->   "%gmem_load_5_req = readreq i1 @_ssdm_op_ReadReq.m_axi.i32P1A, i32 %gmem_addr_2, i64 1" [cluster.cpp:34]   --->   Operation 1173 'readreq' 'gmem_load_5_req' <Predicate = true> <Delay = 4.66> <CoreInst = "m_axi">   --->   Core 119 'm_axi' <Latency = 6> <II = 1> <Delay = 1.00> <Adapter> <Opcode : 'read' 'write' 'readreq' 'writereq' 'writeresp'>
ST_73 : Operation 1174 [7/71] (4.66ns)   --->   "%empty_19 = readreq i1 @_ssdm_op_ReadReq.m_axi.p1i32, i32 %gmem_addr_13, i64 3" [cluster.cpp:33]   --->   Operation 1174 'readreq' 'empty_19' <Predicate = true> <Delay = 4.66> <CoreInst = "m_axi">   --->   Core 119 'm_axi' <Latency = 6> <II = 1> <Delay = 1.00> <Adapter> <Opcode : 'read' 'write' 'readreq' 'writereq' 'writeresp'>
ST_73 : Operation 1175 [8/71] (4.66ns)   --->   "%gmem_load_6_req = readreq i1 @_ssdm_op_ReadReq.m_axi.i32P1A, i32 %gmem_addr_3, i64 1" [cluster.cpp:34]   --->   Operation 1175 'readreq' 'gmem_load_6_req' <Predicate = true> <Delay = 4.66> <CoreInst = "m_axi">   --->   Core 119 'm_axi' <Latency = 6> <II = 1> <Delay = 1.00> <Adapter> <Opcode : 'read' 'write' 'readreq' 'writereq' 'writeresp'>
ST_73 : Operation 1176 [10/71] (4.66ns)   --->   "%gmem_load_7_req = readreq i1 @_ssdm_op_ReadReq.m_axi.i32P1A, i32 %gmem_addr_4, i64 1" [cluster.cpp:34]   --->   Operation 1176 'readreq' 'gmem_load_7_req' <Predicate = true> <Delay = 4.66> <CoreInst = "m_axi">   --->   Core 119 'm_axi' <Latency = 6> <II = 1> <Delay = 1.00> <Adapter> <Opcode : 'read' 'write' 'readreq' 'writereq' 'writeresp'>
ST_73 : Operation 1177 [12/71] (4.66ns)   --->   "%gmem_load_8_req = readreq i1 @_ssdm_op_ReadReq.m_axi.i32P1A, i32 %gmem_addr_5, i64 1" [cluster.cpp:34]   --->   Operation 1177 'readreq' 'gmem_load_8_req' <Predicate = true> <Delay = 4.66> <CoreInst = "m_axi">   --->   Core 119 'm_axi' <Latency = 6> <II = 1> <Delay = 1.00> <Adapter> <Opcode : 'read' 'write' 'readreq' 'writereq' 'writeresp'>
ST_73 : Operation 1178 [13/71] (4.66ns)   --->   "%empty_21 = readreq i1 @_ssdm_op_ReadReq.m_axi.p1i32, i32 %gmem_addr_14, i64 3" [cluster.cpp:33]   --->   Operation 1178 'readreq' 'empty_21' <Predicate = true> <Delay = 4.66> <CoreInst = "m_axi">   --->   Core 119 'm_axi' <Latency = 6> <II = 1> <Delay = 1.00> <Adapter> <Opcode : 'read' 'write' 'readreq' 'writereq' 'writeresp'>
ST_73 : Operation 1179 [14/71] (4.66ns)   --->   "%gmem_load_9_req = readreq i1 @_ssdm_op_ReadReq.m_axi.i32P1A, i32 %gmem_addr_6, i64 1" [cluster.cpp:34]   --->   Operation 1179 'readreq' 'gmem_load_9_req' <Predicate = true> <Delay = 4.66> <CoreInst = "m_axi">   --->   Core 119 'm_axi' <Latency = 6> <II = 1> <Delay = 1.00> <Adapter> <Opcode : 'read' 'write' 'readreq' 'writereq' 'writeresp'>
ST_73 : Operation 1180 [16/71] (4.66ns)   --->   "%gmem_load_10_req = readreq i1 @_ssdm_op_ReadReq.m_axi.i32P1A, i32 %gmem_addr_7, i64 1" [cluster.cpp:34]   --->   Operation 1180 'readreq' 'gmem_load_10_req' <Predicate = true> <Delay = 4.66> <CoreInst = "m_axi">   --->   Core 119 'm_axi' <Latency = 6> <II = 1> <Delay = 1.00> <Adapter> <Opcode : 'read' 'write' 'readreq' 'writereq' 'writeresp'>
ST_73 : Operation 1181 [18/71] (4.66ns)   --->   "%gmem_load_11_req = readreq i1 @_ssdm_op_ReadReq.m_axi.i32P1A, i32 %gmem_addr_8, i64 1" [cluster.cpp:34]   --->   Operation 1181 'readreq' 'gmem_load_11_req' <Predicate = true> <Delay = 4.66> <CoreInst = "m_axi">   --->   Core 119 'm_axi' <Latency = 6> <II = 1> <Delay = 1.00> <Adapter> <Opcode : 'read' 'write' 'readreq' 'writereq' 'writeresp'>

State 74 <SV = 73> <Delay = 4.66>
ST_74 : Operation 1182 [1/1] (4.66ns)   --->   "%gmem_addr_10_read = read i32 @_ssdm_op_Read.m_axi.i32P1A, i32 %gmem_addr_10" [cluster.cpp:34]   --->   Operation 1182 'read' 'gmem_addr_10_read' <Predicate = true> <Delay = 4.66> <CoreInst = "m_axi">   --->   Core 119 'm_axi' <Latency = 3> <II = 1> <Delay = 1.00> <Adapter> <Opcode : 'read' 'write' 'readreq' 'writereq' 'writeresp'>
ST_74 : Operation 1183 [1/71] (4.66ns)   --->   "%gmem_load_1_req = readreq i1 @_ssdm_op_ReadReq.m_axi.i32P1A, i32 %gmem_addr, i64 1" [cluster.cpp:34]   --->   Operation 1183 'readreq' 'gmem_load_1_req' <Predicate = true> <Delay = 4.66> <CoreInst = "m_axi">   --->   Core 119 'm_axi' <Latency = 6> <II = 1> <Delay = 1.00> <Adapter> <Opcode : 'read' 'write' 'readreq' 'writereq' 'writeresp'>
ST_74 : Operation 1184 [2/71] (4.66ns)   --->   "%gmem_load_2_req = readreq i1 @_ssdm_op_ReadReq.m_axi.i32P1A, i32 %gmem_addr_11, i64 1" [cluster.cpp:34]   --->   Operation 1184 'readreq' 'gmem_load_2_req' <Predicate = true> <Delay = 4.66> <CoreInst = "m_axi">   --->   Core 119 'm_axi' <Latency = 6> <II = 1> <Delay = 1.00> <Adapter> <Opcode : 'read' 'write' 'readreq' 'writereq' 'writeresp'>
ST_74 : Operation 1185 [3/71] (4.66ns)   --->   "%gmem_load_3_req = readreq i1 @_ssdm_op_ReadReq.m_axi.i32P1A, i32 %gmem_addr_1, i64 1" [cluster.cpp:34]   --->   Operation 1185 'readreq' 'gmem_load_3_req' <Predicate = true> <Delay = 4.66> <CoreInst = "m_axi">   --->   Core 119 'm_axi' <Latency = 6> <II = 1> <Delay = 1.00> <Adapter> <Opcode : 'read' 'write' 'readreq' 'writereq' 'writeresp'>
ST_74 : Operation 1186 [4/71] (4.66ns)   --->   "%gmem_load_4_req = readreq i1 @_ssdm_op_ReadReq.m_axi.i32P1A, i32 %gmem_addr_12, i64 1" [cluster.cpp:34]   --->   Operation 1186 'readreq' 'gmem_load_4_req' <Predicate = true> <Delay = 4.66> <CoreInst = "m_axi">   --->   Core 119 'm_axi' <Latency = 6> <II = 1> <Delay = 1.00> <Adapter> <Opcode : 'read' 'write' 'readreq' 'writereq' 'writeresp'>
ST_74 : Operation 1187 [5/71] (4.66ns)   --->   "%gmem_load_5_req = readreq i1 @_ssdm_op_ReadReq.m_axi.i32P1A, i32 %gmem_addr_2, i64 1" [cluster.cpp:34]   --->   Operation 1187 'readreq' 'gmem_load_5_req' <Predicate = true> <Delay = 4.66> <CoreInst = "m_axi">   --->   Core 119 'm_axi' <Latency = 6> <II = 1> <Delay = 1.00> <Adapter> <Opcode : 'read' 'write' 'readreq' 'writereq' 'writeresp'>
ST_74 : Operation 1188 [6/71] (4.66ns)   --->   "%empty_19 = readreq i1 @_ssdm_op_ReadReq.m_axi.p1i32, i32 %gmem_addr_13, i64 3" [cluster.cpp:33]   --->   Operation 1188 'readreq' 'empty_19' <Predicate = true> <Delay = 4.66> <CoreInst = "m_axi">   --->   Core 119 'm_axi' <Latency = 6> <II = 1> <Delay = 1.00> <Adapter> <Opcode : 'read' 'write' 'readreq' 'writereq' 'writeresp'>
ST_74 : Operation 1189 [7/71] (4.66ns)   --->   "%gmem_load_6_req = readreq i1 @_ssdm_op_ReadReq.m_axi.i32P1A, i32 %gmem_addr_3, i64 1" [cluster.cpp:34]   --->   Operation 1189 'readreq' 'gmem_load_6_req' <Predicate = true> <Delay = 4.66> <CoreInst = "m_axi">   --->   Core 119 'm_axi' <Latency = 6> <II = 1> <Delay = 1.00> <Adapter> <Opcode : 'read' 'write' 'readreq' 'writereq' 'writeresp'>
ST_74 : Operation 1190 [9/71] (4.66ns)   --->   "%gmem_load_7_req = readreq i1 @_ssdm_op_ReadReq.m_axi.i32P1A, i32 %gmem_addr_4, i64 1" [cluster.cpp:34]   --->   Operation 1190 'readreq' 'gmem_load_7_req' <Predicate = true> <Delay = 4.66> <CoreInst = "m_axi">   --->   Core 119 'm_axi' <Latency = 6> <II = 1> <Delay = 1.00> <Adapter> <Opcode : 'read' 'write' 'readreq' 'writereq' 'writeresp'>
ST_74 : Operation 1191 [11/71] (4.66ns)   --->   "%gmem_load_8_req = readreq i1 @_ssdm_op_ReadReq.m_axi.i32P1A, i32 %gmem_addr_5, i64 1" [cluster.cpp:34]   --->   Operation 1191 'readreq' 'gmem_load_8_req' <Predicate = true> <Delay = 4.66> <CoreInst = "m_axi">   --->   Core 119 'm_axi' <Latency = 6> <II = 1> <Delay = 1.00> <Adapter> <Opcode : 'read' 'write' 'readreq' 'writereq' 'writeresp'>
ST_74 : Operation 1192 [12/71] (4.66ns)   --->   "%empty_21 = readreq i1 @_ssdm_op_ReadReq.m_axi.p1i32, i32 %gmem_addr_14, i64 3" [cluster.cpp:33]   --->   Operation 1192 'readreq' 'empty_21' <Predicate = true> <Delay = 4.66> <CoreInst = "m_axi">   --->   Core 119 'm_axi' <Latency = 6> <II = 1> <Delay = 1.00> <Adapter> <Opcode : 'read' 'write' 'readreq' 'writereq' 'writeresp'>
ST_74 : Operation 1193 [13/71] (4.66ns)   --->   "%gmem_load_9_req = readreq i1 @_ssdm_op_ReadReq.m_axi.i32P1A, i32 %gmem_addr_6, i64 1" [cluster.cpp:34]   --->   Operation 1193 'readreq' 'gmem_load_9_req' <Predicate = true> <Delay = 4.66> <CoreInst = "m_axi">   --->   Core 119 'm_axi' <Latency = 6> <II = 1> <Delay = 1.00> <Adapter> <Opcode : 'read' 'write' 'readreq' 'writereq' 'writeresp'>
ST_74 : Operation 1194 [15/71] (4.66ns)   --->   "%gmem_load_10_req = readreq i1 @_ssdm_op_ReadReq.m_axi.i32P1A, i32 %gmem_addr_7, i64 1" [cluster.cpp:34]   --->   Operation 1194 'readreq' 'gmem_load_10_req' <Predicate = true> <Delay = 4.66> <CoreInst = "m_axi">   --->   Core 119 'm_axi' <Latency = 6> <II = 1> <Delay = 1.00> <Adapter> <Opcode : 'read' 'write' 'readreq' 'writereq' 'writeresp'>
ST_74 : Operation 1195 [17/71] (4.66ns)   --->   "%gmem_load_11_req = readreq i1 @_ssdm_op_ReadReq.m_axi.i32P1A, i32 %gmem_addr_8, i64 1" [cluster.cpp:34]   --->   Operation 1195 'readreq' 'gmem_load_11_req' <Predicate = true> <Delay = 4.66> <CoreInst = "m_axi">   --->   Core 119 'm_axi' <Latency = 6> <II = 1> <Delay = 1.00> <Adapter> <Opcode : 'read' 'write' 'readreq' 'writereq' 'writeresp'>

State 75 <SV = 74> <Delay = 4.66>
ST_75 : Operation 1196 [1/1] (4.66ns)   --->   "%gmem_addr_read = read i32 @_ssdm_op_Read.m_axi.i32P1A, i32 %gmem_addr" [cluster.cpp:34]   --->   Operation 1196 'read' 'gmem_addr_read' <Predicate = true> <Delay = 4.66> <CoreInst = "m_axi">   --->   Core 119 'm_axi' <Latency = 3> <II = 1> <Delay = 1.00> <Adapter> <Opcode : 'read' 'write' 'readreq' 'writereq' 'writeresp'>
ST_75 : Operation 1197 [1/71] (4.66ns)   --->   "%gmem_load_2_req = readreq i1 @_ssdm_op_ReadReq.m_axi.i32P1A, i32 %gmem_addr_11, i64 1" [cluster.cpp:34]   --->   Operation 1197 'readreq' 'gmem_load_2_req' <Predicate = true> <Delay = 4.66> <CoreInst = "m_axi">   --->   Core 119 'm_axi' <Latency = 6> <II = 1> <Delay = 1.00> <Adapter> <Opcode : 'read' 'write' 'readreq' 'writereq' 'writeresp'>
ST_75 : Operation 1198 [2/71] (4.66ns)   --->   "%gmem_load_3_req = readreq i1 @_ssdm_op_ReadReq.m_axi.i32P1A, i32 %gmem_addr_1, i64 1" [cluster.cpp:34]   --->   Operation 1198 'readreq' 'gmem_load_3_req' <Predicate = true> <Delay = 4.66> <CoreInst = "m_axi">   --->   Core 119 'm_axi' <Latency = 6> <II = 1> <Delay = 1.00> <Adapter> <Opcode : 'read' 'write' 'readreq' 'writereq' 'writeresp'>
ST_75 : Operation 1199 [3/71] (4.66ns)   --->   "%gmem_load_4_req = readreq i1 @_ssdm_op_ReadReq.m_axi.i32P1A, i32 %gmem_addr_12, i64 1" [cluster.cpp:34]   --->   Operation 1199 'readreq' 'gmem_load_4_req' <Predicate = true> <Delay = 4.66> <CoreInst = "m_axi">   --->   Core 119 'm_axi' <Latency = 6> <II = 1> <Delay = 1.00> <Adapter> <Opcode : 'read' 'write' 'readreq' 'writereq' 'writeresp'>
ST_75 : Operation 1200 [4/71] (4.66ns)   --->   "%gmem_load_5_req = readreq i1 @_ssdm_op_ReadReq.m_axi.i32P1A, i32 %gmem_addr_2, i64 1" [cluster.cpp:34]   --->   Operation 1200 'readreq' 'gmem_load_5_req' <Predicate = true> <Delay = 4.66> <CoreInst = "m_axi">   --->   Core 119 'm_axi' <Latency = 6> <II = 1> <Delay = 1.00> <Adapter> <Opcode : 'read' 'write' 'readreq' 'writereq' 'writeresp'>
ST_75 : Operation 1201 [5/71] (4.66ns)   --->   "%empty_19 = readreq i1 @_ssdm_op_ReadReq.m_axi.p1i32, i32 %gmem_addr_13, i64 3" [cluster.cpp:33]   --->   Operation 1201 'readreq' 'empty_19' <Predicate = true> <Delay = 4.66> <CoreInst = "m_axi">   --->   Core 119 'm_axi' <Latency = 6> <II = 1> <Delay = 1.00> <Adapter> <Opcode : 'read' 'write' 'readreq' 'writereq' 'writeresp'>
ST_75 : Operation 1202 [6/71] (4.66ns)   --->   "%gmem_load_6_req = readreq i1 @_ssdm_op_ReadReq.m_axi.i32P1A, i32 %gmem_addr_3, i64 1" [cluster.cpp:34]   --->   Operation 1202 'readreq' 'gmem_load_6_req' <Predicate = true> <Delay = 4.66> <CoreInst = "m_axi">   --->   Core 119 'm_axi' <Latency = 6> <II = 1> <Delay = 1.00> <Adapter> <Opcode : 'read' 'write' 'readreq' 'writereq' 'writeresp'>
ST_75 : Operation 1203 [8/71] (4.66ns)   --->   "%gmem_load_7_req = readreq i1 @_ssdm_op_ReadReq.m_axi.i32P1A, i32 %gmem_addr_4, i64 1" [cluster.cpp:34]   --->   Operation 1203 'readreq' 'gmem_load_7_req' <Predicate = true> <Delay = 4.66> <CoreInst = "m_axi">   --->   Core 119 'm_axi' <Latency = 6> <II = 1> <Delay = 1.00> <Adapter> <Opcode : 'read' 'write' 'readreq' 'writereq' 'writeresp'>
ST_75 : Operation 1204 [10/71] (4.66ns)   --->   "%gmem_load_8_req = readreq i1 @_ssdm_op_ReadReq.m_axi.i32P1A, i32 %gmem_addr_5, i64 1" [cluster.cpp:34]   --->   Operation 1204 'readreq' 'gmem_load_8_req' <Predicate = true> <Delay = 4.66> <CoreInst = "m_axi">   --->   Core 119 'm_axi' <Latency = 6> <II = 1> <Delay = 1.00> <Adapter> <Opcode : 'read' 'write' 'readreq' 'writereq' 'writeresp'>
ST_75 : Operation 1205 [11/71] (4.66ns)   --->   "%empty_21 = readreq i1 @_ssdm_op_ReadReq.m_axi.p1i32, i32 %gmem_addr_14, i64 3" [cluster.cpp:33]   --->   Operation 1205 'readreq' 'empty_21' <Predicate = true> <Delay = 4.66> <CoreInst = "m_axi">   --->   Core 119 'm_axi' <Latency = 6> <II = 1> <Delay = 1.00> <Adapter> <Opcode : 'read' 'write' 'readreq' 'writereq' 'writeresp'>
ST_75 : Operation 1206 [12/71] (4.66ns)   --->   "%gmem_load_9_req = readreq i1 @_ssdm_op_ReadReq.m_axi.i32P1A, i32 %gmem_addr_6, i64 1" [cluster.cpp:34]   --->   Operation 1206 'readreq' 'gmem_load_9_req' <Predicate = true> <Delay = 4.66> <CoreInst = "m_axi">   --->   Core 119 'm_axi' <Latency = 6> <II = 1> <Delay = 1.00> <Adapter> <Opcode : 'read' 'write' 'readreq' 'writereq' 'writeresp'>
ST_75 : Operation 1207 [14/71] (4.66ns)   --->   "%gmem_load_10_req = readreq i1 @_ssdm_op_ReadReq.m_axi.i32P1A, i32 %gmem_addr_7, i64 1" [cluster.cpp:34]   --->   Operation 1207 'readreq' 'gmem_load_10_req' <Predicate = true> <Delay = 4.66> <CoreInst = "m_axi">   --->   Core 119 'm_axi' <Latency = 6> <II = 1> <Delay = 1.00> <Adapter> <Opcode : 'read' 'write' 'readreq' 'writereq' 'writeresp'>
ST_75 : Operation 1208 [16/71] (4.66ns)   --->   "%gmem_load_11_req = readreq i1 @_ssdm_op_ReadReq.m_axi.i32P1A, i32 %gmem_addr_8, i64 1" [cluster.cpp:34]   --->   Operation 1208 'readreq' 'gmem_load_11_req' <Predicate = true> <Delay = 4.66> <CoreInst = "m_axi">   --->   Core 119 'm_axi' <Latency = 6> <II = 1> <Delay = 1.00> <Adapter> <Opcode : 'read' 'write' 'readreq' 'writereq' 'writeresp'>

State 76 <SV = 75> <Delay = 4.66>
ST_76 : Operation 1209 [1/1] (4.66ns)   --->   "%gmem_addr_11_read = read i32 @_ssdm_op_Read.m_axi.i32P1A, i32 %gmem_addr_11" [cluster.cpp:34]   --->   Operation 1209 'read' 'gmem_addr_11_read' <Predicate = true> <Delay = 4.66> <CoreInst = "m_axi">   --->   Core 119 'm_axi' <Latency = 3> <II = 1> <Delay = 1.00> <Adapter> <Opcode : 'read' 'write' 'readreq' 'writereq' 'writeresp'>
ST_76 : Operation 1210 [1/71] (4.66ns)   --->   "%gmem_load_3_req = readreq i1 @_ssdm_op_ReadReq.m_axi.i32P1A, i32 %gmem_addr_1, i64 1" [cluster.cpp:34]   --->   Operation 1210 'readreq' 'gmem_load_3_req' <Predicate = true> <Delay = 4.66> <CoreInst = "m_axi">   --->   Core 119 'm_axi' <Latency = 6> <II = 1> <Delay = 1.00> <Adapter> <Opcode : 'read' 'write' 'readreq' 'writereq' 'writeresp'>
ST_76 : Operation 1211 [2/71] (4.66ns)   --->   "%gmem_load_4_req = readreq i1 @_ssdm_op_ReadReq.m_axi.i32P1A, i32 %gmem_addr_12, i64 1" [cluster.cpp:34]   --->   Operation 1211 'readreq' 'gmem_load_4_req' <Predicate = true> <Delay = 4.66> <CoreInst = "m_axi">   --->   Core 119 'm_axi' <Latency = 6> <II = 1> <Delay = 1.00> <Adapter> <Opcode : 'read' 'write' 'readreq' 'writereq' 'writeresp'>
ST_76 : Operation 1212 [3/71] (4.66ns)   --->   "%gmem_load_5_req = readreq i1 @_ssdm_op_ReadReq.m_axi.i32P1A, i32 %gmem_addr_2, i64 1" [cluster.cpp:34]   --->   Operation 1212 'readreq' 'gmem_load_5_req' <Predicate = true> <Delay = 4.66> <CoreInst = "m_axi">   --->   Core 119 'm_axi' <Latency = 6> <II = 1> <Delay = 1.00> <Adapter> <Opcode : 'read' 'write' 'readreq' 'writereq' 'writeresp'>
ST_76 : Operation 1213 [4/71] (4.66ns)   --->   "%empty_19 = readreq i1 @_ssdm_op_ReadReq.m_axi.p1i32, i32 %gmem_addr_13, i64 3" [cluster.cpp:33]   --->   Operation 1213 'readreq' 'empty_19' <Predicate = true> <Delay = 4.66> <CoreInst = "m_axi">   --->   Core 119 'm_axi' <Latency = 6> <II = 1> <Delay = 1.00> <Adapter> <Opcode : 'read' 'write' 'readreq' 'writereq' 'writeresp'>
ST_76 : Operation 1214 [5/71] (4.66ns)   --->   "%gmem_load_6_req = readreq i1 @_ssdm_op_ReadReq.m_axi.i32P1A, i32 %gmem_addr_3, i64 1" [cluster.cpp:34]   --->   Operation 1214 'readreq' 'gmem_load_6_req' <Predicate = true> <Delay = 4.66> <CoreInst = "m_axi">   --->   Core 119 'm_axi' <Latency = 6> <II = 1> <Delay = 1.00> <Adapter> <Opcode : 'read' 'write' 'readreq' 'writereq' 'writeresp'>
ST_76 : Operation 1215 [7/71] (4.66ns)   --->   "%gmem_load_7_req = readreq i1 @_ssdm_op_ReadReq.m_axi.i32P1A, i32 %gmem_addr_4, i64 1" [cluster.cpp:34]   --->   Operation 1215 'readreq' 'gmem_load_7_req' <Predicate = true> <Delay = 4.66> <CoreInst = "m_axi">   --->   Core 119 'm_axi' <Latency = 6> <II = 1> <Delay = 1.00> <Adapter> <Opcode : 'read' 'write' 'readreq' 'writereq' 'writeresp'>
ST_76 : Operation 1216 [9/71] (4.66ns)   --->   "%gmem_load_8_req = readreq i1 @_ssdm_op_ReadReq.m_axi.i32P1A, i32 %gmem_addr_5, i64 1" [cluster.cpp:34]   --->   Operation 1216 'readreq' 'gmem_load_8_req' <Predicate = true> <Delay = 4.66> <CoreInst = "m_axi">   --->   Core 119 'm_axi' <Latency = 6> <II = 1> <Delay = 1.00> <Adapter> <Opcode : 'read' 'write' 'readreq' 'writereq' 'writeresp'>
ST_76 : Operation 1217 [10/71] (4.66ns)   --->   "%empty_21 = readreq i1 @_ssdm_op_ReadReq.m_axi.p1i32, i32 %gmem_addr_14, i64 3" [cluster.cpp:33]   --->   Operation 1217 'readreq' 'empty_21' <Predicate = true> <Delay = 4.66> <CoreInst = "m_axi">   --->   Core 119 'm_axi' <Latency = 6> <II = 1> <Delay = 1.00> <Adapter> <Opcode : 'read' 'write' 'readreq' 'writereq' 'writeresp'>
ST_76 : Operation 1218 [11/71] (4.66ns)   --->   "%gmem_load_9_req = readreq i1 @_ssdm_op_ReadReq.m_axi.i32P1A, i32 %gmem_addr_6, i64 1" [cluster.cpp:34]   --->   Operation 1218 'readreq' 'gmem_load_9_req' <Predicate = true> <Delay = 4.66> <CoreInst = "m_axi">   --->   Core 119 'm_axi' <Latency = 6> <II = 1> <Delay = 1.00> <Adapter> <Opcode : 'read' 'write' 'readreq' 'writereq' 'writeresp'>
ST_76 : Operation 1219 [13/71] (4.66ns)   --->   "%gmem_load_10_req = readreq i1 @_ssdm_op_ReadReq.m_axi.i32P1A, i32 %gmem_addr_7, i64 1" [cluster.cpp:34]   --->   Operation 1219 'readreq' 'gmem_load_10_req' <Predicate = true> <Delay = 4.66> <CoreInst = "m_axi">   --->   Core 119 'm_axi' <Latency = 6> <II = 1> <Delay = 1.00> <Adapter> <Opcode : 'read' 'write' 'readreq' 'writereq' 'writeresp'>
ST_76 : Operation 1220 [15/71] (4.66ns)   --->   "%gmem_load_11_req = readreq i1 @_ssdm_op_ReadReq.m_axi.i32P1A, i32 %gmem_addr_8, i64 1" [cluster.cpp:34]   --->   Operation 1220 'readreq' 'gmem_load_11_req' <Predicate = true> <Delay = 4.66> <CoreInst = "m_axi">   --->   Core 119 'm_axi' <Latency = 6> <II = 1> <Delay = 1.00> <Adapter> <Opcode : 'read' 'write' 'readreq' 'writereq' 'writeresp'>
ST_76 : Operation 1221 [1/1] (3.42ns)   --->   "%mul_ln34_8 = mul i32 %gmem_addr_read, i32 %gmem_addr_10_read" [cluster.cpp:34]   --->   Operation 1221 'mul' 'mul_ln34_8' <Predicate = true> <Delay = 3.42> <CoreInst = "Multiplier">   --->   Core 3 'Multiplier' <Latency = 0> <II = 1> <Delay = 3.42> <FuncUnit> <Opcode : 'mul'> <InPorts = 2> <OutPorts = 1>

State 77 <SV = 76> <Delay = 4.66>
ST_77 : Operation 1222 [1/1] (4.66ns)   --->   "%gmem_addr_1_read = read i32 @_ssdm_op_Read.m_axi.i32P1A, i32 %gmem_addr_1" [cluster.cpp:34]   --->   Operation 1222 'read' 'gmem_addr_1_read' <Predicate = true> <Delay = 4.66> <CoreInst = "m_axi">   --->   Core 119 'm_axi' <Latency = 3> <II = 1> <Delay = 1.00> <Adapter> <Opcode : 'read' 'write' 'readreq' 'writereq' 'writeresp'>
ST_77 : Operation 1223 [1/71] (4.66ns)   --->   "%gmem_load_4_req = readreq i1 @_ssdm_op_ReadReq.m_axi.i32P1A, i32 %gmem_addr_12, i64 1" [cluster.cpp:34]   --->   Operation 1223 'readreq' 'gmem_load_4_req' <Predicate = true> <Delay = 4.66> <CoreInst = "m_axi">   --->   Core 119 'm_axi' <Latency = 6> <II = 1> <Delay = 1.00> <Adapter> <Opcode : 'read' 'write' 'readreq' 'writereq' 'writeresp'>
ST_77 : Operation 1224 [2/71] (4.66ns)   --->   "%gmem_load_5_req = readreq i1 @_ssdm_op_ReadReq.m_axi.i32P1A, i32 %gmem_addr_2, i64 1" [cluster.cpp:34]   --->   Operation 1224 'readreq' 'gmem_load_5_req' <Predicate = true> <Delay = 4.66> <CoreInst = "m_axi">   --->   Core 119 'm_axi' <Latency = 6> <II = 1> <Delay = 1.00> <Adapter> <Opcode : 'read' 'write' 'readreq' 'writereq' 'writeresp'>
ST_77 : Operation 1225 [3/71] (4.66ns)   --->   "%empty_19 = readreq i1 @_ssdm_op_ReadReq.m_axi.p1i32, i32 %gmem_addr_13, i64 3" [cluster.cpp:33]   --->   Operation 1225 'readreq' 'empty_19' <Predicate = true> <Delay = 4.66> <CoreInst = "m_axi">   --->   Core 119 'm_axi' <Latency = 6> <II = 1> <Delay = 1.00> <Adapter> <Opcode : 'read' 'write' 'readreq' 'writereq' 'writeresp'>
ST_77 : Operation 1226 [4/71] (4.66ns)   --->   "%gmem_load_6_req = readreq i1 @_ssdm_op_ReadReq.m_axi.i32P1A, i32 %gmem_addr_3, i64 1" [cluster.cpp:34]   --->   Operation 1226 'readreq' 'gmem_load_6_req' <Predicate = true> <Delay = 4.66> <CoreInst = "m_axi">   --->   Core 119 'm_axi' <Latency = 6> <II = 1> <Delay = 1.00> <Adapter> <Opcode : 'read' 'write' 'readreq' 'writereq' 'writeresp'>
ST_77 : Operation 1227 [6/71] (4.66ns)   --->   "%gmem_load_7_req = readreq i1 @_ssdm_op_ReadReq.m_axi.i32P1A, i32 %gmem_addr_4, i64 1" [cluster.cpp:34]   --->   Operation 1227 'readreq' 'gmem_load_7_req' <Predicate = true> <Delay = 4.66> <CoreInst = "m_axi">   --->   Core 119 'm_axi' <Latency = 6> <II = 1> <Delay = 1.00> <Adapter> <Opcode : 'read' 'write' 'readreq' 'writereq' 'writeresp'>
ST_77 : Operation 1228 [8/71] (4.66ns)   --->   "%gmem_load_8_req = readreq i1 @_ssdm_op_ReadReq.m_axi.i32P1A, i32 %gmem_addr_5, i64 1" [cluster.cpp:34]   --->   Operation 1228 'readreq' 'gmem_load_8_req' <Predicate = true> <Delay = 4.66> <CoreInst = "m_axi">   --->   Core 119 'm_axi' <Latency = 6> <II = 1> <Delay = 1.00> <Adapter> <Opcode : 'read' 'write' 'readreq' 'writereq' 'writeresp'>
ST_77 : Operation 1229 [9/71] (4.66ns)   --->   "%empty_21 = readreq i1 @_ssdm_op_ReadReq.m_axi.p1i32, i32 %gmem_addr_14, i64 3" [cluster.cpp:33]   --->   Operation 1229 'readreq' 'empty_21' <Predicate = true> <Delay = 4.66> <CoreInst = "m_axi">   --->   Core 119 'm_axi' <Latency = 6> <II = 1> <Delay = 1.00> <Adapter> <Opcode : 'read' 'write' 'readreq' 'writereq' 'writeresp'>
ST_77 : Operation 1230 [10/71] (4.66ns)   --->   "%gmem_load_9_req = readreq i1 @_ssdm_op_ReadReq.m_axi.i32P1A, i32 %gmem_addr_6, i64 1" [cluster.cpp:34]   --->   Operation 1230 'readreq' 'gmem_load_9_req' <Predicate = true> <Delay = 4.66> <CoreInst = "m_axi">   --->   Core 119 'm_axi' <Latency = 6> <II = 1> <Delay = 1.00> <Adapter> <Opcode : 'read' 'write' 'readreq' 'writereq' 'writeresp'>
ST_77 : Operation 1231 [12/71] (4.66ns)   --->   "%gmem_load_10_req = readreq i1 @_ssdm_op_ReadReq.m_axi.i32P1A, i32 %gmem_addr_7, i64 1" [cluster.cpp:34]   --->   Operation 1231 'readreq' 'gmem_load_10_req' <Predicate = true> <Delay = 4.66> <CoreInst = "m_axi">   --->   Core 119 'm_axi' <Latency = 6> <II = 1> <Delay = 1.00> <Adapter> <Opcode : 'read' 'write' 'readreq' 'writereq' 'writeresp'>
ST_77 : Operation 1232 [14/71] (4.66ns)   --->   "%gmem_load_11_req = readreq i1 @_ssdm_op_ReadReq.m_axi.i32P1A, i32 %gmem_addr_8, i64 1" [cluster.cpp:34]   --->   Operation 1232 'readreq' 'gmem_load_11_req' <Predicate = true> <Delay = 4.66> <CoreInst = "m_axi">   --->   Core 119 'm_axi' <Latency = 6> <II = 1> <Delay = 1.00> <Adapter> <Opcode : 'read' 'write' 'readreq' 'writereq' 'writeresp'>

State 78 <SV = 77> <Delay = 4.66>
ST_78 : Operation 1233 [1/1] (4.66ns)   --->   "%gmem_addr_12_read = read i32 @_ssdm_op_Read.m_axi.i32P1A, i32 %gmem_addr_12" [cluster.cpp:34]   --->   Operation 1233 'read' 'gmem_addr_12_read' <Predicate = true> <Delay = 4.66> <CoreInst = "m_axi">   --->   Core 119 'm_axi' <Latency = 3> <II = 1> <Delay = 1.00> <Adapter> <Opcode : 'read' 'write' 'readreq' 'writereq' 'writeresp'>
ST_78 : Operation 1234 [1/71] (4.66ns)   --->   "%gmem_load_5_req = readreq i1 @_ssdm_op_ReadReq.m_axi.i32P1A, i32 %gmem_addr_2, i64 1" [cluster.cpp:34]   --->   Operation 1234 'readreq' 'gmem_load_5_req' <Predicate = true> <Delay = 4.66> <CoreInst = "m_axi">   --->   Core 119 'm_axi' <Latency = 6> <II = 1> <Delay = 1.00> <Adapter> <Opcode : 'read' 'write' 'readreq' 'writereq' 'writeresp'>
ST_78 : Operation 1235 [2/71] (4.66ns)   --->   "%empty_19 = readreq i1 @_ssdm_op_ReadReq.m_axi.p1i32, i32 %gmem_addr_13, i64 3" [cluster.cpp:33]   --->   Operation 1235 'readreq' 'empty_19' <Predicate = true> <Delay = 4.66> <CoreInst = "m_axi">   --->   Core 119 'm_axi' <Latency = 6> <II = 1> <Delay = 1.00> <Adapter> <Opcode : 'read' 'write' 'readreq' 'writereq' 'writeresp'>
ST_78 : Operation 1236 [3/71] (4.66ns)   --->   "%gmem_load_6_req = readreq i1 @_ssdm_op_ReadReq.m_axi.i32P1A, i32 %gmem_addr_3, i64 1" [cluster.cpp:34]   --->   Operation 1236 'readreq' 'gmem_load_6_req' <Predicate = true> <Delay = 4.66> <CoreInst = "m_axi">   --->   Core 119 'm_axi' <Latency = 6> <II = 1> <Delay = 1.00> <Adapter> <Opcode : 'read' 'write' 'readreq' 'writereq' 'writeresp'>
ST_78 : Operation 1237 [5/71] (4.66ns)   --->   "%gmem_load_7_req = readreq i1 @_ssdm_op_ReadReq.m_axi.i32P1A, i32 %gmem_addr_4, i64 1" [cluster.cpp:34]   --->   Operation 1237 'readreq' 'gmem_load_7_req' <Predicate = true> <Delay = 4.66> <CoreInst = "m_axi">   --->   Core 119 'm_axi' <Latency = 6> <II = 1> <Delay = 1.00> <Adapter> <Opcode : 'read' 'write' 'readreq' 'writereq' 'writeresp'>
ST_78 : Operation 1238 [7/71] (4.66ns)   --->   "%gmem_load_8_req = readreq i1 @_ssdm_op_ReadReq.m_axi.i32P1A, i32 %gmem_addr_5, i64 1" [cluster.cpp:34]   --->   Operation 1238 'readreq' 'gmem_load_8_req' <Predicate = true> <Delay = 4.66> <CoreInst = "m_axi">   --->   Core 119 'm_axi' <Latency = 6> <II = 1> <Delay = 1.00> <Adapter> <Opcode : 'read' 'write' 'readreq' 'writereq' 'writeresp'>
ST_78 : Operation 1239 [8/71] (4.66ns)   --->   "%empty_21 = readreq i1 @_ssdm_op_ReadReq.m_axi.p1i32, i32 %gmem_addr_14, i64 3" [cluster.cpp:33]   --->   Operation 1239 'readreq' 'empty_21' <Predicate = true> <Delay = 4.66> <CoreInst = "m_axi">   --->   Core 119 'm_axi' <Latency = 6> <II = 1> <Delay = 1.00> <Adapter> <Opcode : 'read' 'write' 'readreq' 'writereq' 'writeresp'>
ST_78 : Operation 1240 [9/71] (4.66ns)   --->   "%gmem_load_9_req = readreq i1 @_ssdm_op_ReadReq.m_axi.i32P1A, i32 %gmem_addr_6, i64 1" [cluster.cpp:34]   --->   Operation 1240 'readreq' 'gmem_load_9_req' <Predicate = true> <Delay = 4.66> <CoreInst = "m_axi">   --->   Core 119 'm_axi' <Latency = 6> <II = 1> <Delay = 1.00> <Adapter> <Opcode : 'read' 'write' 'readreq' 'writereq' 'writeresp'>
ST_78 : Operation 1241 [11/71] (4.66ns)   --->   "%gmem_load_10_req = readreq i1 @_ssdm_op_ReadReq.m_axi.i32P1A, i32 %gmem_addr_7, i64 1" [cluster.cpp:34]   --->   Operation 1241 'readreq' 'gmem_load_10_req' <Predicate = true> <Delay = 4.66> <CoreInst = "m_axi">   --->   Core 119 'm_axi' <Latency = 6> <II = 1> <Delay = 1.00> <Adapter> <Opcode : 'read' 'write' 'readreq' 'writereq' 'writeresp'>
ST_78 : Operation 1242 [13/71] (4.66ns)   --->   "%gmem_load_11_req = readreq i1 @_ssdm_op_ReadReq.m_axi.i32P1A, i32 %gmem_addr_8, i64 1" [cluster.cpp:34]   --->   Operation 1242 'readreq' 'gmem_load_11_req' <Predicate = true> <Delay = 4.66> <CoreInst = "m_axi">   --->   Core 119 'm_axi' <Latency = 6> <II = 1> <Delay = 1.00> <Adapter> <Opcode : 'read' 'write' 'readreq' 'writereq' 'writeresp'>
ST_78 : Operation 1243 [1/1] (3.42ns)   --->   "%mul_ln34_3 = mul i32 %gmem_addr_1_read, i32 %gmem_addr_11_read" [cluster.cpp:34]   --->   Operation 1243 'mul' 'mul_ln34_3' <Predicate = true> <Delay = 3.42> <CoreInst = "Multiplier">   --->   Core 3 'Multiplier' <Latency = 0> <II = 1> <Delay = 3.42> <FuncUnit> <Opcode : 'mul'> <InPorts = 2> <OutPorts = 1>
ST_78 : Operation 1244 [1/1] (1.01ns)   --->   "%add_ln34_2 = add i32 %mul_ln34_3, i32 %mul_ln34_8" [cluster.cpp:34]   --->   Operation 1244 'add' 'add_ln34_2' <Predicate = true> <Delay = 1.01> <CoreInst = "Adder">   --->   Core 1 'Adder' <Latency = 0> <II = 1> <Delay = 1.01> <FuncUnit> <Opcode : 'add' 'sub'> <InPorts = 2> <OutPorts = 1>

State 79 <SV = 78> <Delay = 4.66>
ST_79 : Operation 1245 [1/1] (4.66ns)   --->   "%gmem_addr_2_read = read i32 @_ssdm_op_Read.m_axi.i32P1A, i32 %gmem_addr_2" [cluster.cpp:34]   --->   Operation 1245 'read' 'gmem_addr_2_read' <Predicate = true> <Delay = 4.66> <CoreInst = "m_axi">   --->   Core 119 'm_axi' <Latency = 3> <II = 1> <Delay = 1.00> <Adapter> <Opcode : 'read' 'write' 'readreq' 'writereq' 'writeresp'>
ST_79 : Operation 1246 [1/71] (4.66ns)   --->   "%empty_19 = readreq i1 @_ssdm_op_ReadReq.m_axi.p1i32, i32 %gmem_addr_13, i64 3" [cluster.cpp:33]   --->   Operation 1246 'readreq' 'empty_19' <Predicate = true> <Delay = 4.66> <CoreInst = "m_axi">   --->   Core 119 'm_axi' <Latency = 6> <II = 1> <Delay = 1.00> <Adapter> <Opcode : 'read' 'write' 'readreq' 'writereq' 'writeresp'>
ST_79 : Operation 1247 [2/71] (4.66ns)   --->   "%gmem_load_6_req = readreq i1 @_ssdm_op_ReadReq.m_axi.i32P1A, i32 %gmem_addr_3, i64 1" [cluster.cpp:34]   --->   Operation 1247 'readreq' 'gmem_load_6_req' <Predicate = true> <Delay = 4.66> <CoreInst = "m_axi">   --->   Core 119 'm_axi' <Latency = 6> <II = 1> <Delay = 1.00> <Adapter> <Opcode : 'read' 'write' 'readreq' 'writereq' 'writeresp'>
ST_79 : Operation 1248 [4/71] (4.66ns)   --->   "%gmem_load_7_req = readreq i1 @_ssdm_op_ReadReq.m_axi.i32P1A, i32 %gmem_addr_4, i64 1" [cluster.cpp:34]   --->   Operation 1248 'readreq' 'gmem_load_7_req' <Predicate = true> <Delay = 4.66> <CoreInst = "m_axi">   --->   Core 119 'm_axi' <Latency = 6> <II = 1> <Delay = 1.00> <Adapter> <Opcode : 'read' 'write' 'readreq' 'writereq' 'writeresp'>
ST_79 : Operation 1249 [6/71] (4.66ns)   --->   "%gmem_load_8_req = readreq i1 @_ssdm_op_ReadReq.m_axi.i32P1A, i32 %gmem_addr_5, i64 1" [cluster.cpp:34]   --->   Operation 1249 'readreq' 'gmem_load_8_req' <Predicate = true> <Delay = 4.66> <CoreInst = "m_axi">   --->   Core 119 'm_axi' <Latency = 6> <II = 1> <Delay = 1.00> <Adapter> <Opcode : 'read' 'write' 'readreq' 'writereq' 'writeresp'>
ST_79 : Operation 1250 [7/71] (4.66ns)   --->   "%empty_21 = readreq i1 @_ssdm_op_ReadReq.m_axi.p1i32, i32 %gmem_addr_14, i64 3" [cluster.cpp:33]   --->   Operation 1250 'readreq' 'empty_21' <Predicate = true> <Delay = 4.66> <CoreInst = "m_axi">   --->   Core 119 'm_axi' <Latency = 6> <II = 1> <Delay = 1.00> <Adapter> <Opcode : 'read' 'write' 'readreq' 'writereq' 'writeresp'>
ST_79 : Operation 1251 [8/71] (4.66ns)   --->   "%gmem_load_9_req = readreq i1 @_ssdm_op_ReadReq.m_axi.i32P1A, i32 %gmem_addr_6, i64 1" [cluster.cpp:34]   --->   Operation 1251 'readreq' 'gmem_load_9_req' <Predicate = true> <Delay = 4.66> <CoreInst = "m_axi">   --->   Core 119 'm_axi' <Latency = 6> <II = 1> <Delay = 1.00> <Adapter> <Opcode : 'read' 'write' 'readreq' 'writereq' 'writeresp'>
ST_79 : Operation 1252 [10/71] (4.66ns)   --->   "%gmem_load_10_req = readreq i1 @_ssdm_op_ReadReq.m_axi.i32P1A, i32 %gmem_addr_7, i64 1" [cluster.cpp:34]   --->   Operation 1252 'readreq' 'gmem_load_10_req' <Predicate = true> <Delay = 4.66> <CoreInst = "m_axi">   --->   Core 119 'm_axi' <Latency = 6> <II = 1> <Delay = 1.00> <Adapter> <Opcode : 'read' 'write' 'readreq' 'writereq' 'writeresp'>
ST_79 : Operation 1253 [12/71] (4.66ns)   --->   "%gmem_load_11_req = readreq i1 @_ssdm_op_ReadReq.m_axi.i32P1A, i32 %gmem_addr_8, i64 1" [cluster.cpp:34]   --->   Operation 1253 'readreq' 'gmem_load_11_req' <Predicate = true> <Delay = 4.66> <CoreInst = "m_axi">   --->   Core 119 'm_axi' <Latency = 6> <II = 1> <Delay = 1.00> <Adapter> <Opcode : 'read' 'write' 'readreq' 'writereq' 'writeresp'>

State 80 <SV = 79> <Delay = 4.66>
ST_80 : Operation 1254 [1/1] (4.66ns)   --->   "%gmem_addr_13_read = read i32 @_ssdm_op_Read.m_axi.p1i32, i32 %gmem_addr_13" [cluster.cpp:34]   --->   Operation 1254 'read' 'gmem_addr_13_read' <Predicate = true> <Delay = 4.66> <CoreInst = "m_axi">   --->   Core 119 'm_axi' <Latency = 3> <II = 1> <Delay = 1.00> <Adapter> <Opcode : 'read' 'write' 'readreq' 'writereq' 'writeresp'>
ST_80 : Operation 1255 [1/71] (4.66ns)   --->   "%gmem_load_6_req = readreq i1 @_ssdm_op_ReadReq.m_axi.i32P1A, i32 %gmem_addr_3, i64 1" [cluster.cpp:34]   --->   Operation 1255 'readreq' 'gmem_load_6_req' <Predicate = true> <Delay = 4.66> <CoreInst = "m_axi">   --->   Core 119 'm_axi' <Latency = 6> <II = 1> <Delay = 1.00> <Adapter> <Opcode : 'read' 'write' 'readreq' 'writereq' 'writeresp'>
ST_80 : Operation 1256 [3/71] (4.66ns)   --->   "%gmem_load_7_req = readreq i1 @_ssdm_op_ReadReq.m_axi.i32P1A, i32 %gmem_addr_4, i64 1" [cluster.cpp:34]   --->   Operation 1256 'readreq' 'gmem_load_7_req' <Predicate = true> <Delay = 4.66> <CoreInst = "m_axi">   --->   Core 119 'm_axi' <Latency = 6> <II = 1> <Delay = 1.00> <Adapter> <Opcode : 'read' 'write' 'readreq' 'writereq' 'writeresp'>
ST_80 : Operation 1257 [5/71] (4.66ns)   --->   "%gmem_load_8_req = readreq i1 @_ssdm_op_ReadReq.m_axi.i32P1A, i32 %gmem_addr_5, i64 1" [cluster.cpp:34]   --->   Operation 1257 'readreq' 'gmem_load_8_req' <Predicate = true> <Delay = 4.66> <CoreInst = "m_axi">   --->   Core 119 'm_axi' <Latency = 6> <II = 1> <Delay = 1.00> <Adapter> <Opcode : 'read' 'write' 'readreq' 'writereq' 'writeresp'>
ST_80 : Operation 1258 [6/71] (4.66ns)   --->   "%empty_21 = readreq i1 @_ssdm_op_ReadReq.m_axi.p1i32, i32 %gmem_addr_14, i64 3" [cluster.cpp:33]   --->   Operation 1258 'readreq' 'empty_21' <Predicate = true> <Delay = 4.66> <CoreInst = "m_axi">   --->   Core 119 'm_axi' <Latency = 6> <II = 1> <Delay = 1.00> <Adapter> <Opcode : 'read' 'write' 'readreq' 'writereq' 'writeresp'>
ST_80 : Operation 1259 [7/71] (4.66ns)   --->   "%gmem_load_9_req = readreq i1 @_ssdm_op_ReadReq.m_axi.i32P1A, i32 %gmem_addr_6, i64 1" [cluster.cpp:34]   --->   Operation 1259 'readreq' 'gmem_load_9_req' <Predicate = true> <Delay = 4.66> <CoreInst = "m_axi">   --->   Core 119 'm_axi' <Latency = 6> <II = 1> <Delay = 1.00> <Adapter> <Opcode : 'read' 'write' 'readreq' 'writereq' 'writeresp'>
ST_80 : Operation 1260 [9/71] (4.66ns)   --->   "%gmem_load_10_req = readreq i1 @_ssdm_op_ReadReq.m_axi.i32P1A, i32 %gmem_addr_7, i64 1" [cluster.cpp:34]   --->   Operation 1260 'readreq' 'gmem_load_10_req' <Predicate = true> <Delay = 4.66> <CoreInst = "m_axi">   --->   Core 119 'm_axi' <Latency = 6> <II = 1> <Delay = 1.00> <Adapter> <Opcode : 'read' 'write' 'readreq' 'writereq' 'writeresp'>
ST_80 : Operation 1261 [11/71] (4.66ns)   --->   "%gmem_load_11_req = readreq i1 @_ssdm_op_ReadReq.m_axi.i32P1A, i32 %gmem_addr_8, i64 1" [cluster.cpp:34]   --->   Operation 1261 'readreq' 'gmem_load_11_req' <Predicate = true> <Delay = 4.66> <CoreInst = "m_axi">   --->   Core 119 'm_axi' <Latency = 6> <II = 1> <Delay = 1.00> <Adapter> <Opcode : 'read' 'write' 'readreq' 'writereq' 'writeresp'>
ST_80 : Operation 1262 [1/1] (3.42ns)   --->   "%mul_ln34_2 = mul i32 %gmem_addr_2_read, i32 %gmem_addr_12_read" [cluster.cpp:34]   --->   Operation 1262 'mul' 'mul_ln34_2' <Predicate = true> <Delay = 3.42> <CoreInst = "Multiplier">   --->   Core 3 'Multiplier' <Latency = 0> <II = 1> <Delay = 3.42> <FuncUnit> <Opcode : 'mul'> <InPorts = 2> <OutPorts = 1>

State 81 <SV = 80> <Delay = 4.66>
ST_81 : Operation 1263 [1/1] (4.66ns)   --->   "%gmem_addr_3_read = read i32 @_ssdm_op_Read.m_axi.i32P1A, i32 %gmem_addr_3" [cluster.cpp:34]   --->   Operation 1263 'read' 'gmem_addr_3_read' <Predicate = true> <Delay = 4.66> <CoreInst = "m_axi">   --->   Core 119 'm_axi' <Latency = 3> <II = 1> <Delay = 1.00> <Adapter> <Opcode : 'read' 'write' 'readreq' 'writereq' 'writeresp'>
ST_81 : Operation 1264 [2/71] (4.66ns)   --->   "%gmem_load_7_req = readreq i1 @_ssdm_op_ReadReq.m_axi.i32P1A, i32 %gmem_addr_4, i64 1" [cluster.cpp:34]   --->   Operation 1264 'readreq' 'gmem_load_7_req' <Predicate = true> <Delay = 4.66> <CoreInst = "m_axi">   --->   Core 119 'm_axi' <Latency = 6> <II = 1> <Delay = 1.00> <Adapter> <Opcode : 'read' 'write' 'readreq' 'writereq' 'writeresp'>
ST_81 : Operation 1265 [4/71] (4.66ns)   --->   "%gmem_load_8_req = readreq i1 @_ssdm_op_ReadReq.m_axi.i32P1A, i32 %gmem_addr_5, i64 1" [cluster.cpp:34]   --->   Operation 1265 'readreq' 'gmem_load_8_req' <Predicate = true> <Delay = 4.66> <CoreInst = "m_axi">   --->   Core 119 'm_axi' <Latency = 6> <II = 1> <Delay = 1.00> <Adapter> <Opcode : 'read' 'write' 'readreq' 'writereq' 'writeresp'>
ST_81 : Operation 1266 [5/71] (4.66ns)   --->   "%empty_21 = readreq i1 @_ssdm_op_ReadReq.m_axi.p1i32, i32 %gmem_addr_14, i64 3" [cluster.cpp:33]   --->   Operation 1266 'readreq' 'empty_21' <Predicate = true> <Delay = 4.66> <CoreInst = "m_axi">   --->   Core 119 'm_axi' <Latency = 6> <II = 1> <Delay = 1.00> <Adapter> <Opcode : 'read' 'write' 'readreq' 'writereq' 'writeresp'>
ST_81 : Operation 1267 [6/71] (4.66ns)   --->   "%gmem_load_9_req = readreq i1 @_ssdm_op_ReadReq.m_axi.i32P1A, i32 %gmem_addr_6, i64 1" [cluster.cpp:34]   --->   Operation 1267 'readreq' 'gmem_load_9_req' <Predicate = true> <Delay = 4.66> <CoreInst = "m_axi">   --->   Core 119 'm_axi' <Latency = 6> <II = 1> <Delay = 1.00> <Adapter> <Opcode : 'read' 'write' 'readreq' 'writereq' 'writeresp'>
ST_81 : Operation 1268 [8/71] (4.66ns)   --->   "%gmem_load_10_req = readreq i1 @_ssdm_op_ReadReq.m_axi.i32P1A, i32 %gmem_addr_7, i64 1" [cluster.cpp:34]   --->   Operation 1268 'readreq' 'gmem_load_10_req' <Predicate = true> <Delay = 4.66> <CoreInst = "m_axi">   --->   Core 119 'm_axi' <Latency = 6> <II = 1> <Delay = 1.00> <Adapter> <Opcode : 'read' 'write' 'readreq' 'writereq' 'writeresp'>
ST_81 : Operation 1269 [10/71] (4.66ns)   --->   "%gmem_load_11_req = readreq i1 @_ssdm_op_ReadReq.m_axi.i32P1A, i32 %gmem_addr_8, i64 1" [cluster.cpp:34]   --->   Operation 1269 'readreq' 'gmem_load_11_req' <Predicate = true> <Delay = 4.66> <CoreInst = "m_axi">   --->   Core 119 'm_axi' <Latency = 6> <II = 1> <Delay = 1.00> <Adapter> <Opcode : 'read' 'write' 'readreq' 'writereq' 'writeresp'>

State 82 <SV = 81> <Delay = 4.66>
ST_82 : Operation 1270 [1/1] (4.66ns)   --->   "%gmem_addr_13_read_1 = read i32 @_ssdm_op_Read.m_axi.p1i32, i32 %gmem_addr_13" [cluster.cpp:34]   --->   Operation 1270 'read' 'gmem_addr_13_read_1' <Predicate = true> <Delay = 4.66> <CoreInst = "m_axi">   --->   Core 119 'm_axi' <Latency = 3> <II = 1> <Delay = 1.00> <Adapter> <Opcode : 'read' 'write' 'readreq' 'writereq' 'writeresp'>
ST_82 : Operation 1271 [1/71] (4.66ns)   --->   "%gmem_load_7_req = readreq i1 @_ssdm_op_ReadReq.m_axi.i32P1A, i32 %gmem_addr_4, i64 1" [cluster.cpp:34]   --->   Operation 1271 'readreq' 'gmem_load_7_req' <Predicate = true> <Delay = 4.66> <CoreInst = "m_axi">   --->   Core 119 'm_axi' <Latency = 6> <II = 1> <Delay = 1.00> <Adapter> <Opcode : 'read' 'write' 'readreq' 'writereq' 'writeresp'>
ST_82 : Operation 1272 [3/71] (4.66ns)   --->   "%gmem_load_8_req = readreq i1 @_ssdm_op_ReadReq.m_axi.i32P1A, i32 %gmem_addr_5, i64 1" [cluster.cpp:34]   --->   Operation 1272 'readreq' 'gmem_load_8_req' <Predicate = true> <Delay = 4.66> <CoreInst = "m_axi">   --->   Core 119 'm_axi' <Latency = 6> <II = 1> <Delay = 1.00> <Adapter> <Opcode : 'read' 'write' 'readreq' 'writereq' 'writeresp'>
ST_82 : Operation 1273 [4/71] (4.66ns)   --->   "%empty_21 = readreq i1 @_ssdm_op_ReadReq.m_axi.p1i32, i32 %gmem_addr_14, i64 3" [cluster.cpp:33]   --->   Operation 1273 'readreq' 'empty_21' <Predicate = true> <Delay = 4.66> <CoreInst = "m_axi">   --->   Core 119 'm_axi' <Latency = 6> <II = 1> <Delay = 1.00> <Adapter> <Opcode : 'read' 'write' 'readreq' 'writereq' 'writeresp'>
ST_82 : Operation 1274 [5/71] (4.66ns)   --->   "%gmem_load_9_req = readreq i1 @_ssdm_op_ReadReq.m_axi.i32P1A, i32 %gmem_addr_6, i64 1" [cluster.cpp:34]   --->   Operation 1274 'readreq' 'gmem_load_9_req' <Predicate = true> <Delay = 4.66> <CoreInst = "m_axi">   --->   Core 119 'm_axi' <Latency = 6> <II = 1> <Delay = 1.00> <Adapter> <Opcode : 'read' 'write' 'readreq' 'writereq' 'writeresp'>
ST_82 : Operation 1275 [7/71] (4.66ns)   --->   "%gmem_load_10_req = readreq i1 @_ssdm_op_ReadReq.m_axi.i32P1A, i32 %gmem_addr_7, i64 1" [cluster.cpp:34]   --->   Operation 1275 'readreq' 'gmem_load_10_req' <Predicate = true> <Delay = 4.66> <CoreInst = "m_axi">   --->   Core 119 'm_axi' <Latency = 6> <II = 1> <Delay = 1.00> <Adapter> <Opcode : 'read' 'write' 'readreq' 'writereq' 'writeresp'>
ST_82 : Operation 1276 [9/71] (4.66ns)   --->   "%gmem_load_11_req = readreq i1 @_ssdm_op_ReadReq.m_axi.i32P1A, i32 %gmem_addr_8, i64 1" [cluster.cpp:34]   --->   Operation 1276 'readreq' 'gmem_load_11_req' <Predicate = true> <Delay = 4.66> <CoreInst = "m_axi">   --->   Core 119 'm_axi' <Latency = 6> <II = 1> <Delay = 1.00> <Adapter> <Opcode : 'read' 'write' 'readreq' 'writereq' 'writeresp'>
ST_82 : Operation 1277 [1/1] (3.42ns)   --->   "%mul_ln34_5 = mul i32 %gmem_addr_3_read, i32 %gmem_addr_13_read" [cluster.cpp:34]   --->   Operation 1277 'mul' 'mul_ln34_5' <Predicate = true> <Delay = 3.42> <CoreInst = "Multiplier">   --->   Core 3 'Multiplier' <Latency = 0> <II = 1> <Delay = 3.42> <FuncUnit> <Opcode : 'mul'> <InPorts = 2> <OutPorts = 1>
ST_82 : Operation 1278 [1/1] (1.01ns)   --->   "%add_ln34_3 = add i32 %mul_ln34_2, i32 %mul_ln34_5" [cluster.cpp:34]   --->   Operation 1278 'add' 'add_ln34_3' <Predicate = true> <Delay = 1.01> <CoreInst = "Adder">   --->   Core 1 'Adder' <Latency = 0> <II = 1> <Delay = 1.01> <FuncUnit> <Opcode : 'add' 'sub'> <InPorts = 2> <OutPorts = 1>

State 83 <SV = 82> <Delay = 4.66>
ST_83 : Operation 1279 [1/1] (4.66ns)   --->   "%gmem_addr_4_read = read i32 @_ssdm_op_Read.m_axi.i32P1A, i32 %gmem_addr_4" [cluster.cpp:34]   --->   Operation 1279 'read' 'gmem_addr_4_read' <Predicate = true> <Delay = 4.66> <CoreInst = "m_axi">   --->   Core 119 'm_axi' <Latency = 3> <II = 1> <Delay = 1.00> <Adapter> <Opcode : 'read' 'write' 'readreq' 'writereq' 'writeresp'>
ST_83 : Operation 1280 [2/71] (4.66ns)   --->   "%gmem_load_8_req = readreq i1 @_ssdm_op_ReadReq.m_axi.i32P1A, i32 %gmem_addr_5, i64 1" [cluster.cpp:34]   --->   Operation 1280 'readreq' 'gmem_load_8_req' <Predicate = true> <Delay = 4.66> <CoreInst = "m_axi">   --->   Core 119 'm_axi' <Latency = 6> <II = 1> <Delay = 1.00> <Adapter> <Opcode : 'read' 'write' 'readreq' 'writereq' 'writeresp'>
ST_83 : Operation 1281 [3/71] (4.66ns)   --->   "%empty_21 = readreq i1 @_ssdm_op_ReadReq.m_axi.p1i32, i32 %gmem_addr_14, i64 3" [cluster.cpp:33]   --->   Operation 1281 'readreq' 'empty_21' <Predicate = true> <Delay = 4.66> <CoreInst = "m_axi">   --->   Core 119 'm_axi' <Latency = 6> <II = 1> <Delay = 1.00> <Adapter> <Opcode : 'read' 'write' 'readreq' 'writereq' 'writeresp'>
ST_83 : Operation 1282 [4/71] (4.66ns)   --->   "%gmem_load_9_req = readreq i1 @_ssdm_op_ReadReq.m_axi.i32P1A, i32 %gmem_addr_6, i64 1" [cluster.cpp:34]   --->   Operation 1282 'readreq' 'gmem_load_9_req' <Predicate = true> <Delay = 4.66> <CoreInst = "m_axi">   --->   Core 119 'm_axi' <Latency = 6> <II = 1> <Delay = 1.00> <Adapter> <Opcode : 'read' 'write' 'readreq' 'writereq' 'writeresp'>
ST_83 : Operation 1283 [6/71] (4.66ns)   --->   "%gmem_load_10_req = readreq i1 @_ssdm_op_ReadReq.m_axi.i32P1A, i32 %gmem_addr_7, i64 1" [cluster.cpp:34]   --->   Operation 1283 'readreq' 'gmem_load_10_req' <Predicate = true> <Delay = 4.66> <CoreInst = "m_axi">   --->   Core 119 'm_axi' <Latency = 6> <II = 1> <Delay = 1.00> <Adapter> <Opcode : 'read' 'write' 'readreq' 'writereq' 'writeresp'>
ST_83 : Operation 1284 [8/71] (4.66ns)   --->   "%gmem_load_11_req = readreq i1 @_ssdm_op_ReadReq.m_axi.i32P1A, i32 %gmem_addr_8, i64 1" [cluster.cpp:34]   --->   Operation 1284 'readreq' 'gmem_load_11_req' <Predicate = true> <Delay = 4.66> <CoreInst = "m_axi">   --->   Core 119 'm_axi' <Latency = 6> <II = 1> <Delay = 1.00> <Adapter> <Opcode : 'read' 'write' 'readreq' 'writereq' 'writeresp'>

State 84 <SV = 83> <Delay = 4.66>
ST_84 : Operation 1285 [1/1] (4.66ns)   --->   "%gmem_addr_13_read_2 = read i32 @_ssdm_op_Read.m_axi.p1i32, i32 %gmem_addr_13" [cluster.cpp:34]   --->   Operation 1285 'read' 'gmem_addr_13_read_2' <Predicate = true> <Delay = 4.66> <CoreInst = "m_axi">   --->   Core 119 'm_axi' <Latency = 3> <II = 1> <Delay = 1.00> <Adapter> <Opcode : 'read' 'write' 'readreq' 'writereq' 'writeresp'>
ST_84 : Operation 1286 [1/71] (4.66ns)   --->   "%gmem_load_8_req = readreq i1 @_ssdm_op_ReadReq.m_axi.i32P1A, i32 %gmem_addr_5, i64 1" [cluster.cpp:34]   --->   Operation 1286 'readreq' 'gmem_load_8_req' <Predicate = true> <Delay = 4.66> <CoreInst = "m_axi">   --->   Core 119 'm_axi' <Latency = 6> <II = 1> <Delay = 1.00> <Adapter> <Opcode : 'read' 'write' 'readreq' 'writereq' 'writeresp'>
ST_84 : Operation 1287 [2/71] (4.66ns)   --->   "%empty_21 = readreq i1 @_ssdm_op_ReadReq.m_axi.p1i32, i32 %gmem_addr_14, i64 3" [cluster.cpp:33]   --->   Operation 1287 'readreq' 'empty_21' <Predicate = true> <Delay = 4.66> <CoreInst = "m_axi">   --->   Core 119 'm_axi' <Latency = 6> <II = 1> <Delay = 1.00> <Adapter> <Opcode : 'read' 'write' 'readreq' 'writereq' 'writeresp'>
ST_84 : Operation 1288 [3/71] (4.66ns)   --->   "%gmem_load_9_req = readreq i1 @_ssdm_op_ReadReq.m_axi.i32P1A, i32 %gmem_addr_6, i64 1" [cluster.cpp:34]   --->   Operation 1288 'readreq' 'gmem_load_9_req' <Predicate = true> <Delay = 4.66> <CoreInst = "m_axi">   --->   Core 119 'm_axi' <Latency = 6> <II = 1> <Delay = 1.00> <Adapter> <Opcode : 'read' 'write' 'readreq' 'writereq' 'writeresp'>
ST_84 : Operation 1289 [5/71] (4.66ns)   --->   "%gmem_load_10_req = readreq i1 @_ssdm_op_ReadReq.m_axi.i32P1A, i32 %gmem_addr_7, i64 1" [cluster.cpp:34]   --->   Operation 1289 'readreq' 'gmem_load_10_req' <Predicate = true> <Delay = 4.66> <CoreInst = "m_axi">   --->   Core 119 'm_axi' <Latency = 6> <II = 1> <Delay = 1.00> <Adapter> <Opcode : 'read' 'write' 'readreq' 'writereq' 'writeresp'>
ST_84 : Operation 1290 [7/71] (4.66ns)   --->   "%gmem_load_11_req = readreq i1 @_ssdm_op_ReadReq.m_axi.i32P1A, i32 %gmem_addr_8, i64 1" [cluster.cpp:34]   --->   Operation 1290 'readreq' 'gmem_load_11_req' <Predicate = true> <Delay = 4.66> <CoreInst = "m_axi">   --->   Core 119 'm_axi' <Latency = 6> <II = 1> <Delay = 1.00> <Adapter> <Opcode : 'read' 'write' 'readreq' 'writereq' 'writeresp'>
ST_84 : Operation 1291 [1/1] (3.42ns)   --->   "%mul_ln34_6 = mul i32 %gmem_addr_4_read, i32 %gmem_addr_13_read_1" [cluster.cpp:34]   --->   Operation 1291 'mul' 'mul_ln34_6' <Predicate = true> <Delay = 3.42> <CoreInst = "Multiplier">   --->   Core 3 'Multiplier' <Latency = 0> <II = 1> <Delay = 3.42> <FuncUnit> <Opcode : 'mul'> <InPorts = 2> <OutPorts = 1>

State 85 <SV = 84> <Delay = 4.66>
ST_85 : Operation 1292 [1/1] (4.66ns)   --->   "%gmem_addr_5_read = read i32 @_ssdm_op_Read.m_axi.i32P1A, i32 %gmem_addr_5" [cluster.cpp:34]   --->   Operation 1292 'read' 'gmem_addr_5_read' <Predicate = true> <Delay = 4.66> <CoreInst = "m_axi">   --->   Core 119 'm_axi' <Latency = 3> <II = 1> <Delay = 1.00> <Adapter> <Opcode : 'read' 'write' 'readreq' 'writereq' 'writeresp'>
ST_85 : Operation 1293 [1/71] (4.66ns)   --->   "%empty_21 = readreq i1 @_ssdm_op_ReadReq.m_axi.p1i32, i32 %gmem_addr_14, i64 3" [cluster.cpp:33]   --->   Operation 1293 'readreq' 'empty_21' <Predicate = true> <Delay = 4.66> <CoreInst = "m_axi">   --->   Core 119 'm_axi' <Latency = 6> <II = 1> <Delay = 1.00> <Adapter> <Opcode : 'read' 'write' 'readreq' 'writereq' 'writeresp'>
ST_85 : Operation 1294 [2/71] (4.66ns)   --->   "%gmem_load_9_req = readreq i1 @_ssdm_op_ReadReq.m_axi.i32P1A, i32 %gmem_addr_6, i64 1" [cluster.cpp:34]   --->   Operation 1294 'readreq' 'gmem_load_9_req' <Predicate = true> <Delay = 4.66> <CoreInst = "m_axi">   --->   Core 119 'm_axi' <Latency = 6> <II = 1> <Delay = 1.00> <Adapter> <Opcode : 'read' 'write' 'readreq' 'writereq' 'writeresp'>
ST_85 : Operation 1295 [4/71] (4.66ns)   --->   "%gmem_load_10_req = readreq i1 @_ssdm_op_ReadReq.m_axi.i32P1A, i32 %gmem_addr_7, i64 1" [cluster.cpp:34]   --->   Operation 1295 'readreq' 'gmem_load_10_req' <Predicate = true> <Delay = 4.66> <CoreInst = "m_axi">   --->   Core 119 'm_axi' <Latency = 6> <II = 1> <Delay = 1.00> <Adapter> <Opcode : 'read' 'write' 'readreq' 'writereq' 'writeresp'>
ST_85 : Operation 1296 [6/71] (4.66ns)   --->   "%gmem_load_11_req = readreq i1 @_ssdm_op_ReadReq.m_axi.i32P1A, i32 %gmem_addr_8, i64 1" [cluster.cpp:34]   --->   Operation 1296 'readreq' 'gmem_load_11_req' <Predicate = true> <Delay = 4.66> <CoreInst = "m_axi">   --->   Core 119 'm_axi' <Latency = 6> <II = 1> <Delay = 1.00> <Adapter> <Opcode : 'read' 'write' 'readreq' 'writereq' 'writeresp'>

State 86 <SV = 85> <Delay = 4.66>
ST_86 : Operation 1297 [1/1] (4.66ns)   --->   "%gmem_addr_14_read = read i32 @_ssdm_op_Read.m_axi.p1i32, i32 %gmem_addr_14" [cluster.cpp:34]   --->   Operation 1297 'read' 'gmem_addr_14_read' <Predicate = true> <Delay = 4.66> <CoreInst = "m_axi">   --->   Core 119 'm_axi' <Latency = 3> <II = 1> <Delay = 1.00> <Adapter> <Opcode : 'read' 'write' 'readreq' 'writereq' 'writeresp'>
ST_86 : Operation 1298 [1/71] (4.66ns)   --->   "%gmem_load_9_req = readreq i1 @_ssdm_op_ReadReq.m_axi.i32P1A, i32 %gmem_addr_6, i64 1" [cluster.cpp:34]   --->   Operation 1298 'readreq' 'gmem_load_9_req' <Predicate = true> <Delay = 4.66> <CoreInst = "m_axi">   --->   Core 119 'm_axi' <Latency = 6> <II = 1> <Delay = 1.00> <Adapter> <Opcode : 'read' 'write' 'readreq' 'writereq' 'writeresp'>
ST_86 : Operation 1299 [3/71] (4.66ns)   --->   "%gmem_load_10_req = readreq i1 @_ssdm_op_ReadReq.m_axi.i32P1A, i32 %gmem_addr_7, i64 1" [cluster.cpp:34]   --->   Operation 1299 'readreq' 'gmem_load_10_req' <Predicate = true> <Delay = 4.66> <CoreInst = "m_axi">   --->   Core 119 'm_axi' <Latency = 6> <II = 1> <Delay = 1.00> <Adapter> <Opcode : 'read' 'write' 'readreq' 'writereq' 'writeresp'>
ST_86 : Operation 1300 [5/71] (4.66ns)   --->   "%gmem_load_11_req = readreq i1 @_ssdm_op_ReadReq.m_axi.i32P1A, i32 %gmem_addr_8, i64 1" [cluster.cpp:34]   --->   Operation 1300 'readreq' 'gmem_load_11_req' <Predicate = true> <Delay = 4.66> <CoreInst = "m_axi">   --->   Core 119 'm_axi' <Latency = 6> <II = 1> <Delay = 1.00> <Adapter> <Opcode : 'read' 'write' 'readreq' 'writereq' 'writeresp'>
ST_86 : Operation 1301 [1/1] (3.42ns)   --->   "%mul_ln34_4 = mul i32 %gmem_addr_5_read, i32 %gmem_addr_13_read_2" [cluster.cpp:34]   --->   Operation 1301 'mul' 'mul_ln34_4' <Predicate = true> <Delay = 3.42> <CoreInst = "Multiplier">   --->   Core 3 'Multiplier' <Latency = 0> <II = 1> <Delay = 3.42> <FuncUnit> <Opcode : 'mul'> <InPorts = 2> <OutPorts = 1>

State 87 <SV = 86> <Delay = 4.66>
ST_87 : Operation 1302 [1/1] (4.66ns)   --->   "%gmem_addr_6_read = read i32 @_ssdm_op_Read.m_axi.i32P1A, i32 %gmem_addr_6" [cluster.cpp:34]   --->   Operation 1302 'read' 'gmem_addr_6_read' <Predicate = true> <Delay = 4.66> <CoreInst = "m_axi">   --->   Core 119 'm_axi' <Latency = 3> <II = 1> <Delay = 1.00> <Adapter> <Opcode : 'read' 'write' 'readreq' 'writereq' 'writeresp'>
ST_87 : Operation 1303 [2/71] (4.66ns)   --->   "%gmem_load_10_req = readreq i1 @_ssdm_op_ReadReq.m_axi.i32P1A, i32 %gmem_addr_7, i64 1" [cluster.cpp:34]   --->   Operation 1303 'readreq' 'gmem_load_10_req' <Predicate = true> <Delay = 4.66> <CoreInst = "m_axi">   --->   Core 119 'm_axi' <Latency = 6> <II = 1> <Delay = 1.00> <Adapter> <Opcode : 'read' 'write' 'readreq' 'writereq' 'writeresp'>
ST_87 : Operation 1304 [4/71] (4.66ns)   --->   "%gmem_load_11_req = readreq i1 @_ssdm_op_ReadReq.m_axi.i32P1A, i32 %gmem_addr_8, i64 1" [cluster.cpp:34]   --->   Operation 1304 'readreq' 'gmem_load_11_req' <Predicate = true> <Delay = 4.66> <CoreInst = "m_axi">   --->   Core 119 'm_axi' <Latency = 6> <II = 1> <Delay = 1.00> <Adapter> <Opcode : 'read' 'write' 'readreq' 'writereq' 'writeresp'>

State 88 <SV = 87> <Delay = 4.66>
ST_88 : Operation 1305 [1/1] (4.66ns)   --->   "%gmem_addr_14_read_1 = read i32 @_ssdm_op_Read.m_axi.p1i32, i32 %gmem_addr_14" [cluster.cpp:34]   --->   Operation 1305 'read' 'gmem_addr_14_read_1' <Predicate = true> <Delay = 4.66> <CoreInst = "m_axi">   --->   Core 119 'm_axi' <Latency = 3> <II = 1> <Delay = 1.00> <Adapter> <Opcode : 'read' 'write' 'readreq' 'writereq' 'writeresp'>
ST_88 : Operation 1306 [1/71] (4.66ns)   --->   "%gmem_load_10_req = readreq i1 @_ssdm_op_ReadReq.m_axi.i32P1A, i32 %gmem_addr_7, i64 1" [cluster.cpp:34]   --->   Operation 1306 'readreq' 'gmem_load_10_req' <Predicate = true> <Delay = 4.66> <CoreInst = "m_axi">   --->   Core 119 'm_axi' <Latency = 6> <II = 1> <Delay = 1.00> <Adapter> <Opcode : 'read' 'write' 'readreq' 'writereq' 'writeresp'>
ST_88 : Operation 1307 [3/71] (4.66ns)   --->   "%gmem_load_11_req = readreq i1 @_ssdm_op_ReadReq.m_axi.i32P1A, i32 %gmem_addr_8, i64 1" [cluster.cpp:34]   --->   Operation 1307 'readreq' 'gmem_load_11_req' <Predicate = true> <Delay = 4.66> <CoreInst = "m_axi">   --->   Core 119 'm_axi' <Latency = 6> <II = 1> <Delay = 1.00> <Adapter> <Opcode : 'read' 'write' 'readreq' 'writereq' 'writeresp'>
ST_88 : Operation 1308 [1/1] (3.42ns)   --->   "%mul_ln34_7 = mul i32 %gmem_addr_6_read, i32 %gmem_addr_14_read" [cluster.cpp:34]   --->   Operation 1308 'mul' 'mul_ln34_7' <Predicate = true> <Delay = 3.42> <CoreInst = "Multiplier">   --->   Core 3 'Multiplier' <Latency = 0> <II = 1> <Delay = 3.42> <FuncUnit> <Opcode : 'mul'> <InPorts = 2> <OutPorts = 1>

State 89 <SV = 88> <Delay = 4.66>
ST_89 : Operation 1309 [1/1] (4.66ns)   --->   "%gmem_addr_7_read = read i32 @_ssdm_op_Read.m_axi.i32P1A, i32 %gmem_addr_7" [cluster.cpp:34]   --->   Operation 1309 'read' 'gmem_addr_7_read' <Predicate = true> <Delay = 4.66> <CoreInst = "m_axi">   --->   Core 119 'm_axi' <Latency = 3> <II = 1> <Delay = 1.00> <Adapter> <Opcode : 'read' 'write' 'readreq' 'writereq' 'writeresp'>
ST_89 : Operation 1310 [2/71] (4.66ns)   --->   "%gmem_load_11_req = readreq i1 @_ssdm_op_ReadReq.m_axi.i32P1A, i32 %gmem_addr_8, i64 1" [cluster.cpp:34]   --->   Operation 1310 'readreq' 'gmem_load_11_req' <Predicate = true> <Delay = 4.66> <CoreInst = "m_axi">   --->   Core 119 'm_axi' <Latency = 6> <II = 1> <Delay = 1.00> <Adapter> <Opcode : 'read' 'write' 'readreq' 'writereq' 'writeresp'>

State 90 <SV = 89> <Delay = 4.66>
ST_90 : Operation 1311 [1/1] (4.66ns)   --->   "%gmem_addr_14_read_2 = read i32 @_ssdm_op_Read.m_axi.p1i32, i32 %gmem_addr_14" [cluster.cpp:34]   --->   Operation 1311 'read' 'gmem_addr_14_read_2' <Predicate = true> <Delay = 4.66> <CoreInst = "m_axi">   --->   Core 119 'm_axi' <Latency = 3> <II = 1> <Delay = 1.00> <Adapter> <Opcode : 'read' 'write' 'readreq' 'writereq' 'writeresp'>
ST_90 : Operation 1312 [1/71] (4.66ns)   --->   "%gmem_load_11_req = readreq i1 @_ssdm_op_ReadReq.m_axi.i32P1A, i32 %gmem_addr_8, i64 1" [cluster.cpp:34]   --->   Operation 1312 'readreq' 'gmem_load_11_req' <Predicate = true> <Delay = 4.66> <CoreInst = "m_axi">   --->   Core 119 'm_axi' <Latency = 6> <II = 1> <Delay = 1.00> <Adapter> <Opcode : 'read' 'write' 'readreq' 'writereq' 'writeresp'>
ST_90 : Operation 1313 [1/1] (3.42ns)   --->   "%mul_ln34 = mul i32 %gmem_addr_7_read, i32 %gmem_addr_14_read_1" [cluster.cpp:34]   --->   Operation 1313 'mul' 'mul_ln34' <Predicate = true> <Delay = 3.42> <CoreInst = "Multiplier">   --->   Core 3 'Multiplier' <Latency = 0> <II = 1> <Delay = 3.42> <FuncUnit> <Opcode : 'mul'> <InPorts = 2> <OutPorts = 1>

State 91 <SV = 90> <Delay = 4.66>
ST_91 : Operation 1314 [1/1] (4.66ns)   --->   "%gmem_addr_8_read = read i32 @_ssdm_op_Read.m_axi.i32P1A, i32 %gmem_addr_8" [cluster.cpp:34]   --->   Operation 1314 'read' 'gmem_addr_8_read' <Predicate = true> <Delay = 4.66> <CoreInst = "m_axi">   --->   Core 119 'm_axi' <Latency = 3> <II = 1> <Delay = 1.00> <Adapter> <Opcode : 'read' 'write' 'readreq' 'writereq' 'writeresp'>

State 92 <SV = 91> <Delay = 4.15>
ST_92 : Operation 1315 [1/1] (3.42ns)   --->   "%mul_ln34_1 = mul i32 %gmem_addr_8_read, i32 %gmem_addr_14_read_2" [cluster.cpp:34]   --->   Operation 1315 'mul' 'mul_ln34_1' <Predicate = true> <Delay = 3.42> <CoreInst = "Multiplier">   --->   Core 3 'Multiplier' <Latency = 0> <II = 1> <Delay = 3.42> <FuncUnit> <Opcode : 'mul'> <InPorts = 2> <OutPorts = 1>
ST_92 : Operation 1316 [1/1] (0.00ns) (grouped into TernaryAdder)   --->   "%add_ln34_6 = add i32 %mul_ln34, i32 %mul_ln34_1" [cluster.cpp:34]   --->   Operation 1316 'add' 'add_ln34_6' <Predicate = true> <Delay = 0.00> <CoreInst = "TAddSub">   --->   Core 10 'TAddSub' <Latency = 0> <II = 1> <Delay = 0.36> <IPBlock> <Opcode : '' 'add' 'sub'> <InPorts = 3> <OutPorts = 1> <Sync> <CReg>
ST_92 : Operation 1317 [1/1] (0.73ns) (root node of TernaryAdder)   --->   "%add_ln34_7 = add i32 %add_ln34_6, i32 %mul_ln34_7" [cluster.cpp:34]   --->   Operation 1317 'add' 'add_ln34_7' <Predicate = true> <Delay = 0.73> <CoreInst = "TAddSub">   --->   Core 10 'TAddSub' <Latency = 0> <II = 1> <Delay = 0.36> <IPBlock> <Opcode : '' 'add' 'sub'> <InPorts = 3> <OutPorts = 1> <Sync> <CReg>

State 93 <SV = 92> <Delay = 2.91>
ST_93 : Operation 1318 [1/1] (0.00ns) (grouped into TernaryAdder)   --->   "%add_ln34_4 = add i32 %add_ln34_3, i32 %add_ln34_2" [cluster.cpp:34]   --->   Operation 1318 'add' 'add_ln34_4' <Predicate = true> <Delay = 0.00> <CoreInst = "TAddSub">   --->   Core 10 'TAddSub' <Latency = 0> <II = 1> <Delay = 0.36> <IPBlock> <Opcode : '' 'add' 'sub'> <InPorts = 3> <OutPorts = 1> <Sync> <CReg>
ST_93 : Operation 1319 [1/1] (0.00ns) (grouped into TernaryAdder)   --->   "%add_ln34_5 = add i32 %mul_ln34_6, i32 %mul_ln34_4" [cluster.cpp:34]   --->   Operation 1319 'add' 'add_ln34_5' <Predicate = true> <Delay = 0.00> <CoreInst = "TAddSub">   --->   Core 10 'TAddSub' <Latency = 0> <II = 1> <Delay = 0.36> <IPBlock> <Opcode : '' 'add' 'sub'> <InPorts = 3> <OutPorts = 1> <Sync> <CReg>
ST_93 : Operation 1320 [1/1] (0.73ns) (root node of TernaryAdder)   --->   "%add_ln34_8 = add i32 %add_ln34_7, i32 %add_ln34_5" [cluster.cpp:34]   --->   Operation 1320 'add' 'add_ln34_8' <Predicate = true> <Delay = 0.73> <CoreInst = "TAddSub">   --->   Core 10 'TAddSub' <Latency = 0> <II = 1> <Delay = 0.36> <IPBlock> <Opcode : '' 'add' 'sub'> <InPorts = 3> <OutPorts = 1> <Sync> <CReg>
ST_93 : Operation 1321 [1/1] (0.73ns) (root node of TernaryAdder)   --->   "%sum = add i32 %add_ln34_8, i32 %add_ln34_4" [cluster.cpp:34]   --->   Operation 1321 'add' 'sum' <Predicate = true> <Delay = 0.73> <CoreInst = "TAddSub">   --->   Core 10 'TAddSub' <Latency = 0> <II = 1> <Delay = 0.36> <IPBlock> <Opcode : '' 'add' 'sub'> <InPorts = 3> <OutPorts = 1> <Sync> <CReg>
ST_93 : Operation 1322 [36/36] (1.45ns)   --->   "%sdiv_ln37 = sdiv i32 %sum, i32 %normal_factor_1_reload_read" [cluster.cpp:37]   --->   Operation 1322 'sdiv' 'sdiv_ln37' <Predicate = true> <Delay = 1.45> <CoreInst = "Divider">   --->   Core 6 'Divider' <Latency = 35> <II = 1> <Delay = 1.45> <FuncUnit> <Opcode : 'udiv' 'sdiv' 'urem' 'srem'> <InPorts = 2> <OutPorts = 1>

State 94 <SV = 93> <Delay = 1.45>
ST_94 : Operation 1323 [35/36] (1.45ns)   --->   "%sdiv_ln37 = sdiv i32 %sum, i32 %normal_factor_1_reload_read" [cluster.cpp:37]   --->   Operation 1323 'sdiv' 'sdiv_ln37' <Predicate = true> <Delay = 1.45> <CoreInst = "Divider">   --->   Core 6 'Divider' <Latency = 35> <II = 1> <Delay = 1.45> <FuncUnit> <Opcode : 'udiv' 'sdiv' 'urem' 'srem'> <InPorts = 2> <OutPorts = 1>

State 95 <SV = 94> <Delay = 1.45>
ST_95 : Operation 1324 [34/36] (1.45ns)   --->   "%sdiv_ln37 = sdiv i32 %sum, i32 %normal_factor_1_reload_read" [cluster.cpp:37]   --->   Operation 1324 'sdiv' 'sdiv_ln37' <Predicate = true> <Delay = 1.45> <CoreInst = "Divider">   --->   Core 6 'Divider' <Latency = 35> <II = 1> <Delay = 1.45> <FuncUnit> <Opcode : 'udiv' 'sdiv' 'urem' 'srem'> <InPorts = 2> <OutPorts = 1>

State 96 <SV = 95> <Delay = 1.45>
ST_96 : Operation 1325 [33/36] (1.45ns)   --->   "%sdiv_ln37 = sdiv i32 %sum, i32 %normal_factor_1_reload_read" [cluster.cpp:37]   --->   Operation 1325 'sdiv' 'sdiv_ln37' <Predicate = true> <Delay = 1.45> <CoreInst = "Divider">   --->   Core 6 'Divider' <Latency = 35> <II = 1> <Delay = 1.45> <FuncUnit> <Opcode : 'udiv' 'sdiv' 'urem' 'srem'> <InPorts = 2> <OutPorts = 1>

State 97 <SV = 96> <Delay = 1.45>
ST_97 : Operation 1326 [32/36] (1.45ns)   --->   "%sdiv_ln37 = sdiv i32 %sum, i32 %normal_factor_1_reload_read" [cluster.cpp:37]   --->   Operation 1326 'sdiv' 'sdiv_ln37' <Predicate = true> <Delay = 1.45> <CoreInst = "Divider">   --->   Core 6 'Divider' <Latency = 35> <II = 1> <Delay = 1.45> <FuncUnit> <Opcode : 'udiv' 'sdiv' 'urem' 'srem'> <InPorts = 2> <OutPorts = 1>

State 98 <SV = 97> <Delay = 1.45>
ST_98 : Operation 1327 [31/36] (1.45ns)   --->   "%sdiv_ln37 = sdiv i32 %sum, i32 %normal_factor_1_reload_read" [cluster.cpp:37]   --->   Operation 1327 'sdiv' 'sdiv_ln37' <Predicate = true> <Delay = 1.45> <CoreInst = "Divider">   --->   Core 6 'Divider' <Latency = 35> <II = 1> <Delay = 1.45> <FuncUnit> <Opcode : 'udiv' 'sdiv' 'urem' 'srem'> <InPorts = 2> <OutPorts = 1>

State 99 <SV = 98> <Delay = 1.45>
ST_99 : Operation 1328 [30/36] (1.45ns)   --->   "%sdiv_ln37 = sdiv i32 %sum, i32 %normal_factor_1_reload_read" [cluster.cpp:37]   --->   Operation 1328 'sdiv' 'sdiv_ln37' <Predicate = true> <Delay = 1.45> <CoreInst = "Divider">   --->   Core 6 'Divider' <Latency = 35> <II = 1> <Delay = 1.45> <FuncUnit> <Opcode : 'udiv' 'sdiv' 'urem' 'srem'> <InPorts = 2> <OutPorts = 1>

State 100 <SV = 99> <Delay = 1.45>
ST_100 : Operation 1329 [29/36] (1.45ns)   --->   "%sdiv_ln37 = sdiv i32 %sum, i32 %normal_factor_1_reload_read" [cluster.cpp:37]   --->   Operation 1329 'sdiv' 'sdiv_ln37' <Predicate = true> <Delay = 1.45> <CoreInst = "Divider">   --->   Core 6 'Divider' <Latency = 35> <II = 1> <Delay = 1.45> <FuncUnit> <Opcode : 'udiv' 'sdiv' 'urem' 'srem'> <InPorts = 2> <OutPorts = 1>

State 101 <SV = 100> <Delay = 1.45>
ST_101 : Operation 1330 [28/36] (1.45ns)   --->   "%sdiv_ln37 = sdiv i32 %sum, i32 %normal_factor_1_reload_read" [cluster.cpp:37]   --->   Operation 1330 'sdiv' 'sdiv_ln37' <Predicate = true> <Delay = 1.45> <CoreInst = "Divider">   --->   Core 6 'Divider' <Latency = 35> <II = 1> <Delay = 1.45> <FuncUnit> <Opcode : 'udiv' 'sdiv' 'urem' 'srem'> <InPorts = 2> <OutPorts = 1>

State 102 <SV = 101> <Delay = 1.45>
ST_102 : Operation 1331 [27/36] (1.45ns)   --->   "%sdiv_ln37 = sdiv i32 %sum, i32 %normal_factor_1_reload_read" [cluster.cpp:37]   --->   Operation 1331 'sdiv' 'sdiv_ln37' <Predicate = true> <Delay = 1.45> <CoreInst = "Divider">   --->   Core 6 'Divider' <Latency = 35> <II = 1> <Delay = 1.45> <FuncUnit> <Opcode : 'udiv' 'sdiv' 'urem' 'srem'> <InPorts = 2> <OutPorts = 1>

State 103 <SV = 102> <Delay = 1.45>
ST_103 : Operation 1332 [26/36] (1.45ns)   --->   "%sdiv_ln37 = sdiv i32 %sum, i32 %normal_factor_1_reload_read" [cluster.cpp:37]   --->   Operation 1332 'sdiv' 'sdiv_ln37' <Predicate = true> <Delay = 1.45> <CoreInst = "Divider">   --->   Core 6 'Divider' <Latency = 35> <II = 1> <Delay = 1.45> <FuncUnit> <Opcode : 'udiv' 'sdiv' 'urem' 'srem'> <InPorts = 2> <OutPorts = 1>

State 104 <SV = 103> <Delay = 1.45>
ST_104 : Operation 1333 [25/36] (1.45ns)   --->   "%sdiv_ln37 = sdiv i32 %sum, i32 %normal_factor_1_reload_read" [cluster.cpp:37]   --->   Operation 1333 'sdiv' 'sdiv_ln37' <Predicate = true> <Delay = 1.45> <CoreInst = "Divider">   --->   Core 6 'Divider' <Latency = 35> <II = 1> <Delay = 1.45> <FuncUnit> <Opcode : 'udiv' 'sdiv' 'urem' 'srem'> <InPorts = 2> <OutPorts = 1>

State 105 <SV = 104> <Delay = 1.45>
ST_105 : Operation 1334 [24/36] (1.45ns)   --->   "%sdiv_ln37 = sdiv i32 %sum, i32 %normal_factor_1_reload_read" [cluster.cpp:37]   --->   Operation 1334 'sdiv' 'sdiv_ln37' <Predicate = true> <Delay = 1.45> <CoreInst = "Divider">   --->   Core 6 'Divider' <Latency = 35> <II = 1> <Delay = 1.45> <FuncUnit> <Opcode : 'udiv' 'sdiv' 'urem' 'srem'> <InPorts = 2> <OutPorts = 1>

State 106 <SV = 105> <Delay = 1.45>
ST_106 : Operation 1335 [23/36] (1.45ns)   --->   "%sdiv_ln37 = sdiv i32 %sum, i32 %normal_factor_1_reload_read" [cluster.cpp:37]   --->   Operation 1335 'sdiv' 'sdiv_ln37' <Predicate = true> <Delay = 1.45> <CoreInst = "Divider">   --->   Core 6 'Divider' <Latency = 35> <II = 1> <Delay = 1.45> <FuncUnit> <Opcode : 'udiv' 'sdiv' 'urem' 'srem'> <InPorts = 2> <OutPorts = 1>

State 107 <SV = 106> <Delay = 1.45>
ST_107 : Operation 1336 [22/36] (1.45ns)   --->   "%sdiv_ln37 = sdiv i32 %sum, i32 %normal_factor_1_reload_read" [cluster.cpp:37]   --->   Operation 1336 'sdiv' 'sdiv_ln37' <Predicate = true> <Delay = 1.45> <CoreInst = "Divider">   --->   Core 6 'Divider' <Latency = 35> <II = 1> <Delay = 1.45> <FuncUnit> <Opcode : 'udiv' 'sdiv' 'urem' 'srem'> <InPorts = 2> <OutPorts = 1>

State 108 <SV = 107> <Delay = 1.45>
ST_108 : Operation 1337 [21/36] (1.45ns)   --->   "%sdiv_ln37 = sdiv i32 %sum, i32 %normal_factor_1_reload_read" [cluster.cpp:37]   --->   Operation 1337 'sdiv' 'sdiv_ln37' <Predicate = true> <Delay = 1.45> <CoreInst = "Divider">   --->   Core 6 'Divider' <Latency = 35> <II = 1> <Delay = 1.45> <FuncUnit> <Opcode : 'udiv' 'sdiv' 'urem' 'srem'> <InPorts = 2> <OutPorts = 1>

State 109 <SV = 108> <Delay = 1.45>
ST_109 : Operation 1338 [20/36] (1.45ns)   --->   "%sdiv_ln37 = sdiv i32 %sum, i32 %normal_factor_1_reload_read" [cluster.cpp:37]   --->   Operation 1338 'sdiv' 'sdiv_ln37' <Predicate = true> <Delay = 1.45> <CoreInst = "Divider">   --->   Core 6 'Divider' <Latency = 35> <II = 1> <Delay = 1.45> <FuncUnit> <Opcode : 'udiv' 'sdiv' 'urem' 'srem'> <InPorts = 2> <OutPorts = 1>

State 110 <SV = 109> <Delay = 1.45>
ST_110 : Operation 1339 [19/36] (1.45ns)   --->   "%sdiv_ln37 = sdiv i32 %sum, i32 %normal_factor_1_reload_read" [cluster.cpp:37]   --->   Operation 1339 'sdiv' 'sdiv_ln37' <Predicate = true> <Delay = 1.45> <CoreInst = "Divider">   --->   Core 6 'Divider' <Latency = 35> <II = 1> <Delay = 1.45> <FuncUnit> <Opcode : 'udiv' 'sdiv' 'urem' 'srem'> <InPorts = 2> <OutPorts = 1>

State 111 <SV = 110> <Delay = 1.45>
ST_111 : Operation 1340 [18/36] (1.45ns)   --->   "%sdiv_ln37 = sdiv i32 %sum, i32 %normal_factor_1_reload_read" [cluster.cpp:37]   --->   Operation 1340 'sdiv' 'sdiv_ln37' <Predicate = true> <Delay = 1.45> <CoreInst = "Divider">   --->   Core 6 'Divider' <Latency = 35> <II = 1> <Delay = 1.45> <FuncUnit> <Opcode : 'udiv' 'sdiv' 'urem' 'srem'> <InPorts = 2> <OutPorts = 1>

State 112 <SV = 111> <Delay = 1.45>
ST_112 : Operation 1341 [17/36] (1.45ns)   --->   "%sdiv_ln37 = sdiv i32 %sum, i32 %normal_factor_1_reload_read" [cluster.cpp:37]   --->   Operation 1341 'sdiv' 'sdiv_ln37' <Predicate = true> <Delay = 1.45> <CoreInst = "Divider">   --->   Core 6 'Divider' <Latency = 35> <II = 1> <Delay = 1.45> <FuncUnit> <Opcode : 'udiv' 'sdiv' 'urem' 'srem'> <InPorts = 2> <OutPorts = 1>

State 113 <SV = 112> <Delay = 1.45>
ST_113 : Operation 1342 [16/36] (1.45ns)   --->   "%sdiv_ln37 = sdiv i32 %sum, i32 %normal_factor_1_reload_read" [cluster.cpp:37]   --->   Operation 1342 'sdiv' 'sdiv_ln37' <Predicate = true> <Delay = 1.45> <CoreInst = "Divider">   --->   Core 6 'Divider' <Latency = 35> <II = 1> <Delay = 1.45> <FuncUnit> <Opcode : 'udiv' 'sdiv' 'urem' 'srem'> <InPorts = 2> <OutPorts = 1>

State 114 <SV = 113> <Delay = 1.45>
ST_114 : Operation 1343 [15/36] (1.45ns)   --->   "%sdiv_ln37 = sdiv i32 %sum, i32 %normal_factor_1_reload_read" [cluster.cpp:37]   --->   Operation 1343 'sdiv' 'sdiv_ln37' <Predicate = true> <Delay = 1.45> <CoreInst = "Divider">   --->   Core 6 'Divider' <Latency = 35> <II = 1> <Delay = 1.45> <FuncUnit> <Opcode : 'udiv' 'sdiv' 'urem' 'srem'> <InPorts = 2> <OutPorts = 1>

State 115 <SV = 114> <Delay = 1.45>
ST_115 : Operation 1344 [14/36] (1.45ns)   --->   "%sdiv_ln37 = sdiv i32 %sum, i32 %normal_factor_1_reload_read" [cluster.cpp:37]   --->   Operation 1344 'sdiv' 'sdiv_ln37' <Predicate = true> <Delay = 1.45> <CoreInst = "Divider">   --->   Core 6 'Divider' <Latency = 35> <II = 1> <Delay = 1.45> <FuncUnit> <Opcode : 'udiv' 'sdiv' 'urem' 'srem'> <InPorts = 2> <OutPorts = 1>

State 116 <SV = 115> <Delay = 1.45>
ST_116 : Operation 1345 [13/36] (1.45ns)   --->   "%sdiv_ln37 = sdiv i32 %sum, i32 %normal_factor_1_reload_read" [cluster.cpp:37]   --->   Operation 1345 'sdiv' 'sdiv_ln37' <Predicate = true> <Delay = 1.45> <CoreInst = "Divider">   --->   Core 6 'Divider' <Latency = 35> <II = 1> <Delay = 1.45> <FuncUnit> <Opcode : 'udiv' 'sdiv' 'urem' 'srem'> <InPorts = 2> <OutPorts = 1>

State 117 <SV = 116> <Delay = 1.45>
ST_117 : Operation 1346 [12/36] (1.45ns)   --->   "%sdiv_ln37 = sdiv i32 %sum, i32 %normal_factor_1_reload_read" [cluster.cpp:37]   --->   Operation 1346 'sdiv' 'sdiv_ln37' <Predicate = true> <Delay = 1.45> <CoreInst = "Divider">   --->   Core 6 'Divider' <Latency = 35> <II = 1> <Delay = 1.45> <FuncUnit> <Opcode : 'udiv' 'sdiv' 'urem' 'srem'> <InPorts = 2> <OutPorts = 1>

State 118 <SV = 117> <Delay = 1.45>
ST_118 : Operation 1347 [11/36] (1.45ns)   --->   "%sdiv_ln37 = sdiv i32 %sum, i32 %normal_factor_1_reload_read" [cluster.cpp:37]   --->   Operation 1347 'sdiv' 'sdiv_ln37' <Predicate = true> <Delay = 1.45> <CoreInst = "Divider">   --->   Core 6 'Divider' <Latency = 35> <II = 1> <Delay = 1.45> <FuncUnit> <Opcode : 'udiv' 'sdiv' 'urem' 'srem'> <InPorts = 2> <OutPorts = 1>

State 119 <SV = 118> <Delay = 1.45>
ST_119 : Operation 1348 [10/36] (1.45ns)   --->   "%sdiv_ln37 = sdiv i32 %sum, i32 %normal_factor_1_reload_read" [cluster.cpp:37]   --->   Operation 1348 'sdiv' 'sdiv_ln37' <Predicate = true> <Delay = 1.45> <CoreInst = "Divider">   --->   Core 6 'Divider' <Latency = 35> <II = 1> <Delay = 1.45> <FuncUnit> <Opcode : 'udiv' 'sdiv' 'urem' 'srem'> <InPorts = 2> <OutPorts = 1>

State 120 <SV = 119> <Delay = 1.45>
ST_120 : Operation 1349 [9/36] (1.45ns)   --->   "%sdiv_ln37 = sdiv i32 %sum, i32 %normal_factor_1_reload_read" [cluster.cpp:37]   --->   Operation 1349 'sdiv' 'sdiv_ln37' <Predicate = true> <Delay = 1.45> <CoreInst = "Divider">   --->   Core 6 'Divider' <Latency = 35> <II = 1> <Delay = 1.45> <FuncUnit> <Opcode : 'udiv' 'sdiv' 'urem' 'srem'> <InPorts = 2> <OutPorts = 1>

State 121 <SV = 120> <Delay = 1.45>
ST_121 : Operation 1350 [8/36] (1.45ns)   --->   "%sdiv_ln37 = sdiv i32 %sum, i32 %normal_factor_1_reload_read" [cluster.cpp:37]   --->   Operation 1350 'sdiv' 'sdiv_ln37' <Predicate = true> <Delay = 1.45> <CoreInst = "Divider">   --->   Core 6 'Divider' <Latency = 35> <II = 1> <Delay = 1.45> <FuncUnit> <Opcode : 'udiv' 'sdiv' 'urem' 'srem'> <InPorts = 2> <OutPorts = 1>

State 122 <SV = 121> <Delay = 1.45>
ST_122 : Operation 1351 [7/36] (1.45ns)   --->   "%sdiv_ln37 = sdiv i32 %sum, i32 %normal_factor_1_reload_read" [cluster.cpp:37]   --->   Operation 1351 'sdiv' 'sdiv_ln37' <Predicate = true> <Delay = 1.45> <CoreInst = "Divider">   --->   Core 6 'Divider' <Latency = 35> <II = 1> <Delay = 1.45> <FuncUnit> <Opcode : 'udiv' 'sdiv' 'urem' 'srem'> <InPorts = 2> <OutPorts = 1>

State 123 <SV = 122> <Delay = 1.45>
ST_123 : Operation 1352 [6/36] (1.45ns)   --->   "%sdiv_ln37 = sdiv i32 %sum, i32 %normal_factor_1_reload_read" [cluster.cpp:37]   --->   Operation 1352 'sdiv' 'sdiv_ln37' <Predicate = true> <Delay = 1.45> <CoreInst = "Divider">   --->   Core 6 'Divider' <Latency = 35> <II = 1> <Delay = 1.45> <FuncUnit> <Opcode : 'udiv' 'sdiv' 'urem' 'srem'> <InPorts = 2> <OutPorts = 1>

State 124 <SV = 123> <Delay = 1.45>
ST_124 : Operation 1353 [5/36] (1.45ns)   --->   "%sdiv_ln37 = sdiv i32 %sum, i32 %normal_factor_1_reload_read" [cluster.cpp:37]   --->   Operation 1353 'sdiv' 'sdiv_ln37' <Predicate = true> <Delay = 1.45> <CoreInst = "Divider">   --->   Core 6 'Divider' <Latency = 35> <II = 1> <Delay = 1.45> <FuncUnit> <Opcode : 'udiv' 'sdiv' 'urem' 'srem'> <InPorts = 2> <OutPorts = 1>

State 125 <SV = 124> <Delay = 1.45>
ST_125 : Operation 1354 [4/36] (1.45ns)   --->   "%sdiv_ln37 = sdiv i32 %sum, i32 %normal_factor_1_reload_read" [cluster.cpp:37]   --->   Operation 1354 'sdiv' 'sdiv_ln37' <Predicate = true> <Delay = 1.45> <CoreInst = "Divider">   --->   Core 6 'Divider' <Latency = 35> <II = 1> <Delay = 1.45> <FuncUnit> <Opcode : 'udiv' 'sdiv' 'urem' 'srem'> <InPorts = 2> <OutPorts = 1>

State 126 <SV = 125> <Delay = 1.45>
ST_126 : Operation 1355 [3/36] (1.45ns)   --->   "%sdiv_ln37 = sdiv i32 %sum, i32 %normal_factor_1_reload_read" [cluster.cpp:37]   --->   Operation 1355 'sdiv' 'sdiv_ln37' <Predicate = true> <Delay = 1.45> <CoreInst = "Divider">   --->   Core 6 'Divider' <Latency = 35> <II = 1> <Delay = 1.45> <FuncUnit> <Opcode : 'udiv' 'sdiv' 'urem' 'srem'> <InPorts = 2> <OutPorts = 1>

State 127 <SV = 126> <Delay = 1.45>
ST_127 : Operation 1356 [2/36] (1.45ns)   --->   "%sdiv_ln37 = sdiv i32 %sum, i32 %normal_factor_1_reload_read" [cluster.cpp:37]   --->   Operation 1356 'sdiv' 'sdiv_ln37' <Predicate = true> <Delay = 1.45> <CoreInst = "Divider">   --->   Core 6 'Divider' <Latency = 35> <II = 1> <Delay = 1.45> <FuncUnit> <Opcode : 'udiv' 'sdiv' 'urem' 'srem'> <InPorts = 2> <OutPorts = 1>

State 128 <SV = 127> <Delay = 1.45>
ST_128 : Operation 1357 [1/36] (1.45ns)   --->   "%sdiv_ln37 = sdiv i32 %sum, i32 %normal_factor_1_reload_read" [cluster.cpp:37]   --->   Operation 1357 'sdiv' 'sdiv_ln37' <Predicate = true> <Delay = 1.45> <CoreInst = "Divider">   --->   Core 6 'Divider' <Latency = 35> <II = 1> <Delay = 1.45> <FuncUnit> <Opcode : 'udiv' 'sdiv' 'urem' 'srem'> <InPorts = 2> <OutPorts = 1>

State 129 <SV = 128> <Delay = 4.66>
ST_129 : Operation 1358 [1/1] (0.00ns)   --->   "%specpipeline_ln6 = specpipeline void @_ssdm_op_SpecPipeline, i32 4294967295, i32 0, i32 0, i32 0, void @empty" [cluster.cpp:6]   --->   Operation 1358 'specpipeline' 'specpipeline_ln6' <Predicate = true> <Delay = 0.00>
ST_129 : Operation 1359 [1/1] (4.66ns)   --->   "%write_ln37 = write void @_ssdm_op_Write.m_axi.p1i32, i32 %gmem_addr_9, i32 %sdiv_ln37, i4 15" [cluster.cpp:37]   --->   Operation 1359 'write' 'write_ln37' <Predicate = true> <Delay = 4.66> <CoreInst = "m_axi">   --->   Core 119 'm_axi' <Latency = 5> <II = 1> <Delay = 1.00> <Adapter> <Opcode : 'read' 'write' 'readreq' 'writereq' 'writeresp'>

State 130 <SV = 129> <Delay = 4.66>
ST_130 : Operation 1360 [68/68] (4.66ns)   --->   "%empty = writeresp i1 @_ssdm_op_WriteResp.m_axi.p1i32, i32 %gmem_addr_9" [cluster.cpp:29]   --->   Operation 1360 'writeresp' 'empty' <Predicate = (icmp_ln30_1)> <Delay = 4.66> <CoreInst = "m_axi">   --->   Core 119 'm_axi' <Latency = 3> <II = 1> <Delay = 1.00> <Adapter> <Opcode : 'read' 'write' 'readreq' 'writereq' 'writeresp'>

State 131 <SV = 130> <Delay = 4.66>
ST_131 : Operation 1361 [67/68] (4.66ns)   --->   "%empty = writeresp i1 @_ssdm_op_WriteResp.m_axi.p1i32, i32 %gmem_addr_9" [cluster.cpp:29]   --->   Operation 1361 'writeresp' 'empty' <Predicate = (icmp_ln30_1)> <Delay = 4.66> <CoreInst = "m_axi">   --->   Core 119 'm_axi' <Latency = 3> <II = 1> <Delay = 1.00> <Adapter> <Opcode : 'read' 'write' 'readreq' 'writereq' 'writeresp'>

State 132 <SV = 131> <Delay = 4.66>
ST_132 : Operation 1362 [66/68] (4.66ns)   --->   "%empty = writeresp i1 @_ssdm_op_WriteResp.m_axi.p1i32, i32 %gmem_addr_9" [cluster.cpp:29]   --->   Operation 1362 'writeresp' 'empty' <Predicate = (icmp_ln30_1)> <Delay = 4.66> <CoreInst = "m_axi">   --->   Core 119 'm_axi' <Latency = 3> <II = 1> <Delay = 1.00> <Adapter> <Opcode : 'read' 'write' 'readreq' 'writereq' 'writeresp'>

State 133 <SV = 132> <Delay = 4.66>
ST_133 : Operation 1363 [65/68] (4.66ns)   --->   "%empty = writeresp i1 @_ssdm_op_WriteResp.m_axi.p1i32, i32 %gmem_addr_9" [cluster.cpp:29]   --->   Operation 1363 'writeresp' 'empty' <Predicate = (icmp_ln30_1)> <Delay = 4.66> <CoreInst = "m_axi">   --->   Core 119 'm_axi' <Latency = 3> <II = 1> <Delay = 1.00> <Adapter> <Opcode : 'read' 'write' 'readreq' 'writereq' 'writeresp'>

State 134 <SV = 133> <Delay = 4.66>
ST_134 : Operation 1364 [64/68] (4.66ns)   --->   "%empty = writeresp i1 @_ssdm_op_WriteResp.m_axi.p1i32, i32 %gmem_addr_9" [cluster.cpp:29]   --->   Operation 1364 'writeresp' 'empty' <Predicate = (icmp_ln30_1)> <Delay = 4.66> <CoreInst = "m_axi">   --->   Core 119 'm_axi' <Latency = 3> <II = 1> <Delay = 1.00> <Adapter> <Opcode : 'read' 'write' 'readreq' 'writereq' 'writeresp'>

State 135 <SV = 134> <Delay = 4.66>
ST_135 : Operation 1365 [63/68] (4.66ns)   --->   "%empty = writeresp i1 @_ssdm_op_WriteResp.m_axi.p1i32, i32 %gmem_addr_9" [cluster.cpp:29]   --->   Operation 1365 'writeresp' 'empty' <Predicate = (icmp_ln30_1)> <Delay = 4.66> <CoreInst = "m_axi">   --->   Core 119 'm_axi' <Latency = 3> <II = 1> <Delay = 1.00> <Adapter> <Opcode : 'read' 'write' 'readreq' 'writereq' 'writeresp'>

State 136 <SV = 135> <Delay = 4.66>
ST_136 : Operation 1366 [62/68] (4.66ns)   --->   "%empty = writeresp i1 @_ssdm_op_WriteResp.m_axi.p1i32, i32 %gmem_addr_9" [cluster.cpp:29]   --->   Operation 1366 'writeresp' 'empty' <Predicate = (icmp_ln30_1)> <Delay = 4.66> <CoreInst = "m_axi">   --->   Core 119 'm_axi' <Latency = 3> <II = 1> <Delay = 1.00> <Adapter> <Opcode : 'read' 'write' 'readreq' 'writereq' 'writeresp'>

State 137 <SV = 136> <Delay = 4.66>
ST_137 : Operation 1367 [61/68] (4.66ns)   --->   "%empty = writeresp i1 @_ssdm_op_WriteResp.m_axi.p1i32, i32 %gmem_addr_9" [cluster.cpp:29]   --->   Operation 1367 'writeresp' 'empty' <Predicate = (icmp_ln30_1)> <Delay = 4.66> <CoreInst = "m_axi">   --->   Core 119 'm_axi' <Latency = 3> <II = 1> <Delay = 1.00> <Adapter> <Opcode : 'read' 'write' 'readreq' 'writereq' 'writeresp'>

State 138 <SV = 137> <Delay = 4.66>
ST_138 : Operation 1368 [60/68] (4.66ns)   --->   "%empty = writeresp i1 @_ssdm_op_WriteResp.m_axi.p1i32, i32 %gmem_addr_9" [cluster.cpp:29]   --->   Operation 1368 'writeresp' 'empty' <Predicate = (icmp_ln30_1)> <Delay = 4.66> <CoreInst = "m_axi">   --->   Core 119 'm_axi' <Latency = 3> <II = 1> <Delay = 1.00> <Adapter> <Opcode : 'read' 'write' 'readreq' 'writereq' 'writeresp'>

State 139 <SV = 138> <Delay = 4.66>
ST_139 : Operation 1369 [59/68] (4.66ns)   --->   "%empty = writeresp i1 @_ssdm_op_WriteResp.m_axi.p1i32, i32 %gmem_addr_9" [cluster.cpp:29]   --->   Operation 1369 'writeresp' 'empty' <Predicate = (icmp_ln30_1)> <Delay = 4.66> <CoreInst = "m_axi">   --->   Core 119 'm_axi' <Latency = 3> <II = 1> <Delay = 1.00> <Adapter> <Opcode : 'read' 'write' 'readreq' 'writereq' 'writeresp'>

State 140 <SV = 139> <Delay = 4.66>
ST_140 : Operation 1370 [58/68] (4.66ns)   --->   "%empty = writeresp i1 @_ssdm_op_WriteResp.m_axi.p1i32, i32 %gmem_addr_9" [cluster.cpp:29]   --->   Operation 1370 'writeresp' 'empty' <Predicate = (icmp_ln30_1)> <Delay = 4.66> <CoreInst = "m_axi">   --->   Core 119 'm_axi' <Latency = 3> <II = 1> <Delay = 1.00> <Adapter> <Opcode : 'read' 'write' 'readreq' 'writereq' 'writeresp'>

State 141 <SV = 140> <Delay = 4.66>
ST_141 : Operation 1371 [57/68] (4.66ns)   --->   "%empty = writeresp i1 @_ssdm_op_WriteResp.m_axi.p1i32, i32 %gmem_addr_9" [cluster.cpp:29]   --->   Operation 1371 'writeresp' 'empty' <Predicate = (icmp_ln30_1)> <Delay = 4.66> <CoreInst = "m_axi">   --->   Core 119 'm_axi' <Latency = 3> <II = 1> <Delay = 1.00> <Adapter> <Opcode : 'read' 'write' 'readreq' 'writereq' 'writeresp'>

State 142 <SV = 141> <Delay = 4.66>
ST_142 : Operation 1372 [56/68] (4.66ns)   --->   "%empty = writeresp i1 @_ssdm_op_WriteResp.m_axi.p1i32, i32 %gmem_addr_9" [cluster.cpp:29]   --->   Operation 1372 'writeresp' 'empty' <Predicate = (icmp_ln30_1)> <Delay = 4.66> <CoreInst = "m_axi">   --->   Core 119 'm_axi' <Latency = 3> <II = 1> <Delay = 1.00> <Adapter> <Opcode : 'read' 'write' 'readreq' 'writereq' 'writeresp'>

State 143 <SV = 142> <Delay = 4.66>
ST_143 : Operation 1373 [55/68] (4.66ns)   --->   "%empty = writeresp i1 @_ssdm_op_WriteResp.m_axi.p1i32, i32 %gmem_addr_9" [cluster.cpp:29]   --->   Operation 1373 'writeresp' 'empty' <Predicate = (icmp_ln30_1)> <Delay = 4.66> <CoreInst = "m_axi">   --->   Core 119 'm_axi' <Latency = 3> <II = 1> <Delay = 1.00> <Adapter> <Opcode : 'read' 'write' 'readreq' 'writereq' 'writeresp'>

State 144 <SV = 143> <Delay = 4.66>
ST_144 : Operation 1374 [54/68] (4.66ns)   --->   "%empty = writeresp i1 @_ssdm_op_WriteResp.m_axi.p1i32, i32 %gmem_addr_9" [cluster.cpp:29]   --->   Operation 1374 'writeresp' 'empty' <Predicate = (icmp_ln30_1)> <Delay = 4.66> <CoreInst = "m_axi">   --->   Core 119 'm_axi' <Latency = 3> <II = 1> <Delay = 1.00> <Adapter> <Opcode : 'read' 'write' 'readreq' 'writereq' 'writeresp'>

State 145 <SV = 144> <Delay = 4.66>
ST_145 : Operation 1375 [53/68] (4.66ns)   --->   "%empty = writeresp i1 @_ssdm_op_WriteResp.m_axi.p1i32, i32 %gmem_addr_9" [cluster.cpp:29]   --->   Operation 1375 'writeresp' 'empty' <Predicate = (icmp_ln30_1)> <Delay = 4.66> <CoreInst = "m_axi">   --->   Core 119 'm_axi' <Latency = 3> <II = 1> <Delay = 1.00> <Adapter> <Opcode : 'read' 'write' 'readreq' 'writereq' 'writeresp'>

State 146 <SV = 145> <Delay = 4.66>
ST_146 : Operation 1376 [52/68] (4.66ns)   --->   "%empty = writeresp i1 @_ssdm_op_WriteResp.m_axi.p1i32, i32 %gmem_addr_9" [cluster.cpp:29]   --->   Operation 1376 'writeresp' 'empty' <Predicate = (icmp_ln30_1)> <Delay = 4.66> <CoreInst = "m_axi">   --->   Core 119 'm_axi' <Latency = 3> <II = 1> <Delay = 1.00> <Adapter> <Opcode : 'read' 'write' 'readreq' 'writereq' 'writeresp'>

State 147 <SV = 146> <Delay = 4.66>
ST_147 : Operation 1377 [51/68] (4.66ns)   --->   "%empty = writeresp i1 @_ssdm_op_WriteResp.m_axi.p1i32, i32 %gmem_addr_9" [cluster.cpp:29]   --->   Operation 1377 'writeresp' 'empty' <Predicate = (icmp_ln30_1)> <Delay = 4.66> <CoreInst = "m_axi">   --->   Core 119 'm_axi' <Latency = 3> <II = 1> <Delay = 1.00> <Adapter> <Opcode : 'read' 'write' 'readreq' 'writereq' 'writeresp'>

State 148 <SV = 147> <Delay = 4.66>
ST_148 : Operation 1378 [50/68] (4.66ns)   --->   "%empty = writeresp i1 @_ssdm_op_WriteResp.m_axi.p1i32, i32 %gmem_addr_9" [cluster.cpp:29]   --->   Operation 1378 'writeresp' 'empty' <Predicate = (icmp_ln30_1)> <Delay = 4.66> <CoreInst = "m_axi">   --->   Core 119 'm_axi' <Latency = 3> <II = 1> <Delay = 1.00> <Adapter> <Opcode : 'read' 'write' 'readreq' 'writereq' 'writeresp'>

State 149 <SV = 148> <Delay = 4.66>
ST_149 : Operation 1379 [49/68] (4.66ns)   --->   "%empty = writeresp i1 @_ssdm_op_WriteResp.m_axi.p1i32, i32 %gmem_addr_9" [cluster.cpp:29]   --->   Operation 1379 'writeresp' 'empty' <Predicate = (icmp_ln30_1)> <Delay = 4.66> <CoreInst = "m_axi">   --->   Core 119 'm_axi' <Latency = 3> <II = 1> <Delay = 1.00> <Adapter> <Opcode : 'read' 'write' 'readreq' 'writereq' 'writeresp'>

State 150 <SV = 149> <Delay = 4.66>
ST_150 : Operation 1380 [48/68] (4.66ns)   --->   "%empty = writeresp i1 @_ssdm_op_WriteResp.m_axi.p1i32, i32 %gmem_addr_9" [cluster.cpp:29]   --->   Operation 1380 'writeresp' 'empty' <Predicate = (icmp_ln30_1)> <Delay = 4.66> <CoreInst = "m_axi">   --->   Core 119 'm_axi' <Latency = 3> <II = 1> <Delay = 1.00> <Adapter> <Opcode : 'read' 'write' 'readreq' 'writereq' 'writeresp'>

State 151 <SV = 150> <Delay = 4.66>
ST_151 : Operation 1381 [47/68] (4.66ns)   --->   "%empty = writeresp i1 @_ssdm_op_WriteResp.m_axi.p1i32, i32 %gmem_addr_9" [cluster.cpp:29]   --->   Operation 1381 'writeresp' 'empty' <Predicate = (icmp_ln30_1)> <Delay = 4.66> <CoreInst = "m_axi">   --->   Core 119 'm_axi' <Latency = 3> <II = 1> <Delay = 1.00> <Adapter> <Opcode : 'read' 'write' 'readreq' 'writereq' 'writeresp'>

State 152 <SV = 151> <Delay = 4.66>
ST_152 : Operation 1382 [46/68] (4.66ns)   --->   "%empty = writeresp i1 @_ssdm_op_WriteResp.m_axi.p1i32, i32 %gmem_addr_9" [cluster.cpp:29]   --->   Operation 1382 'writeresp' 'empty' <Predicate = (icmp_ln30_1)> <Delay = 4.66> <CoreInst = "m_axi">   --->   Core 119 'm_axi' <Latency = 3> <II = 1> <Delay = 1.00> <Adapter> <Opcode : 'read' 'write' 'readreq' 'writereq' 'writeresp'>

State 153 <SV = 152> <Delay = 4.66>
ST_153 : Operation 1383 [45/68] (4.66ns)   --->   "%empty = writeresp i1 @_ssdm_op_WriteResp.m_axi.p1i32, i32 %gmem_addr_9" [cluster.cpp:29]   --->   Operation 1383 'writeresp' 'empty' <Predicate = (icmp_ln30_1)> <Delay = 4.66> <CoreInst = "m_axi">   --->   Core 119 'm_axi' <Latency = 3> <II = 1> <Delay = 1.00> <Adapter> <Opcode : 'read' 'write' 'readreq' 'writereq' 'writeresp'>

State 154 <SV = 153> <Delay = 4.66>
ST_154 : Operation 1384 [44/68] (4.66ns)   --->   "%empty = writeresp i1 @_ssdm_op_WriteResp.m_axi.p1i32, i32 %gmem_addr_9" [cluster.cpp:29]   --->   Operation 1384 'writeresp' 'empty' <Predicate = (icmp_ln30_1)> <Delay = 4.66> <CoreInst = "m_axi">   --->   Core 119 'm_axi' <Latency = 3> <II = 1> <Delay = 1.00> <Adapter> <Opcode : 'read' 'write' 'readreq' 'writereq' 'writeresp'>

State 155 <SV = 154> <Delay = 4.66>
ST_155 : Operation 1385 [43/68] (4.66ns)   --->   "%empty = writeresp i1 @_ssdm_op_WriteResp.m_axi.p1i32, i32 %gmem_addr_9" [cluster.cpp:29]   --->   Operation 1385 'writeresp' 'empty' <Predicate = (icmp_ln30_1)> <Delay = 4.66> <CoreInst = "m_axi">   --->   Core 119 'm_axi' <Latency = 3> <II = 1> <Delay = 1.00> <Adapter> <Opcode : 'read' 'write' 'readreq' 'writereq' 'writeresp'>

State 156 <SV = 155> <Delay = 4.66>
ST_156 : Operation 1386 [42/68] (4.66ns)   --->   "%empty = writeresp i1 @_ssdm_op_WriteResp.m_axi.p1i32, i32 %gmem_addr_9" [cluster.cpp:29]   --->   Operation 1386 'writeresp' 'empty' <Predicate = (icmp_ln30_1)> <Delay = 4.66> <CoreInst = "m_axi">   --->   Core 119 'm_axi' <Latency = 3> <II = 1> <Delay = 1.00> <Adapter> <Opcode : 'read' 'write' 'readreq' 'writereq' 'writeresp'>

State 157 <SV = 156> <Delay = 4.66>
ST_157 : Operation 1387 [41/68] (4.66ns)   --->   "%empty = writeresp i1 @_ssdm_op_WriteResp.m_axi.p1i32, i32 %gmem_addr_9" [cluster.cpp:29]   --->   Operation 1387 'writeresp' 'empty' <Predicate = (icmp_ln30_1)> <Delay = 4.66> <CoreInst = "m_axi">   --->   Core 119 'm_axi' <Latency = 3> <II = 1> <Delay = 1.00> <Adapter> <Opcode : 'read' 'write' 'readreq' 'writereq' 'writeresp'>

State 158 <SV = 157> <Delay = 4.66>
ST_158 : Operation 1388 [40/68] (4.66ns)   --->   "%empty = writeresp i1 @_ssdm_op_WriteResp.m_axi.p1i32, i32 %gmem_addr_9" [cluster.cpp:29]   --->   Operation 1388 'writeresp' 'empty' <Predicate = (icmp_ln30_1)> <Delay = 4.66> <CoreInst = "m_axi">   --->   Core 119 'm_axi' <Latency = 3> <II = 1> <Delay = 1.00> <Adapter> <Opcode : 'read' 'write' 'readreq' 'writereq' 'writeresp'>

State 159 <SV = 158> <Delay = 4.66>
ST_159 : Operation 1389 [39/68] (4.66ns)   --->   "%empty = writeresp i1 @_ssdm_op_WriteResp.m_axi.p1i32, i32 %gmem_addr_9" [cluster.cpp:29]   --->   Operation 1389 'writeresp' 'empty' <Predicate = (icmp_ln30_1)> <Delay = 4.66> <CoreInst = "m_axi">   --->   Core 119 'm_axi' <Latency = 3> <II = 1> <Delay = 1.00> <Adapter> <Opcode : 'read' 'write' 'readreq' 'writereq' 'writeresp'>

State 160 <SV = 159> <Delay = 4.66>
ST_160 : Operation 1390 [38/68] (4.66ns)   --->   "%empty = writeresp i1 @_ssdm_op_WriteResp.m_axi.p1i32, i32 %gmem_addr_9" [cluster.cpp:29]   --->   Operation 1390 'writeresp' 'empty' <Predicate = (icmp_ln30_1)> <Delay = 4.66> <CoreInst = "m_axi">   --->   Core 119 'm_axi' <Latency = 3> <II = 1> <Delay = 1.00> <Adapter> <Opcode : 'read' 'write' 'readreq' 'writereq' 'writeresp'>

State 161 <SV = 160> <Delay = 4.66>
ST_161 : Operation 1391 [37/68] (4.66ns)   --->   "%empty = writeresp i1 @_ssdm_op_WriteResp.m_axi.p1i32, i32 %gmem_addr_9" [cluster.cpp:29]   --->   Operation 1391 'writeresp' 'empty' <Predicate = (icmp_ln30_1)> <Delay = 4.66> <CoreInst = "m_axi">   --->   Core 119 'm_axi' <Latency = 3> <II = 1> <Delay = 1.00> <Adapter> <Opcode : 'read' 'write' 'readreq' 'writereq' 'writeresp'>

State 162 <SV = 161> <Delay = 4.66>
ST_162 : Operation 1392 [36/68] (4.66ns)   --->   "%empty = writeresp i1 @_ssdm_op_WriteResp.m_axi.p1i32, i32 %gmem_addr_9" [cluster.cpp:29]   --->   Operation 1392 'writeresp' 'empty' <Predicate = (icmp_ln30_1)> <Delay = 4.66> <CoreInst = "m_axi">   --->   Core 119 'm_axi' <Latency = 3> <II = 1> <Delay = 1.00> <Adapter> <Opcode : 'read' 'write' 'readreq' 'writereq' 'writeresp'>

State 163 <SV = 162> <Delay = 4.66>
ST_163 : Operation 1393 [35/68] (4.66ns)   --->   "%empty = writeresp i1 @_ssdm_op_WriteResp.m_axi.p1i32, i32 %gmem_addr_9" [cluster.cpp:29]   --->   Operation 1393 'writeresp' 'empty' <Predicate = (icmp_ln30_1)> <Delay = 4.66> <CoreInst = "m_axi">   --->   Core 119 'm_axi' <Latency = 3> <II = 1> <Delay = 1.00> <Adapter> <Opcode : 'read' 'write' 'readreq' 'writereq' 'writeresp'>

State 164 <SV = 163> <Delay = 4.66>
ST_164 : Operation 1394 [34/68] (4.66ns)   --->   "%empty = writeresp i1 @_ssdm_op_WriteResp.m_axi.p1i32, i32 %gmem_addr_9" [cluster.cpp:29]   --->   Operation 1394 'writeresp' 'empty' <Predicate = (icmp_ln30_1)> <Delay = 4.66> <CoreInst = "m_axi">   --->   Core 119 'm_axi' <Latency = 3> <II = 1> <Delay = 1.00> <Adapter> <Opcode : 'read' 'write' 'readreq' 'writereq' 'writeresp'>

State 165 <SV = 164> <Delay = 4.66>
ST_165 : Operation 1395 [33/68] (4.66ns)   --->   "%empty = writeresp i1 @_ssdm_op_WriteResp.m_axi.p1i32, i32 %gmem_addr_9" [cluster.cpp:29]   --->   Operation 1395 'writeresp' 'empty' <Predicate = (icmp_ln30_1)> <Delay = 4.66> <CoreInst = "m_axi">   --->   Core 119 'm_axi' <Latency = 3> <II = 1> <Delay = 1.00> <Adapter> <Opcode : 'read' 'write' 'readreq' 'writereq' 'writeresp'>

State 166 <SV = 165> <Delay = 4.66>
ST_166 : Operation 1396 [32/68] (4.66ns)   --->   "%empty = writeresp i1 @_ssdm_op_WriteResp.m_axi.p1i32, i32 %gmem_addr_9" [cluster.cpp:29]   --->   Operation 1396 'writeresp' 'empty' <Predicate = (icmp_ln30_1)> <Delay = 4.66> <CoreInst = "m_axi">   --->   Core 119 'm_axi' <Latency = 3> <II = 1> <Delay = 1.00> <Adapter> <Opcode : 'read' 'write' 'readreq' 'writereq' 'writeresp'>

State 167 <SV = 166> <Delay = 4.66>
ST_167 : Operation 1397 [31/68] (4.66ns)   --->   "%empty = writeresp i1 @_ssdm_op_WriteResp.m_axi.p1i32, i32 %gmem_addr_9" [cluster.cpp:29]   --->   Operation 1397 'writeresp' 'empty' <Predicate = (icmp_ln30_1)> <Delay = 4.66> <CoreInst = "m_axi">   --->   Core 119 'm_axi' <Latency = 3> <II = 1> <Delay = 1.00> <Adapter> <Opcode : 'read' 'write' 'readreq' 'writereq' 'writeresp'>

State 168 <SV = 167> <Delay = 4.66>
ST_168 : Operation 1398 [30/68] (4.66ns)   --->   "%empty = writeresp i1 @_ssdm_op_WriteResp.m_axi.p1i32, i32 %gmem_addr_9" [cluster.cpp:29]   --->   Operation 1398 'writeresp' 'empty' <Predicate = (icmp_ln30_1)> <Delay = 4.66> <CoreInst = "m_axi">   --->   Core 119 'm_axi' <Latency = 3> <II = 1> <Delay = 1.00> <Adapter> <Opcode : 'read' 'write' 'readreq' 'writereq' 'writeresp'>

State 169 <SV = 168> <Delay = 4.66>
ST_169 : Operation 1399 [29/68] (4.66ns)   --->   "%empty = writeresp i1 @_ssdm_op_WriteResp.m_axi.p1i32, i32 %gmem_addr_9" [cluster.cpp:29]   --->   Operation 1399 'writeresp' 'empty' <Predicate = (icmp_ln30_1)> <Delay = 4.66> <CoreInst = "m_axi">   --->   Core 119 'm_axi' <Latency = 3> <II = 1> <Delay = 1.00> <Adapter> <Opcode : 'read' 'write' 'readreq' 'writereq' 'writeresp'>

State 170 <SV = 169> <Delay = 4.66>
ST_170 : Operation 1400 [28/68] (4.66ns)   --->   "%empty = writeresp i1 @_ssdm_op_WriteResp.m_axi.p1i32, i32 %gmem_addr_9" [cluster.cpp:29]   --->   Operation 1400 'writeresp' 'empty' <Predicate = (icmp_ln30_1)> <Delay = 4.66> <CoreInst = "m_axi">   --->   Core 119 'm_axi' <Latency = 3> <II = 1> <Delay = 1.00> <Adapter> <Opcode : 'read' 'write' 'readreq' 'writereq' 'writeresp'>

State 171 <SV = 170> <Delay = 4.66>
ST_171 : Operation 1401 [27/68] (4.66ns)   --->   "%empty = writeresp i1 @_ssdm_op_WriteResp.m_axi.p1i32, i32 %gmem_addr_9" [cluster.cpp:29]   --->   Operation 1401 'writeresp' 'empty' <Predicate = (icmp_ln30_1)> <Delay = 4.66> <CoreInst = "m_axi">   --->   Core 119 'm_axi' <Latency = 3> <II = 1> <Delay = 1.00> <Adapter> <Opcode : 'read' 'write' 'readreq' 'writereq' 'writeresp'>

State 172 <SV = 171> <Delay = 4.66>
ST_172 : Operation 1402 [26/68] (4.66ns)   --->   "%empty = writeresp i1 @_ssdm_op_WriteResp.m_axi.p1i32, i32 %gmem_addr_9" [cluster.cpp:29]   --->   Operation 1402 'writeresp' 'empty' <Predicate = (icmp_ln30_1)> <Delay = 4.66> <CoreInst = "m_axi">   --->   Core 119 'm_axi' <Latency = 3> <II = 1> <Delay = 1.00> <Adapter> <Opcode : 'read' 'write' 'readreq' 'writereq' 'writeresp'>

State 173 <SV = 172> <Delay = 4.66>
ST_173 : Operation 1403 [25/68] (4.66ns)   --->   "%empty = writeresp i1 @_ssdm_op_WriteResp.m_axi.p1i32, i32 %gmem_addr_9" [cluster.cpp:29]   --->   Operation 1403 'writeresp' 'empty' <Predicate = (icmp_ln30_1)> <Delay = 4.66> <CoreInst = "m_axi">   --->   Core 119 'm_axi' <Latency = 3> <II = 1> <Delay = 1.00> <Adapter> <Opcode : 'read' 'write' 'readreq' 'writereq' 'writeresp'>

State 174 <SV = 173> <Delay = 4.66>
ST_174 : Operation 1404 [24/68] (4.66ns)   --->   "%empty = writeresp i1 @_ssdm_op_WriteResp.m_axi.p1i32, i32 %gmem_addr_9" [cluster.cpp:29]   --->   Operation 1404 'writeresp' 'empty' <Predicate = (icmp_ln30_1)> <Delay = 4.66> <CoreInst = "m_axi">   --->   Core 119 'm_axi' <Latency = 3> <II = 1> <Delay = 1.00> <Adapter> <Opcode : 'read' 'write' 'readreq' 'writereq' 'writeresp'>

State 175 <SV = 174> <Delay = 4.66>
ST_175 : Operation 1405 [23/68] (4.66ns)   --->   "%empty = writeresp i1 @_ssdm_op_WriteResp.m_axi.p1i32, i32 %gmem_addr_9" [cluster.cpp:29]   --->   Operation 1405 'writeresp' 'empty' <Predicate = (icmp_ln30_1)> <Delay = 4.66> <CoreInst = "m_axi">   --->   Core 119 'm_axi' <Latency = 3> <II = 1> <Delay = 1.00> <Adapter> <Opcode : 'read' 'write' 'readreq' 'writereq' 'writeresp'>

State 176 <SV = 175> <Delay = 4.66>
ST_176 : Operation 1406 [22/68] (4.66ns)   --->   "%empty = writeresp i1 @_ssdm_op_WriteResp.m_axi.p1i32, i32 %gmem_addr_9" [cluster.cpp:29]   --->   Operation 1406 'writeresp' 'empty' <Predicate = (icmp_ln30_1)> <Delay = 4.66> <CoreInst = "m_axi">   --->   Core 119 'm_axi' <Latency = 3> <II = 1> <Delay = 1.00> <Adapter> <Opcode : 'read' 'write' 'readreq' 'writereq' 'writeresp'>

State 177 <SV = 176> <Delay = 4.66>
ST_177 : Operation 1407 [21/68] (4.66ns)   --->   "%empty = writeresp i1 @_ssdm_op_WriteResp.m_axi.p1i32, i32 %gmem_addr_9" [cluster.cpp:29]   --->   Operation 1407 'writeresp' 'empty' <Predicate = (icmp_ln30_1)> <Delay = 4.66> <CoreInst = "m_axi">   --->   Core 119 'm_axi' <Latency = 3> <II = 1> <Delay = 1.00> <Adapter> <Opcode : 'read' 'write' 'readreq' 'writereq' 'writeresp'>

State 178 <SV = 177> <Delay = 4.66>
ST_178 : Operation 1408 [20/68] (4.66ns)   --->   "%empty = writeresp i1 @_ssdm_op_WriteResp.m_axi.p1i32, i32 %gmem_addr_9" [cluster.cpp:29]   --->   Operation 1408 'writeresp' 'empty' <Predicate = (icmp_ln30_1)> <Delay = 4.66> <CoreInst = "m_axi">   --->   Core 119 'm_axi' <Latency = 3> <II = 1> <Delay = 1.00> <Adapter> <Opcode : 'read' 'write' 'readreq' 'writereq' 'writeresp'>

State 179 <SV = 178> <Delay = 4.66>
ST_179 : Operation 1409 [19/68] (4.66ns)   --->   "%empty = writeresp i1 @_ssdm_op_WriteResp.m_axi.p1i32, i32 %gmem_addr_9" [cluster.cpp:29]   --->   Operation 1409 'writeresp' 'empty' <Predicate = (icmp_ln30_1)> <Delay = 4.66> <CoreInst = "m_axi">   --->   Core 119 'm_axi' <Latency = 3> <II = 1> <Delay = 1.00> <Adapter> <Opcode : 'read' 'write' 'readreq' 'writereq' 'writeresp'>
ST_179 : Operation 1429 [1/1] (0.42ns)   --->   "%ret_ln0 = ret"   --->   Operation 1429 'ret' 'ret_ln0' <Predicate = (icmp_ln29)> <Delay = 0.42>

State 180 <SV = 179> <Delay = 4.66>
ST_180 : Operation 1410 [18/68] (4.66ns)   --->   "%empty = writeresp i1 @_ssdm_op_WriteResp.m_axi.p1i32, i32 %gmem_addr_9" [cluster.cpp:29]   --->   Operation 1410 'writeresp' 'empty' <Predicate = (icmp_ln30_1)> <Delay = 4.66> <CoreInst = "m_axi">   --->   Core 119 'm_axi' <Latency = 3> <II = 1> <Delay = 1.00> <Adapter> <Opcode : 'read' 'write' 'readreq' 'writereq' 'writeresp'>

State 181 <SV = 180> <Delay = 4.66>
ST_181 : Operation 1411 [17/68] (4.66ns)   --->   "%empty = writeresp i1 @_ssdm_op_WriteResp.m_axi.p1i32, i32 %gmem_addr_9" [cluster.cpp:29]   --->   Operation 1411 'writeresp' 'empty' <Predicate = (icmp_ln30_1)> <Delay = 4.66> <CoreInst = "m_axi">   --->   Core 119 'm_axi' <Latency = 3> <II = 1> <Delay = 1.00> <Adapter> <Opcode : 'read' 'write' 'readreq' 'writereq' 'writeresp'>

State 182 <SV = 181> <Delay = 4.66>
ST_182 : Operation 1412 [16/68] (4.66ns)   --->   "%empty = writeresp i1 @_ssdm_op_WriteResp.m_axi.p1i32, i32 %gmem_addr_9" [cluster.cpp:29]   --->   Operation 1412 'writeresp' 'empty' <Predicate = (icmp_ln30_1)> <Delay = 4.66> <CoreInst = "m_axi">   --->   Core 119 'm_axi' <Latency = 3> <II = 1> <Delay = 1.00> <Adapter> <Opcode : 'read' 'write' 'readreq' 'writereq' 'writeresp'>

State 183 <SV = 182> <Delay = 4.66>
ST_183 : Operation 1413 [15/68] (4.66ns)   --->   "%empty = writeresp i1 @_ssdm_op_WriteResp.m_axi.p1i32, i32 %gmem_addr_9" [cluster.cpp:29]   --->   Operation 1413 'writeresp' 'empty' <Predicate = (icmp_ln30_1)> <Delay = 4.66> <CoreInst = "m_axi">   --->   Core 119 'm_axi' <Latency = 3> <II = 1> <Delay = 1.00> <Adapter> <Opcode : 'read' 'write' 'readreq' 'writereq' 'writeresp'>

State 184 <SV = 183> <Delay = 4.66>
ST_184 : Operation 1414 [14/68] (4.66ns)   --->   "%empty = writeresp i1 @_ssdm_op_WriteResp.m_axi.p1i32, i32 %gmem_addr_9" [cluster.cpp:29]   --->   Operation 1414 'writeresp' 'empty' <Predicate = (icmp_ln30_1)> <Delay = 4.66> <CoreInst = "m_axi">   --->   Core 119 'm_axi' <Latency = 3> <II = 1> <Delay = 1.00> <Adapter> <Opcode : 'read' 'write' 'readreq' 'writereq' 'writeresp'>

State 185 <SV = 184> <Delay = 4.66>
ST_185 : Operation 1415 [13/68] (4.66ns)   --->   "%empty = writeresp i1 @_ssdm_op_WriteResp.m_axi.p1i32, i32 %gmem_addr_9" [cluster.cpp:29]   --->   Operation 1415 'writeresp' 'empty' <Predicate = (icmp_ln30_1)> <Delay = 4.66> <CoreInst = "m_axi">   --->   Core 119 'm_axi' <Latency = 3> <II = 1> <Delay = 1.00> <Adapter> <Opcode : 'read' 'write' 'readreq' 'writereq' 'writeresp'>

State 186 <SV = 185> <Delay = 4.66>
ST_186 : Operation 1416 [12/68] (4.66ns)   --->   "%empty = writeresp i1 @_ssdm_op_WriteResp.m_axi.p1i32, i32 %gmem_addr_9" [cluster.cpp:29]   --->   Operation 1416 'writeresp' 'empty' <Predicate = (icmp_ln30_1)> <Delay = 4.66> <CoreInst = "m_axi">   --->   Core 119 'm_axi' <Latency = 3> <II = 1> <Delay = 1.00> <Adapter> <Opcode : 'read' 'write' 'readreq' 'writereq' 'writeresp'>

State 187 <SV = 186> <Delay = 4.66>
ST_187 : Operation 1417 [11/68] (4.66ns)   --->   "%empty = writeresp i1 @_ssdm_op_WriteResp.m_axi.p1i32, i32 %gmem_addr_9" [cluster.cpp:29]   --->   Operation 1417 'writeresp' 'empty' <Predicate = (icmp_ln30_1)> <Delay = 4.66> <CoreInst = "m_axi">   --->   Core 119 'm_axi' <Latency = 3> <II = 1> <Delay = 1.00> <Adapter> <Opcode : 'read' 'write' 'readreq' 'writereq' 'writeresp'>

State 188 <SV = 187> <Delay = 4.66>
ST_188 : Operation 1418 [10/68] (4.66ns)   --->   "%empty = writeresp i1 @_ssdm_op_WriteResp.m_axi.p1i32, i32 %gmem_addr_9" [cluster.cpp:29]   --->   Operation 1418 'writeresp' 'empty' <Predicate = (icmp_ln30_1)> <Delay = 4.66> <CoreInst = "m_axi">   --->   Core 119 'm_axi' <Latency = 3> <II = 1> <Delay = 1.00> <Adapter> <Opcode : 'read' 'write' 'readreq' 'writereq' 'writeresp'>

State 189 <SV = 188> <Delay = 4.66>
ST_189 : Operation 1419 [9/68] (4.66ns)   --->   "%empty = writeresp i1 @_ssdm_op_WriteResp.m_axi.p1i32, i32 %gmem_addr_9" [cluster.cpp:29]   --->   Operation 1419 'writeresp' 'empty' <Predicate = (icmp_ln30_1)> <Delay = 4.66> <CoreInst = "m_axi">   --->   Core 119 'm_axi' <Latency = 3> <II = 1> <Delay = 1.00> <Adapter> <Opcode : 'read' 'write' 'readreq' 'writereq' 'writeresp'>

State 190 <SV = 189> <Delay = 4.66>
ST_190 : Operation 1420 [8/68] (4.66ns)   --->   "%empty = writeresp i1 @_ssdm_op_WriteResp.m_axi.p1i32, i32 %gmem_addr_9" [cluster.cpp:29]   --->   Operation 1420 'writeresp' 'empty' <Predicate = (icmp_ln30_1)> <Delay = 4.66> <CoreInst = "m_axi">   --->   Core 119 'm_axi' <Latency = 3> <II = 1> <Delay = 1.00> <Adapter> <Opcode : 'read' 'write' 'readreq' 'writereq' 'writeresp'>

State 191 <SV = 190> <Delay = 4.66>
ST_191 : Operation 1421 [7/68] (4.66ns)   --->   "%empty = writeresp i1 @_ssdm_op_WriteResp.m_axi.p1i32, i32 %gmem_addr_9" [cluster.cpp:29]   --->   Operation 1421 'writeresp' 'empty' <Predicate = (icmp_ln30_1)> <Delay = 4.66> <CoreInst = "m_axi">   --->   Core 119 'm_axi' <Latency = 3> <II = 1> <Delay = 1.00> <Adapter> <Opcode : 'read' 'write' 'readreq' 'writereq' 'writeresp'>

State 192 <SV = 191> <Delay = 4.66>
ST_192 : Operation 1422 [6/68] (4.66ns)   --->   "%empty = writeresp i1 @_ssdm_op_WriteResp.m_axi.p1i32, i32 %gmem_addr_9" [cluster.cpp:29]   --->   Operation 1422 'writeresp' 'empty' <Predicate = (icmp_ln30_1)> <Delay = 4.66> <CoreInst = "m_axi">   --->   Core 119 'm_axi' <Latency = 3> <II = 1> <Delay = 1.00> <Adapter> <Opcode : 'read' 'write' 'readreq' 'writereq' 'writeresp'>

State 193 <SV = 192> <Delay = 4.66>
ST_193 : Operation 1423 [5/68] (4.66ns)   --->   "%empty = writeresp i1 @_ssdm_op_WriteResp.m_axi.p1i32, i32 %gmem_addr_9" [cluster.cpp:29]   --->   Operation 1423 'writeresp' 'empty' <Predicate = (icmp_ln30_1)> <Delay = 4.66> <CoreInst = "m_axi">   --->   Core 119 'm_axi' <Latency = 3> <II = 1> <Delay = 1.00> <Adapter> <Opcode : 'read' 'write' 'readreq' 'writereq' 'writeresp'>

State 194 <SV = 193> <Delay = 4.66>
ST_194 : Operation 1424 [4/68] (4.66ns)   --->   "%empty = writeresp i1 @_ssdm_op_WriteResp.m_axi.p1i32, i32 %gmem_addr_9" [cluster.cpp:29]   --->   Operation 1424 'writeresp' 'empty' <Predicate = (icmp_ln30_1)> <Delay = 4.66> <CoreInst = "m_axi">   --->   Core 119 'm_axi' <Latency = 3> <II = 1> <Delay = 1.00> <Adapter> <Opcode : 'read' 'write' 'readreq' 'writereq' 'writeresp'>

State 195 <SV = 194> <Delay = 4.66>
ST_195 : Operation 1425 [3/68] (4.66ns)   --->   "%empty = writeresp i1 @_ssdm_op_WriteResp.m_axi.p1i32, i32 %gmem_addr_9" [cluster.cpp:29]   --->   Operation 1425 'writeresp' 'empty' <Predicate = (icmp_ln30_1)> <Delay = 4.66> <CoreInst = "m_axi">   --->   Core 119 'm_axi' <Latency = 3> <II = 1> <Delay = 1.00> <Adapter> <Opcode : 'read' 'write' 'readreq' 'writereq' 'writeresp'>

State 196 <SV = 195> <Delay = 4.66>
ST_196 : Operation 1426 [2/68] (4.66ns)   --->   "%empty = writeresp i1 @_ssdm_op_WriteResp.m_axi.p1i32, i32 %gmem_addr_9" [cluster.cpp:29]   --->   Operation 1426 'writeresp' 'empty' <Predicate = (icmp_ln30_1)> <Delay = 4.66> <CoreInst = "m_axi">   --->   Core 119 'm_axi' <Latency = 3> <II = 1> <Delay = 1.00> <Adapter> <Opcode : 'read' 'write' 'readreq' 'writereq' 'writeresp'>

State 197 <SV = 196> <Delay = 4.66>
ST_197 : Operation 1427 [1/68] (4.66ns)   --->   "%empty = writeresp i1 @_ssdm_op_WriteResp.m_axi.p1i32, i32 %gmem_addr_9" [cluster.cpp:29]   --->   Operation 1427 'writeresp' 'empty' <Predicate = (icmp_ln30_1)> <Delay = 4.66> <CoreInst = "m_axi">   --->   Core 119 'm_axi' <Latency = 3> <II = 1> <Delay = 1.00> <Adapter> <Opcode : 'read' 'write' 'readreq' 'writereq' 'writeresp'>
ST_197 : Operation 1428 [1/1] (0.00ns)   --->   "%br_ln30 = br void %new.latch.VITIS_LOOP_32_5.split" [cluster.cpp:30]   --->   Operation 1428 'br' 'br_ln30' <Predicate = (icmp_ln30_1)> <Delay = 0.00>


============================================================
+ Verbose Summary: Timing violations
============================================================
Target clock period: 6.667ns, clock uncertainty: 2.000ns.

 <State 1>: 0.427ns
The critical path consists of the following:
	'alloca' operation 18 bit ('indvar_flatten6') [16]  (0.000 ns)
	'store' operation 0 bit ('store_ln0') of constant 0 on local variable 'indvar_flatten6' [39]  (0.427 ns)

 <State 2>: 3.153ns
The critical path consists of the following:
	'load' operation 9 bit ('c_load', cluster.cpp:30) on local variable 'c', cluster.cpp:6 [50]  (0.000 ns)
	'icmp' operation 1 bit ('icmp_ln30', cluster.cpp:30) [63]  (0.776 ns)
	'select' operation 9 bit ('select_ln29', cluster.cpp:29) [66]  (0.398 ns)
	'add' operation 20 bit ('tmp', cluster.cpp:29) [69]  (0.894 ns)
	'add' operation 64 bit ('empty_23', cluster.cpp:29) [71]  (1.085 ns)

 <State 3>: 4.667ns
The critical path consists of the following:
	bus request operation ('empty_22', cluster.cpp:30) on port 'gmem' (cluster.cpp:30) [77]  (4.667 ns)

 <State 4>: 4.667ns
The critical path consists of the following:
	bus request operation ('gmem_load_req', cluster.cpp:34) on port 'gmem' (cluster.cpp:34) [88]  (4.667 ns)

 <State 5>: 4.667ns
The critical path consists of the following:
	bus request operation ('gmem_load_req', cluster.cpp:34) on port 'gmem' (cluster.cpp:34) [88]  (4.667 ns)

 <State 6>: 4.667ns
The critical path consists of the following:
	bus request operation ('gmem_load_req', cluster.cpp:34) on port 'gmem' (cluster.cpp:34) [88]  (4.667 ns)

 <State 7>: 4.667ns
The critical path consists of the following:
	bus request operation ('gmem_load_req', cluster.cpp:34) on port 'gmem' (cluster.cpp:34) [88]  (4.667 ns)

 <State 8>: 4.667ns
The critical path consists of the following:
	bus request operation ('gmem_load_req', cluster.cpp:34) on port 'gmem' (cluster.cpp:34) [88]  (4.667 ns)

 <State 9>: 4.667ns
The critical path consists of the following:
	bus request operation ('gmem_load_req', cluster.cpp:34) on port 'gmem' (cluster.cpp:34) [88]  (4.667 ns)

 <State 10>: 4.667ns
The critical path consists of the following:
	bus request operation ('gmem_load_req', cluster.cpp:34) on port 'gmem' (cluster.cpp:34) [88]  (4.667 ns)

 <State 11>: 4.667ns
The critical path consists of the following:
	bus request operation ('gmem_load_req', cluster.cpp:34) on port 'gmem' (cluster.cpp:34) [88]  (4.667 ns)

 <State 12>: 4.667ns
The critical path consists of the following:
	bus request operation ('gmem_load_req', cluster.cpp:34) on port 'gmem' (cluster.cpp:34) [88]  (4.667 ns)

 <State 13>: 4.667ns
The critical path consists of the following:
	bus request operation ('gmem_load_req', cluster.cpp:34) on port 'gmem' (cluster.cpp:34) [88]  (4.667 ns)

 <State 14>: 4.667ns
The critical path consists of the following:
	bus request operation ('gmem_load_req', cluster.cpp:34) on port 'gmem' (cluster.cpp:34) [88]  (4.667 ns)

 <State 15>: 4.667ns
The critical path consists of the following:
	bus request operation ('gmem_load_req', cluster.cpp:34) on port 'gmem' (cluster.cpp:34) [88]  (4.667 ns)

 <State 16>: 4.667ns
The critical path consists of the following:
	bus request operation ('gmem_load_req', cluster.cpp:34) on port 'gmem' (cluster.cpp:34) [88]  (4.667 ns)

 <State 17>: 4.667ns
The critical path consists of the following:
	bus request operation ('gmem_load_req', cluster.cpp:34) on port 'gmem' (cluster.cpp:34) [88]  (4.667 ns)

 <State 18>: 4.667ns
The critical path consists of the following:
	bus request operation ('gmem_load_req', cluster.cpp:34) on port 'gmem' (cluster.cpp:34) [88]  (4.667 ns)

 <State 19>: 4.667ns
The critical path consists of the following:
	bus request operation ('gmem_load_req', cluster.cpp:34) on port 'gmem' (cluster.cpp:34) [88]  (4.667 ns)

 <State 20>: 4.667ns
The critical path consists of the following:
	bus request operation ('gmem_load_req', cluster.cpp:34) on port 'gmem' (cluster.cpp:34) [88]  (4.667 ns)

 <State 21>: 4.667ns
The critical path consists of the following:
	bus request operation ('gmem_load_req', cluster.cpp:34) on port 'gmem' (cluster.cpp:34) [88]  (4.667 ns)

 <State 22>: 4.667ns
The critical path consists of the following:
	bus request operation ('gmem_load_req', cluster.cpp:34) on port 'gmem' (cluster.cpp:34) [88]  (4.667 ns)

 <State 23>: 4.667ns
The critical path consists of the following:
	bus request operation ('gmem_load_req', cluster.cpp:34) on port 'gmem' (cluster.cpp:34) [88]  (4.667 ns)

 <State 24>: 4.667ns
The critical path consists of the following:
	bus request operation ('gmem_load_req', cluster.cpp:34) on port 'gmem' (cluster.cpp:34) [88]  (4.667 ns)

 <State 25>: 4.667ns
The critical path consists of the following:
	bus request operation ('gmem_load_req', cluster.cpp:34) on port 'gmem' (cluster.cpp:34) [88]  (4.667 ns)

 <State 26>: 4.667ns
The critical path consists of the following:
	bus request operation ('gmem_load_req', cluster.cpp:34) on port 'gmem' (cluster.cpp:34) [88]  (4.667 ns)

 <State 27>: 4.667ns
The critical path consists of the following:
	bus request operation ('gmem_load_req', cluster.cpp:34) on port 'gmem' (cluster.cpp:34) [88]  (4.667 ns)

 <State 28>: 4.667ns
The critical path consists of the following:
	bus request operation ('gmem_load_req', cluster.cpp:34) on port 'gmem' (cluster.cpp:34) [88]  (4.667 ns)

 <State 29>: 4.667ns
The critical path consists of the following:
	bus request operation ('gmem_load_req', cluster.cpp:34) on port 'gmem' (cluster.cpp:34) [88]  (4.667 ns)

 <State 30>: 4.667ns
The critical path consists of the following:
	bus request operation ('gmem_load_req', cluster.cpp:34) on port 'gmem' (cluster.cpp:34) [88]  (4.667 ns)

 <State 31>: 4.667ns
The critical path consists of the following:
	bus request operation ('gmem_load_req', cluster.cpp:34) on port 'gmem' (cluster.cpp:34) [88]  (4.667 ns)

 <State 32>: 4.667ns
The critical path consists of the following:
	bus request operation ('gmem_load_req', cluster.cpp:34) on port 'gmem' (cluster.cpp:34) [88]  (4.667 ns)

 <State 33>: 4.667ns
The critical path consists of the following:
	bus request operation ('gmem_load_req', cluster.cpp:34) on port 'gmem' (cluster.cpp:34) [88]  (4.667 ns)

 <State 34>: 4.667ns
The critical path consists of the following:
	bus request operation ('gmem_load_req', cluster.cpp:34) on port 'gmem' (cluster.cpp:34) [88]  (4.667 ns)

 <State 35>: 4.667ns
The critical path consists of the following:
	bus request operation ('gmem_load_req', cluster.cpp:34) on port 'gmem' (cluster.cpp:34) [88]  (4.667 ns)

 <State 36>: 4.667ns
The critical path consists of the following:
	bus request operation ('gmem_load_req', cluster.cpp:34) on port 'gmem' (cluster.cpp:34) [88]  (4.667 ns)

 <State 37>: 4.667ns
The critical path consists of the following:
	bus request operation ('gmem_load_req', cluster.cpp:34) on port 'gmem' (cluster.cpp:34) [88]  (4.667 ns)

 <State 38>: 4.667ns
The critical path consists of the following:
	bus request operation ('gmem_load_req', cluster.cpp:34) on port 'gmem' (cluster.cpp:34) [88]  (4.667 ns)

 <State 39>: 4.667ns
The critical path consists of the following:
	bus request operation ('gmem_load_req', cluster.cpp:34) on port 'gmem' (cluster.cpp:34) [88]  (4.667 ns)

 <State 40>: 4.667ns
The critical path consists of the following:
	bus request operation ('gmem_load_req', cluster.cpp:34) on port 'gmem' (cluster.cpp:34) [88]  (4.667 ns)

 <State 41>: 4.667ns
The critical path consists of the following:
	bus request operation ('gmem_load_req', cluster.cpp:34) on port 'gmem' (cluster.cpp:34) [88]  (4.667 ns)

 <State 42>: 4.667ns
The critical path consists of the following:
	bus request operation ('gmem_load_req', cluster.cpp:34) on port 'gmem' (cluster.cpp:34) [88]  (4.667 ns)

 <State 43>: 4.667ns
The critical path consists of the following:
	bus request operation ('gmem_load_req', cluster.cpp:34) on port 'gmem' (cluster.cpp:34) [88]  (4.667 ns)

 <State 44>: 4.667ns
The critical path consists of the following:
	bus request operation ('gmem_load_req', cluster.cpp:34) on port 'gmem' (cluster.cpp:34) [88]  (4.667 ns)

 <State 45>: 4.667ns
The critical path consists of the following:
	bus request operation ('gmem_load_req', cluster.cpp:34) on port 'gmem' (cluster.cpp:34) [88]  (4.667 ns)

 <State 46>: 4.667ns
The critical path consists of the following:
	bus request operation ('gmem_load_req', cluster.cpp:34) on port 'gmem' (cluster.cpp:34) [88]  (4.667 ns)

 <State 47>: 4.667ns
The critical path consists of the following:
	bus request operation ('gmem_load_req', cluster.cpp:34) on port 'gmem' (cluster.cpp:34) [88]  (4.667 ns)

 <State 48>: 4.667ns
The critical path consists of the following:
	bus request operation ('gmem_load_req', cluster.cpp:34) on port 'gmem' (cluster.cpp:34) [88]  (4.667 ns)

 <State 49>: 4.667ns
The critical path consists of the following:
	bus request operation ('gmem_load_req', cluster.cpp:34) on port 'gmem' (cluster.cpp:34) [88]  (4.667 ns)

 <State 50>: 4.667ns
The critical path consists of the following:
	bus request operation ('gmem_load_req', cluster.cpp:34) on port 'gmem' (cluster.cpp:34) [88]  (4.667 ns)

 <State 51>: 4.667ns
The critical path consists of the following:
	bus request operation ('gmem_load_req', cluster.cpp:34) on port 'gmem' (cluster.cpp:34) [88]  (4.667 ns)

 <State 52>: 4.667ns
The critical path consists of the following:
	bus request operation ('gmem_load_req', cluster.cpp:34) on port 'gmem' (cluster.cpp:34) [88]  (4.667 ns)

 <State 53>: 4.667ns
The critical path consists of the following:
	bus request operation ('gmem_load_req', cluster.cpp:34) on port 'gmem' (cluster.cpp:34) [88]  (4.667 ns)

 <State 54>: 4.667ns
The critical path consists of the following:
	bus request operation ('gmem_load_req', cluster.cpp:34) on port 'gmem' (cluster.cpp:34) [88]  (4.667 ns)

 <State 55>: 4.667ns
The critical path consists of the following:
	bus request operation ('gmem_load_req', cluster.cpp:34) on port 'gmem' (cluster.cpp:34) [88]  (4.667 ns)

 <State 56>: 4.667ns
The critical path consists of the following:
	bus request operation ('gmem_load_req', cluster.cpp:34) on port 'gmem' (cluster.cpp:34) [88]  (4.667 ns)

 <State 57>: 4.667ns
The critical path consists of the following:
	bus request operation ('gmem_load_req', cluster.cpp:34) on port 'gmem' (cluster.cpp:34) [88]  (4.667 ns)

 <State 58>: 4.667ns
The critical path consists of the following:
	bus request operation ('gmem_load_req', cluster.cpp:34) on port 'gmem' (cluster.cpp:34) [88]  (4.667 ns)

 <State 59>: 4.667ns
The critical path consists of the following:
	bus request operation ('gmem_load_req', cluster.cpp:34) on port 'gmem' (cluster.cpp:34) [88]  (4.667 ns)

 <State 60>: 4.667ns
The critical path consists of the following:
	bus request operation ('gmem_load_req', cluster.cpp:34) on port 'gmem' (cluster.cpp:34) [88]  (4.667 ns)

 <State 61>: 4.667ns
The critical path consists of the following:
	bus request operation ('gmem_load_req', cluster.cpp:34) on port 'gmem' (cluster.cpp:34) [88]  (4.667 ns)

 <State 62>: 4.667ns
The critical path consists of the following:
	bus request operation ('gmem_load_req', cluster.cpp:34) on port 'gmem' (cluster.cpp:34) [88]  (4.667 ns)

 <State 63>: 4.667ns
The critical path consists of the following:
	bus request operation ('gmem_load_req', cluster.cpp:34) on port 'gmem' (cluster.cpp:34) [88]  (4.667 ns)

 <State 64>: 4.667ns
The critical path consists of the following:
	bus request operation ('gmem_load_req', cluster.cpp:34) on port 'gmem' (cluster.cpp:34) [88]  (4.667 ns)

 <State 65>: 4.667ns
The critical path consists of the following:
	bus request operation ('gmem_load_req', cluster.cpp:34) on port 'gmem' (cluster.cpp:34) [88]  (4.667 ns)

 <State 66>: 4.667ns
The critical path consists of the following:
	bus request operation ('gmem_load_req', cluster.cpp:34) on port 'gmem' (cluster.cpp:34) [88]  (4.667 ns)

 <State 67>: 4.667ns
The critical path consists of the following:
	bus request operation ('gmem_load_req', cluster.cpp:34) on port 'gmem' (cluster.cpp:34) [88]  (4.667 ns)

 <State 68>: 4.667ns
The critical path consists of the following:
	bus request operation ('gmem_load_req', cluster.cpp:34) on port 'gmem' (cluster.cpp:34) [88]  (4.667 ns)

 <State 69>: 4.667ns
The critical path consists of the following:
	bus request operation ('gmem_load_req', cluster.cpp:34) on port 'gmem' (cluster.cpp:34) [88]  (4.667 ns)

 <State 70>: 4.667ns
The critical path consists of the following:
	bus request operation ('gmem_load_req', cluster.cpp:34) on port 'gmem' (cluster.cpp:34) [88]  (4.667 ns)

 <State 71>: 4.667ns
The critical path consists of the following:
	bus request operation ('gmem_load_req', cluster.cpp:34) on port 'gmem' (cluster.cpp:34) [88]  (4.667 ns)

 <State 72>: 4.667ns
The critical path consists of the following:
	bus request operation ('gmem_load_req', cluster.cpp:34) on port 'gmem' (cluster.cpp:34) [88]  (4.667 ns)

 <State 73>: 4.667ns
The critical path consists of the following:
	bus request operation ('gmem_load_req', cluster.cpp:34) on port 'gmem' (cluster.cpp:34) [88]  (4.667 ns)

 <State 74>: 4.667ns
The critical path consists of the following:
	bus read operation ('gmem_addr_10_read', cluster.cpp:34) on port 'gmem' (cluster.cpp:34) [89]  (4.667 ns)

 <State 75>: 4.667ns
The critical path consists of the following:
	bus read operation ('gmem_addr_read', cluster.cpp:34) on port 'gmem' (cluster.cpp:34) [91]  (4.667 ns)

 <State 76>: 4.667ns
The critical path consists of the following:
	bus read operation ('gmem_addr_11_read', cluster.cpp:34) on port 'gmem' (cluster.cpp:34) [96]  (4.667 ns)

 <State 77>: 4.667ns
The critical path consists of the following:
	bus read operation ('gmem_addr_1_read', cluster.cpp:34) on port 'gmem' (cluster.cpp:34) [98]  (4.667 ns)

 <State 78>: 4.667ns
The critical path consists of the following:
	bus read operation ('gmem_addr_12_read', cluster.cpp:34) on port 'gmem' (cluster.cpp:34) [103]  (4.667 ns)

 <State 79>: 4.667ns
The critical path consists of the following:
	bus read operation ('gmem_addr_2_read', cluster.cpp:34) on port 'gmem' (cluster.cpp:34) [105]  (4.667 ns)

 <State 80>: 4.667ns
The critical path consists of the following:
	bus read operation ('gmem_addr_13_read', cluster.cpp:34) on port 'gmem' (cluster.cpp:34) [113]  (4.667 ns)

 <State 81>: 4.667ns
The critical path consists of the following:
	bus read operation ('gmem_addr_3_read', cluster.cpp:34) on port 'gmem' (cluster.cpp:34) [115]  (4.667 ns)

 <State 82>: 4.667ns
The critical path consists of the following:
	bus read operation ('gmem_addr_13_read_1', cluster.cpp:34) on port 'gmem' (cluster.cpp:34) [116]  (4.667 ns)

 <State 83>: 4.667ns
The critical path consists of the following:
	bus read operation ('gmem_addr_4_read', cluster.cpp:34) on port 'gmem' (cluster.cpp:34) [118]  (4.667 ns)

 <State 84>: 4.667ns
The critical path consists of the following:
	bus read operation ('gmem_addr_13_read_2', cluster.cpp:34) on port 'gmem' (cluster.cpp:34) [119]  (4.667 ns)

 <State 85>: 4.667ns
The critical path consists of the following:
	bus read operation ('gmem_addr_5_read', cluster.cpp:34) on port 'gmem' (cluster.cpp:34) [121]  (4.667 ns)

 <State 86>: 4.667ns
The critical path consists of the following:
	bus read operation ('gmem_addr_14_read', cluster.cpp:34) on port 'gmem' (cluster.cpp:34) [129]  (4.667 ns)

 <State 87>: 4.667ns
The critical path consists of the following:
	bus read operation ('gmem_addr_6_read', cluster.cpp:34) on port 'gmem' (cluster.cpp:34) [131]  (4.667 ns)

 <State 88>: 4.667ns
The critical path consists of the following:
	bus read operation ('gmem_addr_14_read_1', cluster.cpp:34) on port 'gmem' (cluster.cpp:34) [132]  (4.667 ns)

 <State 89>: 4.667ns
The critical path consists of the following:
	bus read operation ('gmem_addr_7_read', cluster.cpp:34) on port 'gmem' (cluster.cpp:34) [134]  (4.667 ns)

 <State 90>: 4.667ns
The critical path consists of the following:
	bus read operation ('gmem_addr_14_read_2', cluster.cpp:34) on port 'gmem' (cluster.cpp:34) [135]  (4.667 ns)

 <State 91>: 4.667ns
The critical path consists of the following:
	bus read operation ('gmem_addr_8_read', cluster.cpp:34) on port 'gmem' (cluster.cpp:34) [137]  (4.667 ns)

 <State 92>: 4.151ns
The critical path consists of the following:
	'mul' operation 32 bit ('mul_ln34_1', cluster.cpp:34) [139]  (3.420 ns)
	'add' operation 32 bit ('add_ln34_6', cluster.cpp:34) [151]  (0.000 ns)
	'add' operation 32 bit ('add_ln34_7', cluster.cpp:34) [152]  (0.731 ns)

 <State 93>: 2.915ns
The critical path consists of the following:
	'add' operation 32 bit ('add_ln34_5', cluster.cpp:34) [150]  (0.000 ns)
	'add' operation 32 bit ('add_ln34_8', cluster.cpp:34) [153]  (0.731 ns)
	'add' operation 32 bit ('sum', cluster.cpp:34) [154]  (0.731 ns)
	'sdiv' operation 32 bit ('sdiv_ln37', cluster.cpp:37) [155]  (1.453 ns)

 <State 94>: 1.453ns
The critical path consists of the following:
	'sdiv' operation 32 bit ('sdiv_ln37', cluster.cpp:37) [155]  (1.453 ns)

 <State 95>: 1.453ns
The critical path consists of the following:
	'sdiv' operation 32 bit ('sdiv_ln37', cluster.cpp:37) [155]  (1.453 ns)

 <State 96>: 1.453ns
The critical path consists of the following:
	'sdiv' operation 32 bit ('sdiv_ln37', cluster.cpp:37) [155]  (1.453 ns)

 <State 97>: 1.453ns
The critical path consists of the following:
	'sdiv' operation 32 bit ('sdiv_ln37', cluster.cpp:37) [155]  (1.453 ns)

 <State 98>: 1.453ns
The critical path consists of the following:
	'sdiv' operation 32 bit ('sdiv_ln37', cluster.cpp:37) [155]  (1.453 ns)

 <State 99>: 1.453ns
The critical path consists of the following:
	'sdiv' operation 32 bit ('sdiv_ln37', cluster.cpp:37) [155]  (1.453 ns)

 <State 100>: 1.453ns
The critical path consists of the following:
	'sdiv' operation 32 bit ('sdiv_ln37', cluster.cpp:37) [155]  (1.453 ns)

 <State 101>: 1.453ns
The critical path consists of the following:
	'sdiv' operation 32 bit ('sdiv_ln37', cluster.cpp:37) [155]  (1.453 ns)

 <State 102>: 1.453ns
The critical path consists of the following:
	'sdiv' operation 32 bit ('sdiv_ln37', cluster.cpp:37) [155]  (1.453 ns)

 <State 103>: 1.453ns
The critical path consists of the following:
	'sdiv' operation 32 bit ('sdiv_ln37', cluster.cpp:37) [155]  (1.453 ns)

 <State 104>: 1.453ns
The critical path consists of the following:
	'sdiv' operation 32 bit ('sdiv_ln37', cluster.cpp:37) [155]  (1.453 ns)

 <State 105>: 1.453ns
The critical path consists of the following:
	'sdiv' operation 32 bit ('sdiv_ln37', cluster.cpp:37) [155]  (1.453 ns)

 <State 106>: 1.453ns
The critical path consists of the following:
	'sdiv' operation 32 bit ('sdiv_ln37', cluster.cpp:37) [155]  (1.453 ns)

 <State 107>: 1.453ns
The critical path consists of the following:
	'sdiv' operation 32 bit ('sdiv_ln37', cluster.cpp:37) [155]  (1.453 ns)

 <State 108>: 1.453ns
The critical path consists of the following:
	'sdiv' operation 32 bit ('sdiv_ln37', cluster.cpp:37) [155]  (1.453 ns)

 <State 109>: 1.453ns
The critical path consists of the following:
	'sdiv' operation 32 bit ('sdiv_ln37', cluster.cpp:37) [155]  (1.453 ns)

 <State 110>: 1.453ns
The critical path consists of the following:
	'sdiv' operation 32 bit ('sdiv_ln37', cluster.cpp:37) [155]  (1.453 ns)

 <State 111>: 1.453ns
The critical path consists of the following:
	'sdiv' operation 32 bit ('sdiv_ln37', cluster.cpp:37) [155]  (1.453 ns)

 <State 112>: 1.453ns
The critical path consists of the following:
	'sdiv' operation 32 bit ('sdiv_ln37', cluster.cpp:37) [155]  (1.453 ns)

 <State 113>: 1.453ns
The critical path consists of the following:
	'sdiv' operation 32 bit ('sdiv_ln37', cluster.cpp:37) [155]  (1.453 ns)

 <State 114>: 1.453ns
The critical path consists of the following:
	'sdiv' operation 32 bit ('sdiv_ln37', cluster.cpp:37) [155]  (1.453 ns)

 <State 115>: 1.453ns
The critical path consists of the following:
	'sdiv' operation 32 bit ('sdiv_ln37', cluster.cpp:37) [155]  (1.453 ns)

 <State 116>: 1.453ns
The critical path consists of the following:
	'sdiv' operation 32 bit ('sdiv_ln37', cluster.cpp:37) [155]  (1.453 ns)

 <State 117>: 1.453ns
The critical path consists of the following:
	'sdiv' operation 32 bit ('sdiv_ln37', cluster.cpp:37) [155]  (1.453 ns)

 <State 118>: 1.453ns
The critical path consists of the following:
	'sdiv' operation 32 bit ('sdiv_ln37', cluster.cpp:37) [155]  (1.453 ns)

 <State 119>: 1.453ns
The critical path consists of the following:
	'sdiv' operation 32 bit ('sdiv_ln37', cluster.cpp:37) [155]  (1.453 ns)

 <State 120>: 1.453ns
The critical path consists of the following:
	'sdiv' operation 32 bit ('sdiv_ln37', cluster.cpp:37) [155]  (1.453 ns)

 <State 121>: 1.453ns
The critical path consists of the following:
	'sdiv' operation 32 bit ('sdiv_ln37', cluster.cpp:37) [155]  (1.453 ns)

 <State 122>: 1.453ns
The critical path consists of the following:
	'sdiv' operation 32 bit ('sdiv_ln37', cluster.cpp:37) [155]  (1.453 ns)

 <State 123>: 1.453ns
The critical path consists of the following:
	'sdiv' operation 32 bit ('sdiv_ln37', cluster.cpp:37) [155]  (1.453 ns)

 <State 124>: 1.453ns
The critical path consists of the following:
	'sdiv' operation 32 bit ('sdiv_ln37', cluster.cpp:37) [155]  (1.453 ns)

 <State 125>: 1.453ns
The critical path consists of the following:
	'sdiv' operation 32 bit ('sdiv_ln37', cluster.cpp:37) [155]  (1.453 ns)

 <State 126>: 1.453ns
The critical path consists of the following:
	'sdiv' operation 32 bit ('sdiv_ln37', cluster.cpp:37) [155]  (1.453 ns)

 <State 127>: 1.453ns
The critical path consists of the following:
	'sdiv' operation 32 bit ('sdiv_ln37', cluster.cpp:37) [155]  (1.453 ns)

 <State 128>: 1.453ns
The critical path consists of the following:
	'sdiv' operation 32 bit ('sdiv_ln37', cluster.cpp:37) [155]  (1.453 ns)

 <State 129>: 4.667ns
The critical path consists of the following:
	bus write operation ('write_ln37', cluster.cpp:37) on port 'gmem' (cluster.cpp:37) [157]  (4.667 ns)

 <State 130>: 4.667ns
The critical path consists of the following:
	bus response operation ('empty', cluster.cpp:29) on port 'gmem' (cluster.cpp:29) [161]  (4.667 ns)

 <State 131>: 4.667ns
The critical path consists of the following:
	bus response operation ('empty', cluster.cpp:29) on port 'gmem' (cluster.cpp:29) [161]  (4.667 ns)

 <State 132>: 4.667ns
The critical path consists of the following:
	bus response operation ('empty', cluster.cpp:29) on port 'gmem' (cluster.cpp:29) [161]  (4.667 ns)

 <State 133>: 4.667ns
The critical path consists of the following:
	bus response operation ('empty', cluster.cpp:29) on port 'gmem' (cluster.cpp:29) [161]  (4.667 ns)

 <State 134>: 4.667ns
The critical path consists of the following:
	bus response operation ('empty', cluster.cpp:29) on port 'gmem' (cluster.cpp:29) [161]  (4.667 ns)

 <State 135>: 4.667ns
The critical path consists of the following:
	bus response operation ('empty', cluster.cpp:29) on port 'gmem' (cluster.cpp:29) [161]  (4.667 ns)

 <State 136>: 4.667ns
The critical path consists of the following:
	bus response operation ('empty', cluster.cpp:29) on port 'gmem' (cluster.cpp:29) [161]  (4.667 ns)

 <State 137>: 4.667ns
The critical path consists of the following:
	bus response operation ('empty', cluster.cpp:29) on port 'gmem' (cluster.cpp:29) [161]  (4.667 ns)

 <State 138>: 4.667ns
The critical path consists of the following:
	bus response operation ('empty', cluster.cpp:29) on port 'gmem' (cluster.cpp:29) [161]  (4.667 ns)

 <State 139>: 4.667ns
The critical path consists of the following:
	bus response operation ('empty', cluster.cpp:29) on port 'gmem' (cluster.cpp:29) [161]  (4.667 ns)

 <State 140>: 4.667ns
The critical path consists of the following:
	bus response operation ('empty', cluster.cpp:29) on port 'gmem' (cluster.cpp:29) [161]  (4.667 ns)

 <State 141>: 4.667ns
The critical path consists of the following:
	bus response operation ('empty', cluster.cpp:29) on port 'gmem' (cluster.cpp:29) [161]  (4.667 ns)

 <State 142>: 4.667ns
The critical path consists of the following:
	bus response operation ('empty', cluster.cpp:29) on port 'gmem' (cluster.cpp:29) [161]  (4.667 ns)

 <State 143>: 4.667ns
The critical path consists of the following:
	bus response operation ('empty', cluster.cpp:29) on port 'gmem' (cluster.cpp:29) [161]  (4.667 ns)

 <State 144>: 4.667ns
The critical path consists of the following:
	bus response operation ('empty', cluster.cpp:29) on port 'gmem' (cluster.cpp:29) [161]  (4.667 ns)

 <State 145>: 4.667ns
The critical path consists of the following:
	bus response operation ('empty', cluster.cpp:29) on port 'gmem' (cluster.cpp:29) [161]  (4.667 ns)

 <State 146>: 4.667ns
The critical path consists of the following:
	bus response operation ('empty', cluster.cpp:29) on port 'gmem' (cluster.cpp:29) [161]  (4.667 ns)

 <State 147>: 4.667ns
The critical path consists of the following:
	bus response operation ('empty', cluster.cpp:29) on port 'gmem' (cluster.cpp:29) [161]  (4.667 ns)

 <State 148>: 4.667ns
The critical path consists of the following:
	bus response operation ('empty', cluster.cpp:29) on port 'gmem' (cluster.cpp:29) [161]  (4.667 ns)

 <State 149>: 4.667ns
The critical path consists of the following:
	bus response operation ('empty', cluster.cpp:29) on port 'gmem' (cluster.cpp:29) [161]  (4.667 ns)

 <State 150>: 4.667ns
The critical path consists of the following:
	bus response operation ('empty', cluster.cpp:29) on port 'gmem' (cluster.cpp:29) [161]  (4.667 ns)

 <State 151>: 4.667ns
The critical path consists of the following:
	bus response operation ('empty', cluster.cpp:29) on port 'gmem' (cluster.cpp:29) [161]  (4.667 ns)

 <State 152>: 4.667ns
The critical path consists of the following:
	bus response operation ('empty', cluster.cpp:29) on port 'gmem' (cluster.cpp:29) [161]  (4.667 ns)

 <State 153>: 4.667ns
The critical path consists of the following:
	bus response operation ('empty', cluster.cpp:29) on port 'gmem' (cluster.cpp:29) [161]  (4.667 ns)

 <State 154>: 4.667ns
The critical path consists of the following:
	bus response operation ('empty', cluster.cpp:29) on port 'gmem' (cluster.cpp:29) [161]  (4.667 ns)

 <State 155>: 4.667ns
The critical path consists of the following:
	bus response operation ('empty', cluster.cpp:29) on port 'gmem' (cluster.cpp:29) [161]  (4.667 ns)

 <State 156>: 4.667ns
The critical path consists of the following:
	bus response operation ('empty', cluster.cpp:29) on port 'gmem' (cluster.cpp:29) [161]  (4.667 ns)

 <State 157>: 4.667ns
The critical path consists of the following:
	bus response operation ('empty', cluster.cpp:29) on port 'gmem' (cluster.cpp:29) [161]  (4.667 ns)

 <State 158>: 4.667ns
The critical path consists of the following:
	bus response operation ('empty', cluster.cpp:29) on port 'gmem' (cluster.cpp:29) [161]  (4.667 ns)

 <State 159>: 4.667ns
The critical path consists of the following:
	bus response operation ('empty', cluster.cpp:29) on port 'gmem' (cluster.cpp:29) [161]  (4.667 ns)

 <State 160>: 4.667ns
The critical path consists of the following:
	bus response operation ('empty', cluster.cpp:29) on port 'gmem' (cluster.cpp:29) [161]  (4.667 ns)

 <State 161>: 4.667ns
The critical path consists of the following:
	bus response operation ('empty', cluster.cpp:29) on port 'gmem' (cluster.cpp:29) [161]  (4.667 ns)

 <State 162>: 4.667ns
The critical path consists of the following:
	bus response operation ('empty', cluster.cpp:29) on port 'gmem' (cluster.cpp:29) [161]  (4.667 ns)

 <State 163>: 4.667ns
The critical path consists of the following:
	bus response operation ('empty', cluster.cpp:29) on port 'gmem' (cluster.cpp:29) [161]  (4.667 ns)

 <State 164>: 4.667ns
The critical path consists of the following:
	bus response operation ('empty', cluster.cpp:29) on port 'gmem' (cluster.cpp:29) [161]  (4.667 ns)

 <State 165>: 4.667ns
The critical path consists of the following:
	bus response operation ('empty', cluster.cpp:29) on port 'gmem' (cluster.cpp:29) [161]  (4.667 ns)

 <State 166>: 4.667ns
The critical path consists of the following:
	bus response operation ('empty', cluster.cpp:29) on port 'gmem' (cluster.cpp:29) [161]  (4.667 ns)

 <State 167>: 4.667ns
The critical path consists of the following:
	bus response operation ('empty', cluster.cpp:29) on port 'gmem' (cluster.cpp:29) [161]  (4.667 ns)

 <State 168>: 4.667ns
The critical path consists of the following:
	bus response operation ('empty', cluster.cpp:29) on port 'gmem' (cluster.cpp:29) [161]  (4.667 ns)

 <State 169>: 4.667ns
The critical path consists of the following:
	bus response operation ('empty', cluster.cpp:29) on port 'gmem' (cluster.cpp:29) [161]  (4.667 ns)

 <State 170>: 4.667ns
The critical path consists of the following:
	bus response operation ('empty', cluster.cpp:29) on port 'gmem' (cluster.cpp:29) [161]  (4.667 ns)

 <State 171>: 4.667ns
The critical path consists of the following:
	bus response operation ('empty', cluster.cpp:29) on port 'gmem' (cluster.cpp:29) [161]  (4.667 ns)

 <State 172>: 4.667ns
The critical path consists of the following:
	bus response operation ('empty', cluster.cpp:29) on port 'gmem' (cluster.cpp:29) [161]  (4.667 ns)

 <State 173>: 4.667ns
The critical path consists of the following:
	bus response operation ('empty', cluster.cpp:29) on port 'gmem' (cluster.cpp:29) [161]  (4.667 ns)

 <State 174>: 4.667ns
The critical path consists of the following:
	bus response operation ('empty', cluster.cpp:29) on port 'gmem' (cluster.cpp:29) [161]  (4.667 ns)

 <State 175>: 4.667ns
The critical path consists of the following:
	bus response operation ('empty', cluster.cpp:29) on port 'gmem' (cluster.cpp:29) [161]  (4.667 ns)

 <State 176>: 4.667ns
The critical path consists of the following:
	bus response operation ('empty', cluster.cpp:29) on port 'gmem' (cluster.cpp:29) [161]  (4.667 ns)

 <State 177>: 4.667ns
The critical path consists of the following:
	bus response operation ('empty', cluster.cpp:29) on port 'gmem' (cluster.cpp:29) [161]  (4.667 ns)

 <State 178>: 4.667ns
The critical path consists of the following:
	bus response operation ('empty', cluster.cpp:29) on port 'gmem' (cluster.cpp:29) [161]  (4.667 ns)

 <State 179>: 4.667ns
The critical path consists of the following:
	bus response operation ('empty', cluster.cpp:29) on port 'gmem' (cluster.cpp:29) [161]  (4.667 ns)

 <State 180>: 4.667ns
The critical path consists of the following:
	bus response operation ('empty', cluster.cpp:29) on port 'gmem' (cluster.cpp:29) [161]  (4.667 ns)

 <State 181>: 4.667ns
The critical path consists of the following:
	bus response operation ('empty', cluster.cpp:29) on port 'gmem' (cluster.cpp:29) [161]  (4.667 ns)

 <State 182>: 4.667ns
The critical path consists of the following:
	bus response operation ('empty', cluster.cpp:29) on port 'gmem' (cluster.cpp:29) [161]  (4.667 ns)

 <State 183>: 4.667ns
The critical path consists of the following:
	bus response operation ('empty', cluster.cpp:29) on port 'gmem' (cluster.cpp:29) [161]  (4.667 ns)

 <State 184>: 4.667ns
The critical path consists of the following:
	bus response operation ('empty', cluster.cpp:29) on port 'gmem' (cluster.cpp:29) [161]  (4.667 ns)

 <State 185>: 4.667ns
The critical path consists of the following:
	bus response operation ('empty', cluster.cpp:29) on port 'gmem' (cluster.cpp:29) [161]  (4.667 ns)

 <State 186>: 4.667ns
The critical path consists of the following:
	bus response operation ('empty', cluster.cpp:29) on port 'gmem' (cluster.cpp:29) [161]  (4.667 ns)

 <State 187>: 4.667ns
The critical path consists of the following:
	bus response operation ('empty', cluster.cpp:29) on port 'gmem' (cluster.cpp:29) [161]  (4.667 ns)

 <State 188>: 4.667ns
The critical path consists of the following:
	bus response operation ('empty', cluster.cpp:29) on port 'gmem' (cluster.cpp:29) [161]  (4.667 ns)

 <State 189>: 4.667ns
The critical path consists of the following:
	bus response operation ('empty', cluster.cpp:29) on port 'gmem' (cluster.cpp:29) [161]  (4.667 ns)

 <State 190>: 4.667ns
The critical path consists of the following:
	bus response operation ('empty', cluster.cpp:29) on port 'gmem' (cluster.cpp:29) [161]  (4.667 ns)

 <State 191>: 4.667ns
The critical path consists of the following:
	bus response operation ('empty', cluster.cpp:29) on port 'gmem' (cluster.cpp:29) [161]  (4.667 ns)

 <State 192>: 4.667ns
The critical path consists of the following:
	bus response operation ('empty', cluster.cpp:29) on port 'gmem' (cluster.cpp:29) [161]  (4.667 ns)

 <State 193>: 4.667ns
The critical path consists of the following:
	bus response operation ('empty', cluster.cpp:29) on port 'gmem' (cluster.cpp:29) [161]  (4.667 ns)

 <State 194>: 4.667ns
The critical path consists of the following:
	bus response operation ('empty', cluster.cpp:29) on port 'gmem' (cluster.cpp:29) [161]  (4.667 ns)

 <State 195>: 4.667ns
The critical path consists of the following:
	bus response operation ('empty', cluster.cpp:29) on port 'gmem' (cluster.cpp:29) [161]  (4.667 ns)

 <State 196>: 4.667ns
The critical path consists of the following:
	bus response operation ('empty', cluster.cpp:29) on port 'gmem' (cluster.cpp:29) [161]  (4.667 ns)

 <State 197>: 4.667ns
The critical path consists of the following:
	bus response operation ('empty', cluster.cpp:29) on port 'gmem' (cluster.cpp:29) [161]  (4.667 ns)


============================================================
+ Verbose Summary: Binding
============================================================
N/A
* FSMD analyzer results:
  - Output states:
 - Input state : 
  - Chain level:
	State 1
	State 2
	State 3
	State 4
	State 5
	State 6
	State 7
	State 8
	State 9
	State 10
	State 11
	State 12
	State 13
	State 14
	State 15
	State 16
	State 17
	State 18
	State 19
	State 20
	State 21
	State 22
	State 23
	State 24
	State 25
	State 26
	State 27
	State 28
	State 29
	State 30
	State 31
	State 32
	State 33
	State 34
	State 35
	State 36
	State 37
	State 38
	State 39
	State 40
	State 41
	State 42
	State 43
	State 44
	State 45
	State 46
	State 47
	State 48
	State 49
	State 50
	State 51
	State 52
	State 53
	State 54
	State 55
	State 56
	State 57
	State 58
	State 59
	State 60
	State 61
	State 62
	State 63
	State 64
	State 65
	State 66
	State 67
	State 68
	State 69
	State 70
	State 71
	State 72
	State 73
	State 74
	State 75
	State 76
	State 77
	State 78
	State 79
	State 80
	State 81
	State 82
	State 83
	State 84
	State 85
	State 86
	State 87
	State 88
	State 89
	State 90
	State 91
	State 92
	State 93
	State 94
	State 95
	State 96
	State 97
	State 98
	State 99
	State 100
	State 101
	State 102
	State 103
	State 104
	State 105
	State 106
	State 107
	State 108
	State 109
	State 110
	State 111
	State 112
	State 113
	State 114
	State 115
	State 116
	State 117
	State 118
	State 119
	State 120
	State 121
	State 122
	State 123
	State 124
	State 125
	State 126
	State 127
	State 128
	State 129
	State 130
	State 131
	State 132
	State 133
	State 134
	State 135
	State 136
	State 137
	State 138
	State 139
	State 140
	State 141
	State 142
	State 143
	State 144
	State 145
	State 146
	State 147
	State 148
	State 149
	State 150
	State 151
	State 152
	State 153
	State 154
	State 155
	State 156
	State 157
	State 158
	State 159
	State 160
	State 161
	State 162
	State 163
	State 164
	State 165
	State 166
	State 167
	State 168
	State 169
	State 170
	State 171
	State 172
	State 173
	State 174
	State 175
	State 176
	State 177
	State 178
	State 179
	State 180
	State 181
	State 182
	State 183
	State 184
	State 185
	State 186
	State 187
	State 188
	State 189
	State 190
	State 191
	State 192
	State 193
	State 194
	State 195
	State 196
	State 197


============================================================
+ Verbose Summary: Datapath Resource usage 
============================================================
N/A
